source_type,source_snapshot_id,source_snapshot_id_status,source_snapshot_dir,source_snapshot_layout,source_metadata_status,source_manifest_path,source_manifest_sha256,source_csv_path,source_csv_sha256,source_raw_path,source_raw_sha256,provenance_status,metadata_missing_fields,date,snapshot_id,collected_utc,received_utc,exchange_timestamp_utc,exchange_timestamp_status,venue,pair,corridor,stablecoin,base_asset,quote_asset,price_unit,quantity_unit,usd_conversion_assumption,source_url,source_params_json,off_ramp_action,raw_file,raw_sha256,threshold_bps,reference_mid,best_bid,best_ask,executable_stablecoin_units,executable_stablecoin_usd,quote_proceeds,book_covers_threshold,depth_is_lower_bound,levels_used,exchange_timestamp_encoding
native_l2,legacy:2026-08-04,legacy_directory_identifier,data/exact_l2/2026-08-04,legacy_day_root,legacy,data/exact_l2/2026-08-04/manifest.json,950a16514da174e521497cba3a0ee0c3b8fdc5b51086ecd6bbccd7fb2a4a84ce,data/exact_l2/2026-08-04/threshold_depth.csv,53f615dd5c5a42fbbfe08a1e593434b2cee53c89a753e70eb6a07cc9d1c73a05,data/exact_l2/2026-08-04/valr_usdtzar_raw.json,d72f0e6d143fca46e71e26b795074db531d174237abe604c14c4ea2d84e8e3b5,sha256_verified,"[""base_asset"",""quote_asset"",""received_utc"",""exchange_timestamp_utc"",""source_url"",""source_params_json""]",2026-08-04,,2026-08-04T05:14:07.120178+00:00,,,legacy_unavailable,valr,USDTZAR,ZAR,USDT,,,,stablecoin_tokens,1 stablecoin token = 1 USD; no FX conversion,,,sell_stablecoin_base_hit_bids,valr_usdtzar_raw.json,d72f0e6d143fca46e71e26b795074db531d174237abe604c14c4ea2d84e8e3b5,10,16.59805,16.5968,16.5993,684432.0796999999,684432.0796999999,11353825.82547665,True,False,12,
native_l2,legacy:2026-08-04,legacy_directory_identifier,data/exact_l2/2026-08-04,legacy_day_root,legacy,data/exact_l2/2026-08-04/manifest.json,950a16514da174e521497cba3a0ee0c3b8fdc5b51086ecd6bbccd7fb2a4a84ce,data/exact_l2/2026-08-04/threshold_depth.csv,53f615dd5c5a42fbbfe08a1e593434b2cee53c89a753e70eb6a07cc9d1c73a05,data/exact_l2/2026-08-04/valr_usdtzar_raw.json,d72f0e6d143fca46e71e26b795074db531d174237abe604c14c4ea2d84e8e3b5,sha256_verified,"[""base_asset"",""quote_asset"",""received_utc"",""exchange_timestamp_utc"",""source_url"",""source_params_json""]",2026-08-04,,2026-08-04T05:14:07.120178+00:00,,,legacy_unavailable,valr,USDTZAR,ZAR,USDT,,,,stablecoin_tokens,1 stablecoin token = 1 USD; no FX conversion,,,sell_stablecoin_base_hit_bids,valr_usdtzar_raw.json,d72f0e6d143fca46e71e26b795074db531d174237abe604c14c4ea2d84e8e3b5,50,16.59805,16.5968,16.5993,1407076.6040000003,1407076.6040000003,23323917.477278173,True,False,35,
native_l2,legacy:2026-08-04,legacy_directory_identifier,data/exact_l2/2026-08-04,legacy_day_root,legacy,data/exact_l2/2026-08-04/manifest.json,950a16514da174e521497cba3a0ee0c3b8fdc5b51086ecd6bbccd7fb2a4a84ce,data/exact_l2/2026-08-04/threshold_depth.csv,53f615dd5c5a42fbbfe08a1e593434b2cee53c89a753e70eb6a07cc9d1c73a05,data/exact_l2/2026-08-04/valr_usdtzar_raw.json,d72f0e6d143fca46e71e26b795074db531d174237abe604c14c4ea2d84e8e3b5,sha256_verified,"[""base_asset"",""quote_asset"",""received_utc"",""exchange_timestamp_utc"",""source_url"",""source_params_json""]",2026-08-04,,2026-08-04T05:14:07.120178+00:00,,,legacy_unavailable,valr,USDTZAR,ZAR,USDT,,,,stablecoin_tokens,1 stablecoin token = 1 USD; no FX conversion,,,sell_stablecoin_base_hit_bids,valr_usdtzar_raw.json,d72f0e6d143fca46e71e26b795074db531d174237abe604c14c4ea2d84e8e3b5,100,16.59805,16.5968,16.5993,1639587.3195999996,1639587.3195999996,27155417.839390572,True,False,48,
native_l2,legacy:2026-08-04,legacy_directory_identifier,data/exact_l2/2026-08-04,legacy_day_root,legacy,data/exact_l2/2026-08-04/manifest.json,950a16514da174e521497cba3a0ee0c3b8fdc5b51086ecd6bbccd7fb2a4a84ce,data/exact_l2/2026-08-04/threshold_depth.csv,53f615dd5c5a42fbbfe08a1e593434b2cee53c89a753e70eb6a07cc9d1c73a05,data/exact_l2/2026-08-04/valr_usdtzar_raw.json,d72f0e6d143fca46e71e26b795074db531d174237abe604c14c4ea2d84e8e3b5,sha256_verified,"[""base_asset"",""quote_asset"",""received_utc"",""exchange_timestamp_utc"",""source_url"",""source_params_json""]",2026-08-04,,2026-08-04T05:14:07.120178+00:00,,,legacy_unavailable,valr,USDTZAR,ZAR,USDT,,,,stablecoin_tokens,1 stablecoin token = 1 USD; no FX conversion,,,sell_stablecoin_base_hit_bids,valr_usdtzar_raw.json,d72f0e6d143fca46e71e26b795074db531d174237abe604c14c4ea2d84e8e3b5,200,16.59805,16.5968,16.5993,1646005.2830999994,1646005.2830999994,27260035.82796457,True,False,67,
native_l2,legacy:2026-08-04,legacy_directory_identifier,data/exact_l2/2026-08-04,legacy_day_root,legacy,data/exact_l2/2026-08-04/manifest.json,950a16514da174e521497cba3a0ee0c3b8fdc5b51086ecd6bbccd7fb2a4a84ce,data/exact_l2/2026-08-04/threshold_depth.csv,53f615dd5c5a42fbbfe08a1e593434b2cee53c89a753e70eb6a07cc9d1c73a05,data/exact_l2/2026-08-04/bitkub_usdt_thb_raw.json,5ed1620c3cdfcded47d23793b70cce5061c592cddc03c419eb533f7e4255126c,sha256_verified,"[""base_asset"",""quote_asset"",""received_utc"",""exchange_timestamp_utc"",""source_url"",""source_params_json""]",2026-08-04,,2026-08-04T05:14:07.384498+00:00,,,legacy_unavailable,bitkub,usdt_thb,THB,USDT,,,,stablecoin_tokens,1 stablecoin token = 1 USD; no FX conversion,,,sell_stablecoin_base_hit_bids,bitkub_usdt_thb_raw.json,5ed1620c3cdfcded47d23793b70cce5061c592cddc03c419eb533f7e4255126c,10,33.364999999999995,33.36,33.37,1085354.15,1085354.15,36200619.0143,True,False,3,
native_l2,legacy:2026-08-04,legacy_directory_identifier,data/exact_l2/2026-08-04,legacy_day_root,legacy,data/exact_l2/2026-08-04/manifest.json,950a16514da174e521497cba3a0ee0c3b8fdc5b51086ecd6bbccd7fb2a4a84ce,data/exact_l2/2026-08-04/threshold_depth.csv,53f615dd5c5a42fbbfe08a1e593434b2cee53c89a753e70eb6a07cc9d1c73a05,data/exact_l2/2026-08-04/bitkub_usdt_thb_raw.json,5ed1620c3cdfcded47d23793b70cce5061c592cddc03c419eb533f7e4255126c,sha256_verified,"[""base_asset"",""quote_asset"",""received_utc"",""exchange_timestamp_utc"",""source_url"",""source_params_json""]",2026-08-04,,2026-08-04T05:14:07.384498+00:00,,,legacy_unavailable,bitkub,usdt_thb,THB,USDT,,,,stablecoin_tokens,1 stablecoin token = 1 USD; no FX conversion,,,sell_stablecoin_base_hit_bids,bitkub_usdt_thb_raw.json,5ed1620c3cdfcded47d23793b70cce5061c592cddc03c419eb533f7e4255126c,50,33.364999999999995,33.36,33.37,1251458.8500000003,1251458.8500000003,41723975.61340001,True,False,15,
native_l2,legacy:2026-08-04,legacy_directory_identifier,data/exact_l2/2026-08-04,legacy_day_root,legacy,data/exact_l2/2026-08-04/manifest.json,950a16514da174e521497cba3a0ee0c3b8fdc5b51086ecd6bbccd7fb2a4a84ce,data/exact_l2/2026-08-04/threshold_depth.csv,53f615dd5c5a42fbbfe08a1e593434b2cee53c89a753e70eb6a07cc9d1c73a05,data/exact_l2/2026-08-04/bitkub_usdt_thb_raw.json,5ed1620c3cdfcded47d23793b70cce5061c592cddc03c419eb533f7e4255126c,sha256_verified,"[""base_asset"",""quote_asset"",""received_utc"",""exchange_timestamp_utc"",""source_url"",""source_params_json""]",2026-08-04,,2026-08-04T05:14:07.384498+00:00,,,legacy_unavailable,bitkub,usdt_thb,THB,USDT,,,,stablecoin_tokens,1 stablecoin token = 1 USD; no FX conversion,,,sell_stablecoin_base_hit_bids,bitkub_usdt_thb_raw.json,5ed1620c3cdfcded47d23793b70cce5061c592cddc03c419eb533f7e4255126c,100,33.364999999999995,33.36,33.37,1419974.1100000003,1419974.1100000003,47306183.229400024,True,False,30,
native_l2,legacy:2026-08-04,legacy_directory_identifier,data/exact_l2/2026-08-04,legacy_day_root,legacy,data/exact_l2/2026-08-04/manifest.json,950a16514da174e521497cba3a0ee0c3b8fdc5b51086ecd6bbccd7fb2a4a84ce,data/exact_l2/2026-08-04/threshold_depth.csv,53f615dd5c5a42fbbfe08a1e593434b2cee53c89a753e70eb6a07cc9d1c73a05,data/exact_l2/2026-08-04/bitkub_usdt_thb_raw.json,5ed1620c3cdfcded47d23793b70cce5061c592cddc03c419eb533f7e4255126c,sha256_verified,"[""base_asset"",""quote_asset"",""received_utc"",""exchange_timestamp_utc"",""source_url"",""source_params_json""]",2026-08-04,,2026-08-04T05:14:07.384498+00:00,,,legacy_unavailable,bitkub,usdt_thb,THB,USDT,,,,stablecoin_tokens,1 stablecoin token = 1 USD; no FX conversion,,,sell_stablecoin_base_hit_bids,bitkub_usdt_thb_raw.json,5ed1620c3cdfcded47d23793b70cce5061c592cddc03c419eb533f7e4255126c,200,33.364999999999995,33.36,33.37,1556925.8800000008,1556925.8800000008,51821362.28200003,True,False,56,
native_l2,legacy:2026-08-05,legacy_directory_identifier,data/exact_l2/2026-08-05,legacy_day_root,legacy,data/exact_l2/2026-08-05/manifest.json,2ef3f23b31591da2b5024dbbab6e6cc46c1ffed5c026929b94339f6406461558,data/exact_l2/2026-08-05/threshold_depth.csv,99ffe0a2b6590207c12c72d7c9673e102a881f6a9f81e00cbdb2058bf14f072d,data/exact_l2/2026-08-05/valr_usdtzar_raw.json,7045ddc385fe5dc43acfe4bfcf00133894e65e24d78d608544b94d39785135fb,sha256_verified,"[""base_asset"",""quote_asset"",""received_utc"",""exchange_timestamp_utc"",""source_url"",""source_params_json""]",2026-08-05,,2026-08-05T08:17:15.096007+00:00,,,legacy_unavailable,valr,USDTZAR,ZAR,USDT,,,,stablecoin_tokens,1 stablecoin token = 1 USD; no FX conversion,,,sell_stablecoin_base_hit_bids,valr_usdtzar_raw.json,7045ddc385fe5dc43acfe4bfcf00133894e65e24d78d608544b94d39785135fb,10,16.52295,16.5229,16.523,188460.99839999998,188460.99839999998,3112786.76839574,True,False,8,
native_l2,legacy:2026-08-05,legacy_directory_identifier,data/exact_l2/2026-08-05,legacy_day_root,legacy,data/exact_l2/2026-08-05/manifest.json,2ef3f23b31591da2b5024dbbab6e6cc46c1ffed5c026929b94339f6406461558,data/exact_l2/2026-08-05/threshold_depth.csv,99ffe0a2b6590207c12c72d7c9673e102a881f6a9f81e00cbdb2058bf14f072d,data/exact_l2/2026-08-05/valr_usdtzar_raw.json,7045ddc385fe5dc43acfe4bfcf00133894e65e24d78d608544b94d39785135fb,sha256_verified,"[""base_asset"",""quote_asset"",""received_utc"",""exchange_timestamp_utc"",""source_url"",""source_params_json""]",2026-08-05,,2026-08-05T08:17:15.096007+00:00,,,legacy_unavailable,valr,USDTZAR,ZAR,USDT,,,,stablecoin_tokens,1 stablecoin token = 1 USD; no FX conversion,,,sell_stablecoin_base_hit_bids,valr_usdtzar_raw.json,7045ddc385fe5dc43acfe4bfcf00133894e65e24d78d608544b94d39785135fb,50,16.52295,16.5229,16.523,2057738.6183999996,2057738.6183999996,33920899.66043039,True,False,23,
native_l2,legacy:2026-08-05,legacy_directory_identifier,data/exact_l2/2026-08-05,legacy_day_root,legacy,data/exact_l2/2026-08-05/manifest.json,2ef3f23b31591da2b5024dbbab6e6cc46c1ffed5c026929b94339f6406461558,data/exact_l2/2026-08-05/threshold_depth.csv,99ffe0a2b6590207c12c72d7c9673e102a881f6a9f81e00cbdb2058bf14f072d,data/exact_l2/2026-08-05/valr_usdtzar_raw.json,7045ddc385fe5dc43acfe4bfcf00133894e65e24d78d608544b94d39785135fb,sha256_verified,"[""base_asset"",""quote_asset"",""received_utc"",""exchange_timestamp_utc"",""source_url"",""source_params_json""]",2026-08-05,,2026-08-05T08:17:15.096007+00:00,,,legacy_unavailable,valr,USDTZAR,ZAR,USDT,,,,stablecoin_tokens,1 stablecoin token = 1 USD; no FX conversion,,,sell_stablecoin_base_hit_bids,valr_usdtzar_raw.json,7045ddc385fe5dc43acfe4bfcf00133894e65e24d78d608544b94d39785135fb,100,16.52295,16.5229,16.523,2181158.8743,2181158.8743,35949152.47790677,True,False,38,
native_l2,legacy:2026-08-05,legacy_directory_identifier,data/exact_l2/2026-08-05,legacy_day_root,legacy,data/exact_l2/2026-08-05/manifest.json,2ef3f23b31591da2b5024dbbab6e6cc46c1ffed5c026929b94339f6406461558,data/exact_l2/2026-08-05/threshold_depth.csv,99ffe0a2b6590207c12c72d7c9673e102a881f6a9f81e00cbdb2058bf14f072d,data/exact_l2/2026-08-05/valr_usdtzar_raw.json,7045ddc385fe5dc43acfe4bfcf00133894e65e24d78d608544b94d39785135fb,sha256_verified,"[""base_asset"",""quote_asset"",""received_utc"",""exchange_timestamp_utc"",""source_url"",""source_params_json""]",2026-08-05,,2026-08-05T08:17:15.096007+00:00,,,legacy_unavailable,valr,USDTZAR,ZAR,USDT,,,,stablecoin_tokens,1 stablecoin token = 1 USD; no FX conversion,,,sell_stablecoin_base_hit_bids,valr_usdtzar_raw.json,7045ddc385fe5dc43acfe4bfcf00133894e65e24d78d608544b94d39785135fb,200,16.52295,16.5229,16.523,2202873.1835000003,2202873.1835000003,36302399.10163906,True,False,67,
native_l2,legacy:2026-08-05,legacy_directory_identifier,data/exact_l2/2026-08-05,legacy_day_root,legacy,data/exact_l2/2026-08-05/manifest.json,2ef3f23b31591da2b5024dbbab6e6cc46c1ffed5c026929b94339f6406461558,data/exact_l2/2026-08-05/threshold_depth.csv,99ffe0a2b6590207c12c72d7c9673e102a881f6a9f81e00cbdb2058bf14f072d,data/exact_l2/2026-08-05/bitkub_usdt_thb_raw.json,5ac5b95a39b9e5cef643fd89b1f258248bd07f843b603c1c15cf3abe09541cc6,sha256_verified,"[""base_asset"",""quote_asset"",""received_utc"",""exchange_timestamp_utc"",""source_url"",""source_params_json""]",2026-08-05,,2026-08-05T08:17:15.337528+00:00,,,legacy_unavailable,bitkub,usdt_thb,THB,USDT,,,,stablecoin_tokens,1 stablecoin token = 1 USD; no FX conversion,,,sell_stablecoin_base_hit_bids,bitkub_usdt_thb_raw.json,5ac5b95a39b9e5cef643fd89b1f258248bd07f843b603c1c15cf3abe09541cc6,10,33.175,33.17,33.18,1357975.3900000001,1357975.3900000001,45035748.884899996,True,False,3,
native_l2,legacy:2026-08-05,legacy_directory_identifier,data/exact_l2/2026-08-05,legacy_day_root,legacy,data/exact_l2/2026-08-05/manifest.json,2ef3f23b31591da2b5024dbbab6e6cc46c1ffed5c026929b94339f6406461558,data/exact_l2/2026-08-05/threshold_depth.csv,99ffe0a2b6590207c12c72d7c9673e102a881f6a9f81e00cbdb2058bf14f072d,data/exact_l2/2026-08-05/bitkub_usdt_thb_raw.json,5ac5b95a39b9e5cef643fd89b1f258248bd07f843b603c1c15cf3abe09541cc6,sha256_verified,"[""base_asset"",""quote_asset"",""received_utc"",""exchange_timestamp_utc"",""source_url"",""source_params_json""]",2026-08-05,,2026-08-05T08:17:15.337528+00:00,,,legacy_unavailable,bitkub,usdt_thb,THB,USDT,,,,stablecoin_tokens,1 stablecoin token = 1 USD; no FX conversion,,,sell_stablecoin_base_hit_bids,bitkub_usdt_thb_raw.json,5ac5b95a39b9e5cef643fd89b1f258248bd07f843b603c1c15cf3abe09541cc6,50,33.175,33.17,33.18,1768575.0100000005,1768575.0100000005,58625169.953899994,True,False,16,
native_l2,legacy:2026-08-05,legacy_directory_identifier,data/exact_l2/2026-08-05,legacy_day_root,legacy,data/exact_l2/2026-08-05/manifest.json,2ef3f23b31591da2b5024dbbab6e6cc46c1ffed5c026929b94339f6406461558,data/exact_l2/2026-08-05/threshold_depth.csv,99ffe0a2b6590207c12c72d7c9673e102a881f6a9f81e00cbdb2058bf14f072d,data/exact_l2/2026-08-05/bitkub_usdt_thb_raw.json,5ac5b95a39b9e5cef643fd89b1f258248bd07f843b603c1c15cf3abe09541cc6,sha256_verified,"[""base_asset"",""quote_asset"",""received_utc"",""exchange_timestamp_utc"",""source_url"",""source_params_json""]",2026-08-05,,2026-08-05T08:17:15.337528+00:00,,,legacy_unavailable,bitkub,usdt_thb,THB,USDT,,,,stablecoin_tokens,1 stablecoin token = 1 USD; no FX conversion,,,sell_stablecoin_base_hit_bids,bitkub_usdt_thb_raw.json,5ac5b95a39b9e5cef643fd89b1f258248bd07f843b603c1c15cf3abe09541cc6,100,33.175,33.17,33.18,1990277.630000001,1990277.630000001,65927231.2159,True,False,29,
native_l2,legacy:2026-08-05,legacy_directory_identifier,data/exact_l2/2026-08-05,legacy_day_root,legacy,data/exact_l2/2026-08-05/manifest.json,2ef3f23b31591da2b5024dbbab6e6cc46c1ffed5c026929b94339f6406461558,data/exact_l2/2026-08-05/threshold_depth.csv,99ffe0a2b6590207c12c72d7c9673e102a881f6a9f81e00cbdb2058bf14f072d,data/exact_l2/2026-08-05/bitkub_usdt_thb_raw.json,5ac5b95a39b9e5cef643fd89b1f258248bd07f843b603c1c15cf3abe09541cc6,sha256_verified,"[""base_asset"",""quote_asset"",""received_utc"",""exchange_timestamp_utc"",""source_url"",""source_params_json""]",2026-08-05,,2026-08-05T08:17:15.337528+00:00,,,legacy_unavailable,bitkub,usdt_thb,THB,USDT,,,,stablecoin_tokens,1 stablecoin token = 1 USD; no FX conversion,,,sell_stablecoin_base_hit_bids,bitkub_usdt_thb_raw.json,5ac5b95a39b9e5cef643fd89b1f258248bd07f843b603c1c15cf3abe09541cc6,200,33.175,33.17,33.18,2058759.9600000016,2058759.9600000016,68168321.88479999,True,False,58,
native_l2,legacy:2026-08-06,legacy_directory_identifier,data/exact_l2/2026-08-06,legacy_day_root,legacy,data/exact_l2/2026-08-06/manifest.json,701e14822f85514cb0b7a61edf1d1669ef7a56334cbfb2204718528649a8df20,data/exact_l2/2026-08-06/threshold_depth.csv,822c1dc6466e979e4cb83f9144b455471f3e1b5271ca4c97bae16c8a1456fd10,data/exact_l2/2026-08-06/valr_usdtzar_raw.json,786a0de0ec4c415bafb329b8bbcc7fe6d4bdbfeda9d8e8fd7d74490b5e962652,sha256_verified,"[""base_asset"",""quote_asset"",""received_utc"",""exchange_timestamp_utc"",""source_url"",""source_params_json""]",2026-08-06,,2026-08-06T08:15:02.723859+00:00,,,legacy_unavailable,valr,USDTZAR,ZAR,USDT,,,,stablecoin_tokens,1 stablecoin token = 1 USD; no FX conversion,,,sell_stablecoin_base_hit_bids,valr_usdtzar_raw.json,786a0de0ec4c415bafb329b8bbcc7fe6d4bdbfeda9d8e8fd7d74490b5e962652,10,16.492150000000002,16.4918,16.4925,466843.6881,466843.6881,7697044.711427729,True,False,6,
native_l2,legacy:2026-08-06,legacy_directory_identifier,data/exact_l2/2026-08-06,legacy_day_root,legacy,data/exact_l2/2026-08-06/manifest.json,701e14822f85514cb0b7a61edf1d1669ef7a56334cbfb2204718528649a8df20,data/exact_l2/2026-08-06/threshold_depth.csv,822c1dc6466e979e4cb83f9144b455471f3e1b5271ca4c97bae16c8a1456fd10,data/exact_l2/2026-08-06/valr_usdtzar_raw.json,786a0de0ec4c415bafb329b8bbcc7fe6d4bdbfeda9d8e8fd7d74490b5e962652,sha256_verified,"[""base_asset"",""quote_asset"",""received_utc"",""exchange_timestamp_utc"",""source_url"",""source_params_json""]",2026-08-06,,2026-08-06T08:15:02.723859+00:00,,,legacy_unavailable,valr,USDTZAR,ZAR,USDT,,,,stablecoin_tokens,1 stablecoin token = 1 USD; no FX conversion,,,sell_stablecoin_base_hit_bids,valr_usdtzar_raw.json,786a0de0ec4c415bafb329b8bbcc7fe6d4bdbfeda9d8e8fd7d74490b5e962652,50,16.492150000000002,16.4918,16.4925,2238874.1827000002,2238874.1827000002,36851119.48343413,True,False,28,
native_l2,legacy:2026-08-06,legacy_directory_identifier,data/exact_l2/2026-08-06,legacy_day_root,legacy,data/exact_l2/2026-08-06/manifest.json,701e14822f85514cb0b7a61edf1d1669ef7a56334cbfb2204718528649a8df20,data/exact_l2/2026-08-06/threshold_depth.csv,822c1dc6466e979e4cb83f9144b455471f3e1b5271ca4c97bae16c8a1456fd10,data/exact_l2/2026-08-06/valr_usdtzar_raw.json,786a0de0ec4c415bafb329b8bbcc7fe6d4bdbfeda9d8e8fd7d74490b5e962652,sha256_verified,"[""base_asset"",""quote_asset"",""received_utc"",""exchange_timestamp_utc"",""source_url"",""source_params_json""]",2026-08-06,,2026-08-06T08:15:02.723859+00:00,,,legacy_unavailable,valr,USDTZAR,ZAR,USDT,,,,stablecoin_tokens,1 stablecoin token = 1 USD; no FX conversion,,,sell_stablecoin_base_hit_bids,valr_usdtzar_raw.json,786a0de0ec4c415bafb329b8bbcc7fe6d4bdbfeda9d8e8fd7d74490b5e962652,100,16.492150000000002,16.4918,16.4925,2320315.9640000006,2320315.9640000006,38186087.02295313,True,False,43,
native_l2,legacy:2026-08-06,legacy_directory_identifier,data/exact_l2/2026-08-06,legacy_day_root,legacy,data/exact_l2/2026-08-06/manifest.json,701e14822f85514cb0b7a61edf1d1669ef7a56334cbfb2204718528649a8df20,data/exact_l2/2026-08-06/threshold_depth.csv,822c1dc6466e979e4cb83f9144b455471f3e1b5271ca4c97bae16c8a1456fd10,data/exact_l2/2026-08-06/valr_usdtzar_raw.json,786a0de0ec4c415bafb329b8bbcc7fe6d4bdbfeda9d8e8fd7d74490b5e962652,sha256_verified,"[""base_asset"",""quote_asset"",""received_utc"",""exchange_timestamp_utc"",""source_url"",""source_params_json""]",2026-08-06,,2026-08-06T08:15:02.723859+00:00,,,legacy_unavailable,valr,USDTZAR,ZAR,USDT,,,,stablecoin_tokens,1 stablecoin token = 1 USD; no FX conversion,,,sell_stablecoin_base_hit_bids,valr_usdtzar_raw.json,786a0de0ec4c415bafb329b8bbcc7fe6d4bdbfeda9d8e8fd7d74490b5e962652,200,16.492150000000002,16.4918,16.4925,2340244.016700001,2340244.016700001,38510152.329517424,True,False,66,
native_l2,legacy:2026-08-06,legacy_directory_identifier,data/exact_l2/2026-08-06,legacy_day_root,legacy,data/exact_l2/2026-08-06/manifest.json,701e14822f85514cb0b7a61edf1d1669ef7a56334cbfb2204718528649a8df20,data/exact_l2/2026-08-06/threshold_depth.csv,822c1dc6466e979e4cb83f9144b455471f3e1b5271ca4c97bae16c8a1456fd10,data/exact_l2/2026-08-06/bitkub_usdt_thb_raw.json,7ec5e41683b90a5c3b90581410f22b18d13c0b3c1ef666707f5aa4e734c502cb,sha256_verified,"[""base_asset"",""quote_asset"",""received_utc"",""exchange_timestamp_utc"",""source_url"",""source_params_json""]",2026-08-06,,2026-08-06T08:15:02.931157+00:00,,,legacy_unavailable,bitkub,usdt_thb,THB,USDT,,,,stablecoin_tokens,1 stablecoin token = 1 USD; no FX conversion,,,sell_stablecoin_base_hit_bids,bitkub_usdt_thb_raw.json,7ec5e41683b90a5c3b90581410f22b18d13c0b3c1ef666707f5aa4e734c502cb,10,33.015,33.01,33.02,1289364.0799999998,1289364.0799999998,42556338.632699996,True,False,3,
native_l2,legacy:2026-08-06,legacy_directory_identifier,data/exact_l2/2026-08-06,legacy_day_root,legacy,data/exact_l2/2026-08-06/manifest.json,701e14822f85514cb0b7a61edf1d1669ef7a56334cbfb2204718528649a8df20,data/exact_l2/2026-08-06/threshold_depth.csv,822c1dc6466e979e4cb83f9144b455471f3e1b5271ca4c97bae16c8a1456fd10,data/exact_l2/2026-08-06/bitkub_usdt_thb_raw.json,7ec5e41683b90a5c3b90581410f22b18d13c0b3c1ef666707f5aa4e734c502cb,sha256_verified,"[""base_asset"",""quote_asset"",""received_utc"",""exchange_timestamp_utc"",""source_url"",""source_params_json""]",2026-08-06,,2026-08-06T08:15:02.931157+00:00,,,legacy_unavailable,bitkub,usdt_thb,THB,USDT,,,,stablecoin_tokens,1 stablecoin token = 1 USD; no FX conversion,,,sell_stablecoin_base_hit_bids,bitkub_usdt_thb_raw.json,7ec5e41683b90a5c3b90581410f22b18d13c0b3c1ef666707f5aa4e734c502cb,50,33.015,33.01,33.02,1590571.7199999997,1590571.7199999997,52474185.6387,True,False,16,
native_l2,legacy:2026-08-06,legacy_directory_identifier,data/exact_l2/2026-08-06,legacy_day_root,legacy,data/exact_l2/2026-08-06/manifest.json,701e14822f85514cb0b7a61edf1d1669ef7a56334cbfb2204718528649a8df20,data/exact_l2/2026-08-06/threshold_depth.csv,822c1dc6466e979e4cb83f9144b455471f3e1b5271ca4c97bae16c8a1456fd10,data/exact_l2/2026-08-06/bitkub_usdt_thb_raw.json,7ec5e41683b90a5c3b90581410f22b18d13c0b3c1ef666707f5aa4e734c502cb,sha256_verified,"[""base_asset"",""quote_asset"",""received_utc"",""exchange_timestamp_utc"",""source_url"",""source_params_json""]",2026-08-06,,2026-08-06T08:15:02.931157+00:00,,,legacy_unavailable,bitkub,usdt_thb,THB,USDT,,,,stablecoin_tokens,1 stablecoin token = 1 USD; no FX conversion,,,sell_stablecoin_base_hit_bids,bitkub_usdt_thb_raw.json,7ec5e41683b90a5c3b90581410f22b18d13c0b3c1ef666707f5aa4e734c502cb,100,33.015,33.01,33.02,1752591.4800000002,1752591.4800000002,57785695.84529999,True,False,29,
native_l2,legacy:2026-08-06,legacy_directory_identifier,data/exact_l2/2026-08-06,legacy_day_root,legacy,data/exact_l2/2026-08-06/manifest.json,701e14822f85514cb0b7a61edf1d1669ef7a56334cbfb2204718528649a8df20,data/exact_l2/2026-08-06/threshold_depth.csv,822c1dc6466e979e4cb83f9144b455471f3e1b5271ca4c97bae16c8a1456fd10,data/exact_l2/2026-08-06/bitkub_usdt_thb_raw.json,7ec5e41683b90a5c3b90581410f22b18d13c0b3c1ef666707f5aa4e734c502cb,sha256_verified,"[""base_asset"",""quote_asset"",""received_utc"",""exchange_timestamp_utc"",""source_url"",""source_params_json""]",2026-08-06,,2026-08-06T08:15:02.931157+00:00,,,legacy_unavailable,bitkub,usdt_thb,THB,USDT,,,,stablecoin_tokens,1 stablecoin token = 1 USD; no FX conversion,,,sell_stablecoin_base_hit_bids,bitkub_usdt_thb_raw.json,7ec5e41683b90a5c3b90581410f22b18d13c0b3c1ef666707f5aa4e734c502cb,200,33.015,33.01,33.02,1854133.19,1854133.19,61093463.94269999,True,False,61,
native_l2,legacy:2026-08-07,legacy_directory_identifier,data/exact_l2/2026-08-07,legacy_day_root,legacy,data/exact_l2/2026-08-07/manifest.json,384e86cedb0fd595e437dfbc23383ca419aac524b06c3b2e430464bc807674d5,data/exact_l2/2026-08-07/threshold_depth.csv,c9c856cd4e3bfcdfdc39f14fb6b3dbae469b76a1ab5193ece885456f95580e3f,data/exact_l2/2026-08-07/valr_usdtzar_raw.json,5377c8ba4943cf8b682f614b4feb8cd7ef9202fe1067b0d787d901cc6a18d849,sha256_verified,"[""base_asset"",""quote_asset"",""received_utc"",""exchange_timestamp_utc"",""source_url"",""source_params_json""]",2026-08-07,,2026-08-07T07:01:59.070933+00:00,,,legacy_unavailable,valr,USDTZAR,ZAR,USDT,,,,stablecoin_tokens,1 stablecoin token = 1 USD; no FX conversion,,,sell_stablecoin_base_hit_bids,valr_usdtzar_raw.json,5377c8ba4943cf8b682f614b4feb8cd7ef9202fe1067b0d787d901cc6a18d849,10,16.46315,16.4631,16.4632,922746.5924,922746.5924,15186544.777723232,True,False,12,
native_l2,legacy:2026-08-07,legacy_directory_identifier,data/exact_l2/2026-08-07,legacy_day_root,legacy,data/exact_l2/2026-08-07/manifest.json,384e86cedb0fd595e437dfbc23383ca419aac524b06c3b2e430464bc807674d5,data/exact_l2/2026-08-07/threshold_depth.csv,c9c856cd4e3bfcdfdc39f14fb6b3dbae469b76a1ab5193ece885456f95580e3f,data/exact_l2/2026-08-07/valr_usdtzar_raw.json,5377c8ba4943cf8b682f614b4feb8cd7ef9202fe1067b0d787d901cc6a18d849,sha256_verified,"[""base_asset"",""quote_asset"",""received_utc"",""exchange_timestamp_utc"",""source_url"",""source_params_json""]",2026-08-07,,2026-08-07T07:01:59.070933+00:00,,,legacy_unavailable,valr,USDTZAR,ZAR,USDT,,,,stablecoin_tokens,1 stablecoin token = 1 USD; no FX conversion,,,sell_stablecoin_base_hit_bids,valr_usdtzar_raw.json,5377c8ba4943cf8b682f614b4feb8cd7ef9202fe1067b0d787d901cc6a18d849,50,16.46315,16.4631,16.4632,2027137.9155999995,2027137.9155999995,33330565.847254965,True,False,44,
native_l2,legacy:2026-08-07,legacy_directory_identifier,data/exact_l2/2026-08-07,legacy_day_root,legacy,data/exact_l2/2026-08-07/manifest.json,384e86cedb0fd595e437dfbc23383ca419aac524b06c3b2e430464bc807674d5,data/exact_l2/2026-08-07/threshold_depth.csv,c9c856cd4e3bfcdfdc39f14fb6b3dbae469b76a1ab5193ece885456f95580e3f,data/exact_l2/2026-08-07/valr_usdtzar_raw.json,5377c8ba4943cf8b682f614b4feb8cd7ef9202fe1067b0d787d901cc6a18d849,sha256_verified,"[""base_asset"",""quote_asset"",""received_utc"",""exchange_timestamp_utc"",""source_url"",""source_params_json""]",2026-08-07,,2026-08-07T07:01:59.070933+00:00,,,legacy_unavailable,valr,USDTZAR,ZAR,USDT,,,,stablecoin_tokens,1 stablecoin token = 1 USD; no FX conversion,,,sell_stablecoin_base_hit_bids,valr_usdtzar_raw.json,5377c8ba4943cf8b682f614b4feb8cd7ef9202fe1067b0d787d901cc6a18d849,100,16.46315,16.4631,16.4632,2125030.1722999993,2125030.1722999993,34932389.30760956,True,False,60,
native_l2,legacy:2026-08-07,legacy_directory_identifier,data/exact_l2/2026-08-07,legacy_day_root,legacy,data/exact_l2/2026-08-07/manifest.json,384e86cedb0fd595e437dfbc23383ca419aac524b06c3b2e430464bc807674d5,data/exact_l2/2026-08-07/threshold_depth.csv,c9c856cd4e3bfcdfdc39f14fb6b3dbae469b76a1ab5193ece885456f95580e3f,data/exact_l2/2026-08-07/valr_usdtzar_raw.json,5377c8ba4943cf8b682f614b4feb8cd7ef9202fe1067b0d787d901cc6a18d849,sha256_verified,"[""base_asset"",""quote_asset"",""received_utc"",""exchange_timestamp_utc"",""source_url"",""source_params_json""]",2026-08-07,,2026-08-07T07:01:59.070933+00:00,,,legacy_unavailable,valr,USDTZAR,ZAR,USDT,,,,stablecoin_tokens,1 stablecoin token = 1 USD; no FX conversion,,,sell_stablecoin_base_hit_bids,valr_usdtzar_raw.json,5377c8ba4943cf8b682f614b4feb8cd7ef9202fe1067b0d787d901cc6a18d849,200,16.46315,16.4631,16.4632,2138685.8436999996,2138685.8436999996,35154214.61512385,True,False,79,
native_l2,legacy:2026-08-07,legacy_directory_identifier,data/exact_l2/2026-08-07,legacy_day_root,legacy,data/exact_l2/2026-08-07/manifest.json,384e86cedb0fd595e437dfbc23383ca419aac524b06c3b2e430464bc807674d5,data/exact_l2/2026-08-07/threshold_depth.csv,c9c856cd4e3bfcdfdc39f14fb6b3dbae469b76a1ab5193ece885456f95580e3f,data/exact_l2/2026-08-07/bitkub_usdt_thb_raw.json,eec1609bea32ba5ba89e6e39736a95c68b5f2e08ff61b619f35e6c7c8a03aa1e,sha256_verified,"[""base_asset"",""quote_asset"",""received_utc"",""exchange_timestamp_utc"",""source_url"",""source_params_json""]",2026-08-07,,2026-08-07T07:01:59.291610+00:00,,,legacy_unavailable,bitkub,usdt_thb,THB,USDT,,,,stablecoin_tokens,1 stablecoin token = 1 USD; no FX conversion,,,sell_stablecoin_base_hit_bids,bitkub_usdt_thb_raw.json,eec1609bea32ba5ba89e6e39736a95c68b5f2e08ff61b619f35e6c7c8a03aa1e,10,33.065,33.06,33.07,1028322.01,1028322.01,33993653.0427,True,False,3,
native_l2,legacy:2026-08-07,legacy_directory_identifier,data/exact_l2/2026-08-07,legacy_day_root,legacy,data/exact_l2/2026-08-07/manifest.json,384e86cedb0fd595e437dfbc23383ca419aac524b06c3b2e430464bc807674d5,data/exact_l2/2026-08-07/threshold_depth.csv,c9c856cd4e3bfcdfdc39f14fb6b3dbae469b76a1ab5193ece885456f95580e3f,data/exact_l2/2026-08-07/bitkub_usdt_thb_raw.json,eec1609bea32ba5ba89e6e39736a95c68b5f2e08ff61b619f35e6c7c8a03aa1e,sha256_verified,"[""base_asset"",""quote_asset"",""received_utc"",""exchange_timestamp_utc"",""source_url"",""source_params_json""]",2026-08-07,,2026-08-07T07:01:59.291610+00:00,,,legacy_unavailable,bitkub,usdt_thb,THB,USDT,,,,stablecoin_tokens,1 stablecoin token = 1 USD; no FX conversion,,,sell_stablecoin_base_hit_bids,bitkub_usdt_thb_raw.json,eec1609bea32ba5ba89e6e39736a95c68b5f2e08ff61b619f35e6c7c8a03aa1e,50,33.065,33.06,33.07,1735549.14,1735549.14,57326917.597899996,True,False,17,
native_l2,legacy:2026-08-07,legacy_directory_identifier,data/exact_l2/2026-08-07,legacy_day_root,legacy,data/exact_l2/2026-08-07/manifest.json,384e86cedb0fd595e437dfbc23383ca419aac524b06c3b2e430464bc807674d5,data/exact_l2/2026-08-07/threshold_depth.csv,c9c856cd4e3bfcdfdc39f14fb6b3dbae469b76a1ab5193ece885456f95580e3f,data/exact_l2/2026-08-07/bitkub_usdt_thb_raw.json,eec1609bea32ba5ba89e6e39736a95c68b5f2e08ff61b619f35e6c7c8a03aa1e,sha256_verified,"[""base_asset"",""quote_asset"",""received_utc"",""exchange_timestamp_utc"",""source_url"",""source_params_json""]",2026-08-07,,2026-08-07T07:01:59.291610+00:00,,,legacy_unavailable,bitkub,usdt_thb,THB,USDT,,,,stablecoin_tokens,1 stablecoin token = 1 USD; no FX conversion,,,sell_stablecoin_base_hit_bids,bitkub_usdt_thb_raw.json,eec1609bea32ba5ba89e6e39736a95c68b5f2e08ff61b619f35e6c7c8a03aa1e,100,33.065,33.06,33.07,1896245.3000000005,1896245.3000000005,62604700.93199999,True,False,29,
native_l2,legacy:2026-08-07,legacy_directory_identifier,data/exact_l2/2026-08-07,legacy_day_root,legacy,data/exact_l2/2026-08-07/manifest.json,384e86cedb0fd595e437dfbc23383ca419aac524b06c3b2e430464bc807674d5,data/exact_l2/2026-08-07/threshold_depth.csv,c9c856cd4e3bfcdfdc39f14fb6b3dbae469b76a1ab5193ece885456f95580e3f,data/exact_l2/2026-08-07/bitkub_usdt_thb_raw.json,eec1609bea32ba5ba89e6e39736a95c68b5f2e08ff61b619f35e6c7c8a03aa1e,sha256_verified,"[""base_asset"",""quote_asset"",""received_utc"",""exchange_timestamp_utc"",""source_url"",""source_params_json""]",2026-08-07,,2026-08-07T07:01:59.291610+00:00,,,legacy_unavailable,bitkub,usdt_thb,THB,USDT,,,,stablecoin_tokens,1 stablecoin token = 1 USD; no FX conversion,,,sell_stablecoin_base_hit_bids,bitkub_usdt_thb_raw.json,eec1609bea32ba5ba89e6e39736a95c68b5f2e08ff61b619f35e6c7c8a03aa1e,200,33.065,33.06,33.07,1995094.8700000003,1995094.8700000003,65828485.668799974,True,False,62,
native_l2,legacy:2026-08-08,legacy_directory_identifier,data/exact_l2/2026-08-08,legacy_day_root,legacy,data/exact_l2/2026-08-08/manifest.json,2366440e700eaa4e5c9f74cfbfa8c870007c5e650442ce058ebf167f57e780ce,data/exact_l2/2026-08-08/threshold_depth.csv,f87dd5ae423ddf79acbae9d412128a845e27024db1f1e18aa7dd91e5f4dfc71f,data/exact_l2/2026-08-08/valr_usdtzar_raw.json,3a094db5dcc47380ac35ca36b9c91c3a59fcc32399d0b01888219151edca95e5,sha256_verified,"[""base_asset"",""quote_asset"",""received_utc"",""exchange_timestamp_utc"",""source_url"",""source_params_json""]",2026-08-08,,2026-08-08T06:34:04.860671+00:00,,,legacy_unavailable,valr,USDTZAR,ZAR,USDT,,,,stablecoin_tokens,1 stablecoin token = 1 USD; no FX conversion,,,sell_stablecoin_base_hit_bids,valr_usdtzar_raw.json,3a094db5dcc47380ac35ca36b9c91c3a59fcc32399d0b01888219151edca95e5,10,16.328650000000003,16.3286,16.3287,131492.9517,131492.9517,2146618.31349264,True,False,12,
native_l2,legacy:2026-08-08,legacy_directory_identifier,data/exact_l2/2026-08-08,legacy_day_root,legacy,data/exact_l2/2026-08-08/manifest.json,2366440e700eaa4e5c9f74cfbfa8c870007c5e650442ce058ebf167f57e780ce,data/exact_l2/2026-08-08/threshold_depth.csv,f87dd5ae423ddf79acbae9d412128a845e27024db1f1e18aa7dd91e5f4dfc71f,data/exact_l2/2026-08-08/valr_usdtzar_raw.json,3a094db5dcc47380ac35ca36b9c91c3a59fcc32399d0b01888219151edca95e5,sha256_verified,"[""base_asset"",""quote_asset"",""received_utc"",""exchange_timestamp_utc"",""source_url"",""source_params_json""]",2026-08-08,,2026-08-08T06:34:04.860671+00:00,,,legacy_unavailable,valr,USDTZAR,ZAR,USDT,,,,stablecoin_tokens,1 stablecoin token = 1 USD; no FX conversion,,,sell_stablecoin_base_hit_bids,valr_usdtzar_raw.json,3a094db5dcc47380ac35ca36b9c91c3a59fcc32399d0b01888219151edca95e5,50,16.328650000000003,16.3286,16.3287,315043.3827000001,315043.3827000001,5136007.49275765,True,False,29,
native_l2,legacy:2026-08-08,legacy_directory_identifier,data/exact_l2/2026-08-08,legacy_day_root,legacy,data/exact_l2/2026-08-08/manifest.json,2366440e700eaa4e5c9f74cfbfa8c870007c5e650442ce058ebf167f57e780ce,data/exact_l2/2026-08-08/threshold_depth.csv,f87dd5ae423ddf79acbae9d412128a845e27024db1f1e18aa7dd91e5f4dfc71f,data/exact_l2/2026-08-08/valr_usdtzar_raw.json,3a094db5dcc47380ac35ca36b9c91c3a59fcc32399d0b01888219151edca95e5,sha256_verified,"[""base_asset"",""quote_asset"",""received_utc"",""exchange_timestamp_utc"",""source_url"",""source_params_json""]",2026-08-08,,2026-08-08T06:34:04.860671+00:00,,,legacy_unavailable,valr,USDTZAR,ZAR,USDT,,,,stablecoin_tokens,1 stablecoin token = 1 USD; no FX conversion,,,sell_stablecoin_base_hit_bids,valr_usdtzar_raw.json,3a094db5dcc47380ac35ca36b9c91c3a59fcc32399d0b01888219151edca95e5,100,16.328650000000003,16.3286,16.3287,491272.6314,491272.6314,7991854.107189938,True,False,49,
native_l2,legacy:2026-08-08,legacy_directory_identifier,data/exact_l2/2026-08-08,legacy_day_root,legacy,data/exact_l2/2026-08-08/manifest.json,2366440e700eaa4e5c9f74cfbfa8c870007c5e650442ce058ebf167f57e780ce,data/exact_l2/2026-08-08/threshold_depth.csv,f87dd5ae423ddf79acbae9d412128a845e27024db1f1e18aa7dd91e5f4dfc71f,data/exact_l2/2026-08-08/valr_usdtzar_raw.json,3a094db5dcc47380ac35ca36b9c91c3a59fcc32399d0b01888219151edca95e5,sha256_verified,"[""base_asset"",""quote_asset"",""received_utc"",""exchange_timestamp_utc"",""source_url"",""source_params_json""]",2026-08-08,,2026-08-08T06:34:04.860671+00:00,,,legacy_unavailable,valr,USDTZAR,ZAR,USDT,,,,stablecoin_tokens,1 stablecoin token = 1 USD; no FX conversion,,,sell_stablecoin_base_hit_bids,valr_usdtzar_raw.json,3a094db5dcc47380ac35ca36b9c91c3a59fcc32399d0b01888219151edca95e5,200,16.328650000000003,16.3286,16.3287,554488.5155,554488.5155,9013262.742595948,True,False,74,
native_l2,legacy:2026-08-08,legacy_directory_identifier,data/exact_l2/2026-08-08,legacy_day_root,legacy,data/exact_l2/2026-08-08/manifest.json,2366440e700eaa4e5c9f74cfbfa8c870007c5e650442ce058ebf167f57e780ce,data/exact_l2/2026-08-08/threshold_depth.csv,f87dd5ae423ddf79acbae9d412128a845e27024db1f1e18aa7dd91e5f4dfc71f,data/exact_l2/2026-08-08/bitkub_usdt_thb_raw.json,182bc24c1f415f427766073e52fd4c53c34b03d96f1985f1af4b5ca2413800e7,sha256_verified,"[""base_asset"",""quote_asset"",""received_utc"",""exchange_timestamp_utc"",""source_url"",""source_params_json""]",2026-08-08,,2026-08-08T06:34:05.092220+00:00,,,legacy_unavailable,bitkub,usdt_thb,THB,USDT,,,,stablecoin_tokens,1 stablecoin token = 1 USD; no FX conversion,,,sell_stablecoin_base_hit_bids,bitkub_usdt_thb_raw.json,182bc24c1f415f427766073e52fd4c53c34b03d96f1985f1af4b5ca2413800e7,10,33.085,33.08,33.09,628251.89,628251.89,20780179.5454,True,False,3,
native_l2,legacy:2026-08-08,legacy_directory_identifier,data/exact_l2/2026-08-08,legacy_day_root,legacy,data/exact_l2/2026-08-08/manifest.json,2366440e700eaa4e5c9f74cfbfa8c870007c5e650442ce058ebf167f57e780ce,data/exact_l2/2026-08-08/threshold_depth.csv,f87dd5ae423ddf79acbae9d412128a845e27024db1f1e18aa7dd91e5f4dfc71f,data/exact_l2/2026-08-08/bitkub_usdt_thb_raw.json,182bc24c1f415f427766073e52fd4c53c34b03d96f1985f1af4b5ca2413800e7,sha256_verified,"[""base_asset"",""quote_asset"",""received_utc"",""exchange_timestamp_utc"",""source_url"",""source_params_json""]",2026-08-08,,2026-08-08T06:34:05.092220+00:00,,,legacy_unavailable,bitkub,usdt_thb,THB,USDT,,,,stablecoin_tokens,1 stablecoin token = 1 USD; no FX conversion,,,sell_stablecoin_base_hit_bids,bitkub_usdt_thb_raw.json,182bc24c1f415f427766073e52fd4c53c34b03d96f1985f1af4b5ca2413800e7,50,33.085,33.08,33.09,1658606.99,1658606.99,54810025.19229999,True,False,17,
native_l2,legacy:2026-08-08,legacy_directory_identifier,data/exact_l2/2026-08-08,legacy_day_root,legacy,data/exact_l2/2026-08-08/manifest.json,2366440e700eaa4e5c9f74cfbfa8c870007c5e650442ce058ebf167f57e780ce,data/exact_l2/2026-08-08/threshold_depth.csv,f87dd5ae423ddf79acbae9d412128a845e27024db1f1e18aa7dd91e5f4dfc71f,data/exact_l2/2026-08-08/bitkub_usdt_thb_raw.json,182bc24c1f415f427766073e52fd4c53c34b03d96f1985f1af4b5ca2413800e7,sha256_verified,"[""base_asset"",""quote_asset"",""received_utc"",""exchange_timestamp_utc"",""source_url"",""source_params_json""]",2026-08-08,,2026-08-08T06:34:05.092220+00:00,,,legacy_unavailable,bitkub,usdt_thb,THB,USDT,,,,stablecoin_tokens,1 stablecoin token = 1 USD; no FX conversion,,,sell_stablecoin_base_hit_bids,bitkub_usdt_thb_raw.json,182bc24c1f415f427766073e52fd4c53c34b03d96f1985f1af4b5ca2413800e7,100,33.085,33.08,33.09,1837410.1500000004,1837410.1500000004,60685484.62329999,True,False,30,
native_l2,legacy:2026-08-08,legacy_directory_identifier,data/exact_l2/2026-08-08,legacy_day_root,legacy,data/exact_l2/2026-08-08/manifest.json,2366440e700eaa4e5c9f74cfbfa8c870007c5e650442ce058ebf167f57e780ce,data/exact_l2/2026-08-08/threshold_depth.csv,f87dd5ae423ddf79acbae9d412128a845e27024db1f1e18aa7dd91e5f4dfc71f,data/exact_l2/2026-08-08/bitkub_usdt_thb_raw.json,182bc24c1f415f427766073e52fd4c53c34b03d96f1985f1af4b5ca2413800e7,sha256_verified,"[""base_asset"",""quote_asset"",""received_utc"",""exchange_timestamp_utc"",""source_url"",""source_params_json""]",2026-08-08,,2026-08-08T06:34:05.092220+00:00,,,legacy_unavailable,bitkub,usdt_thb,THB,USDT,,,,stablecoin_tokens,1 stablecoin token = 1 USD; no FX conversion,,,sell_stablecoin_base_hit_bids,bitkub_usdt_thb_raw.json,182bc24c1f415f427766073e52fd4c53c34b03d96f1985f1af4b5ca2413800e7,200,33.085,33.08,33.09,1933876.0999999996,1933876.0999999996,63829119.43729999,True,False,63,
native_l2,legacy:2026-08-09,legacy_directory_identifier,data/exact_l2/2026-08-09,legacy_day_root,legacy,data/exact_l2/2026-08-09/manifest.json,d951789f2f040f3bff8013ce988b1e0902ba797af979c1332f8242440fdaeeb6,data/exact_l2/2026-08-09/threshold_depth.csv,3ae06f637ff835f9fc3f044ae66dd91de31200743e284361166887c1a2d8cad9,data/exact_l2/2026-08-09/valr_usdtzar_raw.json,0d826cb8d3df5c7c7de147e4214edc3d60ca8388bcfb9df68965dba95b58d018,sha256_verified,"[""base_asset"",""quote_asset"",""received_utc"",""exchange_timestamp_utc"",""source_url"",""source_params_json""]",2026-08-09,,2026-08-09T06:36:55.932087+00:00,,,legacy_unavailable,valr,USDTZAR,ZAR,USDT,,,,stablecoin_tokens,1 stablecoin token = 1 USD; no FX conversion,,,sell_stablecoin_base_hit_bids,valr_usdtzar_raw.json,0d826cb8d3df5c7c7de147e4214edc3d60ca8388bcfb9df68965dba95b58d018,10,16.36665,16.3666,16.3667,105870.087,105870.087,1731990.33636026,True,False,11,
native_l2,legacy:2026-08-09,legacy_directory_identifier,data/exact_l2/2026-08-09,legacy_day_root,legacy,data/exact_l2/2026-08-09/manifest.json,d951789f2f040f3bff8013ce988b1e0902ba797af979c1332f8242440fdaeeb6,data/exact_l2/2026-08-09/threshold_depth.csv,3ae06f637ff835f9fc3f044ae66dd91de31200743e284361166887c1a2d8cad9,data/exact_l2/2026-08-09/valr_usdtzar_raw.json,0d826cb8d3df5c7c7de147e4214edc3d60ca8388bcfb9df68965dba95b58d018,sha256_verified,"[""base_asset"",""quote_asset"",""received_utc"",""exchange_timestamp_utc"",""source_url"",""source_params_json""]",2026-08-09,,2026-08-09T06:36:55.932087+00:00,,,legacy_unavailable,valr,USDTZAR,ZAR,USDT,,,,stablecoin_tokens,1 stablecoin token = 1 USD; no FX conversion,,,sell_stablecoin_base_hit_bids,valr_usdtzar_raw.json,0d826cb8d3df5c7c7de147e4214edc3d60ca8388bcfb9df68965dba95b58d018,50,16.36665,16.3666,16.3667,624029.8863999998,624029.8863999998,10192055.11095039,True,False,29,
native_l2,legacy:2026-08-09,legacy_directory_identifier,data/exact_l2/2026-08-09,legacy_day_root,legacy,data/exact_l2/2026-08-09/manifest.json,d951789f2f040f3bff8013ce988b1e0902ba797af979c1332f8242440fdaeeb6,data/exact_l2/2026-08-09/threshold_depth.csv,3ae06f637ff835f9fc3f044ae66dd91de31200743e284361166887c1a2d8cad9,data/exact_l2/2026-08-09/valr_usdtzar_raw.json,0d826cb8d3df5c7c7de147e4214edc3d60ca8388bcfb9df68965dba95b58d018,sha256_verified,"[""base_asset"",""quote_asset"",""received_utc"",""exchange_timestamp_utc"",""source_url"",""source_params_json""]",2026-08-09,,2026-08-09T06:36:55.932087+00:00,,,legacy_unavailable,valr,USDTZAR,ZAR,USDT,,,,stablecoin_tokens,1 stablecoin token = 1 USD; no FX conversion,,,sell_stablecoin_base_hit_bids,valr_usdtzar_raw.json,0d826cb8d3df5c7c7de147e4214edc3d60ca8388bcfb9df68965dba95b58d018,100,16.36665,16.3666,16.3667,737274.8792999998,737274.8792999998,12031502.16157043,True,False,52,
native_l2,legacy:2026-08-09,legacy_directory_identifier,data/exact_l2/2026-08-09,legacy_day_root,legacy,data/exact_l2/2026-08-09/manifest.json,d951789f2f040f3bff8013ce988b1e0902ba797af979c1332f8242440fdaeeb6,data/exact_l2/2026-08-09/threshold_depth.csv,3ae06f637ff835f9fc3f044ae66dd91de31200743e284361166887c1a2d8cad9,data/exact_l2/2026-08-09/valr_usdtzar_raw.json,0d826cb8d3df5c7c7de147e4214edc3d60ca8388bcfb9df68965dba95b58d018,sha256_verified,"[""base_asset"",""quote_asset"",""received_utc"",""exchange_timestamp_utc"",""source_url"",""source_params_json""]",2026-08-09,,2026-08-09T06:36:55.932087+00:00,,,legacy_unavailable,valr,USDTZAR,ZAR,USDT,,,,stablecoin_tokens,1 stablecoin token = 1 USD; no FX conversion,,,sell_stablecoin_base_hit_bids,valr_usdtzar_raw.json,0d826cb8d3df5c7c7de147e4214edc3d60ca8388bcfb9df68965dba95b58d018,200,16.36665,16.3666,16.3667,811878.1127999998,811878.1127999998,13237411.310847113,True,False,73,
native_l2,legacy:2026-08-09,legacy_directory_identifier,data/exact_l2/2026-08-09,legacy_day_root,legacy,data/exact_l2/2026-08-09/manifest.json,d951789f2f040f3bff8013ce988b1e0902ba797af979c1332f8242440fdaeeb6,data/exact_l2/2026-08-09/threshold_depth.csv,3ae06f637ff835f9fc3f044ae66dd91de31200743e284361166887c1a2d8cad9,data/exact_l2/2026-08-09/bitkub_usdt_thb_raw.json,792a080b2aea4c8e57f1b50e107f83a40c7344293b53e627b22fb1fb815249c8,sha256_verified,"[""base_asset"",""quote_asset"",""received_utc"",""exchange_timestamp_utc"",""source_url"",""source_params_json""]",2026-08-09,,2026-08-09T06:36:56.179197+00:00,,,legacy_unavailable,bitkub,usdt_thb,THB,USDT,,,,stablecoin_tokens,1 stablecoin token = 1 USD; no FX conversion,,,sell_stablecoin_base_hit_bids,bitkub_usdt_thb_raw.json,792a080b2aea4c8e57f1b50e107f83a40c7344293b53e627b22fb1fb815249c8,10,33.135000000000005,33.13,33.14,612491.64,612491.64,20291208.9855,True,False,3,
native_l2,legacy:2026-08-09,legacy_directory_identifier,data/exact_l2/2026-08-09,legacy_day_root,legacy,data/exact_l2/2026-08-09/manifest.json,d951789f2f040f3bff8013ce988b1e0902ba797af979c1332f8242440fdaeeb6,data/exact_l2/2026-08-09/threshold_depth.csv,3ae06f637ff835f9fc3f044ae66dd91de31200743e284361166887c1a2d8cad9,data/exact_l2/2026-08-09/bitkub_usdt_thb_raw.json,792a080b2aea4c8e57f1b50e107f83a40c7344293b53e627b22fb1fb815249c8,sha256_verified,"[""base_asset"",""quote_asset"",""received_utc"",""exchange_timestamp_utc"",""source_url"",""source_params_json""]",2026-08-09,,2026-08-09T06:36:56.179197+00:00,,,legacy_unavailable,bitkub,usdt_thb,THB,USDT,,,,stablecoin_tokens,1 stablecoin token = 1 USD; no FX conversion,,,sell_stablecoin_base_hit_bids,bitkub_usdt_thb_raw.json,792a080b2aea4c8e57f1b50e107f83a40c7344293b53e627b22fb1fb815249c8,50,33.135000000000005,33.13,33.14,1943485.9899999998,1943485.9899999998,64279010.34650001,True,False,17,
native_l2,legacy:2026-08-09,legacy_directory_identifier,data/exact_l2/2026-08-09,legacy_day_root,legacy,data/exact_l2/2026-08-09/manifest.json,d951789f2f040f3bff8013ce988b1e0902ba797af979c1332f8242440fdaeeb6,data/exact_l2/2026-08-09/threshold_depth.csv,3ae06f637ff835f9fc3f044ae66dd91de31200743e284361166887c1a2d8cad9,data/exact_l2/2026-08-09/bitkub_usdt_thb_raw.json,792a080b2aea4c8e57f1b50e107f83a40c7344293b53e627b22fb1fb815249c8,sha256_verified,"[""base_asset"",""quote_asset"",""received_utc"",""exchange_timestamp_utc"",""source_url"",""source_params_json""]",2026-08-09,,2026-08-09T06:36:56.179197+00:00,,,legacy_unavailable,bitkub,usdt_thb,THB,USDT,,,,stablecoin_tokens,1 stablecoin token = 1 USD; no FX conversion,,,sell_stablecoin_base_hit_bids,bitkub_usdt_thb_raw.json,792a080b2aea4c8e57f1b50e107f83a40c7344293b53e627b22fb1fb815249c8,100,33.135000000000005,33.13,33.14,2044806.1999999997,2044806.1999999997,67613254.36990003,True,False,31,
native_l2,legacy:2026-08-09,legacy_directory_identifier,data/exact_l2/2026-08-09,legacy_day_root,legacy,data/exact_l2/2026-08-09/manifest.json,d951789f2f040f3bff8013ce988b1e0902ba797af979c1332f8242440fdaeeb6,data/exact_l2/2026-08-09/threshold_depth.csv,3ae06f637ff835f9fc3f044ae66dd91de31200743e284361166887c1a2d8cad9,data/exact_l2/2026-08-09/bitkub_usdt_thb_raw.json,792a080b2aea4c8e57f1b50e107f83a40c7344293b53e627b22fb1fb815249c8,sha256_verified,"[""base_asset"",""quote_asset"",""received_utc"",""exchange_timestamp_utc"",""source_url"",""source_params_json""]",2026-08-09,,2026-08-09T06:36:56.179197+00:00,,,legacy_unavailable,bitkub,usdt_thb,THB,USDT,,,,stablecoin_tokens,1 stablecoin token = 1 USD; no FX conversion,,,sell_stablecoin_base_hit_bids,bitkub_usdt_thb_raw.json,792a080b2aea4c8e57f1b50e107f83a40c7344293b53e627b22fb1fb815249c8,200,33.135000000000005,33.13,33.14,2153576.1399999997,2153576.1399999997,71162764.79820001,True,False,62,
native_l2,legacy:2026-08-10,legacy_directory_identifier,data/exact_l2/2026-08-10,legacy_day_root,legacy,data/exact_l2/2026-08-10/manifest.json,472e00fde63842ff93dac81ef0841ef8433d943b89201a16d2f87fb87cfdc308,data/exact_l2/2026-08-10/threshold_depth.csv,21a16f463f27cfa161da8f2cc83c8290306f79f4fb9b281fc4c83e1dbee25f00,data/exact_l2/2026-08-10/valr_usdtzar_raw.json,fff126b97dabc784fc14e6f0bad6b915828cd9ba4fd694a42c68052c60fd473a,sha256_verified,"[""base_asset"",""quote_asset"",""received_utc"",""exchange_timestamp_utc"",""source_url"",""source_params_json""]",2026-08-10,,2026-08-10T07:05:15.550981+00:00,,,legacy_unavailable,valr,USDTZAR,ZAR,USDT,,,,stablecoin_tokens,1 stablecoin token = 1 USD; no FX conversion,,,sell_stablecoin_base_hit_bids,valr_usdtzar_raw.json,fff126b97dabc784fc14e6f0bad6b915828cd9ba4fd694a42c68052c60fd473a,10,16.3482,16.3465,16.3499,357903.17529999994,357903.17529999994,5849431.27311073,True,False,10,
native_l2,legacy:2026-08-10,legacy_directory_identifier,data/exact_l2/2026-08-10,legacy_day_root,legacy,data/exact_l2/2026-08-10/manifest.json,472e00fde63842ff93dac81ef0841ef8433d943b89201a16d2f87fb87cfdc308,data/exact_l2/2026-08-10/threshold_depth.csv,21a16f463f27cfa161da8f2cc83c8290306f79f4fb9b281fc4c83e1dbee25f00,data/exact_l2/2026-08-10/valr_usdtzar_raw.json,fff126b97dabc784fc14e6f0bad6b915828cd9ba4fd694a42c68052c60fd473a,sha256_verified,"[""base_asset"",""quote_asset"",""received_utc"",""exchange_timestamp_utc"",""source_url"",""source_params_json""]",2026-08-10,,2026-08-10T07:05:15.550981+00:00,,,legacy_unavailable,valr,USDTZAR,ZAR,USDT,,,,stablecoin_tokens,1 stablecoin token = 1 USD; no FX conversion,,,sell_stablecoin_base_hit_bids,valr_usdtzar_raw.json,fff126b97dabc784fc14e6f0bad6b915828cd9ba4fd694a42c68052c60fd473a,50,16.3482,16.3465,16.3499,939811.6376999995,939811.6376999995,15333194.84858605,True,False,32,
native_l2,legacy:2026-08-10,legacy_directory_identifier,data/exact_l2/2026-08-10,legacy_day_root,legacy,data/exact_l2/2026-08-10/manifest.json,472e00fde63842ff93dac81ef0841ef8433d943b89201a16d2f87fb87cfdc308,data/exact_l2/2026-08-10/threshold_depth.csv,21a16f463f27cfa161da8f2cc83c8290306f79f4fb9b281fc4c83e1dbee25f00,data/exact_l2/2026-08-10/valr_usdtzar_raw.json,fff126b97dabc784fc14e6f0bad6b915828cd9ba4fd694a42c68052c60fd473a,sha256_verified,"[""base_asset"",""quote_asset"",""received_utc"",""exchange_timestamp_utc"",""source_url"",""source_params_json""]",2026-08-10,,2026-08-10T07:05:15.550981+00:00,,,legacy_unavailable,valr,USDTZAR,ZAR,USDT,,,,stablecoin_tokens,1 stablecoin token = 1 USD; no FX conversion,,,sell_stablecoin_base_hit_bids,valr_usdtzar_raw.json,fff126b97dabc784fc14e6f0bad6b915828cd9ba4fd694a42c68052c60fd473a,100,16.3482,16.3465,16.3499,1019399.2370999997,1019399.2370999997,16624167.919897214,True,False,59,
native_l2,legacy:2026-08-10,legacy_directory_identifier,data/exact_l2/2026-08-10,legacy_day_root,legacy,data/exact_l2/2026-08-10/manifest.json,472e00fde63842ff93dac81ef0841ef8433d943b89201a16d2f87fb87cfdc308,data/exact_l2/2026-08-10/threshold_depth.csv,21a16f463f27cfa161da8f2cc83c8290306f79f4fb9b281fc4c83e1dbee25f00,data/exact_l2/2026-08-10/valr_usdtzar_raw.json,fff126b97dabc784fc14e6f0bad6b915828cd9ba4fd694a42c68052c60fd473a,sha256_verified,"[""base_asset"",""quote_asset"",""received_utc"",""exchange_timestamp_utc"",""source_url"",""source_params_json""]",2026-08-10,,2026-08-10T07:05:15.550981+00:00,,,legacy_unavailable,valr,USDTZAR,ZAR,USDT,,,,stablecoin_tokens,1 stablecoin token = 1 USD; no FX conversion,,,sell_stablecoin_base_hit_bids,valr_usdtzar_raw.json,fff126b97dabc784fc14e6f0bad6b915828cd9ba4fd694a42c68052c60fd473a,200,16.3482,16.3465,16.3499,1082507.6167999995,1082507.6167999995,17643855.37139915,True,False,81,
native_l2,legacy:2026-08-10,legacy_directory_identifier,data/exact_l2/2026-08-10,legacy_day_root,legacy,data/exact_l2/2026-08-10/manifest.json,472e00fde63842ff93dac81ef0841ef8433d943b89201a16d2f87fb87cfdc308,data/exact_l2/2026-08-10/threshold_depth.csv,21a16f463f27cfa161da8f2cc83c8290306f79f4fb9b281fc4c83e1dbee25f00,data/exact_l2/2026-08-10/bitkub_usdt_thb_raw.json,614473346043bec1ecbef4f7cf8bbc5c688d2327e9d246688011250f494771d4,sha256_verified,"[""base_asset"",""quote_asset"",""received_utc"",""exchange_timestamp_utc"",""source_url"",""source_params_json""]",2026-08-10,,2026-08-10T07:05:15.772091+00:00,,,legacy_unavailable,bitkub,usdt_thb,THB,USDT,,,,stablecoin_tokens,1 stablecoin token = 1 USD; no FX conversion,,,sell_stablecoin_base_hit_bids,bitkub_usdt_thb_raw.json,614473346043bec1ecbef4f7cf8bbc5c688d2327e9d246688011250f494771d4,10,32.965,32.96,32.97,959513.69,959513.69,31623922.7468,True,False,3,
native_l2,legacy:2026-08-10,legacy_directory_identifier,data/exact_l2/2026-08-10,legacy_day_root,legacy,data/exact_l2/2026-08-10/manifest.json,472e00fde63842ff93dac81ef0841ef8433d943b89201a16d2f87fb87cfdc308,data/exact_l2/2026-08-10/threshold_depth.csv,21a16f463f27cfa161da8f2cc83c8290306f79f4fb9b281fc4c83e1dbee25f00,data/exact_l2/2026-08-10/bitkub_usdt_thb_raw.json,614473346043bec1ecbef4f7cf8bbc5c688d2327e9d246688011250f494771d4,sha256_verified,"[""base_asset"",""quote_asset"",""received_utc"",""exchange_timestamp_utc"",""source_url"",""source_params_json""]",2026-08-10,,2026-08-10T07:05:15.772091+00:00,,,legacy_unavailable,bitkub,usdt_thb,THB,USDT,,,,stablecoin_tokens,1 stablecoin token = 1 USD; no FX conversion,,,sell_stablecoin_base_hit_bids,bitkub_usdt_thb_raw.json,614473346043bec1ecbef4f7cf8bbc5c688d2327e9d246688011250f494771d4,50,32.965,32.96,32.97,1182959.9700000002,1182959.9700000002,38971467.523600005,True,False,14,
native_l2,legacy:2026-08-10,legacy_directory_identifier,data/exact_l2/2026-08-10,legacy_day_root,legacy,data/exact_l2/2026-08-10/manifest.json,472e00fde63842ff93dac81ef0841ef8433d943b89201a16d2f87fb87cfdc308,data/exact_l2/2026-08-10/threshold_depth.csv,21a16f463f27cfa161da8f2cc83c8290306f79f4fb9b281fc4c83e1dbee25f00,data/exact_l2/2026-08-10/bitkub_usdt_thb_raw.json,614473346043bec1ecbef4f7cf8bbc5c688d2327e9d246688011250f494771d4,sha256_verified,"[""base_asset"",""quote_asset"",""received_utc"",""exchange_timestamp_utc"",""source_url"",""source_params_json""]",2026-08-10,,2026-08-10T07:05:15.772091+00:00,,,legacy_unavailable,bitkub,usdt_thb,THB,USDT,,,,stablecoin_tokens,1 stablecoin token = 1 USD; no FX conversion,,,sell_stablecoin_base_hit_bids,bitkub_usdt_thb_raw.json,614473346043bec1ecbef4f7cf8bbc5c688d2327e9d246688011250f494771d4,100,32.965,32.96,32.97,1382521.4000000006,1382521.4000000006,45504104.353199996,True,False,31,
native_l2,legacy:2026-08-10,legacy_directory_identifier,data/exact_l2/2026-08-10,legacy_day_root,legacy,data/exact_l2/2026-08-10/manifest.json,472e00fde63842ff93dac81ef0841ef8433d943b89201a16d2f87fb87cfdc308,data/exact_l2/2026-08-10/threshold_depth.csv,21a16f463f27cfa161da8f2cc83c8290306f79f4fb9b281fc4c83e1dbee25f00,data/exact_l2/2026-08-10/bitkub_usdt_thb_raw.json,614473346043bec1ecbef4f7cf8bbc5c688d2327e9d246688011250f494771d4,sha256_verified,"[""base_asset"",""quote_asset"",""received_utc"",""exchange_timestamp_utc"",""source_url"",""source_params_json""]",2026-08-10,,2026-08-10T07:05:15.772091+00:00,,,legacy_unavailable,bitkub,usdt_thb,THB,USDT,,,,stablecoin_tokens,1 stablecoin token = 1 USD; no FX conversion,,,sell_stablecoin_base_hit_bids,bitkub_usdt_thb_raw.json,614473346043bec1ecbef4f7cf8bbc5c688d2327e9d246688011250f494771d4,200,32.965,32.96,32.97,1454960.6399999997,1454960.6399999997,47856180.9557,True,False,62,
native_l2,legacy:2026-08-11,legacy_directory_identifier,data/exact_l2/2026-08-11,legacy_day_root,legacy,data/exact_l2/2026-08-11/manifest.json,418cb5b6a4c39e0c8acbc6e8a03b858d10e3d7f91945599486fb8b5d952064b5,data/exact_l2/2026-08-11/threshold_depth.csv,e029fb6953c388a23bf1e7e76b368c3fbe31c6ce311759038261419bd49fdf2c,data/exact_l2/2026-08-11/valr_usdtzar_raw.json,1b5ef14b01e6ee7376cbbfd32fb566c773aaa8fb64c0c18438d9d08656d68284,sha256_verified,"[""base_asset"",""quote_asset"",""received_utc"",""exchange_timestamp_utc"",""source_url"",""source_params_json""]",2026-08-11,,2026-08-11T06:43:32.547275+00:00,,,legacy_unavailable,valr,USDTZAR,ZAR,USDT,,,,stablecoin_tokens,1 stablecoin token = 1 USD; no FX conversion,,,sell_stablecoin_base_hit_bids,valr_usdtzar_raw.json,1b5ef14b01e6ee7376cbbfd32fb566c773aaa8fb64c0c18438d9d08656d68284,10,16.34815,16.3474,16.3489,1367394.6136,1367394.6136,22352025.071412813,True,False,7,
native_l2,legacy:2026-08-11,legacy_directory_identifier,data/exact_l2/2026-08-11,legacy_day_root,legacy,data/exact_l2/2026-08-11/manifest.json,418cb5b6a4c39e0c8acbc6e8a03b858d10e3d7f91945599486fb8b5d952064b5,data/exact_l2/2026-08-11/threshold_depth.csv,e029fb6953c388a23bf1e7e76b368c3fbe31c6ce311759038261419bd49fdf2c,data/exact_l2/2026-08-11/valr_usdtzar_raw.json,1b5ef14b01e6ee7376cbbfd32fb566c773aaa8fb64c0c18438d9d08656d68284,sha256_verified,"[""base_asset"",""quote_asset"",""received_utc"",""exchange_timestamp_utc"",""source_url"",""source_params_json""]",2026-08-11,,2026-08-11T06:43:32.547275+00:00,,,legacy_unavailable,valr,USDTZAR,ZAR,USDT,,,,stablecoin_tokens,1 stablecoin token = 1 USD; no FX conversion,,,sell_stablecoin_base_hit_bids,valr_usdtzar_raw.json,1b5ef14b01e6ee7376cbbfd32fb566c773aaa8fb64c0c18438d9d08656d68284,50,16.34815,16.3474,16.3489,3461512.2835,3461512.2835,56527777.0952869,True,False,27,
native_l2,legacy:2026-08-11,legacy_directory_identifier,data/exact_l2/2026-08-11,legacy_day_root,legacy,data/exact_l2/2026-08-11/manifest.json,418cb5b6a4c39e0c8acbc6e8a03b858d10e3d7f91945599486fb8b5d952064b5,data/exact_l2/2026-08-11/threshold_depth.csv,e029fb6953c388a23bf1e7e76b368c3fbe31c6ce311759038261419bd49fdf2c,data/exact_l2/2026-08-11/valr_usdtzar_raw.json,1b5ef14b01e6ee7376cbbfd32fb566c773aaa8fb64c0c18438d9d08656d68284,sha256_verified,"[""base_asset"",""quote_asset"",""received_utc"",""exchange_timestamp_utc"",""source_url"",""source_params_json""]",2026-08-11,,2026-08-11T06:43:32.547275+00:00,,,legacy_unavailable,valr,USDTZAR,ZAR,USDT,,,,stablecoin_tokens,1 stablecoin token = 1 USD; no FX conversion,,,sell_stablecoin_base_hit_bids,valr_usdtzar_raw.json,1b5ef14b01e6ee7376cbbfd32fb566c773aaa8fb64c0c18438d9d08656d68284,100,16.34815,16.3474,16.3489,3534926.033800001,3534926.033800001,57719746.80191688,True,False,48,
native_l2,legacy:2026-08-11,legacy_directory_identifier,data/exact_l2/2026-08-11,legacy_day_root,legacy,data/exact_l2/2026-08-11/manifest.json,418cb5b6a4c39e0c8acbc6e8a03b858d10e3d7f91945599486fb8b5d952064b5,data/exact_l2/2026-08-11/threshold_depth.csv,e029fb6953c388a23bf1e7e76b368c3fbe31c6ce311759038261419bd49fdf2c,data/exact_l2/2026-08-11/valr_usdtzar_raw.json,1b5ef14b01e6ee7376cbbfd32fb566c773aaa8fb64c0c18438d9d08656d68284,sha256_verified,"[""base_asset"",""quote_asset"",""received_utc"",""exchange_timestamp_utc"",""source_url"",""source_params_json""]",2026-08-11,,2026-08-11T06:43:32.547275+00:00,,,legacy_unavailable,valr,USDTZAR,ZAR,USDT,,,,stablecoin_tokens,1 stablecoin token = 1 USD; no FX conversion,,,sell_stablecoin_base_hit_bids,valr_usdtzar_raw.json,1b5ef14b01e6ee7376cbbfd32fb566c773aaa8fb64c0c18438d9d08656d68284,200,16.34815,16.3474,16.3489,3597366.2348000007,3597366.2348000007,58728650.922430955,True,False,66,
native_l2,legacy:2026-08-11,legacy_directory_identifier,data/exact_l2/2026-08-11,legacy_day_root,legacy,data/exact_l2/2026-08-11/manifest.json,418cb5b6a4c39e0c8acbc6e8a03b858d10e3d7f91945599486fb8b5d952064b5,data/exact_l2/2026-08-11/threshold_depth.csv,e029fb6953c388a23bf1e7e76b368c3fbe31c6ce311759038261419bd49fdf2c,data/exact_l2/2026-08-11/bitkub_usdt_thb_raw.json,4b0f339d6762295b05ee0ed905e1501258655cbe5f8151bc1900450269a3b939,sha256_verified,"[""base_asset"",""quote_asset"",""received_utc"",""exchange_timestamp_utc"",""source_url"",""source_params_json""]",2026-08-11,,2026-08-11T06:43:32.802557+00:00,,,legacy_unavailable,bitkub,usdt_thb,THB,USDT,,,,stablecoin_tokens,1 stablecoin token = 1 USD; no FX conversion,,,sell_stablecoin_base_hit_bids,bitkub_usdt_thb_raw.json,4b0f339d6762295b05ee0ed905e1501258655cbe5f8151bc1900450269a3b939,10,33.105000000000004,33.1,33.11,773269.23,773269.23,25591637.9753,True,False,3,
native_l2,legacy:2026-08-11,legacy_directory_identifier,data/exact_l2/2026-08-11,legacy_day_root,legacy,data/exact_l2/2026-08-11/manifest.json,418cb5b6a4c39e0c8acbc6e8a03b858d10e3d7f91945599486fb8b5d952064b5,data/exact_l2/2026-08-11/threshold_depth.csv,e029fb6953c388a23bf1e7e76b368c3fbe31c6ce311759038261419bd49fdf2c,data/exact_l2/2026-08-11/bitkub_usdt_thb_raw.json,4b0f339d6762295b05ee0ed905e1501258655cbe5f8151bc1900450269a3b939,sha256_verified,"[""base_asset"",""quote_asset"",""received_utc"",""exchange_timestamp_utc"",""source_url"",""source_params_json""]",2026-08-11,,2026-08-11T06:43:32.802557+00:00,,,legacy_unavailable,bitkub,usdt_thb,THB,USDT,,,,stablecoin_tokens,1 stablecoin token = 1 USD; no FX conversion,,,sell_stablecoin_base_hit_bids,bitkub_usdt_thb_raw.json,4b0f339d6762295b05ee0ed905e1501258655cbe5f8151bc1900450269a3b939,50,33.105000000000004,33.1,33.11,1039020.57,1039020.57,34361704.04810001,True,False,15,
native_l2,legacy:2026-08-11,legacy_directory_identifier,data/exact_l2/2026-08-11,legacy_day_root,legacy,data/exact_l2/2026-08-11/manifest.json,418cb5b6a4c39e0c8acbc6e8a03b858d10e3d7f91945599486fb8b5d952064b5,data/exact_l2/2026-08-11/threshold_depth.csv,e029fb6953c388a23bf1e7e76b368c3fbe31c6ce311759038261419bd49fdf2c,data/exact_l2/2026-08-11/bitkub_usdt_thb_raw.json,4b0f339d6762295b05ee0ed905e1501258655cbe5f8151bc1900450269a3b939,sha256_verified,"[""base_asset"",""quote_asset"",""received_utc"",""exchange_timestamp_utc"",""source_url"",""source_params_json""]",2026-08-11,,2026-08-11T06:43:32.802557+00:00,,,legacy_unavailable,bitkub,usdt_thb,THB,USDT,,,,stablecoin_tokens,1 stablecoin token = 1 USD; no FX conversion,,,sell_stablecoin_base_hit_bids,bitkub_usdt_thb_raw.json,4b0f339d6762295b05ee0ed905e1501258655cbe5f8151bc1900450269a3b939,100,33.105000000000004,33.1,33.11,1254458.7899999996,1254458.7899999996,41446411.87540001,True,False,29,
native_l2,legacy:2026-08-11,legacy_directory_identifier,data/exact_l2/2026-08-11,legacy_day_root,legacy,data/exact_l2/2026-08-11/manifest.json,418cb5b6a4c39e0c8acbc6e8a03b858d10e3d7f91945599486fb8b5d952064b5,data/exact_l2/2026-08-11/threshold_depth.csv,e029fb6953c388a23bf1e7e76b368c3fbe31c6ce311759038261419bd49fdf2c,data/exact_l2/2026-08-11/bitkub_usdt_thb_raw.json,4b0f339d6762295b05ee0ed905e1501258655cbe5f8151bc1900450269a3b939,sha256_verified,"[""base_asset"",""quote_asset"",""received_utc"",""exchange_timestamp_utc"",""source_url"",""source_params_json""]",2026-08-11,,2026-08-11T06:43:32.802557+00:00,,,legacy_unavailable,bitkub,usdt_thb,THB,USDT,,,,stablecoin_tokens,1 stablecoin token = 1 USD; no FX conversion,,,sell_stablecoin_base_hit_bids,bitkub_usdt_thb_raw.json,4b0f339d6762295b05ee0ed905e1501258655cbe5f8151bc1900450269a3b939,200,33.105000000000004,33.1,33.11,1368235.2499999993,1368235.2499999993,45156773.986200005,True,False,60,
native_l2,legacy:2026-08-12,legacy_directory_identifier,data/exact_l2/2026-08-12,legacy_day_root,legacy,data/exact_l2/2026-08-12/manifest.json,8c513fd5e2f6aa406c283b5085f1c7cbfe8cbd95b0075a0ac5931161b3edcedd,data/exact_l2/2026-08-12/threshold_depth.csv,cb7fe87a97bba8a38a74c8b61339d0cd1ed2b60f51a94179c8a3df3d1ea49cc2,data/exact_l2/2026-08-12/valr_usdtzar_raw.json,f99168cf0a9c7055f46fb1ca5d9a38d48eb3bd5941bc867e2e9167c93af82ad5,sha256_verified,"[""base_asset"",""quote_asset"",""received_utc"",""exchange_timestamp_utc"",""source_url"",""source_params_json""]",2026-08-12,,2026-08-12T07:07:36.553821+00:00,,,legacy_unavailable,valr,USDTZAR,ZAR,USDT,,,,stablecoin_tokens,1 stablecoin token = 1 USD; no FX conversion,,,sell_stablecoin_base_hit_bids,valr_usdtzar_raw.json,f99168cf0a9c7055f46fb1ca5d9a38d48eb3bd5941bc867e2e9167c93af82ad5,10,16.32685,16.3268,16.3269,1945038.6855999997,1945038.6855999997,31749313.09843974,True,False,13,
native_l2,legacy:2026-08-12,legacy_directory_identifier,data/exact_l2/2026-08-12,legacy_day_root,legacy,data/exact_l2/2026-08-12/manifest.json,8c513fd5e2f6aa406c283b5085f1c7cbfe8cbd95b0075a0ac5931161b3edcedd,data/exact_l2/2026-08-12/threshold_depth.csv,cb7fe87a97bba8a38a74c8b61339d0cd1ed2b60f51a94179c8a3df3d1ea49cc2,data/exact_l2/2026-08-12/valr_usdtzar_raw.json,f99168cf0a9c7055f46fb1ca5d9a38d48eb3bd5941bc867e2e9167c93af82ad5,sha256_verified,"[""base_asset"",""quote_asset"",""received_utc"",""exchange_timestamp_utc"",""source_url"",""source_params_json""]",2026-08-12,,2026-08-12T07:07:36.553821+00:00,,,legacy_unavailable,valr,USDTZAR,ZAR,USDT,,,,stablecoin_tokens,1 stablecoin token = 1 USD; no FX conversion,,,sell_stablecoin_base_hit_bids,valr_usdtzar_raw.json,f99168cf0a9c7055f46fb1ca5d9a38d48eb3bd5941bc867e2e9167c93af82ad5,50,16.32685,16.3268,16.3269,2426416.0582999997,2426416.0582999997,39589498.90013771,True,False,32,
native_l2,legacy:2026-08-12,legacy_directory_identifier,data/exact_l2/2026-08-12,legacy_day_root,legacy,data/exact_l2/2026-08-12/manifest.json,8c513fd5e2f6aa406c283b5085f1c7cbfe8cbd95b0075a0ac5931161b3edcedd,data/exact_l2/2026-08-12/threshold_depth.csv,cb7fe87a97bba8a38a74c8b61339d0cd1ed2b60f51a94179c8a3df3d1ea49cc2,data/exact_l2/2026-08-12/valr_usdtzar_raw.json,f99168cf0a9c7055f46fb1ca5d9a38d48eb3bd5941bc867e2e9167c93af82ad5,sha256_verified,"[""base_asset"",""quote_asset"",""received_utc"",""exchange_timestamp_utc"",""source_url"",""source_params_json""]",2026-08-12,,2026-08-12T07:07:36.553821+00:00,,,legacy_unavailable,valr,USDTZAR,ZAR,USDT,,,,stablecoin_tokens,1 stablecoin token = 1 USD; no FX conversion,,,sell_stablecoin_base_hit_bids,valr_usdtzar_raw.json,f99168cf0a9c7055f46fb1ca5d9a38d48eb3bd5941bc867e2e9167c93af82ad5,100,16.32685,16.3268,16.3269,2451708.6702000005,2451708.6702000005,39999676.37193302,True,False,48,
native_l2,legacy:2026-08-12,legacy_directory_identifier,data/exact_l2/2026-08-12,legacy_day_root,legacy,data/exact_l2/2026-08-12/manifest.json,8c513fd5e2f6aa406c283b5085f1c7cbfe8cbd95b0075a0ac5931161b3edcedd,data/exact_l2/2026-08-12/threshold_depth.csv,cb7fe87a97bba8a38a74c8b61339d0cd1ed2b60f51a94179c8a3df3d1ea49cc2,data/exact_l2/2026-08-12/valr_usdtzar_raw.json,f99168cf0a9c7055f46fb1ca5d9a38d48eb3bd5941bc867e2e9167c93af82ad5,sha256_verified,"[""base_asset"",""quote_asset"",""received_utc"",""exchange_timestamp_utc"",""source_url"",""source_params_json""]",2026-08-12,,2026-08-12T07:07:36.553821+00:00,,,legacy_unavailable,valr,USDTZAR,ZAR,USDT,,,,stablecoin_tokens,1 stablecoin token = 1 USD; no FX conversion,,,sell_stablecoin_base_hit_bids,valr_usdtzar_raw.json,f99168cf0a9c7055f46fb1ca5d9a38d48eb3bd5941bc867e2e9167c93af82ad5,200,16.32685,16.3268,16.3269,2464651.3756000004,2464651.3756000004,40208684.679851174,True,False,68,
native_l2,legacy:2026-08-12,legacy_directory_identifier,data/exact_l2/2026-08-12,legacy_day_root,legacy,data/exact_l2/2026-08-12/manifest.json,8c513fd5e2f6aa406c283b5085f1c7cbfe8cbd95b0075a0ac5931161b3edcedd,data/exact_l2/2026-08-12/threshold_depth.csv,cb7fe87a97bba8a38a74c8b61339d0cd1ed2b60f51a94179c8a3df3d1ea49cc2,data/exact_l2/2026-08-12/bitkub_usdt_thb_raw.json,ce95f79cc270e775a6787d8e2dd39781219561cbcf500068ba2e05754fb3992f,sha256_verified,"[""base_asset"",""quote_asset"",""received_utc"",""exchange_timestamp_utc"",""source_url"",""source_params_json""]",2026-08-12,,2026-08-12T07:07:36.773765+00:00,,,legacy_unavailable,bitkub,usdt_thb,THB,USDT,,,,stablecoin_tokens,1 stablecoin token = 1 USD; no FX conversion,,,sell_stablecoin_base_hit_bids,bitkub_usdt_thb_raw.json,ce95f79cc270e775a6787d8e2dd39781219561cbcf500068ba2e05754fb3992f,10,33.075,33.07,33.08,550113.39,550113.39,18191758.7547,True,False,3,
native_l2,legacy:2026-08-12,legacy_directory_identifier,data/exact_l2/2026-08-12,legacy_day_root,legacy,data/exact_l2/2026-08-12/manifest.json,8c513fd5e2f6aa406c283b5085f1c7cbfe8cbd95b0075a0ac5931161b3edcedd,data/exact_l2/2026-08-12/threshold_depth.csv,cb7fe87a97bba8a38a74c8b61339d0cd1ed2b60f51a94179c8a3df3d1ea49cc2,data/exact_l2/2026-08-12/bitkub_usdt_thb_raw.json,ce95f79cc270e775a6787d8e2dd39781219561cbcf500068ba2e05754fb3992f,sha256_verified,"[""base_asset"",""quote_asset"",""received_utc"",""exchange_timestamp_utc"",""source_url"",""source_params_json""]",2026-08-12,,2026-08-12T07:07:36.773765+00:00,,,legacy_unavailable,bitkub,usdt_thb,THB,USDT,,,,stablecoin_tokens,1 stablecoin token = 1 USD; no FX conversion,,,sell_stablecoin_base_hit_bids,bitkub_usdt_thb_raw.json,ce95f79cc270e775a6787d8e2dd39781219561cbcf500068ba2e05754fb3992f,50,33.075,33.07,33.08,962588.0100000001,962588.0100000001,31794746.4751,True,False,17,
native_l2,legacy:2026-08-12,legacy_directory_identifier,data/exact_l2/2026-08-12,legacy_day_root,legacy,data/exact_l2/2026-08-12/manifest.json,8c513fd5e2f6aa406c283b5085f1c7cbfe8cbd95b0075a0ac5931161b3edcedd,data/exact_l2/2026-08-12/threshold_depth.csv,cb7fe87a97bba8a38a74c8b61339d0cd1ed2b60f51a94179c8a3df3d1ea49cc2,data/exact_l2/2026-08-12/bitkub_usdt_thb_raw.json,ce95f79cc270e775a6787d8e2dd39781219561cbcf500068ba2e05754fb3992f,sha256_verified,"[""base_asset"",""quote_asset"",""received_utc"",""exchange_timestamp_utc"",""source_url"",""source_params_json""]",2026-08-12,,2026-08-12T07:07:36.773765+00:00,,,legacy_unavailable,bitkub,usdt_thb,THB,USDT,,,,stablecoin_tokens,1 stablecoin token = 1 USD; no FX conversion,,,sell_stablecoin_base_hit_bids,bitkub_usdt_thb_raw.json,ce95f79cc270e775a6787d8e2dd39781219561cbcf500068ba2e05754fb3992f,100,33.075,33.07,33.08,1151280.6400000001,1151280.6400000001,37994562.1442,True,False,31,
native_l2,legacy:2026-08-12,legacy_directory_identifier,data/exact_l2/2026-08-12,legacy_day_root,legacy,data/exact_l2/2026-08-12/manifest.json,8c513fd5e2f6aa406c283b5085f1c7cbfe8cbd95b0075a0ac5931161b3edcedd,data/exact_l2/2026-08-12/threshold_depth.csv,cb7fe87a97bba8a38a74c8b61339d0cd1ed2b60f51a94179c8a3df3d1ea49cc2,data/exact_l2/2026-08-12/bitkub_usdt_thb_raw.json,ce95f79cc270e775a6787d8e2dd39781219561cbcf500068ba2e05754fb3992f,sha256_verified,"[""base_asset"",""quote_asset"",""received_utc"",""exchange_timestamp_utc"",""source_url"",""source_params_json""]",2026-08-12,,2026-08-12T07:07:36.773765+00:00,,,legacy_unavailable,bitkub,usdt_thb,THB,USDT,,,,stablecoin_tokens,1 stablecoin token = 1 USD; no FX conversion,,,sell_stablecoin_base_hit_bids,bitkub_usdt_thb_raw.json,ce95f79cc270e775a6787d8e2dd39781219561cbcf500068ba2e05754fb3992f,200,33.075,33.07,33.08,1266415.41,1266415.41,41747255.64989999,True,False,62,
native_l2,legacy:2026-08-13,legacy_directory_identifier,data/exact_l2/2026-08-13,legacy_day_root,legacy,data/exact_l2/2026-08-13/manifest.json,15181f93ceefc44853ceba539c59212144fa3a0e684fd0a6fbac1cce08f2e09e,data/exact_l2/2026-08-13/threshold_depth.csv,4f8ccdaf6f6ef317e595f60a4dcbd8f6e964e85745362bc3ed61a9d79d81067a,data/exact_l2/2026-08-13/valr_usdtzar_raw.json,eca8f21a29807aa45349a09132751e37984951537c2f20ef93a260f7a7965112,sha256_verified,"[""base_asset"",""quote_asset"",""received_utc"",""exchange_timestamp_utc"",""source_url"",""source_params_json""]",2026-08-13,,2026-08-13T07:11:47.611420+00:00,,,legacy_unavailable,valr,USDTZAR,ZAR,USDT,,,,stablecoin_tokens,1 stablecoin token = 1 USD; no FX conversion,,,sell_stablecoin_base_hit_bids,valr_usdtzar_raw.json,eca8f21a29807aa45349a09132751e37984951537c2f20ef93a260f7a7965112,10,16.287750000000003,16.2877,16.2878,769377.7156999998,769377.7156999998,12530921.53300064,True,False,10,
native_l2,legacy:2026-08-13,legacy_directory_identifier,data/exact_l2/2026-08-13,legacy_day_root,legacy,data/exact_l2/2026-08-13/manifest.json,15181f93ceefc44853ceba539c59212144fa3a0e684fd0a6fbac1cce08f2e09e,data/exact_l2/2026-08-13/threshold_depth.csv,4f8ccdaf6f6ef317e595f60a4dcbd8f6e964e85745362bc3ed61a9d79d81067a,data/exact_l2/2026-08-13/valr_usdtzar_raw.json,eca8f21a29807aa45349a09132751e37984951537c2f20ef93a260f7a7965112,sha256_verified,"[""base_asset"",""quote_asset"",""received_utc"",""exchange_timestamp_utc"",""source_url"",""source_params_json""]",2026-08-13,,2026-08-13T07:11:47.611420+00:00,,,legacy_unavailable,valr,USDTZAR,ZAR,USDT,,,,stablecoin_tokens,1 stablecoin token = 1 USD; no FX conversion,,,sell_stablecoin_base_hit_bids,valr_usdtzar_raw.json,eca8f21a29807aa45349a09132751e37984951537c2f20ef93a260f7a7965112,50,16.287750000000003,16.2877,16.2878,1530757.6321999996,1530757.6321999996,24906705.456826963,True,False,31,
native_l2,legacy:2026-08-13,legacy_directory_identifier,data/exact_l2/2026-08-13,legacy_day_root,legacy,data/exact_l2/2026-08-13/manifest.json,15181f93ceefc44853ceba539c59212144fa3a0e684fd0a6fbac1cce08f2e09e,data/exact_l2/2026-08-13/threshold_depth.csv,4f8ccdaf6f6ef317e595f60a4dcbd8f6e964e85745362bc3ed61a9d79d81067a,data/exact_l2/2026-08-13/valr_usdtzar_raw.json,eca8f21a29807aa45349a09132751e37984951537c2f20ef93a260f7a7965112,sha256_verified,"[""base_asset"",""quote_asset"",""received_utc"",""exchange_timestamp_utc"",""source_url"",""source_params_json""]",2026-08-13,,2026-08-13T07:11:47.611420+00:00,,,legacy_unavailable,valr,USDTZAR,ZAR,USDT,,,,stablecoin_tokens,1 stablecoin token = 1 USD; no FX conversion,,,sell_stablecoin_base_hit_bids,valr_usdtzar_raw.json,eca8f21a29807aa45349a09132751e37984951537c2f20ef93a260f7a7965112,100,16.287750000000003,16.2877,16.2878,1552089.2867999994,1552089.2867999994,25251782.908452485,True,False,39,
native_l2,legacy:2026-08-13,legacy_directory_identifier,data/exact_l2/2026-08-13,legacy_day_root,legacy,data/exact_l2/2026-08-13/manifest.json,15181f93ceefc44853ceba539c59212144fa3a0e684fd0a6fbac1cce08f2e09e,data/exact_l2/2026-08-13/threshold_depth.csv,4f8ccdaf6f6ef317e595f60a4dcbd8f6e964e85745362bc3ed61a9d79d81067a,data/exact_l2/2026-08-13/valr_usdtzar_raw.json,eca8f21a29807aa45349a09132751e37984951537c2f20ef93a260f7a7965112,sha256_verified,"[""base_asset"",""quote_asset"",""received_utc"",""exchange_timestamp_utc"",""source_url"",""source_params_json""]",2026-08-13,,2026-08-13T07:11:47.611420+00:00,,,legacy_unavailable,valr,USDTZAR,ZAR,USDT,,,,stablecoin_tokens,1 stablecoin token = 1 USD; no FX conversion,,,sell_stablecoin_base_hit_bids,valr_usdtzar_raw.json,eca8f21a29807aa45349a09132751e37984951537c2f20ef93a260f7a7965112,200,16.287750000000003,16.2877,16.2878,1565110.1503999992,1565110.1503999992,25460771.030890647,True,False,60,
native_l2,legacy:2026-08-13,legacy_directory_identifier,data/exact_l2/2026-08-13,legacy_day_root,legacy,data/exact_l2/2026-08-13/manifest.json,15181f93ceefc44853ceba539c59212144fa3a0e684fd0a6fbac1cce08f2e09e,data/exact_l2/2026-08-13/threshold_depth.csv,4f8ccdaf6f6ef317e595f60a4dcbd8f6e964e85745362bc3ed61a9d79d81067a,data/exact_l2/2026-08-13/bitkub_usdt_thb_raw.json,e3460eddeebba9b9c6a0dd3f86ff85979633c7c466a46e18e64e8667c5713ecc,sha256_verified,"[""base_asset"",""quote_asset"",""received_utc"",""exchange_timestamp_utc"",""source_url"",""source_params_json""]",2026-08-13,,2026-08-13T07:11:47.870006+00:00,,,legacy_unavailable,bitkub,usdt_thb,THB,USDT,,,,stablecoin_tokens,1 stablecoin token = 1 USD; no FX conversion,,,sell_stablecoin_base_hit_bids,bitkub_usdt_thb_raw.json,e3460eddeebba9b9c6a0dd3f86ff85979633c7c466a46e18e64e8667c5713ecc,10,33.085,33.08,33.09,1052760.28,1052760.28,34822523.088,True,False,3,
native_l2,legacy:2026-08-13,legacy_directory_identifier,data/exact_l2/2026-08-13,legacy_day_root,legacy,data/exact_l2/2026-08-13/manifest.json,15181f93ceefc44853ceba539c59212144fa3a0e684fd0a6fbac1cce08f2e09e,data/exact_l2/2026-08-13/threshold_depth.csv,4f8ccdaf6f6ef317e595f60a4dcbd8f6e964e85745362bc3ed61a9d79d81067a,data/exact_l2/2026-08-13/bitkub_usdt_thb_raw.json,e3460eddeebba9b9c6a0dd3f86ff85979633c7c466a46e18e64e8667c5713ecc,sha256_verified,"[""base_asset"",""quote_asset"",""received_utc"",""exchange_timestamp_utc"",""source_url"",""source_params_json""]",2026-08-13,,2026-08-13T07:11:47.870006+00:00,,,legacy_unavailable,bitkub,usdt_thb,THB,USDT,,,,stablecoin_tokens,1 stablecoin token = 1 USD; no FX conversion,,,sell_stablecoin_base_hit_bids,bitkub_usdt_thb_raw.json,e3460eddeebba9b9c6a0dd3f86ff85979633c7c466a46e18e64e8667c5713ecc,50,33.085,33.08,33.09,1300647.3100000003,1300647.3100000003,43000264.67949999,True,False,17,
native_l2,legacy:2026-08-13,legacy_directory_identifier,data/exact_l2/2026-08-13,legacy_day_root,legacy,data/exact_l2/2026-08-13/manifest.json,15181f93ceefc44853ceba539c59212144fa3a0e684fd0a6fbac1cce08f2e09e,data/exact_l2/2026-08-13/threshold_depth.csv,4f8ccdaf6f6ef317e595f60a4dcbd8f6e964e85745362bc3ed61a9d79d81067a,data/exact_l2/2026-08-13/bitkub_usdt_thb_raw.json,e3460eddeebba9b9c6a0dd3f86ff85979633c7c466a46e18e64e8667c5713ecc,sha256_verified,"[""base_asset"",""quote_asset"",""received_utc"",""exchange_timestamp_utc"",""source_url"",""source_params_json""]",2026-08-13,,2026-08-13T07:11:47.870006+00:00,,,legacy_unavailable,bitkub,usdt_thb,THB,USDT,,,,stablecoin_tokens,1 stablecoin token = 1 USD; no FX conversion,,,sell_stablecoin_base_hit_bids,bitkub_usdt_thb_raw.json,e3460eddeebba9b9c6a0dd3f86ff85979633c7c466a46e18e64e8667c5713ecc,100,33.085,33.08,33.09,1480956.1600000001,1480956.1600000001,48926138.34969998,True,False,31,
native_l2,legacy:2026-08-13,legacy_directory_identifier,data/exact_l2/2026-08-13,legacy_day_root,legacy,data/exact_l2/2026-08-13/manifest.json,15181f93ceefc44853ceba539c59212144fa3a0e684fd0a6fbac1cce08f2e09e,data/exact_l2/2026-08-13/threshold_depth.csv,4f8ccdaf6f6ef317e595f60a4dcbd8f6e964e85745362bc3ed61a9d79d81067a,data/exact_l2/2026-08-13/bitkub_usdt_thb_raw.json,e3460eddeebba9b9c6a0dd3f86ff85979633c7c466a46e18e64e8667c5713ecc,sha256_verified,"[""base_asset"",""quote_asset"",""received_utc"",""exchange_timestamp_utc"",""source_url"",""source_params_json""]",2026-08-13,,2026-08-13T07:11:47.870006+00:00,,,legacy_unavailable,bitkub,usdt_thb,THB,USDT,,,,stablecoin_tokens,1 stablecoin token = 1 USD; no FX conversion,,,sell_stablecoin_base_hit_bids,bitkub_usdt_thb_raw.json,e3460eddeebba9b9c6a0dd3f86ff85979633c7c466a46e18e64e8667c5713ecc,200,33.085,33.08,33.09,1597268.9,1597268.9,52717976.62709999,True,False,62,
native_l2,legacy:2026-08-14,legacy_directory_identifier,data/exact_l2/2026-08-14,legacy_day_root,legacy,data/exact_l2/2026-08-14/manifest.json,5f1cc4d8e80cb5fccfcd7056b055ddbde7f7dea63baae43ec714a2ad04fedda2,data/exact_l2/2026-08-14/threshold_depth.csv,b16ec9e88f555e2fc1b66ca071a7cb8a4e4c450b8c8b9f8f17bb0b89cb84b598,data/exact_l2/2026-08-14/valr_usdtzar_raw.json,1bf1a7c6563243ee734fa12bbbb0ad22ca813f4a20d1e778de196a951209da44,sha256_verified,"[""base_asset"",""quote_asset"",""received_utc"",""exchange_timestamp_utc"",""source_url"",""source_params_json""]",2026-08-14,,2026-08-14T07:08:50.176476+00:00,,,legacy_unavailable,valr,USDTZAR,ZAR,USDT,,,,stablecoin_tokens,1 stablecoin token = 1 USD; no FX conversion,,,sell_stablecoin_base_hit_bids,valr_usdtzar_raw.json,1bf1a7c6563243ee734fa12bbbb0ad22ca813f4a20d1e778de196a951209da44,10,16.259149999999998,16.2591,16.2592,499811.602,499811.602,8124804.902609079,True,False,14,
native_l2,legacy:2026-08-14,legacy_directory_identifier,data/exact_l2/2026-08-14,legacy_day_root,legacy,data/exact_l2/2026-08-14/manifest.json,5f1cc4d8e80cb5fccfcd7056b055ddbde7f7dea63baae43ec714a2ad04fedda2,data/exact_l2/2026-08-14/threshold_depth.csv,b16ec9e88f555e2fc1b66ca071a7cb8a4e4c450b8c8b9f8f17bb0b89cb84b598,data/exact_l2/2026-08-14/valr_usdtzar_raw.json,1bf1a7c6563243ee734fa12bbbb0ad22ca813f4a20d1e778de196a951209da44,sha256_verified,"[""base_asset"",""quote_asset"",""received_utc"",""exchange_timestamp_utc"",""source_url"",""source_params_json""]",2026-08-14,,2026-08-14T07:08:50.176476+00:00,,,legacy_unavailable,valr,USDTZAR,ZAR,USDT,,,,stablecoin_tokens,1 stablecoin token = 1 USD; no FX conversion,,,sell_stablecoin_base_hit_bids,valr_usdtzar_raw.json,1bf1a7c6563243ee734fa12bbbb0ad22ca813f4a20d1e778de196a951209da44,50,16.259149999999998,16.2591,16.2592,662746.9831000002,662746.9831000002,10767778.556137593,True,False,34,
native_l2,legacy:2026-08-14,legacy_directory_identifier,data/exact_l2/2026-08-14,legacy_day_root,legacy,data/exact_l2/2026-08-14/manifest.json,5f1cc4d8e80cb5fccfcd7056b055ddbde7f7dea63baae43ec714a2ad04fedda2,data/exact_l2/2026-08-14/threshold_depth.csv,b16ec9e88f555e2fc1b66ca071a7cb8a4e4c450b8c8b9f8f17bb0b89cb84b598,data/exact_l2/2026-08-14/valr_usdtzar_raw.json,1bf1a7c6563243ee734fa12bbbb0ad22ca813f4a20d1e778de196a951209da44,sha256_verified,"[""base_asset"",""quote_asset"",""received_utc"",""exchange_timestamp_utc"",""source_url"",""source_params_json""]",2026-08-14,,2026-08-14T07:08:50.176476+00:00,,,legacy_unavailable,valr,USDTZAR,ZAR,USDT,,,,stablecoin_tokens,1 stablecoin token = 1 USD; no FX conversion,,,sell_stablecoin_base_hit_bids,valr_usdtzar_raw.json,1bf1a7c6563243ee734fa12bbbb0ad22ca813f4a20d1e778de196a951209da44,100,16.259149999999998,16.2591,16.2592,672670.0153000001,672670.0153000001,10928034.800522354,True,False,39,
native_l2,legacy:2026-08-14,legacy_directory_identifier,data/exact_l2/2026-08-14,legacy_day_root,legacy,data/exact_l2/2026-08-14/manifest.json,5f1cc4d8e80cb5fccfcd7056b055ddbde7f7dea63baae43ec714a2ad04fedda2,data/exact_l2/2026-08-14/threshold_depth.csv,b16ec9e88f555e2fc1b66ca071a7cb8a4e4c450b8c8b9f8f17bb0b89cb84b598,data/exact_l2/2026-08-14/valr_usdtzar_raw.json,1bf1a7c6563243ee734fa12bbbb0ad22ca813f4a20d1e778de196a951209da44,sha256_verified,"[""base_asset"",""quote_asset"",""received_utc"",""exchange_timestamp_utc"",""source_url"",""source_params_json""]",2026-08-14,,2026-08-14T07:08:50.176476+00:00,,,legacy_unavailable,valr,USDTZAR,ZAR,USDT,,,,stablecoin_tokens,1 stablecoin token = 1 USD; no FX conversion,,,sell_stablecoin_base_hit_bids,valr_usdtzar_raw.json,1bf1a7c6563243ee734fa12bbbb0ad22ca813f4a20d1e778de196a951209da44,200,16.259149999999998,16.2591,16.2592,687253.0505000001,687253.0505000001,11161927.897414243,True,False,60,
native_l2,legacy:2026-08-14,legacy_directory_identifier,data/exact_l2/2026-08-14,legacy_day_root,legacy,data/exact_l2/2026-08-14/manifest.json,5f1cc4d8e80cb5fccfcd7056b055ddbde7f7dea63baae43ec714a2ad04fedda2,data/exact_l2/2026-08-14/threshold_depth.csv,b16ec9e88f555e2fc1b66ca071a7cb8a4e4c450b8c8b9f8f17bb0b89cb84b598,data/exact_l2/2026-08-14/bitkub_usdt_thb_raw.json,d9000bbb1fec46113ed26a265efeba7491fc05ec0ea4bd4eff04d67f29725553,sha256_verified,"[""base_asset"",""quote_asset"",""received_utc"",""exchange_timestamp_utc"",""source_url"",""source_params_json""]",2026-08-14,,2026-08-14T07:08:50.410319+00:00,,,legacy_unavailable,bitkub,usdt_thb,THB,USDT,,,,stablecoin_tokens,1 stablecoin token = 1 USD; no FX conversion,,,sell_stablecoin_base_hit_bids,bitkub_usdt_thb_raw.json,d9000bbb1fec46113ed26a265efeba7491fc05ec0ea4bd4eff04d67f29725553,10,33.125,33.12,33.13,624629.55,624629.55,20682522.7873,True,False,3,
native_l2,legacy:2026-08-14,legacy_directory_identifier,data/exact_l2/2026-08-14,legacy_day_root,legacy,data/exact_l2/2026-08-14/manifest.json,5f1cc4d8e80cb5fccfcd7056b055ddbde7f7dea63baae43ec714a2ad04fedda2,data/exact_l2/2026-08-14/threshold_depth.csv,b16ec9e88f555e2fc1b66ca071a7cb8a4e4c450b8c8b9f8f17bb0b89cb84b598,data/exact_l2/2026-08-14/bitkub_usdt_thb_raw.json,d9000bbb1fec46113ed26a265efeba7491fc05ec0ea4bd4eff04d67f29725553,sha256_verified,"[""base_asset"",""quote_asset"",""received_utc"",""exchange_timestamp_utc"",""source_url"",""source_params_json""]",2026-08-14,,2026-08-14T07:08:50.410319+00:00,,,legacy_unavailable,bitkub,usdt_thb,THB,USDT,,,,stablecoin_tokens,1 stablecoin token = 1 USD; no FX conversion,,,sell_stablecoin_base_hit_bids,bitkub_usdt_thb_raw.json,d9000bbb1fec46113ed26a265efeba7491fc05ec0ea4bd4eff04d67f29725553,50,33.125,33.12,33.13,1230438.8000000003,1230438.8000000003,40709355.92939999,True,False,17,
native_l2,legacy:2026-08-14,legacy_directory_identifier,data/exact_l2/2026-08-14,legacy_day_root,legacy,data/exact_l2/2026-08-14/manifest.json,5f1cc4d8e80cb5fccfcd7056b055ddbde7f7dea63baae43ec714a2ad04fedda2,data/exact_l2/2026-08-14/threshold_depth.csv,b16ec9e88f555e2fc1b66ca071a7cb8a4e4c450b8c8b9f8f17bb0b89cb84b598,data/exact_l2/2026-08-14/bitkub_usdt_thb_raw.json,d9000bbb1fec46113ed26a265efeba7491fc05ec0ea4bd4eff04d67f29725553,sha256_verified,"[""base_asset"",""quote_asset"",""received_utc"",""exchange_timestamp_utc"",""source_url"",""source_params_json""]",2026-08-14,,2026-08-14T07:08:50.410319+00:00,,,legacy_unavailable,bitkub,usdt_thb,THB,USDT,,,,stablecoin_tokens,1 stablecoin token = 1 USD; no FX conversion,,,sell_stablecoin_base_hit_bids,bitkub_usdt_thb_raw.json,d9000bbb1fec46113ed26a265efeba7491fc05ec0ea4bd4eff04d67f29725553,100,33.125,33.12,33.13,1449076.4500000002,1449076.4500000002,47902343.51119999,True,False,31,
native_l2,legacy:2026-08-14,legacy_directory_identifier,data/exact_l2/2026-08-14,legacy_day_root,legacy,data/exact_l2/2026-08-14/manifest.json,5f1cc4d8e80cb5fccfcd7056b055ddbde7f7dea63baae43ec714a2ad04fedda2,data/exact_l2/2026-08-14/threshold_depth.csv,b16ec9e88f555e2fc1b66ca071a7cb8a4e4c450b8c8b9f8f17bb0b89cb84b598,data/exact_l2/2026-08-14/bitkub_usdt_thb_raw.json,d9000bbb1fec46113ed26a265efeba7491fc05ec0ea4bd4eff04d67f29725553,sha256_verified,"[""base_asset"",""quote_asset"",""received_utc"",""exchange_timestamp_utc"",""source_url"",""source_params_json""]",2026-08-14,,2026-08-14T07:08:50.410319+00:00,,,legacy_unavailable,bitkub,usdt_thb,THB,USDT,,,,stablecoin_tokens,1 stablecoin token = 1 USD; no FX conversion,,,sell_stablecoin_base_hit_bids,bitkub_usdt_thb_raw.json,d9000bbb1fec46113ed26a265efeba7491fc05ec0ea4bd4eff04d67f29725553,200,33.125,33.12,33.13,1555675.5200000005,1555675.5200000005,51382695.496699974,True,False,61,
native_l2,legacy:2026-08-15,legacy_directory_identifier,data/exact_l2/2026-08-15,legacy_day_root,legacy,data/exact_l2/2026-08-15/manifest.json,1faed7a8d014295cc729b7d0cedbf9ba8c27ec1e4a1fe86da116b49c3b8b045d,data/exact_l2/2026-08-15/threshold_depth.csv,feaf428319e92b1aae66f61adc45144e50e6e4ea60036ae27699a6f47ffdafbc,data/exact_l2/2026-08-15/valr_usdtzar_raw.json,32d82a8c0234b2a40351d01fc81d9d81a385f6895ff20297d161c7b6cf022b09,sha256_verified,"[""base_asset"",""quote_asset"",""received_utc"",""exchange_timestamp_utc"",""source_url"",""source_params_json""]",2026-08-15,,2026-08-15T06:09:04.657108+00:00,,,legacy_unavailable,valr,USDTZAR,ZAR,USDT,,,,stablecoin_tokens,1 stablecoin token = 1 USD; no FX conversion,,,sell_stablecoin_base_hit_bids,valr_usdtzar_raw.json,32d82a8c0234b2a40351d01fc81d9d81a385f6895ff20297d161c7b6cf022b09,10,16.32175,16.3217,16.3218,593112.3637999999,593112.3637999999,9675352.303479299,True,False,11,
native_l2,legacy:2026-08-15,legacy_directory_identifier,data/exact_l2/2026-08-15,legacy_day_root,legacy,data/exact_l2/2026-08-15/manifest.json,1faed7a8d014295cc729b7d0cedbf9ba8c27ec1e4a1fe86da116b49c3b8b045d,data/exact_l2/2026-08-15/threshold_depth.csv,feaf428319e92b1aae66f61adc45144e50e6e4ea60036ae27699a6f47ffdafbc,data/exact_l2/2026-08-15/valr_usdtzar_raw.json,32d82a8c0234b2a40351d01fc81d9d81a385f6895ff20297d161c7b6cf022b09,sha256_verified,"[""base_asset"",""quote_asset"",""received_utc"",""exchange_timestamp_utc"",""source_url"",""source_params_json""]",2026-08-15,,2026-08-15T06:09:04.657108+00:00,,,legacy_unavailable,valr,USDTZAR,ZAR,USDT,,,,stablecoin_tokens,1 stablecoin token = 1 USD; no FX conversion,,,sell_stablecoin_base_hit_bids,valr_usdtzar_raw.json,32d82a8c0234b2a40351d01fc81d9d81a385f6895ff20297d161c7b6cf022b09,50,16.32175,16.3217,16.3218,1359868.1225999997,1359868.1225999997,22151645.29847449,True,False,33,
native_l2,legacy:2026-08-15,legacy_directory_identifier,data/exact_l2/2026-08-15,legacy_day_root,legacy,data/exact_l2/2026-08-15/manifest.json,1faed7a8d014295cc729b7d0cedbf9ba8c27ec1e4a1fe86da116b49c3b8b045d,data/exact_l2/2026-08-15/threshold_depth.csv,feaf428319e92b1aae66f61adc45144e50e6e4ea60036ae27699a6f47ffdafbc,data/exact_l2/2026-08-15/valr_usdtzar_raw.json,32d82a8c0234b2a40351d01fc81d9d81a385f6895ff20297d161c7b6cf022b09,sha256_verified,"[""base_asset"",""quote_asset"",""received_utc"",""exchange_timestamp_utc"",""source_url"",""source_params_json""]",2026-08-15,,2026-08-15T06:09:04.657108+00:00,,,legacy_unavailable,valr,USDTZAR,ZAR,USDT,,,,stablecoin_tokens,1 stablecoin token = 1 USD; no FX conversion,,,sell_stablecoin_base_hit_bids,valr_usdtzar_raw.json,32d82a8c0234b2a40351d01fc81d9d81a385f6895ff20297d161c7b6cf022b09,100,16.32175,16.3217,16.3218,1442773.8094999995,1442773.8094999995,23497339.03128788,True,False,49,
native_l2,legacy:2026-08-15,legacy_directory_identifier,data/exact_l2/2026-08-15,legacy_day_root,legacy,data/exact_l2/2026-08-15/manifest.json,1faed7a8d014295cc729b7d0cedbf9ba8c27ec1e4a1fe86da116b49c3b8b045d,data/exact_l2/2026-08-15/threshold_depth.csv,feaf428319e92b1aae66f61adc45144e50e6e4ea60036ae27699a6f47ffdafbc,data/exact_l2/2026-08-15/valr_usdtzar_raw.json,32d82a8c0234b2a40351d01fc81d9d81a385f6895ff20297d161c7b6cf022b09,sha256_verified,"[""base_asset"",""quote_asset"",""received_utc"",""exchange_timestamp_utc"",""source_url"",""source_params_json""]",2026-08-15,,2026-08-15T06:09:04.657108+00:00,,,legacy_unavailable,valr,USDTZAR,ZAR,USDT,,,,stablecoin_tokens,1 stablecoin token = 1 USD; no FX conversion,,,sell_stablecoin_base_hit_bids,valr_usdtzar_raw.json,32d82a8c0234b2a40351d01fc81d9d81a385f6895ff20297d161c7b6cf022b09,200,16.32175,16.3217,16.3218,1469902.4130999993,1469902.4130999993,23934182.499726046,True,False,72,
native_l2,legacy:2026-08-15,legacy_directory_identifier,data/exact_l2/2026-08-15,legacy_day_root,legacy,data/exact_l2/2026-08-15/manifest.json,1faed7a8d014295cc729b7d0cedbf9ba8c27ec1e4a1fe86da116b49c3b8b045d,data/exact_l2/2026-08-15/threshold_depth.csv,feaf428319e92b1aae66f61adc45144e50e6e4ea60036ae27699a6f47ffdafbc,data/exact_l2/2026-08-15/bitkub_usdt_thb_raw.json,9328dcd1104b8a7456c70e1a4a34c52cd082e5fafb473c0b36b9df2746ddcdd3,sha256_verified,"[""base_asset"",""quote_asset"",""received_utc"",""exchange_timestamp_utc"",""source_url"",""source_params_json""]",2026-08-15,,2026-08-15T06:09:04.907091+00:00,,,legacy_unavailable,bitkub,usdt_thb,THB,USDT,,,,stablecoin_tokens,1 stablecoin token = 1 USD; no FX conversion,,,sell_stablecoin_base_hit_bids,bitkub_usdt_thb_raw.json,9328dcd1104b8a7456c70e1a4a34c52cd082e5fafb473c0b36b9df2746ddcdd3,10,33.114999999999995,33.11,33.12,165046.03,165046.03,5464117.004199999,True,False,3,
native_l2,legacy:2026-08-15,legacy_directory_identifier,data/exact_l2/2026-08-15,legacy_day_root,legacy,data/exact_l2/2026-08-15/manifest.json,1faed7a8d014295cc729b7d0cedbf9ba8c27ec1e4a1fe86da116b49c3b8b045d,data/exact_l2/2026-08-15/threshold_depth.csv,feaf428319e92b1aae66f61adc45144e50e6e4ea60036ae27699a6f47ffdafbc,data/exact_l2/2026-08-15/bitkub_usdt_thb_raw.json,9328dcd1104b8a7456c70e1a4a34c52cd082e5fafb473c0b36b9df2746ddcdd3,sha256_verified,"[""base_asset"",""quote_asset"",""received_utc"",""exchange_timestamp_utc"",""source_url"",""source_params_json""]",2026-08-15,,2026-08-15T06:09:04.907091+00:00,,,legacy_unavailable,bitkub,usdt_thb,THB,USDT,,,,stablecoin_tokens,1 stablecoin token = 1 USD; no FX conversion,,,sell_stablecoin_base_hit_bids,bitkub_usdt_thb_raw.json,9328dcd1104b8a7456c70e1a4a34c52cd082e5fafb473c0b36b9df2746ddcdd3,50,33.114999999999995,33.11,33.12,513622.83,513622.83,16978360.1564,True,False,17,
native_l2,legacy:2026-08-15,legacy_directory_identifier,data/exact_l2/2026-08-15,legacy_day_root,legacy,data/exact_l2/2026-08-15/manifest.json,1faed7a8d014295cc729b7d0cedbf9ba8c27ec1e4a1fe86da116b49c3b8b045d,data/exact_l2/2026-08-15/threshold_depth.csv,feaf428319e92b1aae66f61adc45144e50e6e4ea60036ae27699a6f47ffdafbc,data/exact_l2/2026-08-15/bitkub_usdt_thb_raw.json,9328dcd1104b8a7456c70e1a4a34c52cd082e5fafb473c0b36b9df2746ddcdd3,sha256_verified,"[""base_asset"",""quote_asset"",""received_utc"",""exchange_timestamp_utc"",""source_url"",""source_params_json""]",2026-08-15,,2026-08-15T06:09:04.907091+00:00,,,legacy_unavailable,bitkub,usdt_thb,THB,USDT,,,,stablecoin_tokens,1 stablecoin token = 1 USD; no FX conversion,,,sell_stablecoin_base_hit_bids,bitkub_usdt_thb_raw.json,9328dcd1104b8a7456c70e1a4a34c52cd082e5fafb473c0b36b9df2746ddcdd3,100,33.114999999999995,33.11,33.12,719672.6199999999,719672.6199999999,23755651.201399993,True,False,30,
native_l2,legacy:2026-08-15,legacy_directory_identifier,data/exact_l2/2026-08-15,legacy_day_root,legacy,data/exact_l2/2026-08-15/manifest.json,1faed7a8d014295cc729b7d0cedbf9ba8c27ec1e4a1fe86da116b49c3b8b045d,data/exact_l2/2026-08-15/threshold_depth.csv,feaf428319e92b1aae66f61adc45144e50e6e4ea60036ae27699a6f47ffdafbc,data/exact_l2/2026-08-15/bitkub_usdt_thb_raw.json,9328dcd1104b8a7456c70e1a4a34c52cd082e5fafb473c0b36b9df2746ddcdd3,sha256_verified,"[""base_asset"",""quote_asset"",""received_utc"",""exchange_timestamp_utc"",""source_url"",""source_params_json""]",2026-08-15,,2026-08-15T06:09:04.907091+00:00,,,legacy_unavailable,bitkub,usdt_thb,THB,USDT,,,,stablecoin_tokens,1 stablecoin token = 1 USD; no FX conversion,,,sell_stablecoin_base_hit_bids,bitkub_usdt_thb_raw.json,9328dcd1104b8a7456c70e1a4a34c52cd082e5fafb473c0b36b9df2746ddcdd3,200,33.114999999999995,33.11,33.12,824445.6199999998,824445.6199999998,27175522.654800005,True,False,62,
native_l2,legacy:2026-08-16,legacy_directory_identifier,data/exact_l2/2026-08-16,legacy_day_root,legacy,data/exact_l2/2026-08-16/manifest.json,17ba6b355bf474b06570186fa896802213c0560c324a6634843ace004bf23654,data/exact_l2/2026-08-16/threshold_depth.csv,713ce54ad4f1c9faab6635c13d05cc32028ca117ee47117bf3ee67ae02023bf1,data/exact_l2/2026-08-16/valr_usdtzar_raw.json,625e57db4ce925ad8ecd13cf283eae881a5ccd41514db3f0b7b7f964327d97e2,sha256_verified,"[""base_asset"",""quote_asset"",""received_utc"",""exchange_timestamp_utc"",""source_url"",""source_params_json""]",2026-08-16,,2026-08-16T06:09:36.445259+00:00,,,legacy_unavailable,valr,USDTZAR,ZAR,USDT,,,,stablecoin_tokens,1 stablecoin token = 1 USD; no FX conversion,,,sell_stablecoin_base_hit_bids,valr_usdtzar_raw.json,625e57db4ce925ad8ecd13cf283eae881a5ccd41514db3f0b7b7f964327d97e2,10,16.32195,16.3219,16.322,137080.72280000002,137080.72280000002,2236300.5598446303,True,False,13,
native_l2,legacy:2026-08-16,legacy_directory_identifier,data/exact_l2/2026-08-16,legacy_day_root,legacy,data/exact_l2/2026-08-16/manifest.json,17ba6b355bf474b06570186fa896802213c0560c324a6634843ace004bf23654,data/exact_l2/2026-08-16/threshold_depth.csv,713ce54ad4f1c9faab6635c13d05cc32028ca117ee47117bf3ee67ae02023bf1,data/exact_l2/2026-08-16/valr_usdtzar_raw.json,625e57db4ce925ad8ecd13cf283eae881a5ccd41514db3f0b7b7f964327d97e2,sha256_verified,"[""base_asset"",""quote_asset"",""received_utc"",""exchange_timestamp_utc"",""source_url"",""source_params_json""]",2026-08-16,,2026-08-16T06:09:36.445259+00:00,,,legacy_unavailable,valr,USDTZAR,ZAR,USDT,,,,stablecoin_tokens,1 stablecoin token = 1 USD; no FX conversion,,,sell_stablecoin_base_hit_bids,valr_usdtzar_raw.json,625e57db4ce925ad8ecd13cf283eae881a5ccd41514db3f0b7b7f964327d97e2,50,16.32195,16.3219,16.322,558428.3412,558428.3412,9092294.21829817,True,False,31,
native_l2,legacy:2026-08-16,legacy_directory_identifier,data/exact_l2/2026-08-16,legacy_day_root,legacy,data/exact_l2/2026-08-16/manifest.json,17ba6b355bf474b06570186fa896802213c0560c324a6634843ace004bf23654,data/exact_l2/2026-08-16/threshold_depth.csv,713ce54ad4f1c9faab6635c13d05cc32028ca117ee47117bf3ee67ae02023bf1,data/exact_l2/2026-08-16/valr_usdtzar_raw.json,625e57db4ce925ad8ecd13cf283eae881a5ccd41514db3f0b7b7f964327d97e2,sha256_verified,"[""base_asset"",""quote_asset"",""received_utc"",""exchange_timestamp_utc"",""source_url"",""source_params_json""]",2026-08-16,,2026-08-16T06:09:36.445259+00:00,,,legacy_unavailable,valr,USDTZAR,ZAR,USDT,,,,stablecoin_tokens,1 stablecoin token = 1 USD; no FX conversion,,,sell_stablecoin_base_hit_bids,valr_usdtzar_raw.json,625e57db4ce925ad8ecd13cf283eae881a5ccd41514db3f0b7b7f964327d97e2,100,16.32195,16.3219,16.322,641334.0281000002,641334.0281000002,10437987.951111564,True,False,47,
native_l2,legacy:2026-08-16,legacy_directory_identifier,data/exact_l2/2026-08-16,legacy_day_root,legacy,data/exact_l2/2026-08-16/manifest.json,17ba6b355bf474b06570186fa896802213c0560c324a6634843ace004bf23654,data/exact_l2/2026-08-16/threshold_depth.csv,713ce54ad4f1c9faab6635c13d05cc32028ca117ee47117bf3ee67ae02023bf1,data/exact_l2/2026-08-16/valr_usdtzar_raw.json,625e57db4ce925ad8ecd13cf283eae881a5ccd41514db3f0b7b7f964327d97e2,sha256_verified,"[""base_asset"",""quote_asset"",""received_utc"",""exchange_timestamp_utc"",""source_url"",""source_params_json""]",2026-08-16,,2026-08-16T06:09:36.445259+00:00,,,legacy_unavailable,valr,USDTZAR,ZAR,USDT,,,,stablecoin_tokens,1 stablecoin token = 1 USD; no FX conversion,,,sell_stablecoin_base_hit_bids,valr_usdtzar_raw.json,625e57db4ce925ad8ecd13cf283eae881a5ccd41514db3f0b7b7f964327d97e2,200,16.32195,16.3219,16.322,668462.6317,668462.6317,10874826.370549725,True,False,70,
native_l2,legacy:2026-08-16,legacy_directory_identifier,data/exact_l2/2026-08-16,legacy_day_root,legacy,data/exact_l2/2026-08-16/manifest.json,17ba6b355bf474b06570186fa896802213c0560c324a6634843ace004bf23654,data/exact_l2/2026-08-16/threshold_depth.csv,713ce54ad4f1c9faab6635c13d05cc32028ca117ee47117bf3ee67ae02023bf1,data/exact_l2/2026-08-16/bitkub_usdt_thb_raw.json,62b49eb5829d9fea2f8c00a19bb1703c79fd6cd7749ac104e872dfc41136a100,sha256_verified,"[""base_asset"",""quote_asset"",""received_utc"",""exchange_timestamp_utc"",""source_url"",""source_params_json""]",2026-08-16,,2026-08-16T06:09:36.737255+00:00,,,legacy_unavailable,bitkub,usdt_thb,THB,USDT,,,,stablecoin_tokens,1 stablecoin token = 1 USD; no FX conversion,,,sell_stablecoin_base_hit_bids,bitkub_usdt_thb_raw.json,62b49eb5829d9fea2f8c00a19bb1703c79fd6cd7749ac104e872dfc41136a100,10,33.095,33.09,33.1,487069.31,487069.31,16116193.5808,True,False,3,
native_l2,legacy:2026-08-16,legacy_directory_identifier,data/exact_l2/2026-08-16,legacy_day_root,legacy,data/exact_l2/2026-08-16/manifest.json,17ba6b355bf474b06570186fa896802213c0560c324a6634843ace004bf23654,data/exact_l2/2026-08-16/threshold_depth.csv,713ce54ad4f1c9faab6635c13d05cc32028ca117ee47117bf3ee67ae02023bf1,data/exact_l2/2026-08-16/bitkub_usdt_thb_raw.json,62b49eb5829d9fea2f8c00a19bb1703c79fd6cd7749ac104e872dfc41136a100,sha256_verified,"[""base_asset"",""quote_asset"",""received_utc"",""exchange_timestamp_utc"",""source_url"",""source_params_json""]",2026-08-16,,2026-08-16T06:09:36.737255+00:00,,,legacy_unavailable,bitkub,usdt_thb,THB,USDT,,,,stablecoin_tokens,1 stablecoin token = 1 USD; no FX conversion,,,sell_stablecoin_base_hit_bids,bitkub_usdt_thb_raw.json,62b49eb5829d9fea2f8c00a19bb1703c79fd6cd7749ac104e872dfc41136a100,50,33.095,33.09,33.1,714643.9800000002,714643.9800000002,23626125.3052,True,False,17,
native_l2,legacy:2026-08-16,legacy_directory_identifier,data/exact_l2/2026-08-16,legacy_day_root,legacy,data/exact_l2/2026-08-16/manifest.json,17ba6b355bf474b06570186fa896802213c0560c324a6634843ace004bf23654,data/exact_l2/2026-08-16/threshold_depth.csv,713ce54ad4f1c9faab6635c13d05cc32028ca117ee47117bf3ee67ae02023bf1,data/exact_l2/2026-08-16/bitkub_usdt_thb_raw.json,62b49eb5829d9fea2f8c00a19bb1703c79fd6cd7749ac104e872dfc41136a100,sha256_verified,"[""base_asset"",""quote_asset"",""received_utc"",""exchange_timestamp_utc"",""source_url"",""source_params_json""]",2026-08-16,,2026-08-16T06:09:36.737255+00:00,,,legacy_unavailable,bitkub,usdt_thb,THB,USDT,,,,stablecoin_tokens,1 stablecoin token = 1 USD; no FX conversion,,,sell_stablecoin_base_hit_bids,bitkub_usdt_thb_raw.json,62b49eb5829d9fea2f8c00a19bb1703c79fd6cd7749ac104e872dfc41136a100,100,33.095,33.09,33.1,925887.7000000002,925887.7000000002,30571198.8876,True,False,30,
native_l2,legacy:2026-08-16,legacy_directory_identifier,data/exact_l2/2026-08-16,legacy_day_root,legacy,data/exact_l2/2026-08-16/manifest.json,17ba6b355bf474b06570186fa896802213c0560c324a6634843ace004bf23654,data/exact_l2/2026-08-16/threshold_depth.csv,713ce54ad4f1c9faab6635c13d05cc32028ca117ee47117bf3ee67ae02023bf1,data/exact_l2/2026-08-16/bitkub_usdt_thb_raw.json,62b49eb5829d9fea2f8c00a19bb1703c79fd6cd7749ac104e872dfc41136a100,sha256_verified,"[""base_asset"",""quote_asset"",""received_utc"",""exchange_timestamp_utc"",""source_url"",""source_params_json""]",2026-08-16,,2026-08-16T06:09:36.737255+00:00,,,legacy_unavailable,bitkub,usdt_thb,THB,USDT,,,,stablecoin_tokens,1 stablecoin token = 1 USD; no FX conversion,,,sell_stablecoin_base_hit_bids,bitkub_usdt_thb_raw.json,62b49eb5829d9fea2f8c00a19bb1703c79fd6cd7749ac104e872dfc41136a100,200,33.095,33.09,33.1,1028710.1300000001,1028710.1300000001,33925983.11690001,True,False,61,
native_l2,legacy:2026-08-17,legacy_directory_identifier,data/exact_l2/2026-08-17,legacy_day_root,legacy,data/exact_l2/2026-08-17/manifest.json,01276274786e239972c04031ad47e4d12050c239de696f158d0071e0cb179069,data/exact_l2/2026-08-17/threshold_depth.csv,fd812113333d6fcfbaf093dee33cc0cdcbdc5d3b282a7f443bd67db0e95a105e,data/exact_l2/2026-08-17/valr_usdtzar_raw.json,3daae5d2e385142277029954c1b75a8c0361ccf209c9def76447131acdbac3b8,sha256_verified,"[""base_asset"",""quote_asset"",""received_utc"",""exchange_timestamp_utc"",""source_url"",""source_params_json""]",2026-08-17,,2026-08-17T06:14:18.006933+00:00,,,legacy_unavailable,valr,USDTZAR,ZAR,USDT,,,,stablecoin_tokens,1 stablecoin token = 1 USD; no FX conversion,,,sell_stablecoin_base_hit_bids,valr_usdtzar_raw.json,3daae5d2e385142277029954c1b75a8c0361ccf209c9def76447131acdbac3b8,10,16.24185,16.2408,16.2429,1731980.4965000004,1731980.4965000004,28122801.516401004,True,False,19,
native_l2,legacy:2026-08-17,legacy_directory_identifier,data/exact_l2/2026-08-17,legacy_day_root,legacy,data/exact_l2/2026-08-17/manifest.json,01276274786e239972c04031ad47e4d12050c239de696f158d0071e0cb179069,data/exact_l2/2026-08-17/threshold_depth.csv,fd812113333d6fcfbaf093dee33cc0cdcbdc5d3b282a7f443bd67db0e95a105e,data/exact_l2/2026-08-17/valr_usdtzar_raw.json,3daae5d2e385142277029954c1b75a8c0361ccf209c9def76447131acdbac3b8,sha256_verified,"[""base_asset"",""quote_asset"",""received_utc"",""exchange_timestamp_utc"",""source_url"",""source_params_json""]",2026-08-17,,2026-08-17T06:14:18.006933+00:00,,,legacy_unavailable,valr,USDTZAR,ZAR,USDT,,,,stablecoin_tokens,1 stablecoin token = 1 USD; no FX conversion,,,sell_stablecoin_base_hit_bids,valr_usdtzar_raw.json,3daae5d2e385142277029954c1b75a8c0361ccf209c9def76447131acdbac3b8,50,16.24185,16.2408,16.2429,1902713.4917,1902713.4917,30891164.192260392,True,False,35,
native_l2,legacy:2026-08-17,legacy_directory_identifier,data/exact_l2/2026-08-17,legacy_day_root,legacy,data/exact_l2/2026-08-17/manifest.json,01276274786e239972c04031ad47e4d12050c239de696f158d0071e0cb179069,data/exact_l2/2026-08-17/threshold_depth.csv,fd812113333d6fcfbaf093dee33cc0cdcbdc5d3b282a7f443bd67db0e95a105e,data/exact_l2/2026-08-17/valr_usdtzar_raw.json,3daae5d2e385142277029954c1b75a8c0361ccf209c9def76447131acdbac3b8,sha256_verified,"[""base_asset"",""quote_asset"",""received_utc"",""exchange_timestamp_utc"",""source_url"",""source_params_json""]",2026-08-17,,2026-08-17T06:14:18.006933+00:00,,,legacy_unavailable,valr,USDTZAR,ZAR,USDT,,,,stablecoin_tokens,1 stablecoin token = 1 USD; no FX conversion,,,sell_stablecoin_base_hit_bids,valr_usdtzar_raw.json,3daae5d2e385142277029954c1b75a8c0361ccf209c9def76447131acdbac3b8,100,16.24185,16.2408,16.2429,1916841.4822,1916841.4822,31119330.207283605,True,False,42,
native_l2,legacy:2026-08-17,legacy_directory_identifier,data/exact_l2/2026-08-17,legacy_day_root,legacy,data/exact_l2/2026-08-17/manifest.json,01276274786e239972c04031ad47e4d12050c239de696f158d0071e0cb179069,data/exact_l2/2026-08-17/threshold_depth.csv,fd812113333d6fcfbaf093dee33cc0cdcbdc5d3b282a7f443bd67db0e95a105e,data/exact_l2/2026-08-17/valr_usdtzar_raw.json,3daae5d2e385142277029954c1b75a8c0361ccf209c9def76447131acdbac3b8,sha256_verified,"[""base_asset"",""quote_asset"",""received_utc"",""exchange_timestamp_utc"",""source_url"",""source_params_json""]",2026-08-17,,2026-08-17T06:14:18.006933+00:00,,,legacy_unavailable,valr,USDTZAR,ZAR,USDT,,,,stablecoin_tokens,1 stablecoin token = 1 USD; no FX conversion,,,sell_stablecoin_base_hit_bids,valr_usdtzar_raw.json,3daae5d2e385142277029954c1b75a8c0361ccf209c9def76447131acdbac3b8,200,16.24185,16.2408,16.2429,1931435.7122999995,1931435.7122999995,31353417.043362428,True,False,68,
native_l2,legacy:2026-08-17,legacy_directory_identifier,data/exact_l2/2026-08-17,legacy_day_root,legacy,data/exact_l2/2026-08-17/manifest.json,01276274786e239972c04031ad47e4d12050c239de696f158d0071e0cb179069,data/exact_l2/2026-08-17/threshold_depth.csv,fd812113333d6fcfbaf093dee33cc0cdcbdc5d3b282a7f443bd67db0e95a105e,data/exact_l2/2026-08-17/bitkub_usdt_thb_raw.json,2d7ac8ab905b5bfbbd70960e19d346af10f80396d747bf8ba4a0a70209a284e1,sha256_verified,"[""base_asset"",""quote_asset"",""received_utc"",""exchange_timestamp_utc"",""source_url"",""source_params_json""]",2026-08-17,,2026-08-17T06:14:18.247973+00:00,,,legacy_unavailable,bitkub,usdt_thb,THB,USDT,,,,stablecoin_tokens,1 stablecoin token = 1 USD; no FX conversion,,,sell_stablecoin_base_hit_bids,bitkub_usdt_thb_raw.json,2d7ac8ab905b5bfbbd70960e19d346af10f80396d747bf8ba4a0a70209a284e1,10,32.974999999999994,32.97,32.98,699123.78,699123.78,23042377.837300003,True,False,3,
native_l2,legacy:2026-08-17,legacy_directory_identifier,data/exact_l2/2026-08-17,legacy_day_root,legacy,data/exact_l2/2026-08-17/manifest.json,01276274786e239972c04031ad47e4d12050c239de696f158d0071e0cb179069,data/exact_l2/2026-08-17/threshold_depth.csv,fd812113333d6fcfbaf093dee33cc0cdcbdc5d3b282a7f443bd67db0e95a105e,data/exact_l2/2026-08-17/bitkub_usdt_thb_raw.json,2d7ac8ab905b5bfbbd70960e19d346af10f80396d747bf8ba4a0a70209a284e1,sha256_verified,"[""base_asset"",""quote_asset"",""received_utc"",""exchange_timestamp_utc"",""source_url"",""source_params_json""]",2026-08-17,,2026-08-17T06:14:18.247973+00:00,,,legacy_unavailable,bitkub,usdt_thb,THB,USDT,,,,stablecoin_tokens,1 stablecoin token = 1 USD; no FX conversion,,,sell_stablecoin_base_hit_bids,bitkub_usdt_thb_raw.json,2d7ac8ab905b5bfbbd70960e19d346af10f80396d747bf8ba4a0a70209a284e1,50,32.974999999999994,32.97,32.98,962928.06,962928.06,31719445.4665,True,False,13,
native_l2,legacy:2026-08-17,legacy_directory_identifier,data/exact_l2/2026-08-17,legacy_day_root,legacy,data/exact_l2/2026-08-17/manifest.json,01276274786e239972c04031ad47e4d12050c239de696f158d0071e0cb179069,data/exact_l2/2026-08-17/threshold_depth.csv,fd812113333d6fcfbaf093dee33cc0cdcbdc5d3b282a7f443bd67db0e95a105e,data/exact_l2/2026-08-17/bitkub_usdt_thb_raw.json,2d7ac8ab905b5bfbbd70960e19d346af10f80396d747bf8ba4a0a70209a284e1,sha256_verified,"[""base_asset"",""quote_asset"",""received_utc"",""exchange_timestamp_utc"",""source_url"",""source_params_json""]",2026-08-17,,2026-08-17T06:14:18.247973+00:00,,,legacy_unavailable,bitkub,usdt_thb,THB,USDT,,,,stablecoin_tokens,1 stablecoin token = 1 USD; no FX conversion,,,sell_stablecoin_base_hit_bids,bitkub_usdt_thb_raw.json,2d7ac8ab905b5bfbbd70960e19d346af10f80396d747bf8ba4a0a70209a284e1,100,32.974999999999994,32.97,32.98,1166359.3100000003,1166359.3100000003,38378941.38069999,True,False,30,
native_l2,legacy:2026-08-17,legacy_directory_identifier,data/exact_l2/2026-08-17,legacy_day_root,legacy,data/exact_l2/2026-08-17/manifest.json,01276274786e239972c04031ad47e4d12050c239de696f158d0071e0cb179069,data/exact_l2/2026-08-17/threshold_depth.csv,fd812113333d6fcfbaf093dee33cc0cdcbdc5d3b282a7f443bd67db0e95a105e,data/exact_l2/2026-08-17/bitkub_usdt_thb_raw.json,2d7ac8ab905b5bfbbd70960e19d346af10f80396d747bf8ba4a0a70209a284e1,sha256_verified,"[""base_asset"",""quote_asset"",""received_utc"",""exchange_timestamp_utc"",""source_url"",""source_params_json""]",2026-08-17,,2026-08-17T06:14:18.247973+00:00,,,legacy_unavailable,bitkub,usdt_thb,THB,USDT,,,,stablecoin_tokens,1 stablecoin token = 1 USD; no FX conversion,,,sell_stablecoin_base_hit_bids,bitkub_usdt_thb_raw.json,2d7ac8ab905b5bfbbd70960e19d346af10f80396d747bf8ba4a0a70209a284e1,200,32.974999999999994,32.97,32.98,1244385.0699999998,1244385.0699999998,40913056.312699996,True,False,61,
native_l2,legacy:2026-08-18,legacy_directory_identifier,data/exact_l2/2026-08-18,legacy_day_root,legacy,data/exact_l2/2026-08-18/manifest.json,80a0ee379411b54ea4fe3b1dfc1807ddd301a771a9187ffea08e9bc05ad1ba03,data/exact_l2/2026-08-18/threshold_depth.csv,9a79523b7b48d551a0529af011411b9e66a42905649231e7807a582bbb66cc73,data/exact_l2/2026-08-18/valr_usdtzar_raw.json,e2ab835f5b62e477dd89a7663bbf250bb1ff32c0a0a18bf6e3cb4ee5fa35ed1d,sha256_verified,"[""base_asset"",""quote_asset"",""received_utc"",""exchange_timestamp_utc"",""source_url"",""source_params_json""]",2026-08-18,,2026-08-18T06:10:15.055867+00:00,,,legacy_unavailable,valr,USDTZAR,ZAR,USDT,,,,stablecoin_tokens,1 stablecoin token = 1 USD; no FX conversion,,,sell_stablecoin_base_hit_bids,valr_usdtzar_raw.json,e2ab835f5b62e477dd89a7663bbf250bb1ff32c0a0a18bf6e3cb4ee5fa35ed1d,10,16.371250000000003,16.3712,16.3713,890906.3929,890906.3929,14578957.376843128,True,False,16,
native_l2,legacy:2026-08-18,legacy_directory_identifier,data/exact_l2/2026-08-18,legacy_day_root,legacy,data/exact_l2/2026-08-18/manifest.json,80a0ee379411b54ea4fe3b1dfc1807ddd301a771a9187ffea08e9bc05ad1ba03,data/exact_l2/2026-08-18/threshold_depth.csv,9a79523b7b48d551a0529af011411b9e66a42905649231e7807a582bbb66cc73,data/exact_l2/2026-08-18/valr_usdtzar_raw.json,e2ab835f5b62e477dd89a7663bbf250bb1ff32c0a0a18bf6e3cb4ee5fa35ed1d,sha256_verified,"[""base_asset"",""quote_asset"",""received_utc"",""exchange_timestamp_utc"",""source_url"",""source_params_json""]",2026-08-18,,2026-08-18T06:10:15.055867+00:00,,,legacy_unavailable,valr,USDTZAR,ZAR,USDT,,,,stablecoin_tokens,1 stablecoin token = 1 USD; no FX conversion,,,sell_stablecoin_base_hit_bids,valr_usdtzar_raw.json,e2ab835f5b62e477dd89a7663bbf250bb1ff32c0a0a18bf6e3cb4ee5fa35ed1d,50,16.371250000000003,16.3712,16.3713,1495139.6594999996,1495139.6594999996,24433765.732425496,True,False,28,
native_l2,legacy:2026-08-18,legacy_directory_identifier,data/exact_l2/2026-08-18,legacy_day_root,legacy,data/exact_l2/2026-08-18/manifest.json,80a0ee379411b54ea4fe3b1dfc1807ddd301a771a9187ffea08e9bc05ad1ba03,data/exact_l2/2026-08-18/threshold_depth.csv,9a79523b7b48d551a0529af011411b9e66a42905649231e7807a582bbb66cc73,data/exact_l2/2026-08-18/valr_usdtzar_raw.json,e2ab835f5b62e477dd89a7663bbf250bb1ff32c0a0a18bf6e3cb4ee5fa35ed1d,sha256_verified,"[""base_asset"",""quote_asset"",""received_utc"",""exchange_timestamp_utc"",""source_url"",""source_params_json""]",2026-08-18,,2026-08-18T06:10:15.055867+00:00,,,legacy_unavailable,valr,USDTZAR,ZAR,USDT,,,,stablecoin_tokens,1 stablecoin token = 1 USD; no FX conversion,,,sell_stablecoin_base_hit_bids,valr_usdtzar_raw.json,e2ab835f5b62e477dd89a7663bbf250bb1ff32c0a0a18bf6e3cb4ee5fa35ed1d,100,16.371250000000003,16.3712,16.3713,1930853.6761999994,1930853.6761999994,31516981.370118655,True,False,47,
native_l2,legacy:2026-08-18,legacy_directory_identifier,data/exact_l2/2026-08-18,legacy_day_root,legacy,data/exact_l2/2026-08-18/manifest.json,80a0ee379411b54ea4fe3b1dfc1807ddd301a771a9187ffea08e9bc05ad1ba03,data/exact_l2/2026-08-18/threshold_depth.csv,9a79523b7b48d551a0529af011411b9e66a42905649231e7807a582bbb66cc73,data/exact_l2/2026-08-18/valr_usdtzar_raw.json,e2ab835f5b62e477dd89a7663bbf250bb1ff32c0a0a18bf6e3cb4ee5fa35ed1d,sha256_verified,"[""base_asset"",""quote_asset"",""received_utc"",""exchange_timestamp_utc"",""source_url"",""source_params_json""]",2026-08-18,,2026-08-18T06:10:15.055867+00:00,,,legacy_unavailable,valr,USDTZAR,ZAR,USDT,,,,stablecoin_tokens,1 stablecoin token = 1 USD; no FX conversion,,,sell_stablecoin_base_hit_bids,valr_usdtzar_raw.json,e2ab835f5b62e477dd89a7663bbf250bb1ff32c0a0a18bf6e3cb4ee5fa35ed1d,200,16.371250000000003,16.3712,16.3713,1968877.4989999991,1968877.4989999991,32130389.90666307,True,False,65,
native_l2,legacy:2026-08-18,legacy_directory_identifier,data/exact_l2/2026-08-18,legacy_day_root,legacy,data/exact_l2/2026-08-18/manifest.json,80a0ee379411b54ea4fe3b1dfc1807ddd301a771a9187ffea08e9bc05ad1ba03,data/exact_l2/2026-08-18/threshold_depth.csv,9a79523b7b48d551a0529af011411b9e66a42905649231e7807a582bbb66cc73,data/exact_l2/2026-08-18/bitkub_usdt_thb_raw.json,e6bff44bce182e3174be2d1d6a902449ac1bad66b6a91747ce423ab7089ff83b,sha256_verified,"[""base_asset"",""quote_asset"",""received_utc"",""exchange_timestamp_utc"",""source_url"",""source_params_json""]",2026-08-18,,2026-08-18T06:10:15.306881+00:00,,,legacy_unavailable,bitkub,usdt_thb,THB,USDT,,,,stablecoin_tokens,1 stablecoin token = 1 USD; no FX conversion,,,sell_stablecoin_base_hit_bids,bitkub_usdt_thb_raw.json,e6bff44bce182e3174be2d1d6a902449ac1bad66b6a91747ce423ab7089ff83b,10,33.025000000000006,33.02,33.03,699196.31,699196.31,23080473.6025,True,False,3,
native_l2,legacy:2026-08-18,legacy_directory_identifier,data/exact_l2/2026-08-18,legacy_day_root,legacy,data/exact_l2/2026-08-18/manifest.json,80a0ee379411b54ea4fe3b1dfc1807ddd301a771a9187ffea08e9bc05ad1ba03,data/exact_l2/2026-08-18/threshold_depth.csv,9a79523b7b48d551a0529af011411b9e66a42905649231e7807a582bbb66cc73,data/exact_l2/2026-08-18/bitkub_usdt_thb_raw.json,e6bff44bce182e3174be2d1d6a902449ac1bad66b6a91747ce423ab7089ff83b,sha256_verified,"[""base_asset"",""quote_asset"",""received_utc"",""exchange_timestamp_utc"",""source_url"",""source_params_json""]",2026-08-18,,2026-08-18T06:10:15.306881+00:00,,,legacy_unavailable,bitkub,usdt_thb,THB,USDT,,,,stablecoin_tokens,1 stablecoin token = 1 USD; no FX conversion,,,sell_stablecoin_base_hit_bids,bitkub_usdt_thb_raw.json,e6bff44bce182e3174be2d1d6a902449ac1bad66b6a91747ce423ab7089ff83b,50,33.025000000000006,33.02,33.03,946282.9000000003,946282.9000000003,31215393.033800002,True,False,15,
native_l2,legacy:2026-08-18,legacy_directory_identifier,data/exact_l2/2026-08-18,legacy_day_root,legacy,data/exact_l2/2026-08-18/manifest.json,80a0ee379411b54ea4fe3b1dfc1807ddd301a771a9187ffea08e9bc05ad1ba03,data/exact_l2/2026-08-18/threshold_depth.csv,9a79523b7b48d551a0529af011411b9e66a42905649231e7807a582bbb66cc73,data/exact_l2/2026-08-18/bitkub_usdt_thb_raw.json,e6bff44bce182e3174be2d1d6a902449ac1bad66b6a91747ce423ab7089ff83b,sha256_verified,"[""base_asset"",""quote_asset"",""received_utc"",""exchange_timestamp_utc"",""source_url"",""source_params_json""]",2026-08-18,,2026-08-18T06:10:15.306881+00:00,,,legacy_unavailable,bitkub,usdt_thb,THB,USDT,,,,stablecoin_tokens,1 stablecoin token = 1 USD; no FX conversion,,,sell_stablecoin_base_hit_bids,bitkub_usdt_thb_raw.json,e6bff44bce182e3174be2d1d6a902449ac1bad66b6a91747ce423ab7089ff83b,100,33.025000000000006,33.02,33.03,1131742.5900000003,1131742.5900000003,37297131.274,True,False,29,
native_l2,legacy:2026-08-18,legacy_directory_identifier,data/exact_l2/2026-08-18,legacy_day_root,legacy,data/exact_l2/2026-08-18/manifest.json,80a0ee379411b54ea4fe3b1dfc1807ddd301a771a9187ffea08e9bc05ad1ba03,data/exact_l2/2026-08-18/threshold_depth.csv,9a79523b7b48d551a0529af011411b9e66a42905649231e7807a582bbb66cc73,data/exact_l2/2026-08-18/bitkub_usdt_thb_raw.json,e6bff44bce182e3174be2d1d6a902449ac1bad66b6a91747ce423ab7089ff83b,sha256_verified,"[""base_asset"",""quote_asset"",""received_utc"",""exchange_timestamp_utc"",""source_url"",""source_params_json""]",2026-08-18,,2026-08-18T06:10:15.306881+00:00,,,legacy_unavailable,bitkub,usdt_thb,THB,USDT,,,,stablecoin_tokens,1 stablecoin token = 1 USD; no FX conversion,,,sell_stablecoin_base_hit_bids,bitkub_usdt_thb_raw.json,e6bff44bce182e3174be2d1d6a902449ac1bad66b6a91747ce423ab7089ff83b,200,33.025000000000006,33.02,33.03,1261684.4400000002,1261684.4400000002,41528519.63349999,True,False,60,
native_l2,legacy:2026-08-19,legacy_directory_identifier,data/exact_l2/2026-08-19,legacy_day_root,legacy,data/exact_l2/2026-08-19/manifest.json,95b7946debb94d93948d3a9af923a9bd0c35608e5d28002e131c5463b42033c5,data/exact_l2/2026-08-19/threshold_depth.csv,c93e936ceb20f208b42318b1e1e40d70a82f7d05a1deb32d42f8ce837ec6b50a,data/exact_l2/2026-08-19/valr_usdtzar_raw.json,7f1c008380bcf284624c694c3594ef9f5e6cb602425ae4e38c50442f60df7f26,sha256_verified,"[""base_asset"",""quote_asset"",""received_utc"",""exchange_timestamp_utc"",""source_url"",""source_params_json""]",2026-08-19,,2026-08-19T06:11:32.868441+00:00,,,legacy_unavailable,valr,USDTZAR,ZAR,USDT,,,,stablecoin_tokens,1 stablecoin token = 1 USD; no FX conversion,,,sell_stablecoin_base_hit_bids,valr_usdtzar_raw.json,7f1c008380bcf284624c694c3594ef9f5e6cb602425ae4e38c50442f60df7f26,10,16.342950000000002,16.3429,16.343,683381.7999000001,683381.7999000001,11165496.29037062,True,False,21,
native_l2,legacy:2026-08-19,legacy_directory_identifier,data/exact_l2/2026-08-19,legacy_day_root,legacy,data/exact_l2/2026-08-19/manifest.json,95b7946debb94d93948d3a9af923a9bd0c35608e5d28002e131c5463b42033c5,data/exact_l2/2026-08-19/threshold_depth.csv,c93e936ceb20f208b42318b1e1e40d70a82f7d05a1deb32d42f8ce837ec6b50a,data/exact_l2/2026-08-19/valr_usdtzar_raw.json,7f1c008380bcf284624c694c3594ef9f5e6cb602425ae4e38c50442f60df7f26,sha256_verified,"[""base_asset"",""quote_asset"",""received_utc"",""exchange_timestamp_utc"",""source_url"",""source_params_json""]",2026-08-19,,2026-08-19T06:11:32.868441+00:00,,,legacy_unavailable,valr,USDTZAR,ZAR,USDT,,,,stablecoin_tokens,1 stablecoin token = 1 USD; no FX conversion,,,sell_stablecoin_base_hit_bids,valr_usdtzar_raw.json,7f1c008380bcf284624c694c3594ef9f5e6cb602425ae4e38c50442f60df7f26,50,16.342950000000002,16.3429,16.343,1094074.8877,1094074.8877,17863945.96931235,True,False,35,
native_l2,legacy:2026-08-19,legacy_directory_identifier,data/exact_l2/2026-08-19,legacy_day_root,legacy,data/exact_l2/2026-08-19/manifest.json,95b7946debb94d93948d3a9af923a9bd0c35608e5d28002e131c5463b42033c5,data/exact_l2/2026-08-19/threshold_depth.csv,c93e936ceb20f208b42318b1e1e40d70a82f7d05a1deb32d42f8ce837ec6b50a,data/exact_l2/2026-08-19/valr_usdtzar_raw.json,7f1c008380bcf284624c694c3594ef9f5e6cb602425ae4e38c50442f60df7f26,sha256_verified,"[""base_asset"",""quote_asset"",""received_utc"",""exchange_timestamp_utc"",""source_url"",""source_params_json""]",2026-08-19,,2026-08-19T06:11:32.868441+00:00,,,legacy_unavailable,valr,USDTZAR,ZAR,USDT,,,,stablecoin_tokens,1 stablecoin token = 1 USD; no FX conversion,,,sell_stablecoin_base_hit_bids,valr_usdtzar_raw.json,7f1c008380bcf284624c694c3594ef9f5e6cb602425ae4e38c50442f60df7f26,100,16.342950000000002,16.3429,16.343,1319321.6334999998,1319321.6334999998,21522586.58073023,True,False,57,
native_l2,legacy:2026-08-19,legacy_directory_identifier,data/exact_l2/2026-08-19,legacy_day_root,legacy,data/exact_l2/2026-08-19/manifest.json,95b7946debb94d93948d3a9af923a9bd0c35608e5d28002e131c5463b42033c5,data/exact_l2/2026-08-19/threshold_depth.csv,c93e936ceb20f208b42318b1e1e40d70a82f7d05a1deb32d42f8ce837ec6b50a,data/exact_l2/2026-08-19/valr_usdtzar_raw.json,7f1c008380bcf284624c694c3594ef9f5e6cb602425ae4e38c50442f60df7f26,sha256_verified,"[""base_asset"",""quote_asset"",""received_utc"",""exchange_timestamp_utc"",""source_url"",""source_params_json""]",2026-08-19,,2026-08-19T06:11:32.868441+00:00,,,legacy_unavailable,valr,USDTZAR,ZAR,USDT,,,,stablecoin_tokens,1 stablecoin token = 1 USD; no FX conversion,,,sell_stablecoin_base_hit_bids,valr_usdtzar_raw.json,7f1c008380bcf284624c694c3594ef9f5e6cb602425ae4e38c50442f60df7f26,200,16.342950000000002,16.3429,16.343,1333984.3319999997,1333984.3319999997,21759350.487692196,True,False,77,
native_l2,legacy:2026-08-19,legacy_directory_identifier,data/exact_l2/2026-08-19,legacy_day_root,legacy,data/exact_l2/2026-08-19/manifest.json,95b7946debb94d93948d3a9af923a9bd0c35608e5d28002e131c5463b42033c5,data/exact_l2/2026-08-19/threshold_depth.csv,c93e936ceb20f208b42318b1e1e40d70a82f7d05a1deb32d42f8ce837ec6b50a,data/exact_l2/2026-08-19/bitkub_usdt_thb_raw.json,4adaf60640916f5eb6b5783ff6d5e6733fb8905c7b5ed8cdf3edb0d833d22456,sha256_verified,"[""base_asset"",""quote_asset"",""received_utc"",""exchange_timestamp_utc"",""source_url"",""source_params_json""]",2026-08-19,,2026-08-19T06:11:33.082094+00:00,,,legacy_unavailable,bitkub,usdt_thb,THB,USDT,,,,stablecoin_tokens,1 stablecoin token = 1 USD; no FX conversion,,,sell_stablecoin_base_hit_bids,bitkub_usdt_thb_raw.json,4adaf60640916f5eb6b5783ff6d5e6733fb8905c7b5ed8cdf3edb0d833d22456,10,33.065,33.06,33.07,528449.35,528449.35,17467056.8469,True,False,3,
native_l2,legacy:2026-08-19,legacy_directory_identifier,data/exact_l2/2026-08-19,legacy_day_root,legacy,data/exact_l2/2026-08-19/manifest.json,95b7946debb94d93948d3a9af923a9bd0c35608e5d28002e131c5463b42033c5,data/exact_l2/2026-08-19/threshold_depth.csv,c93e936ceb20f208b42318b1e1e40d70a82f7d05a1deb32d42f8ce837ec6b50a,data/exact_l2/2026-08-19/bitkub_usdt_thb_raw.json,4adaf60640916f5eb6b5783ff6d5e6733fb8905c7b5ed8cdf3edb0d833d22456,sha256_verified,"[""base_asset"",""quote_asset"",""received_utc"",""exchange_timestamp_utc"",""source_url"",""source_params_json""]",2026-08-19,,2026-08-19T06:11:33.082094+00:00,,,legacy_unavailable,bitkub,usdt_thb,THB,USDT,,,,stablecoin_tokens,1 stablecoin token = 1 USD; no FX conversion,,,sell_stablecoin_base_hit_bids,bitkub_usdt_thb_raw.json,4adaf60640916f5eb6b5783ff6d5e6733fb8905c7b5ed8cdf3edb0d833d22456,50,33.065,33.06,33.07,1003451.5499999999,1003451.5499999999,33124217.08709999,True,False,16,
native_l2,legacy:2026-08-19,legacy_directory_identifier,data/exact_l2/2026-08-19,legacy_day_root,legacy,data/exact_l2/2026-08-19/manifest.json,95b7946debb94d93948d3a9af923a9bd0c35608e5d28002e131c5463b42033c5,data/exact_l2/2026-08-19/threshold_depth.csv,c93e936ceb20f208b42318b1e1e40d70a82f7d05a1deb32d42f8ce837ec6b50a,data/exact_l2/2026-08-19/bitkub_usdt_thb_raw.json,4adaf60640916f5eb6b5783ff6d5e6733fb8905c7b5ed8cdf3edb0d833d22456,sha256_verified,"[""base_asset"",""quote_asset"",""received_utc"",""exchange_timestamp_utc"",""source_url"",""source_params_json""]",2026-08-19,,2026-08-19T06:11:33.082094+00:00,,,legacy_unavailable,bitkub,usdt_thb,THB,USDT,,,,stablecoin_tokens,1 stablecoin token = 1 USD; no FX conversion,,,sell_stablecoin_base_hit_bids,bitkub_usdt_thb_raw.json,4adaf60640916f5eb6b5783ff6d5e6733fb8905c7b5ed8cdf3edb0d833d22456,100,33.065,33.06,33.07,1179889.0500000003,1179889.0500000003,38918517.329299994,True,False,28,
native_l2,legacy:2026-08-19,legacy_directory_identifier,data/exact_l2/2026-08-19,legacy_day_root,legacy,data/exact_l2/2026-08-19/manifest.json,95b7946debb94d93948d3a9af923a9bd0c35608e5d28002e131c5463b42033c5,data/exact_l2/2026-08-19/threshold_depth.csv,c93e936ceb20f208b42318b1e1e40d70a82f7d05a1deb32d42f8ce837ec6b50a,data/exact_l2/2026-08-19/bitkub_usdt_thb_raw.json,4adaf60640916f5eb6b5783ff6d5e6733fb8905c7b5ed8cdf3edb0d833d22456,sha256_verified,"[""base_asset"",""quote_asset"",""received_utc"",""exchange_timestamp_utc"",""source_url"",""source_params_json""]",2026-08-19,,2026-08-19T06:11:33.082094+00:00,,,legacy_unavailable,bitkub,usdt_thb,THB,USDT,,,,stablecoin_tokens,1 stablecoin token = 1 USD; no FX conversion,,,sell_stablecoin_base_hit_bids,bitkub_usdt_thb_raw.json,4adaf60640916f5eb6b5783ff6d5e6733fb8905c7b5ed8cdf3edb0d833d22456,200,33.065,33.06,33.07,1439157.7200000002,1439157.7200000002,47360966.270699985,True,False,60,
native_l2,legacy:2026-08-20,legacy_directory_identifier,data/exact_l2/2026-08-20,legacy_day_root,legacy,data/exact_l2/2026-08-20/manifest.json,0f0432c975e06714d91f7bc7e39b2bf7b5aec3e41f525a67050141734a3b7417,data/exact_l2/2026-08-20/threshold_depth.csv,778d3d29f6c11393a71f5a210e32fff261a869d15c071f5afda5dd60132695ef,data/exact_l2/2026-08-20/valr_usdtzar_raw.json,e5e2ff6294f2544755d1da0c1e793e1048cb806b2bb56315cc04ea14ecbcd0d6,sha256_verified,"[""base_asset"",""quote_asset"",""received_utc"",""exchange_timestamp_utc"",""source_url"",""source_params_json""]",2026-08-20,,2026-08-20T06:11:52.653032+00:00,,,legacy_unavailable,valr,USDTZAR,ZAR,USDT,,,,stablecoin_tokens,1 stablecoin token = 1 USD; no FX conversion,,,sell_stablecoin_base_hit_bids,valr_usdtzar_raw.json,e5e2ff6294f2544755d1da0c1e793e1048cb806b2bb56315cc04ea14ecbcd0d6,10,16.145400000000002,16.1426,16.1482,1322575.2785999998,1322575.2785999998,21348010.83234316,True,False,8,
native_l2,legacy:2026-08-20,legacy_directory_identifier,data/exact_l2/2026-08-20,legacy_day_root,legacy,data/exact_l2/2026-08-20/manifest.json,0f0432c975e06714d91f7bc7e39b2bf7b5aec3e41f525a67050141734a3b7417,data/exact_l2/2026-08-20/threshold_depth.csv,778d3d29f6c11393a71f5a210e32fff261a869d15c071f5afda5dd60132695ef,data/exact_l2/2026-08-20/valr_usdtzar_raw.json,e5e2ff6294f2544755d1da0c1e793e1048cb806b2bb56315cc04ea14ecbcd0d6,sha256_verified,"[""base_asset"",""quote_asset"",""received_utc"",""exchange_timestamp_utc"",""source_url"",""source_params_json""]",2026-08-20,,2026-08-20T06:11:52.653032+00:00,,,legacy_unavailable,valr,USDTZAR,ZAR,USDT,,,,stablecoin_tokens,1 stablecoin token = 1 USD; no FX conversion,,,sell_stablecoin_base_hit_bids,valr_usdtzar_raw.json,e5e2ff6294f2544755d1da0c1e793e1048cb806b2bb56315cc04ea14ecbcd0d6,50,16.145400000000002,16.1426,16.1482,1515027.9972999997,1515027.9972999997,24447119.483406514,True,False,22,
native_l2,legacy:2026-08-20,legacy_directory_identifier,data/exact_l2/2026-08-20,legacy_day_root,legacy,data/exact_l2/2026-08-20/manifest.json,0f0432c975e06714d91f7bc7e39b2bf7b5aec3e41f525a67050141734a3b7417,data/exact_l2/2026-08-20/threshold_depth.csv,778d3d29f6c11393a71f5a210e32fff261a869d15c071f5afda5dd60132695ef,data/exact_l2/2026-08-20/valr_usdtzar_raw.json,e5e2ff6294f2544755d1da0c1e793e1048cb806b2bb56315cc04ea14ecbcd0d6,sha256_verified,"[""base_asset"",""quote_asset"",""received_utc"",""exchange_timestamp_utc"",""source_url"",""source_params_json""]",2026-08-20,,2026-08-20T06:11:52.653032+00:00,,,legacy_unavailable,valr,USDTZAR,ZAR,USDT,,,,stablecoin_tokens,1 stablecoin token = 1 USD; no FX conversion,,,sell_stablecoin_base_hit_bids,valr_usdtzar_raw.json,e5e2ff6294f2544755d1da0c1e793e1048cb806b2bb56315cc04ea14ecbcd0d6,100,16.145400000000002,16.1426,16.1482,1610389.0775999997,1610389.0775999997,25975988.551258113,True,False,33,
native_l2,legacy:2026-08-20,legacy_directory_identifier,data/exact_l2/2026-08-20,legacy_day_root,legacy,data/exact_l2/2026-08-20/manifest.json,0f0432c975e06714d91f7bc7e39b2bf7b5aec3e41f525a67050141734a3b7417,data/exact_l2/2026-08-20/threshold_depth.csv,778d3d29f6c11393a71f5a210e32fff261a869d15c071f5afda5dd60132695ef,data/exact_l2/2026-08-20/valr_usdtzar_raw.json,e5e2ff6294f2544755d1da0c1e793e1048cb806b2bb56315cc04ea14ecbcd0d6,sha256_verified,"[""base_asset"",""quote_asset"",""received_utc"",""exchange_timestamp_utc"",""source_url"",""source_params_json""]",2026-08-20,,2026-08-20T06:11:52.653032+00:00,,,legacy_unavailable,valr,USDTZAR,ZAR,USDT,,,,stablecoin_tokens,1 stablecoin token = 1 USD; no FX conversion,,,sell_stablecoin_base_hit_bids,valr_usdtzar_raw.json,e5e2ff6294f2544755d1da0c1e793e1048cb806b2bb56315cc04ea14ecbcd0d6,200,16.145400000000002,16.1426,16.1482,1610389.0775999997,1610389.0775999997,25975988.551258113,True,False,33,
native_l2,legacy:2026-08-20,legacy_directory_identifier,data/exact_l2/2026-08-20,legacy_day_root,legacy,data/exact_l2/2026-08-20/manifest.json,0f0432c975e06714d91f7bc7e39b2bf7b5aec3e41f525a67050141734a3b7417,data/exact_l2/2026-08-20/threshold_depth.csv,778d3d29f6c11393a71f5a210e32fff261a869d15c071f5afda5dd60132695ef,data/exact_l2/2026-08-20/bitkub_usdt_thb_raw.json,a646237954bd9813823ce07297b494ddc923b61557ba4759b158a167ba53be1f,sha256_verified,"[""base_asset"",""quote_asset"",""received_utc"",""exchange_timestamp_utc"",""source_url"",""source_params_json""]",2026-08-20,,2026-08-20T06:11:52.852951+00:00,,,legacy_unavailable,bitkub,usdt_thb,THB,USDT,,,,stablecoin_tokens,1 stablecoin token = 1 USD; no FX conversion,,,sell_stablecoin_base_hit_bids,bitkub_usdt_thb_raw.json,a646237954bd9813823ce07297b494ddc923b61557ba4759b158a167ba53be1f,10,32.815,32.81,32.82,408367.0,408367.0,13397656.026900003,True,False,3,
native_l2,legacy:2026-08-20,legacy_directory_identifier,data/exact_l2/2026-08-20,legacy_day_root,legacy,data/exact_l2/2026-08-20/manifest.json,0f0432c975e06714d91f7bc7e39b2bf7b5aec3e41f525a67050141734a3b7417,data/exact_l2/2026-08-20/threshold_depth.csv,778d3d29f6c11393a71f5a210e32fff261a869d15c071f5afda5dd60132695ef,data/exact_l2/2026-08-20/bitkub_usdt_thb_raw.json,a646237954bd9813823ce07297b494ddc923b61557ba4759b158a167ba53be1f,sha256_verified,"[""base_asset"",""quote_asset"",""received_utc"",""exchange_timestamp_utc"",""source_url"",""source_params_json""]",2026-08-20,,2026-08-20T06:11:52.852951+00:00,,,legacy_unavailable,bitkub,usdt_thb,THB,USDT,,,,stablecoin_tokens,1 stablecoin token = 1 USD; no FX conversion,,,sell_stablecoin_base_hit_bids,bitkub_usdt_thb_raw.json,a646237954bd9813823ce07297b494ddc923b61557ba4759b158a167ba53be1f,50,32.815,32.81,32.82,730750.58,730750.58,23952338.044400003,True,False,14,
native_l2,legacy:2026-08-20,legacy_directory_identifier,data/exact_l2/2026-08-20,legacy_day_root,legacy,data/exact_l2/2026-08-20/manifest.json,0f0432c975e06714d91f7bc7e39b2bf7b5aec3e41f525a67050141734a3b7417,data/exact_l2/2026-08-20/threshold_depth.csv,778d3d29f6c11393a71f5a210e32fff261a869d15c071f5afda5dd60132695ef,data/exact_l2/2026-08-20/bitkub_usdt_thb_raw.json,a646237954bd9813823ce07297b494ddc923b61557ba4759b158a167ba53be1f,sha256_verified,"[""base_asset"",""quote_asset"",""received_utc"",""exchange_timestamp_utc"",""source_url"",""source_params_json""]",2026-08-20,,2026-08-20T06:11:52.852951+00:00,,,legacy_unavailable,bitkub,usdt_thb,THB,USDT,,,,stablecoin_tokens,1 stablecoin token = 1 USD; no FX conversion,,,sell_stablecoin_base_hit_bids,bitkub_usdt_thb_raw.json,a646237954bd9813823ce07297b494ddc923b61557ba4759b158a167ba53be1f,100,32.815,32.81,32.82,1043955.9599999998,1043955.9599999998,34156548.4885,True,False,23,
native_l2,legacy:2026-08-20,legacy_directory_identifier,data/exact_l2/2026-08-20,legacy_day_root,legacy,data/exact_l2/2026-08-20/manifest.json,0f0432c975e06714d91f7bc7e39b2bf7b5aec3e41f525a67050141734a3b7417,data/exact_l2/2026-08-20/threshold_depth.csv,778d3d29f6c11393a71f5a210e32fff261a869d15c071f5afda5dd60132695ef,data/exact_l2/2026-08-20/bitkub_usdt_thb_raw.json,a646237954bd9813823ce07297b494ddc923b61557ba4759b158a167ba53be1f,sha256_verified,"[""base_asset"",""quote_asset"",""received_utc"",""exchange_timestamp_utc"",""source_url"",""source_params_json""]",2026-08-20,,2026-08-20T06:11:52.852951+00:00,,,legacy_unavailable,bitkub,usdt_thb,THB,USDT,,,,stablecoin_tokens,1 stablecoin token = 1 USD; no FX conversion,,,sell_stablecoin_base_hit_bids,bitkub_usdt_thb_raw.json,a646237954bd9813823ce07297b494ddc923b61557ba4759b158a167ba53be1f,200,32.815,32.81,32.82,1101368.9200000004,1101368.9200000004,36010483.257899985,True,False,44,
native_l2,legacy:2026-08-21,legacy_directory_identifier,data/exact_l2/2026-08-21,legacy_day_root,legacy,data/exact_l2/2026-08-21/manifest.json,6f538bd6ed380719b46db948ba0ca958b51c04e27493fb3228ff6e93e24c855f,data/exact_l2/2026-08-21/threshold_depth.csv,808fb39c4b3acb4b29c81244f0f3e641a9aa5b3d9ac02c450b98152ed8a82f69,data/exact_l2/2026-08-21/valr_usdtzar_raw.json,89cbaff19456d71ec969b465bb5c223737f8d442bdd8da6ada29439db757acef,sha256_verified,"[""base_asset"",""quote_asset"",""received_utc"",""exchange_timestamp_utc"",""source_url"",""source_params_json""]",2026-08-21,,2026-08-21T06:13:50.198865+00:00,,,legacy_unavailable,valr,USDTZAR,ZAR,USDT,,,,stablecoin_tokens,1 stablecoin token = 1 USD; no FX conversion,,,sell_stablecoin_base_hit_bids,valr_usdtzar_raw.json,89cbaff19456d71ec969b465bb5c223737f8d442bdd8da6ada29439db757acef,10,16.160800000000002,16.1605,16.1611,1449944.6113999998,1449944.6113999998,23425503.325310733,True,False,20,
native_l2,legacy:2026-08-21,legacy_directory_identifier,data/exact_l2/2026-08-21,legacy_day_root,legacy,data/exact_l2/2026-08-21/manifest.json,6f538bd6ed380719b46db948ba0ca958b51c04e27493fb3228ff6e93e24c855f,data/exact_l2/2026-08-21/threshold_depth.csv,808fb39c4b3acb4b29c81244f0f3e641a9aa5b3d9ac02c450b98152ed8a82f69,data/exact_l2/2026-08-21/valr_usdtzar_raw.json,89cbaff19456d71ec969b465bb5c223737f8d442bdd8da6ada29439db757acef,sha256_verified,"[""base_asset"",""quote_asset"",""received_utc"",""exchange_timestamp_utc"",""source_url"",""source_params_json""]",2026-08-21,,2026-08-21T06:13:50.198865+00:00,,,legacy_unavailable,valr,USDTZAR,ZAR,USDT,,,,stablecoin_tokens,1 stablecoin token = 1 USD; no FX conversion,,,sell_stablecoin_base_hit_bids,valr_usdtzar_raw.json,89cbaff19456d71ec969b465bb5c223737f8d442bdd8da6ada29439db757acef,50,16.160800000000002,16.1605,16.1611,1621201.4115999995,1621201.4115999995,26187902.49464345,True,False,37,
native_l2,legacy:2026-08-21,legacy_directory_identifier,data/exact_l2/2026-08-21,legacy_day_root,legacy,data/exact_l2/2026-08-21/manifest.json,6f538bd6ed380719b46db948ba0ca958b51c04e27493fb3228ff6e93e24c855f,data/exact_l2/2026-08-21/threshold_depth.csv,808fb39c4b3acb4b29c81244f0f3e641a9aa5b3d9ac02c450b98152ed8a82f69,data/exact_l2/2026-08-21/valr_usdtzar_raw.json,89cbaff19456d71ec969b465bb5c223737f8d442bdd8da6ada29439db757acef,sha256_verified,"[""base_asset"",""quote_asset"",""received_utc"",""exchange_timestamp_utc"",""source_url"",""source_params_json""]",2026-08-21,,2026-08-21T06:13:50.198865+00:00,,,legacy_unavailable,valr,USDTZAR,ZAR,USDT,,,,stablecoin_tokens,1 stablecoin token = 1 USD; no FX conversion,,,sell_stablecoin_base_hit_bids,valr_usdtzar_raw.json,89cbaff19456d71ec969b465bb5c223737f8d442bdd8da6ada29439db757acef,100,16.160800000000002,16.1605,16.1611,1671329.9756999994,1671329.9756999994,26991745.82623044,True,False,59,
native_l2,legacy:2026-08-21,legacy_directory_identifier,data/exact_l2/2026-08-21,legacy_day_root,legacy,data/exact_l2/2026-08-21/manifest.json,6f538bd6ed380719b46db948ba0ca958b51c04e27493fb3228ff6e93e24c855f,data/exact_l2/2026-08-21/threshold_depth.csv,808fb39c4b3acb4b29c81244f0f3e641a9aa5b3d9ac02c450b98152ed8a82f69,data/exact_l2/2026-08-21/valr_usdtzar_raw.json,89cbaff19456d71ec969b465bb5c223737f8d442bdd8da6ada29439db757acef,sha256_verified,"[""base_asset"",""quote_asset"",""received_utc"",""exchange_timestamp_utc"",""source_url"",""source_params_json""]",2026-08-21,,2026-08-21T06:13:50.198865+00:00,,,legacy_unavailable,valr,USDTZAR,ZAR,USDT,,,,stablecoin_tokens,1 stablecoin token = 1 USD; no FX conversion,,,sell_stablecoin_base_hit_bids,valr_usdtzar_raw.json,89cbaff19456d71ec969b465bb5c223737f8d442bdd8da6ada29439db757acef,200,16.160800000000002,16.1605,16.1611,1674592.2712999994,1674592.2712999994,27043613.65327044,True,False,61,
native_l2,legacy:2026-08-21,legacy_directory_identifier,data/exact_l2/2026-08-21,legacy_day_root,legacy,data/exact_l2/2026-08-21/manifest.json,6f538bd6ed380719b46db948ba0ca958b51c04e27493fb3228ff6e93e24c855f,data/exact_l2/2026-08-21/threshold_depth.csv,808fb39c4b3acb4b29c81244f0f3e641a9aa5b3d9ac02c450b98152ed8a82f69,data/exact_l2/2026-08-21/bitkub_usdt_thb_raw.json,ffe707ed974a7b323f1cc59542123e7370ec7622622da4959e113474f4b5e2e2,sha256_verified,"[""base_asset"",""quote_asset"",""received_utc"",""exchange_timestamp_utc"",""source_url"",""source_params_json""]",2026-08-21,,2026-08-21T06:13:50.426910+00:00,,,legacy_unavailable,bitkub,usdt_thb,THB,USDT,,,,stablecoin_tokens,1 stablecoin token = 1 USD; no FX conversion,,,sell_stablecoin_base_hit_bids,bitkub_usdt_thb_raw.json,ffe707ed974a7b323f1cc59542123e7370ec7622622da4959e113474f4b5e2e2,10,32.745000000000005,32.74,32.75,1524452.5899999999,1524452.5899999999,49896632.8213,True,False,3,
native_l2,legacy:2026-08-21,legacy_directory_identifier,data/exact_l2/2026-08-21,legacy_day_root,legacy,data/exact_l2/2026-08-21/manifest.json,6f538bd6ed380719b46db948ba0ca958b51c04e27493fb3228ff6e93e24c855f,data/exact_l2/2026-08-21/threshold_depth.csv,808fb39c4b3acb4b29c81244f0f3e641a9aa5b3d9ac02c450b98152ed8a82f69,data/exact_l2/2026-08-21/bitkub_usdt_thb_raw.json,ffe707ed974a7b323f1cc59542123e7370ec7622622da4959e113474f4b5e2e2,sha256_verified,"[""base_asset"",""quote_asset"",""received_utc"",""exchange_timestamp_utc"",""source_url"",""source_params_json""]",2026-08-21,,2026-08-21T06:13:50.426910+00:00,,,legacy_unavailable,bitkub,usdt_thb,THB,USDT,,,,stablecoin_tokens,1 stablecoin token = 1 USD; no FX conversion,,,sell_stablecoin_base_hit_bids,bitkub_usdt_thb_raw.json,ffe707ed974a7b323f1cc59542123e7370ec7622622da4959e113474f4b5e2e2,50,32.745000000000005,32.74,32.75,1974450.6300000001,1974450.6300000001,64600138.2516,True,False,13,
native_l2,legacy:2026-08-21,legacy_directory_identifier,data/exact_l2/2026-08-21,legacy_day_root,legacy,data/exact_l2/2026-08-21/manifest.json,6f538bd6ed380719b46db948ba0ca958b51c04e27493fb3228ff6e93e24c855f,data/exact_l2/2026-08-21/threshold_depth.csv,808fb39c4b3acb4b29c81244f0f3e641a9aa5b3d9ac02c450b98152ed8a82f69,data/exact_l2/2026-08-21/bitkub_usdt_thb_raw.json,ffe707ed974a7b323f1cc59542123e7370ec7622622da4959e113474f4b5e2e2,sha256_verified,"[""base_asset"",""quote_asset"",""received_utc"",""exchange_timestamp_utc"",""source_url"",""source_params_json""]",2026-08-21,,2026-08-21T06:13:50.426910+00:00,,,legacy_unavailable,bitkub,usdt_thb,THB,USDT,,,,stablecoin_tokens,1 stablecoin token = 1 USD; no FX conversion,,,sell_stablecoin_base_hit_bids,bitkub_usdt_thb_raw.json,ffe707ed974a7b323f1cc59542123e7370ec7622622da4959e113474f4b5e2e2,100,32.745000000000005,32.74,32.75,2238091.3099999996,2238091.3099999996,73168923.25600001,True,False,24,
native_l2,legacy:2026-08-21,legacy_directory_identifier,data/exact_l2/2026-08-21,legacy_day_root,legacy,data/exact_l2/2026-08-21/manifest.json,6f538bd6ed380719b46db948ba0ca958b51c04e27493fb3228ff6e93e24c855f,data/exact_l2/2026-08-21/threshold_depth.csv,808fb39c4b3acb4b29c81244f0f3e641a9aa5b3d9ac02c450b98152ed8a82f69,data/exact_l2/2026-08-21/bitkub_usdt_thb_raw.json,ffe707ed974a7b323f1cc59542123e7370ec7622622da4959e113474f4b5e2e2,sha256_verified,"[""base_asset"",""quote_asset"",""received_utc"",""exchange_timestamp_utc"",""source_url"",""source_params_json""]",2026-08-21,,2026-08-21T06:13:50.426910+00:00,,,legacy_unavailable,bitkub,usdt_thb,THB,USDT,,,,stablecoin_tokens,1 stablecoin token = 1 USD; no FX conversion,,,sell_stablecoin_base_hit_bids,bitkub_usdt_thb_raw.json,ffe707ed974a7b323f1cc59542123e7370ec7622622da4959e113474f4b5e2e2,200,32.745000000000005,32.74,32.75,2307261.689999999,2307261.689999999,75403209.69690004,True,False,46,
native_l2,legacy:2026-08-22,legacy_directory_identifier,data/exact_l2/2026-08-22,legacy_day_root,legacy,data/exact_l2/2026-08-22/manifest.json,f4f768751a793b778b1162945fcd30e14c5048736b564578a92b3505ec6fcf0d,data/exact_l2/2026-08-22/threshold_depth.csv,e7a60f97b3656d033f896316a38d2dc43ac29612a6759c7b4b85fb651041ea9b,data/exact_l2/2026-08-22/valr_usdtzar_raw.json,c5ffcd9dbebb36d6e4115390fd9546fd45acc3949ae723068e1841141f61ef6c,sha256_verified,"[""base_asset"",""quote_asset"",""received_utc"",""exchange_timestamp_utc"",""source_url"",""source_params_json""]",2026-08-22,,2026-08-22T06:10:21.598897+00:00,,,legacy_unavailable,valr,USDTZAR,ZAR,USDT,,,,stablecoin_tokens,1 stablecoin token = 1 USD; no FX conversion,,,sell_stablecoin_base_hit_bids,valr_usdtzar_raw.json,c5ffcd9dbebb36d6e4115390fd9546fd45acc3949ae723068e1841141f61ef6c,10,16.138150000000003,16.1381,16.1382,641829.7139,641829.7139,10356874.356159091,True,False,21,
native_l2,legacy:2026-08-22,legacy_directory_identifier,data/exact_l2/2026-08-22,legacy_day_root,legacy,data/exact_l2/2026-08-22/manifest.json,f4f768751a793b778b1162945fcd30e14c5048736b564578a92b3505ec6fcf0d,data/exact_l2/2026-08-22/threshold_depth.csv,e7a60f97b3656d033f896316a38d2dc43ac29612a6759c7b4b85fb651041ea9b,data/exact_l2/2026-08-22/valr_usdtzar_raw.json,c5ffcd9dbebb36d6e4115390fd9546fd45acc3949ae723068e1841141f61ef6c,sha256_verified,"[""base_asset"",""quote_asset"",""received_utc"",""exchange_timestamp_utc"",""source_url"",""source_params_json""]",2026-08-22,,2026-08-22T06:10:21.598897+00:00,,,legacy_unavailable,valr,USDTZAR,ZAR,USDT,,,,stablecoin_tokens,1 stablecoin token = 1 USD; no FX conversion,,,sell_stablecoin_base_hit_bids,valr_usdtzar_raw.json,c5ffcd9dbebb36d6e4115390fd9546fd45acc3949ae723068e1841141f61ef6c,50,16.138150000000003,16.1381,16.1382,836018.251,836018.251,13483478.688921098,True,False,45,
native_l2,legacy:2026-08-22,legacy_directory_identifier,data/exact_l2/2026-08-22,legacy_day_root,legacy,data/exact_l2/2026-08-22/manifest.json,f4f768751a793b778b1162945fcd30e14c5048736b564578a92b3505ec6fcf0d,data/exact_l2/2026-08-22/threshold_depth.csv,e7a60f97b3656d033f896316a38d2dc43ac29612a6759c7b4b85fb651041ea9b,data/exact_l2/2026-08-22/valr_usdtzar_raw.json,c5ffcd9dbebb36d6e4115390fd9546fd45acc3949ae723068e1841141f61ef6c,sha256_verified,"[""base_asset"",""quote_asset"",""received_utc"",""exchange_timestamp_utc"",""source_url"",""source_params_json""]",2026-08-22,,2026-08-22T06:10:21.598897+00:00,,,legacy_unavailable,valr,USDTZAR,ZAR,USDT,,,,stablecoin_tokens,1 stablecoin token = 1 USD; no FX conversion,,,sell_stablecoin_base_hit_bids,valr_usdtzar_raw.json,c5ffcd9dbebb36d6e4115390fd9546fd45acc3949ae723068e1841141f61ef6c,100,16.138150000000003,16.1381,16.1382,856566.7097,856566.7097,13813259.283544777,True,False,57,
native_l2,legacy:2026-08-22,legacy_directory_identifier,data/exact_l2/2026-08-22,legacy_day_root,legacy,data/exact_l2/2026-08-22/manifest.json,f4f768751a793b778b1162945fcd30e14c5048736b564578a92b3505ec6fcf0d,data/exact_l2/2026-08-22/threshold_depth.csv,e7a60f97b3656d033f896316a38d2dc43ac29612a6759c7b4b85fb651041ea9b,data/exact_l2/2026-08-22/valr_usdtzar_raw.json,c5ffcd9dbebb36d6e4115390fd9546fd45acc3949ae723068e1841141f61ef6c,sha256_verified,"[""base_asset"",""quote_asset"",""received_utc"",""exchange_timestamp_utc"",""source_url"",""source_params_json""]",2026-08-22,,2026-08-22T06:10:21.598897+00:00,,,legacy_unavailable,valr,USDTZAR,ZAR,USDT,,,,stablecoin_tokens,1 stablecoin token = 1 USD; no FX conversion,,,sell_stablecoin_base_hit_bids,valr_usdtzar_raw.json,c5ffcd9dbebb36d6e4115390fd9546fd45acc3949ae723068e1841141f61ef6c,200,16.138150000000003,16.1381,16.1382,859334.0053,859334.0053,13857259.283584777,True,False,58,
native_l2,legacy:2026-08-22,legacy_directory_identifier,data/exact_l2/2026-08-22,legacy_day_root,legacy,data/exact_l2/2026-08-22/manifest.json,f4f768751a793b778b1162945fcd30e14c5048736b564578a92b3505ec6fcf0d,data/exact_l2/2026-08-22/threshold_depth.csv,e7a60f97b3656d033f896316a38d2dc43ac29612a6759c7b4b85fb651041ea9b,data/exact_l2/2026-08-22/bitkub_usdt_thb_raw.json,da6d27211d58d03873d10be0557dd67d805b6f06f0c672872d948934642f65be,sha256_verified,"[""base_asset"",""quote_asset"",""received_utc"",""exchange_timestamp_utc"",""source_url"",""source_params_json""]",2026-08-22,,2026-08-22T06:10:21.838069+00:00,,,legacy_unavailable,bitkub,usdt_thb,THB,USDT,,,,stablecoin_tokens,1 stablecoin token = 1 USD; no FX conversion,,,sell_stablecoin_base_hit_bids,bitkub_usdt_thb_raw.json,da6d27211d58d03873d10be0557dd67d805b6f06f0c672872d948934642f65be,10,32.325,32.32,32.33,363317.36,363317.36,11738244.2121,True,False,3,
native_l2,legacy:2026-08-22,legacy_directory_identifier,data/exact_l2/2026-08-22,legacy_day_root,legacy,data/exact_l2/2026-08-22/manifest.json,f4f768751a793b778b1162945fcd30e14c5048736b564578a92b3505ec6fcf0d,data/exact_l2/2026-08-22/threshold_depth.csv,e7a60f97b3656d033f896316a38d2dc43ac29612a6759c7b4b85fb651041ea9b,data/exact_l2/2026-08-22/bitkub_usdt_thb_raw.json,da6d27211d58d03873d10be0557dd67d805b6f06f0c672872d948934642f65be,sha256_verified,"[""base_asset"",""quote_asset"",""received_utc"",""exchange_timestamp_utc"",""source_url"",""source_params_json""]",2026-08-22,,2026-08-22T06:10:21.838069+00:00,,,legacy_unavailable,bitkub,usdt_thb,THB,USDT,,,,stablecoin_tokens,1 stablecoin token = 1 USD; no FX conversion,,,sell_stablecoin_base_hit_bids,bitkub_usdt_thb_raw.json,da6d27211d58d03873d10be0557dd67d805b6f06f0c672872d948934642f65be,50,32.325,32.32,32.33,1151852.63,1151852.63,37168672.792,True,False,16,
native_l2,legacy:2026-08-22,legacy_directory_identifier,data/exact_l2/2026-08-22,legacy_day_root,legacy,data/exact_l2/2026-08-22/manifest.json,f4f768751a793b778b1162945fcd30e14c5048736b564578a92b3505ec6fcf0d,data/exact_l2/2026-08-22/threshold_depth.csv,e7a60f97b3656d033f896316a38d2dc43ac29612a6759c7b4b85fb651041ea9b,data/exact_l2/2026-08-22/bitkub_usdt_thb_raw.json,da6d27211d58d03873d10be0557dd67d805b6f06f0c672872d948934642f65be,sha256_verified,"[""base_asset"",""quote_asset"",""received_utc"",""exchange_timestamp_utc"",""source_url"",""source_params_json""]",2026-08-22,,2026-08-22T06:10:21.838069+00:00,,,legacy_unavailable,bitkub,usdt_thb,THB,USDT,,,,stablecoin_tokens,1 stablecoin token = 1 USD; no FX conversion,,,sell_stablecoin_base_hit_bids,bitkub_usdt_thb_raw.json,da6d27211d58d03873d10be0557dd67d805b6f06f0c672872d948934642f65be,100,32.325,32.32,32.33,1469933.5100000005,1469933.5100000005,47381713.3674,True,False,32,
native_l2,legacy:2026-08-22,legacy_directory_identifier,data/exact_l2/2026-08-22,legacy_day_root,legacy,data/exact_l2/2026-08-22/manifest.json,f4f768751a793b778b1162945fcd30e14c5048736b564578a92b3505ec6fcf0d,data/exact_l2/2026-08-22/threshold_depth.csv,e7a60f97b3656d033f896316a38d2dc43ac29612a6759c7b4b85fb651041ea9b,data/exact_l2/2026-08-22/bitkub_usdt_thb_raw.json,da6d27211d58d03873d10be0557dd67d805b6f06f0c672872d948934642f65be,sha256_verified,"[""base_asset"",""quote_asset"",""received_utc"",""exchange_timestamp_utc"",""source_url"",""source_params_json""]",2026-08-22,,2026-08-22T06:10:21.838069+00:00,,,legacy_unavailable,bitkub,usdt_thb,THB,USDT,,,,stablecoin_tokens,1 stablecoin token = 1 USD; no FX conversion,,,sell_stablecoin_base_hit_bids,bitkub_usdt_thb_raw.json,da6d27211d58d03873d10be0557dd67d805b6f06f0c672872d948934642f65be,200,32.325,32.32,32.33,1842332.0800000003,1842332.0800000003,59285652.93850001,True,False,51,
native_l2,legacy:2026-08-23,legacy_directory_identifier,data/exact_l2/2026-08-23,legacy_day_root,legacy,data/exact_l2/2026-08-23/manifest.json,9f1dea24c4eb9059e86e2634b0b9983489f87a349d1ee989ff99d4f81dd921b5,data/exact_l2/2026-08-23/threshold_depth.csv,56445b5a725ab347f392cfeb9452e29189b7f0bd87f450a55e4458325ba807f5,data/exact_l2/2026-08-23/valr_usdtzar_raw.json,b172de15e14f3e016590de2253dfe8dee4b522b079e138ffdb590851d12a657b,sha256_verified,"[""base_asset"",""quote_asset"",""received_utc"",""exchange_timestamp_utc"",""source_url"",""source_params_json""]",2026-08-23,,2026-08-23T06:09:40.380367+00:00,,,legacy_unavailable,valr,USDTZAR,ZAR,USDT,,,,stablecoin_tokens,1 stablecoin token = 1 USD; no FX conversion,,,sell_stablecoin_base_hit_bids,valr_usdtzar_raw.json,b172de15e14f3e016590de2253dfe8dee4b522b079e138ffdb590851d12a657b,10,16.146949999999997,16.1439,16.15,61057.9492,61057.9492,985382.52733727,True,False,14,
native_l2,legacy:2026-08-23,legacy_directory_identifier,data/exact_l2/2026-08-23,legacy_day_root,legacy,data/exact_l2/2026-08-23/manifest.json,9f1dea24c4eb9059e86e2634b0b9983489f87a349d1ee989ff99d4f81dd921b5,data/exact_l2/2026-08-23/threshold_depth.csv,56445b5a725ab347f392cfeb9452e29189b7f0bd87f450a55e4458325ba807f5,data/exact_l2/2026-08-23/valr_usdtzar_raw.json,b172de15e14f3e016590de2253dfe8dee4b522b079e138ffdb590851d12a657b,sha256_verified,"[""base_asset"",""quote_asset"",""received_utc"",""exchange_timestamp_utc"",""source_url"",""source_params_json""]",2026-08-23,,2026-08-23T06:09:40.380367+00:00,,,legacy_unavailable,valr,USDTZAR,ZAR,USDT,,,,stablecoin_tokens,1 stablecoin token = 1 USD; no FX conversion,,,sell_stablecoin_base_hit_bids,valr_usdtzar_raw.json,b172de15e14f3e016590de2253dfe8dee4b522b079e138ffdb590851d12a657b,50,16.146949999999997,16.1439,16.15,356398.1444,356398.1444,5741458.773260241,True,False,37,
native_l2,legacy:2026-08-23,legacy_directory_identifier,data/exact_l2/2026-08-23,legacy_day_root,legacy,data/exact_l2/2026-08-23/manifest.json,9f1dea24c4eb9059e86e2634b0b9983489f87a349d1ee989ff99d4f81dd921b5,data/exact_l2/2026-08-23/threshold_depth.csv,56445b5a725ab347f392cfeb9452e29189b7f0bd87f450a55e4458325ba807f5,data/exact_l2/2026-08-23/valr_usdtzar_raw.json,b172de15e14f3e016590de2253dfe8dee4b522b079e138ffdb590851d12a657b,sha256_verified,"[""base_asset"",""quote_asset"",""received_utc"",""exchange_timestamp_utc"",""source_url"",""source_params_json""]",2026-08-23,,2026-08-23T06:09:40.380367+00:00,,,legacy_unavailable,valr,USDTZAR,ZAR,USDT,,,,stablecoin_tokens,1 stablecoin token = 1 USD; no FX conversion,,,sell_stablecoin_base_hit_bids,valr_usdtzar_raw.json,b172de15e14f3e016590de2253dfe8dee4b522b079e138ffdb590851d12a657b,100,16.146949999999997,16.1439,16.15,376971.5336,376971.5336,6071728.523104993,True,False,55,
native_l2,legacy:2026-08-23,legacy_directory_identifier,data/exact_l2/2026-08-23,legacy_day_root,legacy,data/exact_l2/2026-08-23/manifest.json,9f1dea24c4eb9059e86e2634b0b9983489f87a349d1ee989ff99d4f81dd921b5,data/exact_l2/2026-08-23/threshold_depth.csv,56445b5a725ab347f392cfeb9452e29189b7f0bd87f450a55e4458325ba807f5,data/exact_l2/2026-08-23/valr_usdtzar_raw.json,b172de15e14f3e016590de2253dfe8dee4b522b079e138ffdb590851d12a657b,sha256_verified,"[""base_asset"",""quote_asset"",""received_utc"",""exchange_timestamp_utc"",""source_url"",""source_params_json""]",2026-08-23,,2026-08-23T06:09:40.380367+00:00,,,legacy_unavailable,valr,USDTZAR,ZAR,USDT,,,,stablecoin_tokens,1 stablecoin token = 1 USD; no FX conversion,,,sell_stablecoin_base_hit_bids,valr_usdtzar_raw.json,b172de15e14f3e016590de2253dfe8dee4b522b079e138ffdb590851d12a657b,200,16.146949999999997,16.1439,16.15,379738.82920000004,379738.82920000004,6115728.523144993,True,False,56,
native_l2,legacy:2026-08-23,legacy_directory_identifier,data/exact_l2/2026-08-23,legacy_day_root,legacy,data/exact_l2/2026-08-23/manifest.json,9f1dea24c4eb9059e86e2634b0b9983489f87a349d1ee989ff99d4f81dd921b5,data/exact_l2/2026-08-23/threshold_depth.csv,56445b5a725ab347f392cfeb9452e29189b7f0bd87f450a55e4458325ba807f5,data/exact_l2/2026-08-23/bitkub_usdt_thb_raw.json,951a0499afdac6d5e310957ad991e7881b68038d7dfc56a325f98cc8b0362bb4,sha256_verified,"[""base_asset"",""quote_asset"",""received_utc"",""exchange_timestamp_utc"",""source_url"",""source_params_json""]",2026-08-23,,2026-08-23T06:09:40.714311+00:00,,,legacy_unavailable,bitkub,usdt_thb,THB,USDT,,,,stablecoin_tokens,1 stablecoin token = 1 USD; no FX conversion,,,sell_stablecoin_base_hit_bids,bitkub_usdt_thb_raw.json,951a0499afdac6d5e310957ad991e7881b68038d7dfc56a325f98cc8b0362bb4,10,32.565,32.56,32.57,262320.56,262320.56,8539366.7561,True,False,3,
native_l2,legacy:2026-08-23,legacy_directory_identifier,data/exact_l2/2026-08-23,legacy_day_root,legacy,data/exact_l2/2026-08-23/manifest.json,9f1dea24c4eb9059e86e2634b0b9983489f87a349d1ee989ff99d4f81dd921b5,data/exact_l2/2026-08-23/threshold_depth.csv,56445b5a725ab347f392cfeb9452e29189b7f0bd87f450a55e4458325ba807f5,data/exact_l2/2026-08-23/bitkub_usdt_thb_raw.json,951a0499afdac6d5e310957ad991e7881b68038d7dfc56a325f98cc8b0362bb4,sha256_verified,"[""base_asset"",""quote_asset"",""received_utc"",""exchange_timestamp_utc"",""source_url"",""source_params_json""]",2026-08-23,,2026-08-23T06:09:40.714311+00:00,,,legacy_unavailable,bitkub,usdt_thb,THB,USDT,,,,stablecoin_tokens,1 stablecoin token = 1 USD; no FX conversion,,,sell_stablecoin_base_hit_bids,bitkub_usdt_thb_raw.json,951a0499afdac6d5e310957ad991e7881b68038d7dfc56a325f98cc8b0362bb4,50,32.565,32.56,32.57,467195.22,467195.22,15190249.4323,True,False,13,
native_l2,legacy:2026-08-23,legacy_directory_identifier,data/exact_l2/2026-08-23,legacy_day_root,legacy,data/exact_l2/2026-08-23/manifest.json,9f1dea24c4eb9059e86e2634b0b9983489f87a349d1ee989ff99d4f81dd921b5,data/exact_l2/2026-08-23/threshold_depth.csv,56445b5a725ab347f392cfeb9452e29189b7f0bd87f450a55e4458325ba807f5,data/exact_l2/2026-08-23/bitkub_usdt_thb_raw.json,951a0499afdac6d5e310957ad991e7881b68038d7dfc56a325f98cc8b0362bb4,sha256_verified,"[""base_asset"",""quote_asset"",""received_utc"",""exchange_timestamp_utc"",""source_url"",""source_params_json""]",2026-08-23,,2026-08-23T06:09:40.714311+00:00,,,legacy_unavailable,bitkub,usdt_thb,THB,USDT,,,,stablecoin_tokens,1 stablecoin token = 1 USD; no FX conversion,,,sell_stablecoin_base_hit_bids,bitkub_usdt_thb_raw.json,951a0499afdac6d5e310957ad991e7881b68038d7dfc56a325f98cc8b0362bb4,100,32.565,32.56,32.57,924903.11,924903.11,29994834.293899994,True,False,22,
native_l2,legacy:2026-08-23,legacy_directory_identifier,data/exact_l2/2026-08-23,legacy_day_root,legacy,data/exact_l2/2026-08-23/manifest.json,9f1dea24c4eb9059e86e2634b0b9983489f87a349d1ee989ff99d4f81dd921b5,data/exact_l2/2026-08-23/threshold_depth.csv,56445b5a725ab347f392cfeb9452e29189b7f0bd87f450a55e4458325ba807f5,data/exact_l2/2026-08-23/bitkub_usdt_thb_raw.json,951a0499afdac6d5e310957ad991e7881b68038d7dfc56a325f98cc8b0362bb4,sha256_verified,"[""base_asset"",""quote_asset"",""received_utc"",""exchange_timestamp_utc"",""source_url"",""source_params_json""]",2026-08-23,,2026-08-23T06:09:40.714311+00:00,,,legacy_unavailable,bitkub,usdt_thb,THB,USDT,,,,stablecoin_tokens,1 stablecoin token = 1 USD; no FX conversion,,,sell_stablecoin_base_hit_bids,bitkub_usdt_thb_raw.json,951a0499afdac6d5e310957ad991e7881b68038d7dfc56a325f98cc8b0362bb4,200,32.565,32.56,32.57,1533440.5499999998,1533440.5499999998,49518457.1574,True,False,47,
native_l2,legacy:2026-08-24,legacy_directory_identifier,data/exact_l2/2026-08-24,legacy_day_root,legacy,data/exact_l2/2026-08-24/manifest.json,ce983bd9db9c611a8cb9b82bf3b6f47f589c7749edba69447478ab5d30af63d3,data/exact_l2/2026-08-24/threshold_depth.csv,8e6acb65501b2caeab6cf82875752d46d9cc723bca15afe0dbacc9f5b35385de,data/exact_l2/2026-08-24/valr_usdtzar_raw.json,e54ffe06b6af55680144f066cf6747eb5d5173afc076ec23a61b64c125b86ed4,sha256_verified,"[""base_asset"",""quote_asset"",""received_utc"",""exchange_timestamp_utc"",""source_url"",""source_params_json""]",2026-08-24,,2026-08-24T06:17:47.641669+00:00,,,legacy_unavailable,valr,USDTZAR,ZAR,USDT,,,,stablecoin_tokens,1 stablecoin token = 1 USD; no FX conversion,,,sell_stablecoin_base_hit_bids,valr_usdtzar_raw.json,e54ffe06b6af55680144f066cf6747eb5d5173afc076ec23a61b64c125b86ed4,10,16.10445,16.1044,16.1045,869523.3087,869523.3087,13996505.35454278,True,False,16,
native_l2,legacy:2026-08-24,legacy_directory_identifier,data/exact_l2/2026-08-24,legacy_day_root,legacy,data/exact_l2/2026-08-24/manifest.json,ce983bd9db9c611a8cb9b82bf3b6f47f589c7749edba69447478ab5d30af63d3,data/exact_l2/2026-08-24/threshold_depth.csv,8e6acb65501b2caeab6cf82875752d46d9cc723bca15afe0dbacc9f5b35385de,data/exact_l2/2026-08-24/valr_usdtzar_raw.json,e54ffe06b6af55680144f066cf6747eb5d5173afc076ec23a61b64c125b86ed4,sha256_verified,"[""base_asset"",""quote_asset"",""received_utc"",""exchange_timestamp_utc"",""source_url"",""source_params_json""]",2026-08-24,,2026-08-24T06:17:47.641669+00:00,,,legacy_unavailable,valr,USDTZAR,ZAR,USDT,,,,stablecoin_tokens,1 stablecoin token = 1 USD; no FX conversion,,,sell_stablecoin_base_hit_bids,valr_usdtzar_raw.json,e54ffe06b6af55680144f066cf6747eb5d5173afc076ec23a61b64c125b86ed4,50,16.10445,16.1044,16.1045,1268173.1141999997,1268173.1141999997,20406484.774244398,True,False,40,
native_l2,legacy:2026-08-24,legacy_directory_identifier,data/exact_l2/2026-08-24,legacy_day_root,legacy,data/exact_l2/2026-08-24/manifest.json,ce983bd9db9c611a8cb9b82bf3b6f47f589c7749edba69447478ab5d30af63d3,data/exact_l2/2026-08-24/threshold_depth.csv,8e6acb65501b2caeab6cf82875752d46d9cc723bca15afe0dbacc9f5b35385de,data/exact_l2/2026-08-24/valr_usdtzar_raw.json,e54ffe06b6af55680144f066cf6747eb5d5173afc076ec23a61b64c125b86ed4,sha256_verified,"[""base_asset"",""quote_asset"",""received_utc"",""exchange_timestamp_utc"",""source_url"",""source_params_json""]",2026-08-24,,2026-08-24T06:17:47.641669+00:00,,,legacy_unavailable,valr,USDTZAR,ZAR,USDT,,,,stablecoin_tokens,1 stablecoin token = 1 USD; no FX conversion,,,sell_stablecoin_base_hit_bids,valr_usdtzar_raw.json,e54ffe06b6af55680144f066cf6747eb5d5173afc076ec23a61b64c125b86ed4,100,16.10445,16.1044,16.1045,1289181.8522999997,1289181.8522999997,20743037.2861464,True,False,45,
native_l2,legacy:2026-08-24,legacy_directory_identifier,data/exact_l2/2026-08-24,legacy_day_root,legacy,data/exact_l2/2026-08-24/manifest.json,ce983bd9db9c611a8cb9b82bf3b6f47f589c7749edba69447478ab5d30af63d3,data/exact_l2/2026-08-24/threshold_depth.csv,8e6acb65501b2caeab6cf82875752d46d9cc723bca15afe0dbacc9f5b35385de,data/exact_l2/2026-08-24/valr_usdtzar_raw.json,e54ffe06b6af55680144f066cf6747eb5d5173afc076ec23a61b64c125b86ed4,sha256_verified,"[""base_asset"",""quote_asset"",""received_utc"",""exchange_timestamp_utc"",""source_url"",""source_params_json""]",2026-08-24,,2026-08-24T06:17:47.641669+00:00,,,legacy_unavailable,valr,USDTZAR,ZAR,USDT,,,,stablecoin_tokens,1 stablecoin token = 1 USD; no FX conversion,,,sell_stablecoin_base_hit_bids,valr_usdtzar_raw.json,e54ffe06b6af55680144f066cf6747eb5d5173afc076ec23a61b64c125b86ed4,200,16.10445,16.1044,16.1045,1522654.0895999996,1522654.0895999996,24432175.365046397,True,False,50,
native_l2,legacy:2026-08-24,legacy_directory_identifier,data/exact_l2/2026-08-24,legacy_day_root,legacy,data/exact_l2/2026-08-24/manifest.json,ce983bd9db9c611a8cb9b82bf3b6f47f589c7749edba69447478ab5d30af63d3,data/exact_l2/2026-08-24/threshold_depth.csv,8e6acb65501b2caeab6cf82875752d46d9cc723bca15afe0dbacc9f5b35385de,data/exact_l2/2026-08-24/bitkub_usdt_thb_raw.json,363b05ea025115253dba4bb6d5e731866673b6c58e702403470317ddeb94dcf6,sha256_verified,"[""base_asset"",""quote_asset"",""received_utc"",""exchange_timestamp_utc"",""source_url"",""source_params_json""]",2026-08-24,,2026-08-24T06:17:47.956913+00:00,,,legacy_unavailable,bitkub,usdt_thb,THB,USDT,,,,stablecoin_tokens,1 stablecoin token = 1 USD; no FX conversion,,,sell_stablecoin_base_hit_bids,bitkub_usdt_thb_raw.json,363b05ea025115253dba4bb6d5e731866673b6c58e702403470317ddeb94dcf6,10,32.655,32.65,32.66,1098967.22,1098967.22,35881000.267400004,True,False,3,
native_l2,legacy:2026-08-24,legacy_directory_identifier,data/exact_l2/2026-08-24,legacy_day_root,legacy,data/exact_l2/2026-08-24/manifest.json,ce983bd9db9c611a8cb9b82bf3b6f47f589c7749edba69447478ab5d30af63d3,data/exact_l2/2026-08-24/threshold_depth.csv,8e6acb65501b2caeab6cf82875752d46d9cc723bca15afe0dbacc9f5b35385de,data/exact_l2/2026-08-24/bitkub_usdt_thb_raw.json,363b05ea025115253dba4bb6d5e731866673b6c58e702403470317ddeb94dcf6,sha256_verified,"[""base_asset"",""quote_asset"",""received_utc"",""exchange_timestamp_utc"",""source_url"",""source_params_json""]",2026-08-24,,2026-08-24T06:17:47.956913+00:00,,,legacy_unavailable,bitkub,usdt_thb,THB,USDT,,,,stablecoin_tokens,1 stablecoin token = 1 USD; no FX conversion,,,sell_stablecoin_base_hit_bids,bitkub_usdt_thb_raw.json,363b05ea025115253dba4bb6d5e731866673b6c58e702403470317ddeb94dcf6,50,32.655,32.65,32.66,1716207.6300000004,1716207.6300000004,55961824.066800006,True,False,15,
native_l2,legacy:2026-08-24,legacy_directory_identifier,data/exact_l2/2026-08-24,legacy_day_root,legacy,data/exact_l2/2026-08-24/manifest.json,ce983bd9db9c611a8cb9b82bf3b6f47f589c7749edba69447478ab5d30af63d3,data/exact_l2/2026-08-24/threshold_depth.csv,8e6acb65501b2caeab6cf82875752d46d9cc723bca15afe0dbacc9f5b35385de,data/exact_l2/2026-08-24/bitkub_usdt_thb_raw.json,363b05ea025115253dba4bb6d5e731866673b6c58e702403470317ddeb94dcf6,sha256_verified,"[""base_asset"",""quote_asset"",""received_utc"",""exchange_timestamp_utc"",""source_url"",""source_params_json""]",2026-08-24,,2026-08-24T06:17:47.956913+00:00,,,legacy_unavailable,bitkub,usdt_thb,THB,USDT,,,,stablecoin_tokens,1 stablecoin token = 1 USD; no FX conversion,,,sell_stablecoin_base_hit_bids,bitkub_usdt_thb_raw.json,363b05ea025115253dba4bb6d5e731866673b6c58e702403470317ddeb94dcf6,100,32.655,32.65,32.66,1937937.1,1937937.1,63149202.18470001,True,False,28,
native_l2,legacy:2026-08-24,legacy_directory_identifier,data/exact_l2/2026-08-24,legacy_day_root,legacy,data/exact_l2/2026-08-24/manifest.json,ce983bd9db9c611a8cb9b82bf3b6f47f589c7749edba69447478ab5d30af63d3,data/exact_l2/2026-08-24/threshold_depth.csv,8e6acb65501b2caeab6cf82875752d46d9cc723bca15afe0dbacc9f5b35385de,data/exact_l2/2026-08-24/bitkub_usdt_thb_raw.json,363b05ea025115253dba4bb6d5e731866673b6c58e702403470317ddeb94dcf6,sha256_verified,"[""base_asset"",""quote_asset"",""received_utc"",""exchange_timestamp_utc"",""source_url"",""source_params_json""]",2026-08-24,,2026-08-24T06:17:47.956913+00:00,,,legacy_unavailable,bitkub,usdt_thb,THB,USDT,,,,stablecoin_tokens,1 stablecoin token = 1 USD; no FX conversion,,,sell_stablecoin_base_hit_bids,bitkub_usdt_thb_raw.json,363b05ea025115253dba4bb6d5e731866673b6c58e702403470317ddeb94dcf6,200,32.655,32.65,32.66,2167691.6699999995,2167691.6699999995,70549158.96030003,True,False,52,
native_l2,legacy:2026-08-25,legacy_directory_identifier,data/exact_l2/2026-08-25,legacy_day_root,legacy,data/exact_l2/2026-08-25/manifest.json,1936d214c1bc9970259cc585c23895efbc2690abc7de41c54d89de504f01ace2,data/exact_l2/2026-08-25/threshold_depth.csv,fb378f4787e3087db0136bf07e19b007cb68794ec333e285c197ce8029db2eae,data/exact_l2/2026-08-25/valr_usdtzar_raw.json,a1cc02c2c4d272f4a5b643ceb61424ee153e1ec8b4c12aac591c08c2f8fb10a9,sha256_verified,"[""base_asset"",""quote_asset"",""received_utc"",""exchange_timestamp_utc"",""source_url"",""source_params_json""]",2026-08-25,,2026-08-25T06:12:43.215140+00:00,,,legacy_unavailable,valr,USDTZAR,ZAR,USDT,,,,stablecoin_tokens,1 stablecoin token = 1 USD; no FX conversion,,,sell_stablecoin_base_hit_bids,valr_usdtzar_raw.json,a1cc02c2c4d272f4a5b643ceb61424ee153e1ec8b4c12aac591c08c2f8fb10a9,10,16.147550000000003,16.1475,16.1476,645385.7473,645385.7473,10415098.367069239,True,False,13,
native_l2,legacy:2026-08-25,legacy_directory_identifier,data/exact_l2/2026-08-25,legacy_day_root,legacy,data/exact_l2/2026-08-25/manifest.json,1936d214c1bc9970259cc585c23895efbc2690abc7de41c54d89de504f01ace2,data/exact_l2/2026-08-25/threshold_depth.csv,fb378f4787e3087db0136bf07e19b007cb68794ec333e285c197ce8029db2eae,data/exact_l2/2026-08-25/valr_usdtzar_raw.json,a1cc02c2c4d272f4a5b643ceb61424ee153e1ec8b4c12aac591c08c2f8fb10a9,sha256_verified,"[""base_asset"",""quote_asset"",""received_utc"",""exchange_timestamp_utc"",""source_url"",""source_params_json""]",2026-08-25,,2026-08-25T06:12:43.215140+00:00,,,legacy_unavailable,valr,USDTZAR,ZAR,USDT,,,,stablecoin_tokens,1 stablecoin token = 1 USD; no FX conversion,,,sell_stablecoin_base_hit_bids,valr_usdtzar_raw.json,a1cc02c2c4d272f4a5b643ceb61424ee153e1ec8b4c12aac591c08c2f8fb10a9,50,16.147550000000003,16.1475,16.1476,1786839.0204000003,1786839.0204000003,28809320.467808116,True,False,33,
native_l2,legacy:2026-08-25,legacy_directory_identifier,data/exact_l2/2026-08-25,legacy_day_root,legacy,data/exact_l2/2026-08-25/manifest.json,1936d214c1bc9970259cc585c23895efbc2690abc7de41c54d89de504f01ace2,data/exact_l2/2026-08-25/threshold_depth.csv,fb378f4787e3087db0136bf07e19b007cb68794ec333e285c197ce8029db2eae,data/exact_l2/2026-08-25/valr_usdtzar_raw.json,a1cc02c2c4d272f4a5b643ceb61424ee153e1ec8b4c12aac591c08c2f8fb10a9,sha256_verified,"[""base_asset"",""quote_asset"",""received_utc"",""exchange_timestamp_utc"",""source_url"",""source_params_json""]",2026-08-25,,2026-08-25T06:12:43.215140+00:00,,,legacy_unavailable,valr,USDTZAR,ZAR,USDT,,,,stablecoin_tokens,1 stablecoin token = 1 USD; no FX conversion,,,sell_stablecoin_base_hit_bids,valr_usdtzar_raw.json,a1cc02c2c4d272f4a5b643ceb61424ee153e1ec8b4c12aac591c08c2f8fb10a9,100,16.147550000000003,16.1475,16.1476,1809927.8919000002,1809927.8919000002,29180216.753886886,True,False,52,
native_l2,legacy:2026-08-25,legacy_directory_identifier,data/exact_l2/2026-08-25,legacy_day_root,legacy,data/exact_l2/2026-08-25/manifest.json,1936d214c1bc9970259cc585c23895efbc2690abc7de41c54d89de504f01ace2,data/exact_l2/2026-08-25/threshold_depth.csv,fb378f4787e3087db0136bf07e19b007cb68794ec333e285c197ce8029db2eae,data/exact_l2/2026-08-25/valr_usdtzar_raw.json,a1cc02c2c4d272f4a5b643ceb61424ee153e1ec8b4c12aac591c08c2f8fb10a9,sha256_verified,"[""base_asset"",""quote_asset"",""received_utc"",""exchange_timestamp_utc"",""source_url"",""source_params_json""]",2026-08-25,,2026-08-25T06:12:43.215140+00:00,,,legacy_unavailable,valr,USDTZAR,ZAR,USDT,,,,stablecoin_tokens,1 stablecoin token = 1 USD; no FX conversion,,,sell_stablecoin_base_hit_bids,valr_usdtzar_raw.json,a1cc02c2c4d272f4a5b643ceb61424ee153e1ec8b4c12aac591c08c2f8fb10a9,200,16.147550000000003,16.1475,16.1476,1812695.1875000002,1812695.1875000002,29224216.753926884,True,False,53,
native_l2,legacy:2026-08-25,legacy_directory_identifier,data/exact_l2/2026-08-25,legacy_day_root,legacy,data/exact_l2/2026-08-25/manifest.json,1936d214c1bc9970259cc585c23895efbc2690abc7de41c54d89de504f01ace2,data/exact_l2/2026-08-25/threshold_depth.csv,fb378f4787e3087db0136bf07e19b007cb68794ec333e285c197ce8029db2eae,data/exact_l2/2026-08-25/bitkub_usdt_thb_raw.json,7863c91522539da8faee0a171d29800bb4cc53335b7c45c3d5492bd95e3102b2,sha256_verified,"[""base_asset"",""quote_asset"",""received_utc"",""exchange_timestamp_utc"",""source_url"",""source_params_json""]",2026-08-25,,2026-08-25T06:12:43.389651+00:00,,,legacy_unavailable,bitkub,usdt_thb,THB,USDT,,,,stablecoin_tokens,1 stablecoin token = 1 USD; no FX conversion,,,sell_stablecoin_base_hit_bids,bitkub_usdt_thb_raw.json,7863c91522539da8faee0a171d29800bb4cc53335b7c45c3d5492bd95e3102b2,10,32.745000000000005,32.74,32.75,497466.99,497466.99,16285707.3585,True,False,3,
native_l2,legacy:2026-08-25,legacy_directory_identifier,data/exact_l2/2026-08-25,legacy_day_root,legacy,data/exact_l2/2026-08-25/manifest.json,1936d214c1bc9970259cc585c23895efbc2690abc7de41c54d89de504f01ace2,data/exact_l2/2026-08-25/threshold_depth.csv,fb378f4787e3087db0136bf07e19b007cb68794ec333e285c197ce8029db2eae,data/exact_l2/2026-08-25/bitkub_usdt_thb_raw.json,7863c91522539da8faee0a171d29800bb4cc53335b7c45c3d5492bd95e3102b2,sha256_verified,"[""base_asset"",""quote_asset"",""received_utc"",""exchange_timestamp_utc"",""source_url"",""source_params_json""]",2026-08-25,,2026-08-25T06:12:43.389651+00:00,,,legacy_unavailable,bitkub,usdt_thb,THB,USDT,,,,stablecoin_tokens,1 stablecoin token = 1 USD; no FX conversion,,,sell_stablecoin_base_hit_bids,bitkub_usdt_thb_raw.json,7863c91522539da8faee0a171d29800bb4cc53335b7c45c3d5492bd95e3102b2,50,32.745000000000005,32.74,32.75,970555.6100000001,970555.6100000001,31746345.571200002,True,False,15,
native_l2,legacy:2026-08-25,legacy_directory_identifier,data/exact_l2/2026-08-25,legacy_day_root,legacy,data/exact_l2/2026-08-25/manifest.json,1936d214c1bc9970259cc585c23895efbc2690abc7de41c54d89de504f01ace2,data/exact_l2/2026-08-25/threshold_depth.csv,fb378f4787e3087db0136bf07e19b007cb68794ec333e285c197ce8029db2eae,data/exact_l2/2026-08-25/bitkub_usdt_thb_raw.json,7863c91522539da8faee0a171d29800bb4cc53335b7c45c3d5492bd95e3102b2,sha256_verified,"[""base_asset"",""quote_asset"",""received_utc"",""exchange_timestamp_utc"",""source_url"",""source_params_json""]",2026-08-25,,2026-08-25T06:12:43.389651+00:00,,,legacy_unavailable,bitkub,usdt_thb,THB,USDT,,,,stablecoin_tokens,1 stablecoin token = 1 USD; no FX conversion,,,sell_stablecoin_base_hit_bids,bitkub_usdt_thb_raw.json,7863c91522539da8faee0a171d29800bb4cc53335b7c45c3d5492bd95e3102b2,100,32.745000000000005,32.74,32.75,1561305.4300000002,1561305.4300000002,50968202.98140001,True,False,30,
native_l2,legacy:2026-08-25,legacy_directory_identifier,data/exact_l2/2026-08-25,legacy_day_root,legacy,data/exact_l2/2026-08-25/manifest.json,1936d214c1bc9970259cc585c23895efbc2690abc7de41c54d89de504f01ace2,data/exact_l2/2026-08-25/threshold_depth.csv,fb378f4787e3087db0136bf07e19b007cb68794ec333e285c197ce8029db2eae,data/exact_l2/2026-08-25/bitkub_usdt_thb_raw.json,7863c91522539da8faee0a171d29800bb4cc53335b7c45c3d5492bd95e3102b2,sha256_verified,"[""base_asset"",""quote_asset"",""received_utc"",""exchange_timestamp_utc"",""source_url"",""source_params_json""]",2026-08-25,,2026-08-25T06:12:43.389651+00:00,,,legacy_unavailable,bitkub,usdt_thb,THB,USDT,,,,stablecoin_tokens,1 stablecoin token = 1 USD; no FX conversion,,,sell_stablecoin_base_hit_bids,bitkub_usdt_thb_raw.json,7863c91522539da8faee0a171d29800bb4cc53335b7c45c3d5492bd95e3102b2,200,32.745000000000005,32.74,32.75,1771329.9400000004,1771329.9400000004,57747314.56950002,True,False,51,
native_l2,legacy:2026-08-26,legacy_directory_identifier,data/exact_l2/2026-08-26,legacy_day_root,legacy,data/exact_l2/2026-08-26/manifest.json,cf1e6ee3ce76aa89e0cbc9d74ce408344b9b00aa14be1112a090c624970f303b,data/exact_l2/2026-08-26/threshold_depth.csv,853cfb77871dd0af47e5f144184feda4c361e34602ed2af473348861e35c6466,data/exact_l2/2026-08-26/valr_usdtzar_raw.json,6967aee7395baf5c16a0ac5b3885090394e1d2dd2a1ba28dd4dcf21dcfa5da27,sha256_verified,"[""base_asset"",""quote_asset"",""received_utc"",""exchange_timestamp_utc"",""source_url"",""source_params_json""]",2026-08-26,,2026-08-26T06:14:23.118150+00:00,,,legacy_unavailable,valr,USDTZAR,ZAR,USDT,,,,stablecoin_tokens,1 stablecoin token = 1 USD; no FX conversion,,,sell_stablecoin_base_hit_bids,valr_usdtzar_raw.json,6967aee7395baf5c16a0ac5b3885090394e1d2dd2a1ba28dd4dcf21dcfa5da27,10,16.045650000000002,16.0416,16.0497,321376.7838,321376.7838,5153324.744106699,True,False,12,
native_l2,legacy:2026-08-26,legacy_directory_identifier,data/exact_l2/2026-08-26,legacy_day_root,legacy,data/exact_l2/2026-08-26/manifest.json,cf1e6ee3ce76aa89e0cbc9d74ce408344b9b00aa14be1112a090c624970f303b,data/exact_l2/2026-08-26/threshold_depth.csv,853cfb77871dd0af47e5f144184feda4c361e34602ed2af473348861e35c6466,data/exact_l2/2026-08-26/valr_usdtzar_raw.json,6967aee7395baf5c16a0ac5b3885090394e1d2dd2a1ba28dd4dcf21dcfa5da27,sha256_verified,"[""base_asset"",""quote_asset"",""received_utc"",""exchange_timestamp_utc"",""source_url"",""source_params_json""]",2026-08-26,,2026-08-26T06:14:23.118150+00:00,,,legacy_unavailable,valr,USDTZAR,ZAR,USDT,,,,stablecoin_tokens,1 stablecoin token = 1 USD; no FX conversion,,,sell_stablecoin_base_hit_bids,valr_usdtzar_raw.json,6967aee7395baf5c16a0ac5b3885090394e1d2dd2a1ba28dd4dcf21dcfa5da27,50,16.045650000000002,16.0416,16.0497,830560.4059,830560.4059,13310646.138700388,True,False,26,
native_l2,legacy:2026-08-26,legacy_directory_identifier,data/exact_l2/2026-08-26,legacy_day_root,legacy,data/exact_l2/2026-08-26/manifest.json,cf1e6ee3ce76aa89e0cbc9d74ce408344b9b00aa14be1112a090c624970f303b,data/exact_l2/2026-08-26/threshold_depth.csv,853cfb77871dd0af47e5f144184feda4c361e34602ed2af473348861e35c6466,data/exact_l2/2026-08-26/valr_usdtzar_raw.json,6967aee7395baf5c16a0ac5b3885090394e1d2dd2a1ba28dd4dcf21dcfa5da27,sha256_verified,"[""base_asset"",""quote_asset"",""received_utc"",""exchange_timestamp_utc"",""source_url"",""source_params_json""]",2026-08-26,,2026-08-26T06:14:23.118150+00:00,,,legacy_unavailable,valr,USDTZAR,ZAR,USDT,,,,stablecoin_tokens,1 stablecoin token = 1 USD; no FX conversion,,,sell_stablecoin_base_hit_bids,valr_usdtzar_raw.json,6967aee7395baf5c16a0ac5b3885090394e1d2dd2a1ba28dd4dcf21dcfa5da27,100,16.045650000000002,16.0416,16.0497,873327.7015,873327.7015,13992854.138740389,True,False,29,
native_l2,legacy:2026-08-26,legacy_directory_identifier,data/exact_l2/2026-08-26,legacy_day_root,legacy,data/exact_l2/2026-08-26/manifest.json,cf1e6ee3ce76aa89e0cbc9d74ce408344b9b00aa14be1112a090c624970f303b,data/exact_l2/2026-08-26/threshold_depth.csv,853cfb77871dd0af47e5f144184feda4c361e34602ed2af473348861e35c6466,data/exact_l2/2026-08-26/valr_usdtzar_raw.json,6967aee7395baf5c16a0ac5b3885090394e1d2dd2a1ba28dd4dcf21dcfa5da27,sha256_verified,"[""base_asset"",""quote_asset"",""received_utc"",""exchange_timestamp_utc"",""source_url"",""source_params_json""]",2026-08-26,,2026-08-26T06:14:23.118150+00:00,,,legacy_unavailable,valr,USDTZAR,ZAR,USDT,,,,stablecoin_tokens,1 stablecoin token = 1 USD; no FX conversion,,,sell_stablecoin_base_hit_bids,valr_usdtzar_raw.json,6967aee7395baf5c16a0ac5b3885090394e1d2dd2a1ba28dd4dcf21dcfa5da27,200,16.045650000000002,16.0416,16.0497,1155517.6431999998,1155517.6431999998,18448980.16560039,True,False,35,
native_l2,legacy:2026-08-26,legacy_directory_identifier,data/exact_l2/2026-08-26,legacy_day_root,legacy,data/exact_l2/2026-08-26/manifest.json,cf1e6ee3ce76aa89e0cbc9d74ce408344b9b00aa14be1112a090c624970f303b,data/exact_l2/2026-08-26/threshold_depth.csv,853cfb77871dd0af47e5f144184feda4c361e34602ed2af473348861e35c6466,data/exact_l2/2026-08-26/bitkub_usdt_thb_raw.json,7f88140a49bcbe060a543e49223eaaf881ef53009640c96c15624ebf34aae139,sha256_verified,"[""base_asset"",""quote_asset"",""received_utc"",""exchange_timestamp_utc"",""source_url"",""source_params_json""]",2026-08-26,,2026-08-26T06:14:23.392120+00:00,,,legacy_unavailable,bitkub,usdt_thb,THB,USDT,,,,stablecoin_tokens,1 stablecoin token = 1 USD; no FX conversion,,,sell_stablecoin_base_hit_bids,bitkub_usdt_thb_raw.json,7f88140a49bcbe060a543e49223eaaf881ef53009640c96c15624ebf34aae139,10,32.724999999999994,32.72,32.73,996252.78,996252.78,32592415.0936,True,False,3,
native_l2,legacy:2026-08-26,legacy_directory_identifier,data/exact_l2/2026-08-26,legacy_day_root,legacy,data/exact_l2/2026-08-26/manifest.json,cf1e6ee3ce76aa89e0cbc9d74ce408344b9b00aa14be1112a090c624970f303b,data/exact_l2/2026-08-26/threshold_depth.csv,853cfb77871dd0af47e5f144184feda4c361e34602ed2af473348861e35c6466,data/exact_l2/2026-08-26/bitkub_usdt_thb_raw.json,7f88140a49bcbe060a543e49223eaaf881ef53009640c96c15624ebf34aae139,sha256_verified,"[""base_asset"",""quote_asset"",""received_utc"",""exchange_timestamp_utc"",""source_url"",""source_params_json""]",2026-08-26,,2026-08-26T06:14:23.392120+00:00,,,legacy_unavailable,bitkub,usdt_thb,THB,USDT,,,,stablecoin_tokens,1 stablecoin token = 1 USD; no FX conversion,,,sell_stablecoin_base_hit_bids,bitkub_usdt_thb_raw.json,7f88140a49bcbe060a543e49223eaaf881ef53009640c96c15624ebf34aae139,50,32.724999999999994,32.72,32.73,1323185.6200000003,1323185.6200000003,43261146.084800005,True,False,16,
native_l2,legacy:2026-08-26,legacy_directory_identifier,data/exact_l2/2026-08-26,legacy_day_root,legacy,data/exact_l2/2026-08-26/manifest.json,cf1e6ee3ce76aa89e0cbc9d74ce408344b9b00aa14be1112a090c624970f303b,data/exact_l2/2026-08-26/threshold_depth.csv,853cfb77871dd0af47e5f144184feda4c361e34602ed2af473348861e35c6466,data/exact_l2/2026-08-26/bitkub_usdt_thb_raw.json,7f88140a49bcbe060a543e49223eaaf881ef53009640c96c15624ebf34aae139,sha256_verified,"[""base_asset"",""quote_asset"",""received_utc"",""exchange_timestamp_utc"",""source_url"",""source_params_json""]",2026-08-26,,2026-08-26T06:14:23.392120+00:00,,,legacy_unavailable,bitkub,usdt_thb,THB,USDT,,,,stablecoin_tokens,1 stablecoin token = 1 USD; no FX conversion,,,sell_stablecoin_base_hit_bids,bitkub_usdt_thb_raw.json,7f88140a49bcbe060a543e49223eaaf881ef53009640c96c15624ebf34aae139,100,32.724999999999994,32.72,32.73,1655761.7200000002,1655761.7200000002,54064106.5785,True,False,29,
native_l2,legacy:2026-08-26,legacy_directory_identifier,data/exact_l2/2026-08-26,legacy_day_root,legacy,data/exact_l2/2026-08-26/manifest.json,cf1e6ee3ce76aa89e0cbc9d74ce408344b9b00aa14be1112a090c624970f303b,data/exact_l2/2026-08-26/threshold_depth.csv,853cfb77871dd0af47e5f144184feda4c361e34602ed2af473348861e35c6466,data/exact_l2/2026-08-26/bitkub_usdt_thb_raw.json,7f88140a49bcbe060a543e49223eaaf881ef53009640c96c15624ebf34aae139,sha256_verified,"[""base_asset"",""quote_asset"",""received_utc"",""exchange_timestamp_utc"",""source_url"",""source_params_json""]",2026-08-26,,2026-08-26T06:14:23.392120+00:00,,,legacy_unavailable,bitkub,usdt_thb,THB,USDT,,,,stablecoin_tokens,1 stablecoin token = 1 USD; no FX conversion,,,sell_stablecoin_base_hit_bids,bitkub_usdt_thb_raw.json,7f88140a49bcbe060a543e49223eaaf881ef53009640c96c15624ebf34aae139,200,32.724999999999994,32.72,32.73,1816708.730000001,1816708.730000001,59256599.11760001,True,False,50,
native_l2,legacy:2026-08-27,legacy_directory_identifier,data/exact_l2/2026-08-27,legacy_day_root,legacy,data/exact_l2/2026-08-27/manifest.json,b83b228874fc0a6886f71622acd99bf8234454be2e75368a25a24751966ae7c5,data/exact_l2/2026-08-27/threshold_depth.csv,11506ef74aec9e4f52c2e1ead39696dabc174d6235d1588742690869d50f5084,data/exact_l2/2026-08-27/valr_usdtzar_raw.json,f1a0ea8814c4154939eceaf94aaf4b4bdf56d2e387e7d0fd19f84a62698f8d95,sha256_verified,"[""base_asset"",""quote_asset"",""received_utc"",""exchange_timestamp_utc"",""source_url"",""source_params_json""]",2026-08-27,,2026-08-27T16:58:28.286311+00:00,,,legacy_unavailable,valr,USDTZAR,ZAR,USDT,,,,stablecoin_tokens,1 stablecoin token = 1 USD; no FX conversion,,,sell_stablecoin_base_hit_bids,valr_usdtzar_raw.json,f1a0ea8814c4154939eceaf94aaf4b4bdf56d2e387e7d0fd19f84a62698f8d95,10,16.10205,16.102,16.1021,685004.9808,685004.9808,11026149.251089979,True,False,19,
native_l2,legacy:2026-08-27,legacy_directory_identifier,data/exact_l2/2026-08-27,legacy_day_root,legacy,data/exact_l2/2026-08-27/manifest.json,b83b228874fc0a6886f71622acd99bf8234454be2e75368a25a24751966ae7c5,data/exact_l2/2026-08-27/threshold_depth.csv,11506ef74aec9e4f52c2e1ead39696dabc174d6235d1588742690869d50f5084,data/exact_l2/2026-08-27/valr_usdtzar_raw.json,f1a0ea8814c4154939eceaf94aaf4b4bdf56d2e387e7d0fd19f84a62698f8d95,sha256_verified,"[""base_asset"",""quote_asset"",""received_utc"",""exchange_timestamp_utc"",""source_url"",""source_params_json""]",2026-08-27,,2026-08-27T16:58:28.286311+00:00,,,legacy_unavailable,valr,USDTZAR,ZAR,USDT,,,,stablecoin_tokens,1 stablecoin token = 1 USD; no FX conversion,,,sell_stablecoin_base_hit_bids,valr_usdtzar_raw.json,f1a0ea8814c4154939eceaf94aaf4b4bdf56d2e387e7d0fd19f84a62698f8d95,50,16.10205,16.102,16.1021,847331.2419000001,847331.2419000001,13634335.58251182,True,False,30,
native_l2,legacy:2026-08-27,legacy_directory_identifier,data/exact_l2/2026-08-27,legacy_day_root,legacy,data/exact_l2/2026-08-27/manifest.json,b83b228874fc0a6886f71622acd99bf8234454be2e75368a25a24751966ae7c5,data/exact_l2/2026-08-27/threshold_depth.csv,11506ef74aec9e4f52c2e1ead39696dabc174d6235d1588742690869d50f5084,data/exact_l2/2026-08-27/valr_usdtzar_raw.json,f1a0ea8814c4154939eceaf94aaf4b4bdf56d2e387e7d0fd19f84a62698f8d95,sha256_verified,"[""base_asset"",""quote_asset"",""received_utc"",""exchange_timestamp_utc"",""source_url"",""source_params_json""]",2026-08-27,,2026-08-27T16:58:28.286311+00:00,,,legacy_unavailable,valr,USDTZAR,ZAR,USDT,,,,stablecoin_tokens,1 stablecoin token = 1 USD; no FX conversion,,,sell_stablecoin_base_hit_bids,valr_usdtzar_raw.json,f1a0ea8814c4154939eceaf94aaf4b4bdf56d2e387e7d0fd19f84a62698f8d95,100,16.10205,16.102,16.1021,860846.7379000002,860846.7379000002,13850483.64067182,True,False,36,
native_l2,legacy:2026-08-27,legacy_directory_identifier,data/exact_l2/2026-08-27,legacy_day_root,legacy,data/exact_l2/2026-08-27/manifest.json,b83b228874fc0a6886f71622acd99bf8234454be2e75368a25a24751966ae7c5,data/exact_l2/2026-08-27/threshold_depth.csv,11506ef74aec9e4f52c2e1ead39696dabc174d6235d1588742690869d50f5084,data/exact_l2/2026-08-27/valr_usdtzar_raw.json,f1a0ea8814c4154939eceaf94aaf4b4bdf56d2e387e7d0fd19f84a62698f8d95,sha256_verified,"[""base_asset"",""quote_asset"",""received_utc"",""exchange_timestamp_utc"",""source_url"",""source_params_json""]",2026-08-27,,2026-08-27T16:58:28.286311+00:00,,,legacy_unavailable,valr,USDTZAR,ZAR,USDT,,,,stablecoin_tokens,1 stablecoin token = 1 USD; no FX conversion,,,sell_stablecoin_base_hit_bids,valr_usdtzar_raw.json,f1a0ea8814c4154939eceaf94aaf4b4bdf56d2e387e7d0fd19f84a62698f8d95,200,16.10205,16.102,16.1021,1082180.2245,1082180.2245,17347621.868890822,True,False,41,
native_l2,legacy:2026-08-27,legacy_directory_identifier,data/exact_l2/2026-08-27,legacy_day_root,legacy,data/exact_l2/2026-08-27/manifest.json,b83b228874fc0a6886f71622acd99bf8234454be2e75368a25a24751966ae7c5,data/exact_l2/2026-08-27/threshold_depth.csv,11506ef74aec9e4f52c2e1ead39696dabc174d6235d1588742690869d50f5084,data/exact_l2/2026-08-27/bitkub_usdt_thb_raw.json,99bda2e2f2eb43af5924b0e8c43099bf2b2b2f911de96b1c78ba81f44d436a15,sha256_verified,"[""base_asset"",""quote_asset"",""received_utc"",""exchange_timestamp_utc"",""source_url"",""source_params_json""]",2026-08-27,,2026-08-27T16:58:28.601896+00:00,,,legacy_unavailable,bitkub,usdt_thb,THB,USDT,,,,stablecoin_tokens,1 stablecoin token = 1 USD; no FX conversion,,,sell_stablecoin_base_hit_bids,bitkub_usdt_thb_raw.json,99bda2e2f2eb43af5924b0e8c43099bf2b2b2f911de96b1c78ba81f44d436a15,10,32.825,32.82,32.83,354378.03,354378.03,11629579.6502,True,False,3,
native_l2,legacy:2026-08-27,legacy_directory_identifier,data/exact_l2/2026-08-27,legacy_day_root,legacy,data/exact_l2/2026-08-27/manifest.json,b83b228874fc0a6886f71622acd99bf8234454be2e75368a25a24751966ae7c5,data/exact_l2/2026-08-27/threshold_depth.csv,11506ef74aec9e4f52c2e1ead39696dabc174d6235d1588742690869d50f5084,data/exact_l2/2026-08-27/bitkub_usdt_thb_raw.json,99bda2e2f2eb43af5924b0e8c43099bf2b2b2f911de96b1c78ba81f44d436a15,sha256_verified,"[""base_asset"",""quote_asset"",""received_utc"",""exchange_timestamp_utc"",""source_url"",""source_params_json""]",2026-08-27,,2026-08-27T16:58:28.601896+00:00,,,legacy_unavailable,bitkub,usdt_thb,THB,USDT,,,,stablecoin_tokens,1 stablecoin token = 1 USD; no FX conversion,,,sell_stablecoin_base_hit_bids,bitkub_usdt_thb_raw.json,99bda2e2f2eb43af5924b0e8c43099bf2b2b2f911de96b1c78ba81f44d436a15,50,32.825,32.82,32.83,663120.1200000001,663120.1200000001,21733045.9403,True,False,14,
native_l2,legacy:2026-08-27,legacy_directory_identifier,data/exact_l2/2026-08-27,legacy_day_root,legacy,data/exact_l2/2026-08-27/manifest.json,b83b228874fc0a6886f71622acd99bf8234454be2e75368a25a24751966ae7c5,data/exact_l2/2026-08-27/threshold_depth.csv,11506ef74aec9e4f52c2e1ead39696dabc174d6235d1588742690869d50f5084,data/exact_l2/2026-08-27/bitkub_usdt_thb_raw.json,99bda2e2f2eb43af5924b0e8c43099bf2b2b2f911de96b1c78ba81f44d436a15,sha256_verified,"[""base_asset"",""quote_asset"",""received_utc"",""exchange_timestamp_utc"",""source_url"",""source_params_json""]",2026-08-27,,2026-08-27T16:58:28.601896+00:00,,,legacy_unavailable,bitkub,usdt_thb,THB,USDT,,,,stablecoin_tokens,1 stablecoin token = 1 USD; no FX conversion,,,sell_stablecoin_base_hit_bids,bitkub_usdt_thb_raw.json,99bda2e2f2eb43af5924b0e8c43099bf2b2b2f911de96b1c78ba81f44d436a15,100,32.825,32.82,32.83,1143329.44,1143329.44,37378908.08920001,True,False,31,
native_l2,legacy:2026-08-27,legacy_directory_identifier,data/exact_l2/2026-08-27,legacy_day_root,legacy,data/exact_l2/2026-08-27/manifest.json,b83b228874fc0a6886f71622acd99bf8234454be2e75368a25a24751966ae7c5,data/exact_l2/2026-08-27/threshold_depth.csv,11506ef74aec9e4f52c2e1ead39696dabc174d6235d1588742690869d50f5084,data/exact_l2/2026-08-27/bitkub_usdt_thb_raw.json,99bda2e2f2eb43af5924b0e8c43099bf2b2b2f911de96b1c78ba81f44d436a15,sha256_verified,"[""base_asset"",""quote_asset"",""received_utc"",""exchange_timestamp_utc"",""source_url"",""source_params_json""]",2026-08-27,,2026-08-27T16:58:28.601896+00:00,,,legacy_unavailable,bitkub,usdt_thb,THB,USDT,,,,stablecoin_tokens,1 stablecoin token = 1 USD; no FX conversion,,,sell_stablecoin_base_hit_bids,bitkub_usdt_thb_raw.json,99bda2e2f2eb43af5924b0e8c43099bf2b2b2f911de96b1c78ba81f44d436a15,200,32.825,32.82,32.83,1324650.4100000004,1324650.4100000004,43243763.68080001,True,False,52,
native_l2,legacy:2026-08-28,legacy_directory_identifier,data/exact_l2/2026-08-28,legacy_day_root,legacy,data/exact_l2/2026-08-28/manifest.json,160a5e8824551cfe5b411e8cb9f03b7931be5e42c21de9e5087197d0677a4643,data/exact_l2/2026-08-28/threshold_depth.csv,ff104d94f91aa6800a1b6e202b386c5d69d055600da77776a7d1411de801fa30,data/exact_l2/2026-08-28/valr_usdtzar_raw.json,f251fe80a5beb9b5e6454486795af4df5adc8ca41d07a986da7de23b6c1004c1,sha256_verified,"[""base_asset"",""quote_asset"",""received_utc"",""exchange_timestamp_utc"",""source_url"",""source_params_json""]",2026-08-28,,2026-08-28T17:52:36.853984+00:00,,,legacy_unavailable,valr,USDTZAR,ZAR,USDT,,,,stablecoin_tokens,1 stablecoin token = 1 USD; no FX conversion,,,sell_stablecoin_base_hit_bids,valr_usdtzar_raw.json,f251fe80a5beb9b5e6454486795af4df5adc8ca41d07a986da7de23b6c1004c1,10,16.2216,16.2156,16.2276,70132.8377,70132.8377,1137112.96622435,True,False,8,
native_l2,legacy:2026-08-28,legacy_directory_identifier,data/exact_l2/2026-08-28,legacy_day_root,legacy,data/exact_l2/2026-08-28/manifest.json,160a5e8824551cfe5b411e8cb9f03b7931be5e42c21de9e5087197d0677a4643,data/exact_l2/2026-08-28/threshold_depth.csv,ff104d94f91aa6800a1b6e202b386c5d69d055600da77776a7d1411de801fa30,data/exact_l2/2026-08-28/valr_usdtzar_raw.json,f251fe80a5beb9b5e6454486795af4df5adc8ca41d07a986da7de23b6c1004c1,sha256_verified,"[""base_asset"",""quote_asset"",""received_utc"",""exchange_timestamp_utc"",""source_url"",""source_params_json""]",2026-08-28,,2026-08-28T17:52:36.853984+00:00,,,legacy_unavailable,valr,USDTZAR,ZAR,USDT,,,,stablecoin_tokens,1 stablecoin token = 1 USD; no FX conversion,,,sell_stablecoin_base_hit_bids,valr_usdtzar_raw.json,f251fe80a5beb9b5e6454486795af4df5adc8ca41d07a986da7de23b6c1004c1,50,16.2216,16.2156,16.2276,110599.4742,110599.4742,1791966.1864894,True,False,13,
native_l2,legacy:2026-08-28,legacy_directory_identifier,data/exact_l2/2026-08-28,legacy_day_root,legacy,data/exact_l2/2026-08-28/manifest.json,160a5e8824551cfe5b411e8cb9f03b7931be5e42c21de9e5087197d0677a4643,data/exact_l2/2026-08-28/threshold_depth.csv,ff104d94f91aa6800a1b6e202b386c5d69d055600da77776a7d1411de801fa30,data/exact_l2/2026-08-28/valr_usdtzar_raw.json,f251fe80a5beb9b5e6454486795af4df5adc8ca41d07a986da7de23b6c1004c1,sha256_verified,"[""base_asset"",""quote_asset"",""received_utc"",""exchange_timestamp_utc"",""source_url"",""source_params_json""]",2026-08-28,,2026-08-28T17:52:36.853984+00:00,,,legacy_unavailable,valr,USDTZAR,ZAR,USDT,,,,stablecoin_tokens,1 stablecoin token = 1 USD; no FX conversion,,,sell_stablecoin_base_hit_bids,valr_usdtzar_raw.json,f251fe80a5beb9b5e6454486795af4df5adc8ca41d07a986da7de23b6c1004c1,100,16.2216,16.2156,16.2276,166783.0366,166783.0366,2695473.383809159,True,False,27,
native_l2,legacy:2026-08-28,legacy_directory_identifier,data/exact_l2/2026-08-28,legacy_day_root,legacy,data/exact_l2/2026-08-28/manifest.json,160a5e8824551cfe5b411e8cb9f03b7931be5e42c21de9e5087197d0677a4643,data/exact_l2/2026-08-28/threshold_depth.csv,ff104d94f91aa6800a1b6e202b386c5d69d055600da77776a7d1411de801fa30,data/exact_l2/2026-08-28/valr_usdtzar_raw.json,f251fe80a5beb9b5e6454486795af4df5adc8ca41d07a986da7de23b6c1004c1,sha256_verified,"[""base_asset"",""quote_asset"",""received_utc"",""exchange_timestamp_utc"",""source_url"",""source_params_json""]",2026-08-28,,2026-08-28T17:52:36.853984+00:00,,,legacy_unavailable,valr,USDTZAR,ZAR,USDT,,,,stablecoin_tokens,1 stablecoin token = 1 USD; no FX conversion,,,sell_stablecoin_base_hit_bids,valr_usdtzar_raw.json,f251fe80a5beb9b5e6454486795af4df5adc8ca41d07a986da7de23b6c1004c1,200,16.2216,16.2156,16.2276,499552.03289999993,499552.03289999993,8019682.74571816,True,False,42,
native_l2,legacy:2026-08-28,legacy_directory_identifier,data/exact_l2/2026-08-28,legacy_day_root,legacy,data/exact_l2/2026-08-28/manifest.json,160a5e8824551cfe5b411e8cb9f03b7931be5e42c21de9e5087197d0677a4643,data/exact_l2/2026-08-28/threshold_depth.csv,ff104d94f91aa6800a1b6e202b386c5d69d055600da77776a7d1411de801fa30,data/exact_l2/2026-08-28/bitkub_usdt_thb_raw.json,2fc164b437922b720c956298530824284f2f1e5d239447c73919fa36c98da2e2,sha256_verified,"[""base_asset"",""quote_asset"",""received_utc"",""exchange_timestamp_utc"",""source_url"",""source_params_json""]",2026-08-28,,2026-08-28T17:52:37.060438+00:00,,,legacy_unavailable,bitkub,usdt_thb,THB,USDT,,,,stablecoin_tokens,1 stablecoin token = 1 USD; no FX conversion,,,sell_stablecoin_base_hit_bids,bitkub_usdt_thb_raw.json,2fc164b437922b720c956298530824284f2f1e5d239447c73919fa36c98da2e2,10,33.095,33.09,33.1,154014.16,154014.16,5094869.227399999,True,False,3,
native_l2,legacy:2026-08-28,legacy_directory_identifier,data/exact_l2/2026-08-28,legacy_day_root,legacy,data/exact_l2/2026-08-28/manifest.json,160a5e8824551cfe5b411e8cb9f03b7931be5e42c21de9e5087197d0677a4643,data/exact_l2/2026-08-28/threshold_depth.csv,ff104d94f91aa6800a1b6e202b386c5d69d055600da77776a7d1411de801fa30,data/exact_l2/2026-08-28/bitkub_usdt_thb_raw.json,2fc164b437922b720c956298530824284f2f1e5d239447c73919fa36c98da2e2,sha256_verified,"[""base_asset"",""quote_asset"",""received_utc"",""exchange_timestamp_utc"",""source_url"",""source_params_json""]",2026-08-28,,2026-08-28T17:52:37.060438+00:00,,,legacy_unavailable,bitkub,usdt_thb,THB,USDT,,,,stablecoin_tokens,1 stablecoin token = 1 USD; no FX conversion,,,sell_stablecoin_base_hit_bids,bitkub_usdt_thb_raw.json,2fc164b437922b720c956298530824284f2f1e5d239447c73919fa36c98da2e2,50,33.095,33.09,33.1,473908.23000000004,473908.23000000004,15659193.1625,True,False,12,
native_l2,legacy:2026-08-28,legacy_directory_identifier,data/exact_l2/2026-08-28,legacy_day_root,legacy,data/exact_l2/2026-08-28/manifest.json,160a5e8824551cfe5b411e8cb9f03b7931be5e42c21de9e5087197d0677a4643,data/exact_l2/2026-08-28/threshold_depth.csv,ff104d94f91aa6800a1b6e202b386c5d69d055600da77776a7d1411de801fa30,data/exact_l2/2026-08-28/bitkub_usdt_thb_raw.json,2fc164b437922b720c956298530824284f2f1e5d239447c73919fa36c98da2e2,sha256_verified,"[""base_asset"",""quote_asset"",""received_utc"",""exchange_timestamp_utc"",""source_url"",""source_params_json""]",2026-08-28,,2026-08-28T17:52:37.060438+00:00,,,legacy_unavailable,bitkub,usdt_thb,THB,USDT,,,,stablecoin_tokens,1 stablecoin token = 1 USD; no FX conversion,,,sell_stablecoin_base_hit_bids,bitkub_usdt_thb_raw.json,2fc164b437922b720c956298530824284f2f1e5d239447c73919fa36c98da2e2,100,33.095,33.09,33.1,634053.26,634053.26,20920694.993400004,True,False,23,
native_l2,legacy:2026-08-28,legacy_directory_identifier,data/exact_l2/2026-08-28,legacy_day_root,legacy,data/exact_l2/2026-08-28/manifest.json,160a5e8824551cfe5b411e8cb9f03b7931be5e42c21de9e5087197d0677a4643,data/exact_l2/2026-08-28/threshold_depth.csv,ff104d94f91aa6800a1b6e202b386c5d69d055600da77776a7d1411de801fa30,data/exact_l2/2026-08-28/bitkub_usdt_thb_raw.json,2fc164b437922b720c956298530824284f2f1e5d239447c73919fa36c98da2e2,sha256_verified,"[""base_asset"",""quote_asset"",""received_utc"",""exchange_timestamp_utc"",""source_url"",""source_params_json""]",2026-08-28,,2026-08-28T17:52:37.060438+00:00,,,legacy_unavailable,bitkub,usdt_thb,THB,USDT,,,,stablecoin_tokens,1 stablecoin token = 1 USD; no FX conversion,,,sell_stablecoin_base_hit_bids,bitkub_usdt_thb_raw.json,2fc164b437922b720c956298530824284f2f1e5d239447c73919fa36c98da2e2,200,33.095,33.09,33.1,785569.32,785569.32,25870042.8355,True,False,50,
native_l2,legacy:2026-08-29,legacy_directory_identifier,data/exact_l2/2026-08-29,legacy_day_root,legacy,data/exact_l2/2026-08-29/manifest.json,a1d0a5e4cbc4cd2549c2f90cae61b8fc295da68421353f88d53677159bc5afe7,data/exact_l2/2026-08-29/threshold_depth.csv,76820e830d841563076a53029e53f4951dab33d5520bf3c56ba7f143bc29c423,data/exact_l2/2026-08-29/valr_usdtzar_raw.json,4efefd895c1c5d09d3b177625552131e780a4f0dbede22a9b188fda90f4ce43b,sha256_verified,"[""base_asset"",""quote_asset"",""received_utc"",""exchange_timestamp_utc"",""source_url"",""source_params_json""]",2026-08-29,,2026-08-29T11:57:11.851284+00:00,,,legacy_unavailable,valr,USDTZAR,ZAR,USDT,,,,stablecoin_tokens,1 stablecoin token = 1 USD; no FX conversion,,,sell_stablecoin_base_hit_bids,valr_usdtzar_raw.json,4efefd895c1c5d09d3b177625552131e780a4f0dbede22a9b188fda90f4ce43b,10,16.20095,16.2009,16.201,47020.0576,47020.0576,761470.612283,True,False,8,
native_l2,legacy:2026-08-29,legacy_directory_identifier,data/exact_l2/2026-08-29,legacy_day_root,legacy,data/exact_l2/2026-08-29/manifest.json,a1d0a5e4cbc4cd2549c2f90cae61b8fc295da68421353f88d53677159bc5afe7,data/exact_l2/2026-08-29/threshold_depth.csv,76820e830d841563076a53029e53f4951dab33d5520bf3c56ba7f143bc29c423,data/exact_l2/2026-08-29/valr_usdtzar_raw.json,4efefd895c1c5d09d3b177625552131e780a4f0dbede22a9b188fda90f4ce43b,sha256_verified,"[""base_asset"",""quote_asset"",""received_utc"",""exchange_timestamp_utc"",""source_url"",""source_params_json""]",2026-08-29,,2026-08-29T11:57:11.851284+00:00,,,legacy_unavailable,valr,USDTZAR,ZAR,USDT,,,,stablecoin_tokens,1 stablecoin token = 1 USD; no FX conversion,,,sell_stablecoin_base_hit_bids,valr_usdtzar_raw.json,4efefd895c1c5d09d3b177625552131e780a4f0dbede22a9b188fda90f4ce43b,50,16.20095,16.2009,16.201,578859.0696,578859.0696,9342258.55631042,True,False,23,
native_l2,legacy:2026-08-29,legacy_directory_identifier,data/exact_l2/2026-08-29,legacy_day_root,legacy,data/exact_l2/2026-08-29/manifest.json,a1d0a5e4cbc4cd2549c2f90cae61b8fc295da68421353f88d53677159bc5afe7,data/exact_l2/2026-08-29/threshold_depth.csv,76820e830d841563076a53029e53f4951dab33d5520bf3c56ba7f143bc29c423,data/exact_l2/2026-08-29/valr_usdtzar_raw.json,4efefd895c1c5d09d3b177625552131e780a4f0dbede22a9b188fda90f4ce43b,sha256_verified,"[""base_asset"",""quote_asset"",""received_utc"",""exchange_timestamp_utc"",""source_url"",""source_params_json""]",2026-08-29,,2026-08-29T11:57:11.851284+00:00,,,legacy_unavailable,valr,USDTZAR,ZAR,USDT,,,,stablecoin_tokens,1 stablecoin token = 1 USD; no FX conversion,,,sell_stablecoin_base_hit_bids,valr_usdtzar_raw.json,4efefd895c1c5d09d3b177625552131e780a4f0dbede22a9b188fda90f4ce43b,100,16.20095,16.2009,16.201,651858.9182999999,651858.9182999999,10514752.863764271,True,False,37,
native_l2,legacy:2026-08-29,legacy_directory_identifier,data/exact_l2/2026-08-29,legacy_day_root,legacy,data/exact_l2/2026-08-29/manifest.json,a1d0a5e4cbc4cd2549c2f90cae61b8fc295da68421353f88d53677159bc5afe7,data/exact_l2/2026-08-29/threshold_depth.csv,76820e830d841563076a53029e53f4951dab33d5520bf3c56ba7f143bc29c423,data/exact_l2/2026-08-29/valr_usdtzar_raw.json,4efefd895c1c5d09d3b177625552131e780a4f0dbede22a9b188fda90f4ce43b,sha256_verified,"[""base_asset"",""quote_asset"",""received_utc"",""exchange_timestamp_utc"",""source_url"",""source_params_json""]",2026-08-29,,2026-08-29T11:57:11.851284+00:00,,,legacy_unavailable,valr,USDTZAR,ZAR,USDT,,,,stablecoin_tokens,1 stablecoin token = 1 USD; no FX conversion,,,sell_stablecoin_base_hit_bids,valr_usdtzar_raw.json,4efefd895c1c5d09d3b177625552131e780a4f0dbede22a9b188fda90f4ce43b,200,16.20095,16.2009,16.201,933462.8018,933462.8018,15019189.727577273,True,False,47,
native_l2,legacy:2026-08-29,legacy_directory_identifier,data/exact_l2/2026-08-29,legacy_day_root,legacy,data/exact_l2/2026-08-29/manifest.json,a1d0a5e4cbc4cd2549c2f90cae61b8fc295da68421353f88d53677159bc5afe7,data/exact_l2/2026-08-29/threshold_depth.csv,76820e830d841563076a53029e53f4951dab33d5520bf3c56ba7f143bc29c423,data/exact_l2/2026-08-29/bitkub_usdt_thb_raw.json,1f5667a761cd09b5b26dd5415814b776d0d036b40588d9867605af1917ff2172,sha256_verified,"[""base_asset"",""quote_asset"",""received_utc"",""exchange_timestamp_utc"",""source_url"",""source_params_json""]",2026-08-29,,2026-08-29T11:57:12.144556+00:00,,,legacy_unavailable,bitkub,usdt_thb,THB,USDT,,,,stablecoin_tokens,1 stablecoin token = 1 USD; no FX conversion,,,sell_stablecoin_base_hit_bids,bitkub_usdt_thb_raw.json,1f5667a761cd09b5b26dd5415814b776d0d036b40588d9867605af1917ff2172,10,33.015,33.01,33.02,196737.88,196737.88,6493077.936600001,True,False,3,
native_l2,legacy:2026-08-29,legacy_directory_identifier,data/exact_l2/2026-08-29,legacy_day_root,legacy,data/exact_l2/2026-08-29/manifest.json,a1d0a5e4cbc4cd2549c2f90cae61b8fc295da68421353f88d53677159bc5afe7,data/exact_l2/2026-08-29/threshold_depth.csv,76820e830d841563076a53029e53f4951dab33d5520bf3c56ba7f143bc29c423,data/exact_l2/2026-08-29/bitkub_usdt_thb_raw.json,1f5667a761cd09b5b26dd5415814b776d0d036b40588d9867605af1917ff2172,sha256_verified,"[""base_asset"",""quote_asset"",""received_utc"",""exchange_timestamp_utc"",""source_url"",""source_params_json""]",2026-08-29,,2026-08-29T11:57:12.144556+00:00,,,legacy_unavailable,bitkub,usdt_thb,THB,USDT,,,,stablecoin_tokens,1 stablecoin token = 1 USD; no FX conversion,,,sell_stablecoin_base_hit_bids,bitkub_usdt_thb_raw.json,1f5667a761cd09b5b26dd5415814b776d0d036b40588d9867605af1917ff2172,50,33.015,33.01,33.02,432837.59,432837.59,14264995.288700001,True,False,15,
native_l2,legacy:2026-08-29,legacy_directory_identifier,data/exact_l2/2026-08-29,legacy_day_root,legacy,data/exact_l2/2026-08-29/manifest.json,a1d0a5e4cbc4cd2549c2f90cae61b8fc295da68421353f88d53677159bc5afe7,data/exact_l2/2026-08-29/threshold_depth.csv,76820e830d841563076a53029e53f4951dab33d5520bf3c56ba7f143bc29c423,data/exact_l2/2026-08-29/bitkub_usdt_thb_raw.json,1f5667a761cd09b5b26dd5415814b776d0d036b40588d9867605af1917ff2172,sha256_verified,"[""base_asset"",""quote_asset"",""received_utc"",""exchange_timestamp_utc"",""source_url"",""source_params_json""]",2026-08-29,,2026-08-29T11:57:12.144556+00:00,,,legacy_unavailable,bitkub,usdt_thb,THB,USDT,,,,stablecoin_tokens,1 stablecoin token = 1 USD; no FX conversion,,,sell_stablecoin_base_hit_bids,bitkub_usdt_thb_raw.json,1f5667a761cd09b5b26dd5415814b776d0d036b40588d9867605af1917ff2172,100,33.015,33.01,33.02,646666.8099999999,646666.8099999999,21274023.0266,True,False,28,
native_l2,legacy:2026-08-29,legacy_directory_identifier,data/exact_l2/2026-08-29,legacy_day_root,legacy,data/exact_l2/2026-08-29/manifest.json,a1d0a5e4cbc4cd2549c2f90cae61b8fc295da68421353f88d53677159bc5afe7,data/exact_l2/2026-08-29/threshold_depth.csv,76820e830d841563076a53029e53f4951dab33d5520bf3c56ba7f143bc29c423,data/exact_l2/2026-08-29/bitkub_usdt_thb_raw.json,1f5667a761cd09b5b26dd5415814b776d0d036b40588d9867605af1917ff2172,sha256_verified,"[""base_asset"",""quote_asset"",""received_utc"",""exchange_timestamp_utc"",""source_url"",""source_params_json""]",2026-08-29,,2026-08-29T11:57:12.144556+00:00,,,legacy_unavailable,bitkub,usdt_thb,THB,USDT,,,,stablecoin_tokens,1 stablecoin token = 1 USD; no FX conversion,,,sell_stablecoin_base_hit_bids,bitkub_usdt_thb_raw.json,1f5667a761cd09b5b26dd5415814b776d0d036b40588d9867605af1917ff2172,200,33.015,33.01,33.02,758368.5099999999,758368.5099999999,24912931.5138,True,False,55,
native_l2,legacy:2026-08-30,legacy_directory_identifier,data/exact_l2/2026-08-30,legacy_day_root,legacy,data/exact_l2/2026-08-30/manifest.json,20328bc0186f67e37f23b0d8b9033cd73edbc888aa00b61fc30345d9c2efabdd,data/exact_l2/2026-08-30/threshold_depth.csv,480697544af1e4fd65edfa30750969d030db596bc0bc4f18eab2ec6e1ce4fdd2,data/exact_l2/2026-08-30/valr_usdtzar_raw.json,a6a6f777e4930e4acd0a54cc2e207dcdebea2242c6142d1894094a7e1e560408,sha256_verified,"[""base_asset"",""quote_asset"",""received_utc"",""exchange_timestamp_utc"",""source_url"",""source_params_json""]",2026-08-30,,2026-08-30T10:50:31.747163+00:00,,,legacy_unavailable,valr,USDTZAR,ZAR,USDT,,,,stablecoin_tokens,1 stablecoin token = 1 USD; no FX conversion,,,sell_stablecoin_base_hit_bids,valr_usdtzar_raw.json,a6a6f777e4930e4acd0a54cc2e207dcdebea2242c6142d1894094a7e1e560408,10,16.143949999999997,16.1439,16.144,17052.8073,17052.8073,275252.41007047,True,False,5,
native_l2,legacy:2026-08-30,legacy_directory_identifier,data/exact_l2/2026-08-30,legacy_day_root,legacy,data/exact_l2/2026-08-30/manifest.json,20328bc0186f67e37f23b0d8b9033cd73edbc888aa00b61fc30345d9c2efabdd,data/exact_l2/2026-08-30/threshold_depth.csv,480697544af1e4fd65edfa30750969d030db596bc0bc4f18eab2ec6e1ce4fdd2,data/exact_l2/2026-08-30/valr_usdtzar_raw.json,a6a6f777e4930e4acd0a54cc2e207dcdebea2242c6142d1894094a7e1e560408,sha256_verified,"[""base_asset"",""quote_asset"",""received_utc"",""exchange_timestamp_utc"",""source_url"",""source_params_json""]",2026-08-30,,2026-08-30T10:50:31.747163+00:00,,,legacy_unavailable,valr,USDTZAR,ZAR,USDT,,,,stablecoin_tokens,1 stablecoin token = 1 USD; no FX conversion,,,sell_stablecoin_base_hit_bids,valr_usdtzar_raw.json,a6a6f777e4930e4acd0a54cc2e207dcdebea2242c6142d1894094a7e1e560408,50,16.143949999999997,16.1439,16.144,664828.764,664828.764,10712809.271913912,True,False,26,
native_l2,legacy:2026-08-30,legacy_directory_identifier,data/exact_l2/2026-08-30,legacy_day_root,legacy,data/exact_l2/2026-08-30/manifest.json,20328bc0186f67e37f23b0d8b9033cd73edbc888aa00b61fc30345d9c2efabdd,data/exact_l2/2026-08-30/threshold_depth.csv,480697544af1e4fd65edfa30750969d030db596bc0bc4f18eab2ec6e1ce4fdd2,data/exact_l2/2026-08-30/valr_usdtzar_raw.json,a6a6f777e4930e4acd0a54cc2e207dcdebea2242c6142d1894094a7e1e560408,sha256_verified,"[""base_asset"",""quote_asset"",""received_utc"",""exchange_timestamp_utc"",""source_url"",""source_params_json""]",2026-08-30,,2026-08-30T10:50:31.747163+00:00,,,legacy_unavailable,valr,USDTZAR,ZAR,USDT,,,,stablecoin_tokens,1 stablecoin token = 1 USD; no FX conversion,,,sell_stablecoin_base_hit_bids,valr_usdtzar_raw.json,a6a6f777e4930e4acd0a54cc2e207dcdebea2242c6142d1894094a7e1e560408,100,16.143949999999997,16.1439,16.144,944175.1159999999,944175.1159999999,15189466.995647704,True,False,44,
native_l2,legacy:2026-08-30,legacy_directory_identifier,data/exact_l2/2026-08-30,legacy_day_root,legacy,data/exact_l2/2026-08-30/manifest.json,20328bc0186f67e37f23b0d8b9033cd73edbc888aa00b61fc30345d9c2efabdd,data/exact_l2/2026-08-30/threshold_depth.csv,480697544af1e4fd65edfa30750969d030db596bc0bc4f18eab2ec6e1ce4fdd2,data/exact_l2/2026-08-30/valr_usdtzar_raw.json,a6a6f777e4930e4acd0a54cc2e207dcdebea2242c6142d1894094a7e1e560408,sha256_verified,"[""base_asset"",""quote_asset"",""received_utc"",""exchange_timestamp_utc"",""source_url"",""source_params_json""]",2026-08-30,,2026-08-30T10:50:31.747163+00:00,,,legacy_unavailable,valr,USDTZAR,ZAR,USDT,,,,stablecoin_tokens,1 stablecoin token = 1 USD; no FX conversion,,,sell_stablecoin_base_hit_bids,valr_usdtzar_raw.json,a6a6f777e4930e4acd0a54cc2e207dcdebea2242c6142d1894094a7e1e560408,200,16.143949999999997,16.1439,16.144,1024803.6608999999,1024803.6608999999,16475467.145006705,True,False,46,
native_l2,legacy:2026-08-30,legacy_directory_identifier,data/exact_l2/2026-08-30,legacy_day_root,legacy,data/exact_l2/2026-08-30/manifest.json,20328bc0186f67e37f23b0d8b9033cd73edbc888aa00b61fc30345d9c2efabdd,data/exact_l2/2026-08-30/threshold_depth.csv,480697544af1e4fd65edfa30750969d030db596bc0bc4f18eab2ec6e1ce4fdd2,data/exact_l2/2026-08-30/bitkub_usdt_thb_raw.json,9b4c452283a8e19ff8824a2eebbcc287552f0f44a240912e66450860228ee2e2,sha256_verified,"[""base_asset"",""quote_asset"",""received_utc"",""exchange_timestamp_utc"",""source_url"",""source_params_json""]",2026-08-30,,2026-08-30T10:50:32.020572+00:00,,,legacy_unavailable,bitkub,usdt_thb,THB,USDT,,,,stablecoin_tokens,1 stablecoin token = 1 USD; no FX conversion,,,sell_stablecoin_base_hit_bids,bitkub_usdt_thb_raw.json,9b4c452283a8e19ff8824a2eebbcc287552f0f44a240912e66450860228ee2e2,10,33.055,33.05,33.06,205538.66,205538.66,6792443.401199999,True,False,3,
native_l2,legacy:2026-08-30,legacy_directory_identifier,data/exact_l2/2026-08-30,legacy_day_root,legacy,data/exact_l2/2026-08-30/manifest.json,20328bc0186f67e37f23b0d8b9033cd73edbc888aa00b61fc30345d9c2efabdd,data/exact_l2/2026-08-30/threshold_depth.csv,480697544af1e4fd65edfa30750969d030db596bc0bc4f18eab2ec6e1ce4fdd2,data/exact_l2/2026-08-30/bitkub_usdt_thb_raw.json,9b4c452283a8e19ff8824a2eebbcc287552f0f44a240912e66450860228ee2e2,sha256_verified,"[""base_asset"",""quote_asset"",""received_utc"",""exchange_timestamp_utc"",""source_url"",""source_params_json""]",2026-08-30,,2026-08-30T10:50:32.020572+00:00,,,legacy_unavailable,bitkub,usdt_thb,THB,USDT,,,,stablecoin_tokens,1 stablecoin token = 1 USD; no FX conversion,,,sell_stablecoin_base_hit_bids,bitkub_usdt_thb_raw.json,9b4c452283a8e19ff8824a2eebbcc287552f0f44a240912e66450860228ee2e2,50,33.055,33.05,33.06,431584.56000000006,431584.56000000006,14241883.002500001,True,False,15,
native_l2,legacy:2026-08-30,legacy_directory_identifier,data/exact_l2/2026-08-30,legacy_day_root,legacy,data/exact_l2/2026-08-30/manifest.json,20328bc0186f67e37f23b0d8b9033cd73edbc888aa00b61fc30345d9c2efabdd,data/exact_l2/2026-08-30/threshold_depth.csv,480697544af1e4fd65edfa30750969d030db596bc0bc4f18eab2ec6e1ce4fdd2,data/exact_l2/2026-08-30/bitkub_usdt_thb_raw.json,9b4c452283a8e19ff8824a2eebbcc287552f0f44a240912e66450860228ee2e2,sha256_verified,"[""base_asset"",""quote_asset"",""received_utc"",""exchange_timestamp_utc"",""source_url"",""source_params_json""]",2026-08-30,,2026-08-30T10:50:32.020572+00:00,,,legacy_unavailable,bitkub,usdt_thb,THB,USDT,,,,stablecoin_tokens,1 stablecoin token = 1 USD; no FX conversion,,,sell_stablecoin_base_hit_bids,bitkub_usdt_thb_raw.json,9b4c452283a8e19ff8824a2eebbcc287552f0f44a240912e66450860228ee2e2,100,33.055,33.05,33.06,635480.4200000002,635480.4200000002,20927773.747599997,True,False,26,
native_l2,legacy:2026-08-30,legacy_directory_identifier,data/exact_l2/2026-08-30,legacy_day_root,legacy,data/exact_l2/2026-08-30/manifest.json,20328bc0186f67e37f23b0d8b9033cd73edbc888aa00b61fc30345d9c2efabdd,data/exact_l2/2026-08-30/threshold_depth.csv,480697544af1e4fd65edfa30750969d030db596bc0bc4f18eab2ec6e1ce4fdd2,data/exact_l2/2026-08-30/bitkub_usdt_thb_raw.json,9b4c452283a8e19ff8824a2eebbcc287552f0f44a240912e66450860228ee2e2,sha256_verified,"[""base_asset"",""quote_asset"",""received_utc"",""exchange_timestamp_utc"",""source_url"",""source_params_json""]",2026-08-30,,2026-08-30T10:50:32.020572+00:00,,,legacy_unavailable,bitkub,usdt_thb,THB,USDT,,,,stablecoin_tokens,1 stablecoin token = 1 USD; no FX conversion,,,sell_stablecoin_base_hit_bids,bitkub_usdt_thb_raw.json,9b4c452283a8e19ff8824a2eebbcc287552f0f44a240912e66450860228ee2e2,200,33.055,33.05,33.06,762233.7300000002,762233.7300000002,25058617.190899998,True,False,52,
native_l2,legacy:2026-08-31,legacy_directory_identifier,data/exact_l2/2026-08-31,legacy_day_root,legacy,data/exact_l2/2026-08-31/manifest.json,09fafd1112720a1cbde84785c175607fe89014cc4f294c8dda32f51a8d626430,data/exact_l2/2026-08-31/threshold_depth.csv,1b6926789b102dc228f7ca9b7c19836fb864526fa794c7f43396a646f1aec3d7,data/exact_l2/2026-08-31/valr_usdtzar_raw.json,f2437a48157be74cbea2f12bd9482763466a9c53a8c21eb4ed8b78d354bf89a0,sha256_verified,"[""base_asset"",""quote_asset"",""received_utc"",""exchange_timestamp_utc"",""source_url"",""source_params_json""]",2026-08-31,,2026-08-31T12:00:16.547165+00:00,,,legacy_unavailable,valr,USDTZAR,ZAR,USDT,,,,stablecoin_tokens,1 stablecoin token = 1 USD; no FX conversion,,,sell_stablecoin_base_hit_bids,valr_usdtzar_raw.json,f2437a48157be74cbea2f12bd9482763466a9c53a8c21eb4ed8b78d354bf89a0,10,16.232550000000003,16.2325,16.2326,1424453.1131,1424453.1131,23111660.24361845,True,False,12,
native_l2,legacy:2026-08-31,legacy_directory_identifier,data/exact_l2/2026-08-31,legacy_day_root,legacy,data/exact_l2/2026-08-31/manifest.json,09fafd1112720a1cbde84785c175607fe89014cc4f294c8dda32f51a8d626430,data/exact_l2/2026-08-31/threshold_depth.csv,1b6926789b102dc228f7ca9b7c19836fb864526fa794c7f43396a646f1aec3d7,data/exact_l2/2026-08-31/valr_usdtzar_raw.json,f2437a48157be74cbea2f12bd9482763466a9c53a8c21eb4ed8b78d354bf89a0,sha256_verified,"[""base_asset"",""quote_asset"",""received_utc"",""exchange_timestamp_utc"",""source_url"",""source_params_json""]",2026-08-31,,2026-08-31T12:00:16.547165+00:00,,,legacy_unavailable,valr,USDTZAR,ZAR,USDT,,,,stablecoin_tokens,1 stablecoin token = 1 USD; no FX conversion,,,sell_stablecoin_base_hit_bids,valr_usdtzar_raw.json,f2437a48157be74cbea2f12bd9482763466a9c53a8c21eb4ed8b78d354bf89a0,50,16.232550000000003,16.2325,16.2326,2254770.5981,2254770.5981,36560129.06536585,True,False,34,
native_l2,legacy:2026-08-31,legacy_directory_identifier,data/exact_l2/2026-08-31,legacy_day_root,legacy,data/exact_l2/2026-08-31/manifest.json,09fafd1112720a1cbde84785c175607fe89014cc4f294c8dda32f51a8d626430,data/exact_l2/2026-08-31/threshold_depth.csv,1b6926789b102dc228f7ca9b7c19836fb864526fa794c7f43396a646f1aec3d7,data/exact_l2/2026-08-31/valr_usdtzar_raw.json,f2437a48157be74cbea2f12bd9482763466a9c53a8c21eb4ed8b78d354bf89a0,sha256_verified,"[""base_asset"",""quote_asset"",""received_utc"",""exchange_timestamp_utc"",""source_url"",""source_params_json""]",2026-08-31,,2026-08-31T12:00:16.547165+00:00,,,legacy_unavailable,valr,USDTZAR,ZAR,USDT,,,,stablecoin_tokens,1 stablecoin token = 1 USD; no FX conversion,,,sell_stablecoin_base_hit_bids,valr_usdtzar_raw.json,f2437a48157be74cbea2f12bd9482763466a9c53a8c21eb4ed8b78d354bf89a0,100,16.232550000000003,16.2325,16.2326,2270332.6287000002,2270332.6287000002,36811098.91412842,True,False,46,
native_l2,legacy:2026-08-31,legacy_directory_identifier,data/exact_l2/2026-08-31,legacy_day_root,legacy,data/exact_l2/2026-08-31/manifest.json,09fafd1112720a1cbde84785c175607fe89014cc4f294c8dda32f51a8d626430,data/exact_l2/2026-08-31/threshold_depth.csv,1b6926789b102dc228f7ca9b7c19836fb864526fa794c7f43396a646f1aec3d7,data/exact_l2/2026-08-31/valr_usdtzar_raw.json,f2437a48157be74cbea2f12bd9482763466a9c53a8c21eb4ed8b78d354bf89a0,sha256_verified,"[""base_asset"",""quote_asset"",""received_utc"",""exchange_timestamp_utc"",""source_url"",""source_params_json""]",2026-08-31,,2026-08-31T12:00:16.547165+00:00,,,legacy_unavailable,valr,USDTZAR,ZAR,USDT,,,,stablecoin_tokens,1 stablecoin token = 1 USD; no FX conversion,,,sell_stablecoin_base_hit_bids,valr_usdtzar_raw.json,f2437a48157be74cbea2f12bd9482763466a9c53a8c21eb4ed8b78d354bf89a0,200,16.232550000000003,16.2325,16.2326,2276615.8538999995,2276615.8538999995,36911944.55891909,True,False,56,
native_l2,legacy:2026-08-31,legacy_directory_identifier,data/exact_l2/2026-08-31,legacy_day_root,legacy,data/exact_l2/2026-08-31/manifest.json,09fafd1112720a1cbde84785c175607fe89014cc4f294c8dda32f51a8d626430,data/exact_l2/2026-08-31/threshold_depth.csv,1b6926789b102dc228f7ca9b7c19836fb864526fa794c7f43396a646f1aec3d7,data/exact_l2/2026-08-31/bitkub_usdt_thb_raw.json,a9df789ab8a47eb47872c38abbbb2ce6d34e35cd9003ee0de4399b97a7abe173,sha256_verified,"[""base_asset"",""quote_asset"",""received_utc"",""exchange_timestamp_utc"",""source_url"",""source_params_json""]",2026-08-31,,2026-08-31T12:00:16.767863+00:00,,,legacy_unavailable,bitkub,usdt_thb,THB,USDT,,,,stablecoin_tokens,1 stablecoin token = 1 USD; no FX conversion,,,sell_stablecoin_base_hit_bids,bitkub_usdt_thb_raw.json,a9df789ab8a47eb47872c38abbbb2ce6d34e35cd9003ee0de4399b97a7abe173,10,33.135000000000005,33.13,33.14,336249.05,336249.05,11139203.0462,True,False,3,
native_l2,legacy:2026-08-31,legacy_directory_identifier,data/exact_l2/2026-08-31,legacy_day_root,legacy,data/exact_l2/2026-08-31/manifest.json,09fafd1112720a1cbde84785c175607fe89014cc4f294c8dda32f51a8d626430,data/exact_l2/2026-08-31/threshold_depth.csv,1b6926789b102dc228f7ca9b7c19836fb864526fa794c7f43396a646f1aec3d7,data/exact_l2/2026-08-31/bitkub_usdt_thb_raw.json,a9df789ab8a47eb47872c38abbbb2ce6d34e35cd9003ee0de4399b97a7abe173,sha256_verified,"[""base_asset"",""quote_asset"",""received_utc"",""exchange_timestamp_utc"",""source_url"",""source_params_json""]",2026-08-31,,2026-08-31T12:00:16.767863+00:00,,,legacy_unavailable,bitkub,usdt_thb,THB,USDT,,,,stablecoin_tokens,1 stablecoin token = 1 USD; no FX conversion,,,sell_stablecoin_base_hit_bids,bitkub_usdt_thb_raw.json,a9df789ab8a47eb47872c38abbbb2ce6d34e35cd9003ee0de4399b97a7abe173,50,33.135000000000005,33.13,33.14,579379.49,579379.49,19172282.458800003,True,False,14,
native_l2,legacy:2026-08-31,legacy_directory_identifier,data/exact_l2/2026-08-31,legacy_day_root,legacy,data/exact_l2/2026-08-31/manifest.json,09fafd1112720a1cbde84785c175607fe89014cc4f294c8dda32f51a8d626430,data/exact_l2/2026-08-31/threshold_depth.csv,1b6926789b102dc228f7ca9b7c19836fb864526fa794c7f43396a646f1aec3d7,data/exact_l2/2026-08-31/bitkub_usdt_thb_raw.json,a9df789ab8a47eb47872c38abbbb2ce6d34e35cd9003ee0de4399b97a7abe173,sha256_verified,"[""base_asset"",""quote_asset"",""received_utc"",""exchange_timestamp_utc"",""source_url"",""source_params_json""]",2026-08-31,,2026-08-31T12:00:16.767863+00:00,,,legacy_unavailable,bitkub,usdt_thb,THB,USDT,,,,stablecoin_tokens,1 stablecoin token = 1 USD; no FX conversion,,,sell_stablecoin_base_hit_bids,bitkub_usdt_thb_raw.json,a9df789ab8a47eb47872c38abbbb2ce6d34e35cd9003ee0de4399b97a7abe173,100,33.135000000000005,33.13,33.14,739309.84,739309.84,24435055.80869999,True,False,27,
native_l2,legacy:2026-08-31,legacy_directory_identifier,data/exact_l2/2026-08-31,legacy_day_root,legacy,data/exact_l2/2026-08-31/manifest.json,09fafd1112720a1cbde84785c175607fe89014cc4f294c8dda32f51a8d626430,data/exact_l2/2026-08-31/threshold_depth.csv,1b6926789b102dc228f7ca9b7c19836fb864526fa794c7f43396a646f1aec3d7,data/exact_l2/2026-08-31/bitkub_usdt_thb_raw.json,a9df789ab8a47eb47872c38abbbb2ce6d34e35cd9003ee0de4399b97a7abe173,sha256_verified,"[""base_asset"",""quote_asset"",""received_utc"",""exchange_timestamp_utc"",""source_url"",""source_params_json""]",2026-08-31,,2026-08-31T12:00:16.767863+00:00,,,legacy_unavailable,bitkub,usdt_thb,THB,USDT,,,,stablecoin_tokens,1 stablecoin token = 1 USD; no FX conversion,,,sell_stablecoin_base_hit_bids,bitkub_usdt_thb_raw.json,a9df789ab8a47eb47872c38abbbb2ce6d34e35cd9003ee0de4399b97a7abe173,200,33.135000000000005,33.13,33.14,889494.0199999999,889494.0199999999,29346520.183399994,True,False,54,
native_l2,legacy:2026-09-01,legacy_directory_identifier,data/exact_l2/2026-09-01,legacy_day_root,legacy,data/exact_l2/2026-09-01/manifest.json,7b6e23877ada36dc65fba266c2eaf77a131b10facc0877401291b20ab29646f3,data/exact_l2/2026-09-01/threshold_depth.csv,6f24cbba966df5bb2aad10bb4f5d1fe0a5bdd4f39bc493d2aeb75bb7ac432b17,data/exact_l2/2026-09-01/valr_usdtzar_raw.json,ce7a0bee6f3716aee0531af3a21e991d9e8fc3aed5fe7a355404d12b7659339a,sha256_verified,"[""base_asset"",""quote_asset"",""received_utc"",""exchange_timestamp_utc"",""source_url"",""source_params_json""]",2026-09-01,,2026-09-01T10:36:19.501798+00:00,,,legacy_unavailable,valr,USDTZAR,ZAR,USDT,,,,stablecoin_tokens,1 stablecoin token = 1 USD; no FX conversion,,,sell_stablecoin_base_hit_bids,valr_usdtzar_raw.json,ce7a0bee6f3716aee0531af3a21e991d9e8fc3aed5fe7a355404d12b7659339a,10,16.27105,16.27,16.2721,467187.6514,467187.6514,7597026.7141145505,True,False,14,
native_l2,legacy:2026-09-01,legacy_directory_identifier,data/exact_l2/2026-09-01,legacy_day_root,legacy,data/exact_l2/2026-09-01/manifest.json,7b6e23877ada36dc65fba266c2eaf77a131b10facc0877401291b20ab29646f3,data/exact_l2/2026-09-01/threshold_depth.csv,6f24cbba966df5bb2aad10bb4f5d1fe0a5bdd4f39bc493d2aeb75bb7ac432b17,data/exact_l2/2026-09-01/valr_usdtzar_raw.json,ce7a0bee6f3716aee0531af3a21e991d9e8fc3aed5fe7a355404d12b7659339a,sha256_verified,"[""base_asset"",""quote_asset"",""received_utc"",""exchange_timestamp_utc"",""source_url"",""source_params_json""]",2026-09-01,,2026-09-01T10:36:19.501798+00:00,,,legacy_unavailable,valr,USDTZAR,ZAR,USDT,,,,stablecoin_tokens,1 stablecoin token = 1 USD; no FX conversion,,,sell_stablecoin_base_hit_bids,valr_usdtzar_raw.json,ce7a0bee6f3716aee0531af3a21e991d9e8fc3aed5fe7a355404d12b7659339a,50,16.27105,16.27,16.2721,1202427.5255999998,1202427.5255999998,19533543.41366418,True,False,32,
native_l2,legacy:2026-09-01,legacy_directory_identifier,data/exact_l2/2026-09-01,legacy_day_root,legacy,data/exact_l2/2026-09-01/manifest.json,7b6e23877ada36dc65fba266c2eaf77a131b10facc0877401291b20ab29646f3,data/exact_l2/2026-09-01/threshold_depth.csv,6f24cbba966df5bb2aad10bb4f5d1fe0a5bdd4f39bc493d2aeb75bb7ac432b17,data/exact_l2/2026-09-01/valr_usdtzar_raw.json,ce7a0bee6f3716aee0531af3a21e991d9e8fc3aed5fe7a355404d12b7659339a,sha256_verified,"[""base_asset"",""quote_asset"",""received_utc"",""exchange_timestamp_utc"",""source_url"",""source_params_json""]",2026-09-01,,2026-09-01T10:36:19.501798+00:00,,,legacy_unavailable,valr,USDTZAR,ZAR,USDT,,,,stablecoin_tokens,1 stablecoin token = 1 USD; no FX conversion,,,sell_stablecoin_base_hit_bids,valr_usdtzar_raw.json,ce7a0bee6f3716aee0531af3a21e991d9e8fc3aed5fe7a355404d12b7659339a,100,16.27105,16.27,16.2721,1282479.7497999996,1282479.7497999996,20828486.5963573,True,False,43,
native_l2,legacy:2026-09-01,legacy_directory_identifier,data/exact_l2/2026-09-01,legacy_day_root,legacy,data/exact_l2/2026-09-01/manifest.json,7b6e23877ada36dc65fba266c2eaf77a131b10facc0877401291b20ab29646f3,data/exact_l2/2026-09-01/threshold_depth.csv,6f24cbba966df5bb2aad10bb4f5d1fe0a5bdd4f39bc493d2aeb75bb7ac432b17,data/exact_l2/2026-09-01/valr_usdtzar_raw.json,ce7a0bee6f3716aee0531af3a21e991d9e8fc3aed5fe7a355404d12b7659339a,sha256_verified,"[""base_asset"",""quote_asset"",""received_utc"",""exchange_timestamp_utc"",""source_url"",""source_params_json""]",2026-09-01,,2026-09-01T10:36:19.501798+00:00,,,legacy_unavailable,valr,USDTZAR,ZAR,USDT,,,,stablecoin_tokens,1 stablecoin token = 1 USD; no FX conversion,,,sell_stablecoin_base_hit_bids,valr_usdtzar_raw.json,ce7a0bee6f3716aee0531af3a21e991d9e8fc3aed5fe7a355404d12b7659339a,200,16.27105,16.27,16.2721,1290747.8032999998,1290747.8032999998,20961287.795155253,True,False,59,
native_l2,legacy:2026-09-01,legacy_directory_identifier,data/exact_l2/2026-09-01,legacy_day_root,legacy,data/exact_l2/2026-09-01/manifest.json,7b6e23877ada36dc65fba266c2eaf77a131b10facc0877401291b20ab29646f3,data/exact_l2/2026-09-01/threshold_depth.csv,6f24cbba966df5bb2aad10bb4f5d1fe0a5bdd4f39bc493d2aeb75bb7ac432b17,data/exact_l2/2026-09-01/bitkub_usdt_thb_raw.json,06060f0d7e6335c9a37f41a0c33b593588f15ca0321ab8e2c55a473b9dd6b095,sha256_verified,"[""base_asset"",""quote_asset"",""received_utc"",""exchange_timestamp_utc"",""source_url"",""source_params_json""]",2026-09-01,,2026-09-01T10:36:19.715717+00:00,,,legacy_unavailable,bitkub,usdt_thb,THB,USDT,,,,stablecoin_tokens,1 stablecoin token = 1 USD; no FX conversion,,,sell_stablecoin_base_hit_bids,bitkub_usdt_thb_raw.json,06060f0d7e6335c9a37f41a0c33b593588f15ca0321ab8e2c55a473b9dd6b095,10,33.165,33.16,33.17,181158.82,181158.82,6006676.7524999995,True,False,3,
native_l2,legacy:2026-09-01,legacy_directory_identifier,data/exact_l2/2026-09-01,legacy_day_root,legacy,data/exact_l2/2026-09-01/manifest.json,7b6e23877ada36dc65fba266c2eaf77a131b10facc0877401291b20ab29646f3,data/exact_l2/2026-09-01/threshold_depth.csv,6f24cbba966df5bb2aad10bb4f5d1fe0a5bdd4f39bc493d2aeb75bb7ac432b17,data/exact_l2/2026-09-01/bitkub_usdt_thb_raw.json,06060f0d7e6335c9a37f41a0c33b593588f15ca0321ab8e2c55a473b9dd6b095,sha256_verified,"[""base_asset"",""quote_asset"",""received_utc"",""exchange_timestamp_utc"",""source_url"",""source_params_json""]",2026-09-01,,2026-09-01T10:36:19.715717+00:00,,,legacy_unavailable,bitkub,usdt_thb,THB,USDT,,,,stablecoin_tokens,1 stablecoin token = 1 USD; no FX conversion,,,sell_stablecoin_base_hit_bids,bitkub_usdt_thb_raw.json,06060f0d7e6335c9a37f41a0c33b593588f15ca0321ab8e2c55a473b9dd6b095,50,33.165,33.16,33.17,385795.82999999996,385795.82999999996,12772955.974,True,False,12,
native_l2,legacy:2026-09-01,legacy_directory_identifier,data/exact_l2/2026-09-01,legacy_day_root,legacy,data/exact_l2/2026-09-01/manifest.json,7b6e23877ada36dc65fba266c2eaf77a131b10facc0877401291b20ab29646f3,data/exact_l2/2026-09-01/threshold_depth.csv,6f24cbba966df5bb2aad10bb4f5d1fe0a5bdd4f39bc493d2aeb75bb7ac432b17,data/exact_l2/2026-09-01/bitkub_usdt_thb_raw.json,06060f0d7e6335c9a37f41a0c33b593588f15ca0321ab8e2c55a473b9dd6b095,sha256_verified,"[""base_asset"",""quote_asset"",""received_utc"",""exchange_timestamp_utc"",""source_url"",""source_params_json""]",2026-09-01,,2026-09-01T10:36:19.715717+00:00,,,legacy_unavailable,bitkub,usdt_thb,THB,USDT,,,,stablecoin_tokens,1 stablecoin token = 1 USD; no FX conversion,,,sell_stablecoin_base_hit_bids,bitkub_usdt_thb_raw.json,06060f0d7e6335c9a37f41a0c33b593588f15ca0321ab8e2c55a473b9dd6b095,100,33.165,33.16,33.17,564558.5000000001,564558.5000000001,18658445.2035,True,False,21,
native_l2,legacy:2026-09-01,legacy_directory_identifier,data/exact_l2/2026-09-01,legacy_day_root,legacy,data/exact_l2/2026-09-01/manifest.json,7b6e23877ada36dc65fba266c2eaf77a131b10facc0877401291b20ab29646f3,data/exact_l2/2026-09-01/threshold_depth.csv,6f24cbba966df5bb2aad10bb4f5d1fe0a5bdd4f39bc493d2aeb75bb7ac432b17,data/exact_l2/2026-09-01/bitkub_usdt_thb_raw.json,06060f0d7e6335c9a37f41a0c33b593588f15ca0321ab8e2c55a473b9dd6b095,sha256_verified,"[""base_asset"",""quote_asset"",""received_utc"",""exchange_timestamp_utc"",""source_url"",""source_params_json""]",2026-09-01,,2026-09-01T10:36:19.715717+00:00,,,legacy_unavailable,bitkub,usdt_thb,THB,USDT,,,,stablecoin_tokens,1 stablecoin token = 1 USD; no FX conversion,,,sell_stablecoin_base_hit_bids,bitkub_usdt_thb_raw.json,06060f0d7e6335c9a37f41a0c33b593588f15ca0321ab8e2c55a473b9dd6b095,200,33.165,33.16,33.17,692918.3299999998,692918.3299999998,22860538.050899994,True,False,48,
native_l2,legacy:2026-09-02,legacy_directory_identifier,data/exact_l2/2026-09-02,legacy_day_root,legacy,data/exact_l2/2026-09-02/manifest.json,1667810b9f422bba5aece07e326ba7ab08ab7f5c798a3ef96935c928bb765e98,data/exact_l2/2026-09-02/threshold_depth.csv,e8a7bf51c286108e89c0d417eb4f0b2c963469a8acf4446d2e17b00e3a0c090a,data/exact_l2/2026-09-02/valr_usdtzar_raw.json,138da4853afa615068e8255e40bb937ee7851997fa4d30aea3d98a1943438587,sha256_verified,"[""base_asset"",""quote_asset"",""received_utc"",""exchange_timestamp_utc"",""source_url"",""source_params_json""]",2026-09-02,,2026-09-02T10:04:35.849573+00:00,,,legacy_unavailable,valr,USDTZAR,ZAR,USDT,,,,stablecoin_tokens,1 stablecoin token = 1 USD; no FX conversion,,,sell_stablecoin_base_hit_bids,valr_usdtzar_raw.json,138da4853afa615068e8255e40bb937ee7851997fa4d30aea3d98a1943438587,10,16.27555,16.2751,16.276,593330.7681,593330.7681,9650279.872779412,True,False,15,
native_l2,legacy:2026-09-02,legacy_directory_identifier,data/exact_l2/2026-09-02,legacy_day_root,legacy,data/exact_l2/2026-09-02/manifest.json,1667810b9f422bba5aece07e326ba7ab08ab7f5c798a3ef96935c928bb765e98,data/exact_l2/2026-09-02/threshold_depth.csv,e8a7bf51c286108e89c0d417eb4f0b2c963469a8acf4446d2e17b00e3a0c090a,data/exact_l2/2026-09-02/valr_usdtzar_raw.json,138da4853afa615068e8255e40bb937ee7851997fa4d30aea3d98a1943438587,sha256_verified,"[""base_asset"",""quote_asset"",""received_utc"",""exchange_timestamp_utc"",""source_url"",""source_params_json""]",2026-09-02,,2026-09-02T10:04:35.849573+00:00,,,legacy_unavailable,valr,USDTZAR,ZAR,USDT,,,,stablecoin_tokens,1 stablecoin token = 1 USD; no FX conversion,,,sell_stablecoin_base_hit_bids,valr_usdtzar_raw.json,138da4853afa615068e8255e40bb937ee7851997fa4d30aea3d98a1943438587,50,16.27555,16.2751,16.276,957939.5864,957939.5864,15572760.632095514,True,False,35,
native_l2,legacy:2026-09-02,legacy_directory_identifier,data/exact_l2/2026-09-02,legacy_day_root,legacy,data/exact_l2/2026-09-02/manifest.json,1667810b9f422bba5aece07e326ba7ab08ab7f5c798a3ef96935c928bb765e98,data/exact_l2/2026-09-02/threshold_depth.csv,e8a7bf51c286108e89c0d417eb4f0b2c963469a8acf4446d2e17b00e3a0c090a,data/exact_l2/2026-09-02/valr_usdtzar_raw.json,138da4853afa615068e8255e40bb937ee7851997fa4d30aea3d98a1943438587,sha256_verified,"[""base_asset"",""quote_asset"",""received_utc"",""exchange_timestamp_utc"",""source_url"",""source_params_json""]",2026-09-02,,2026-09-02T10:04:35.849573+00:00,,,legacy_unavailable,valr,USDTZAR,ZAR,USDT,,,,stablecoin_tokens,1 stablecoin token = 1 USD; no FX conversion,,,sell_stablecoin_base_hit_bids,valr_usdtzar_raw.json,138da4853afa615068e8255e40bb937ee7851997fa4d30aea3d98a1943438587,100,16.27555,16.2751,16.276,1017252.0175000001,1017252.0175000001,16532472.281081796,True,False,47,
native_l2,legacy:2026-09-02,legacy_directory_identifier,data/exact_l2/2026-09-02,legacy_day_root,legacy,data/exact_l2/2026-09-02/manifest.json,1667810b9f422bba5aece07e326ba7ab08ab7f5c798a3ef96935c928bb765e98,data/exact_l2/2026-09-02/threshold_depth.csv,e8a7bf51c286108e89c0d417eb4f0b2c963469a8acf4446d2e17b00e3a0c090a,data/exact_l2/2026-09-02/valr_usdtzar_raw.json,138da4853afa615068e8255e40bb937ee7851997fa4d30aea3d98a1943438587,sha256_verified,"[""base_asset"",""quote_asset"",""received_utc"",""exchange_timestamp_utc"",""source_url"",""source_params_json""]",2026-09-02,,2026-09-02T10:04:35.849573+00:00,,,legacy_unavailable,valr,USDTZAR,ZAR,USDT,,,,stablecoin_tokens,1 stablecoin token = 1 USD; no FX conversion,,,sell_stablecoin_base_hit_bids,valr_usdtzar_raw.json,138da4853afa615068e8255e40bb937ee7851997fa4d30aea3d98a1943438587,200,16.27555,16.2751,16.276,1021776.5686,1021776.5686,16605314.611819815,True,False,61,
native_l2,legacy:2026-09-02,legacy_directory_identifier,data/exact_l2/2026-09-02,legacy_day_root,legacy,data/exact_l2/2026-09-02/manifest.json,1667810b9f422bba5aece07e326ba7ab08ab7f5c798a3ef96935c928bb765e98,data/exact_l2/2026-09-02/threshold_depth.csv,e8a7bf51c286108e89c0d417eb4f0b2c963469a8acf4446d2e17b00e3a0c090a,data/exact_l2/2026-09-02/bitkub_usdt_thb_raw.json,521ac01eb6defab8a1149302659c1c707cdba87bcae89a8d6cde54fd4f4a19b6,sha256_verified,"[""base_asset"",""quote_asset"",""received_utc"",""exchange_timestamp_utc"",""source_url"",""source_params_json""]",2026-09-02,,2026-09-02T10:04:36.165506+00:00,,,legacy_unavailable,bitkub,usdt_thb,THB,USDT,,,,stablecoin_tokens,1 stablecoin token = 1 USD; no FX conversion,,,sell_stablecoin_base_hit_bids,bitkub_usdt_thb_raw.json,521ac01eb6defab8a1149302659c1c707cdba87bcae89a8d6cde54fd4f4a19b6,10,33.265,33.26,33.27,295264.04,295264.04,9819803.018399999,True,False,3,
native_l2,legacy:2026-09-02,legacy_directory_identifier,data/exact_l2/2026-09-02,legacy_day_root,legacy,data/exact_l2/2026-09-02/manifest.json,1667810b9f422bba5aece07e326ba7ab08ab7f5c798a3ef96935c928bb765e98,data/exact_l2/2026-09-02/threshold_depth.csv,e8a7bf51c286108e89c0d417eb4f0b2c963469a8acf4446d2e17b00e3a0c090a,data/exact_l2/2026-09-02/bitkub_usdt_thb_raw.json,521ac01eb6defab8a1149302659c1c707cdba87bcae89a8d6cde54fd4f4a19b6,sha256_verified,"[""base_asset"",""quote_asset"",""received_utc"",""exchange_timestamp_utc"",""source_url"",""source_params_json""]",2026-09-02,,2026-09-02T10:04:36.165506+00:00,,,legacy_unavailable,bitkub,usdt_thb,THB,USDT,,,,stablecoin_tokens,1 stablecoin token = 1 USD; no FX conversion,,,sell_stablecoin_base_hit_bids,bitkub_usdt_thb_raw.json,521ac01eb6defab8a1149302659c1c707cdba87bcae89a8d6cde54fd4f4a19b6,50,33.265,33.26,33.27,500733.79999999993,500733.79999999993,16636754.283899995,True,False,17,
native_l2,legacy:2026-09-02,legacy_directory_identifier,data/exact_l2/2026-09-02,legacy_day_root,legacy,data/exact_l2/2026-09-02/manifest.json,1667810b9f422bba5aece07e326ba7ab08ab7f5c798a3ef96935c928bb765e98,data/exact_l2/2026-09-02/threshold_depth.csv,e8a7bf51c286108e89c0d417eb4f0b2c963469a8acf4446d2e17b00e3a0c090a,data/exact_l2/2026-09-02/bitkub_usdt_thb_raw.json,521ac01eb6defab8a1149302659c1c707cdba87bcae89a8d6cde54fd4f4a19b6,sha256_verified,"[""base_asset"",""quote_asset"",""received_utc"",""exchange_timestamp_utc"",""source_url"",""source_params_json""]",2026-09-02,,2026-09-02T10:04:36.165506+00:00,,,legacy_unavailable,bitkub,usdt_thb,THB,USDT,,,,stablecoin_tokens,1 stablecoin token = 1 USD; no FX conversion,,,sell_stablecoin_base_hit_bids,bitkub_usdt_thb_raw.json,521ac01eb6defab8a1149302659c1c707cdba87bcae89a8d6cde54fd4f4a19b6,100,33.265,33.26,33.27,685254.3999999999,685254.3999999999,22732605.813699994,True,False,26,
native_l2,legacy:2026-09-02,legacy_directory_identifier,data/exact_l2/2026-09-02,legacy_day_root,legacy,data/exact_l2/2026-09-02/manifest.json,1667810b9f422bba5aece07e326ba7ab08ab7f5c798a3ef96935c928bb765e98,data/exact_l2/2026-09-02/threshold_depth.csv,e8a7bf51c286108e89c0d417eb4f0b2c963469a8acf4446d2e17b00e3a0c090a,data/exact_l2/2026-09-02/bitkub_usdt_thb_raw.json,521ac01eb6defab8a1149302659c1c707cdba87bcae89a8d6cde54fd4f4a19b6,sha256_verified,"[""base_asset"",""quote_asset"",""received_utc"",""exchange_timestamp_utc"",""source_url"",""source_params_json""]",2026-09-02,,2026-09-02T10:04:36.165506+00:00,,,legacy_unavailable,bitkub,usdt_thb,THB,USDT,,,,stablecoin_tokens,1 stablecoin token = 1 USD; no FX conversion,,,sell_stablecoin_base_hit_bids,bitkub_usdt_thb_raw.json,521ac01eb6defab8a1149302659c1c707cdba87bcae89a8d6cde54fd4f4a19b6,200,33.265,33.26,33.27,816855.5099999998,816855.5099999998,27048962.848899994,True,False,55,
native_l2,legacy:2026-09-03,legacy_directory_identifier,data/exact_l2/2026-09-03,legacy_day_root,legacy,data/exact_l2/2026-09-03/manifest.json,59c45ba308522c3bab28505d1210f71827bfbef63c2d731e10d22265d6e6cdd7,data/exact_l2/2026-09-03/threshold_depth.csv,faeac66a660ca62fbc54cb01798881e62c021ba9bfefcd00147c98e0ba5558a8,data/exact_l2/2026-09-03/valr_usdtzar_raw.json,14bf65d5c0b592e275fe6792324aff560e6745960c4784ce6e8ee26ee3607761,sha256_verified,"[""base_asset"",""quote_asset"",""received_utc"",""exchange_timestamp_utc"",""source_url"",""source_params_json""]",2026-09-03,,2026-09-03T10:14:28.675957+00:00,,,legacy_unavailable,valr,USDTZAR,ZAR,USDT,,,,stablecoin_tokens,1 stablecoin token = 1 USD; no FX conversion,,,sell_stablecoin_base_hit_bids,valr_usdtzar_raw.json,14bf65d5c0b592e275fe6792324aff560e6745960c4784ce6e8ee26ee3607761,10,16.18195,16.1819,16.182,569195.5122000001,569195.5122000001,9205034.70675053,True,False,16,
native_l2,legacy:2026-09-03,legacy_directory_identifier,data/exact_l2/2026-09-03,legacy_day_root,legacy,data/exact_l2/2026-09-03/manifest.json,59c45ba308522c3bab28505d1210f71827bfbef63c2d731e10d22265d6e6cdd7,data/exact_l2/2026-09-03/threshold_depth.csv,faeac66a660ca62fbc54cb01798881e62c021ba9bfefcd00147c98e0ba5558a8,data/exact_l2/2026-09-03/valr_usdtzar_raw.json,14bf65d5c0b592e275fe6792324aff560e6745960c4784ce6e8ee26ee3607761,sha256_verified,"[""base_asset"",""quote_asset"",""received_utc"",""exchange_timestamp_utc"",""source_url"",""source_params_json""]",2026-09-03,,2026-09-03T10:14:28.675957+00:00,,,legacy_unavailable,valr,USDTZAR,ZAR,USDT,,,,stablecoin_tokens,1 stablecoin token = 1 USD; no FX conversion,,,sell_stablecoin_base_hit_bids,valr_usdtzar_raw.json,14bf65d5c0b592e275fe6792324aff560e6745960c4784ce6e8ee26ee3607761,50,16.18195,16.1819,16.182,876690.3323000001,876690.3323000001,14168167.36484387,True,False,34,
native_l2,legacy:2026-09-03,legacy_directory_identifier,data/exact_l2/2026-09-03,legacy_day_root,legacy,data/exact_l2/2026-09-03/manifest.json,59c45ba308522c3bab28505d1210f71827bfbef63c2d731e10d22265d6e6cdd7,data/exact_l2/2026-09-03/threshold_depth.csv,faeac66a660ca62fbc54cb01798881e62c021ba9bfefcd00147c98e0ba5558a8,data/exact_l2/2026-09-03/valr_usdtzar_raw.json,14bf65d5c0b592e275fe6792324aff560e6745960c4784ce6e8ee26ee3607761,sha256_verified,"[""base_asset"",""quote_asset"",""received_utc"",""exchange_timestamp_utc"",""source_url"",""source_params_json""]",2026-09-03,,2026-09-03T10:14:28.675957+00:00,,,legacy_unavailable,valr,USDTZAR,ZAR,USDT,,,,stablecoin_tokens,1 stablecoin token = 1 USD; no FX conversion,,,sell_stablecoin_base_hit_bids,valr_usdtzar_raw.json,14bf65d5c0b592e275fe6792324aff560e6745960c4784ce6e8ee26ee3607761,100,16.18195,16.1819,16.182,888677.3301,888677.3301,14361125.03841353,True,False,45,
native_l2,legacy:2026-09-03,legacy_directory_identifier,data/exact_l2/2026-09-03,legacy_day_root,legacy,data/exact_l2/2026-09-03/manifest.json,59c45ba308522c3bab28505d1210f71827bfbef63c2d731e10d22265d6e6cdd7,data/exact_l2/2026-09-03/threshold_depth.csv,faeac66a660ca62fbc54cb01798881e62c021ba9bfefcd00147c98e0ba5558a8,data/exact_l2/2026-09-03/valr_usdtzar_raw.json,14bf65d5c0b592e275fe6792324aff560e6745960c4784ce6e8ee26ee3607761,sha256_verified,"[""base_asset"",""quote_asset"",""received_utc"",""exchange_timestamp_utc"",""source_url"",""source_params_json""]",2026-09-03,,2026-09-03T10:14:28.675957+00:00,,,legacy_unavailable,valr,USDTZAR,ZAR,USDT,,,,stablecoin_tokens,1 stablecoin token = 1 USD; no FX conversion,,,sell_stablecoin_base_hit_bids,valr_usdtzar_raw.json,14bf65d5c0b592e275fe6792324aff560e6745960c4784ce6e8ee26ee3607761,200,16.18195,16.1819,16.182,888707.5368000001,888707.5368000001,14361607.386055531,True,False,49,
native_l2,legacy:2026-09-03,legacy_directory_identifier,data/exact_l2/2026-09-03,legacy_day_root,legacy,data/exact_l2/2026-09-03/manifest.json,59c45ba308522c3bab28505d1210f71827bfbef63c2d731e10d22265d6e6cdd7,data/exact_l2/2026-09-03/threshold_depth.csv,faeac66a660ca62fbc54cb01798881e62c021ba9bfefcd00147c98e0ba5558a8,data/exact_l2/2026-09-03/bitkub_usdt_thb_raw.json,e59e05590317087260d739adba67f87d51df472695ff99fae0593ec71b08e670,sha256_verified,"[""base_asset"",""quote_asset"",""received_utc"",""exchange_timestamp_utc"",""source_url"",""source_params_json""]",2026-09-03,,2026-09-03T10:14:28.893498+00:00,,,legacy_unavailable,bitkub,usdt_thb,THB,USDT,,,,stablecoin_tokens,1 stablecoin token = 1 USD; no FX conversion,,,sell_stablecoin_base_hit_bids,bitkub_usdt_thb_raw.json,e59e05590317087260d739adba67f87d51df472695ff99fae0593ec71b08e670,10,32.995000000000005,32.99,33.0,597630.7,597630.7,19704970.769,True,False,2,
native_l2,legacy:2026-09-03,legacy_directory_identifier,data/exact_l2/2026-09-03,legacy_day_root,legacy,data/exact_l2/2026-09-03/manifest.json,59c45ba308522c3bab28505d1210f71827bfbef63c2d731e10d22265d6e6cdd7,data/exact_l2/2026-09-03/threshold_depth.csv,faeac66a660ca62fbc54cb01798881e62c021ba9bfefcd00147c98e0ba5558a8,data/exact_l2/2026-09-03/bitkub_usdt_thb_raw.json,e59e05590317087260d739adba67f87d51df472695ff99fae0593ec71b08e670,sha256_verified,"[""base_asset"",""quote_asset"",""received_utc"",""exchange_timestamp_utc"",""source_url"",""source_params_json""]",2026-09-03,,2026-09-03T10:14:28.893498+00:00,,,legacy_unavailable,bitkub,usdt_thb,THB,USDT,,,,stablecoin_tokens,1 stablecoin token = 1 USD; no FX conversion,,,sell_stablecoin_base_hit_bids,bitkub_usdt_thb_raw.json,e59e05590317087260d739adba67f87d51df472695ff99fae0593ec71b08e670,50,32.995000000000005,32.99,33.0,1140836.12,1140836.12,37592896.79749999,True,False,13,
native_l2,legacy:2026-09-03,legacy_directory_identifier,data/exact_l2/2026-09-03,legacy_day_root,legacy,data/exact_l2/2026-09-03/manifest.json,59c45ba308522c3bab28505d1210f71827bfbef63c2d731e10d22265d6e6cdd7,data/exact_l2/2026-09-03/threshold_depth.csv,faeac66a660ca62fbc54cb01798881e62c021ba9bfefcd00147c98e0ba5558a8,data/exact_l2/2026-09-03/bitkub_usdt_thb_raw.json,e59e05590317087260d739adba67f87d51df472695ff99fae0593ec71b08e670,sha256_verified,"[""base_asset"",""quote_asset"",""received_utc"",""exchange_timestamp_utc"",""source_url"",""source_params_json""]",2026-09-03,,2026-09-03T10:14:28.893498+00:00,,,legacy_unavailable,bitkub,usdt_thb,THB,USDT,,,,stablecoin_tokens,1 stablecoin token = 1 USD; no FX conversion,,,sell_stablecoin_base_hit_bids,bitkub_usdt_thb_raw.json,e59e05590317087260d739adba67f87d51df472695ff99fae0593ec71b08e670,100,32.995000000000005,32.99,33.0,1360336.63,1360336.63,44780940.62430001,True,False,28,
native_l2,legacy:2026-09-03,legacy_directory_identifier,data/exact_l2/2026-09-03,legacy_day_root,legacy,data/exact_l2/2026-09-03/manifest.json,59c45ba308522c3bab28505d1210f71827bfbef63c2d731e10d22265d6e6cdd7,data/exact_l2/2026-09-03/threshold_depth.csv,faeac66a660ca62fbc54cb01798881e62c021ba9bfefcd00147c98e0ba5558a8,data/exact_l2/2026-09-03/bitkub_usdt_thb_raw.json,e59e05590317087260d739adba67f87d51df472695ff99fae0593ec71b08e670,sha256_verified,"[""base_asset"",""quote_asset"",""received_utc"",""exchange_timestamp_utc"",""source_url"",""source_params_json""]",2026-09-03,,2026-09-03T10:14:28.893498+00:00,,,legacy_unavailable,bitkub,usdt_thb,THB,USDT,,,,stablecoin_tokens,1 stablecoin token = 1 USD; no FX conversion,,,sell_stablecoin_base_hit_bids,bitkub_usdt_thb_raw.json,e59e05590317087260d739adba67f87d51df472695ff99fae0593ec71b08e670,200,32.995000000000005,32.99,33.0,1532209.5200000005,1532209.5200000005,50366977.88410003,True,False,52,
native_l2,legacy:2026-09-04,legacy_directory_identifier,data/exact_l2/2026-09-04,legacy_day_root,legacy,data/exact_l2/2026-09-04/manifest.json,ab88500a3ef278e06bc2b585acc000b33cb9f2cb81e0e58f46bee23f32bcffc5,data/exact_l2/2026-09-04/threshold_depth.csv,33412c77f46f7e59dae97032bd650536a7923a2a51d38a3f3db2edf182802a19,data/exact_l2/2026-09-04/valr_usdtzar_raw.json,0ebba9cf423954670c37b24abd3bc9769c3ad4e8b3a457346d358124f440d51b,sha256_verified,"[""base_asset"",""quote_asset"",""received_utc"",""exchange_timestamp_utc"",""source_url"",""source_params_json""]",2026-09-04,,2026-09-04T10:05:56.605162+00:00,,,legacy_unavailable,valr,USDTZAR,ZAR,USDT,,,,stablecoin_tokens,1 stablecoin token = 1 USD; no FX conversion,,,sell_stablecoin_base_hit_bids,valr_usdtzar_raw.json,0ebba9cf423954670c37b24abd3bc9769c3ad4e8b3a457346d358124f440d51b,10,16.061950000000003,16.0619,16.062,180764.6333,180764.6333,2901602.82462535,True,False,10,
native_l2,legacy:2026-09-04,legacy_directory_identifier,data/exact_l2/2026-09-04,legacy_day_root,legacy,data/exact_l2/2026-09-04/manifest.json,ab88500a3ef278e06bc2b585acc000b33cb9f2cb81e0e58f46bee23f32bcffc5,data/exact_l2/2026-09-04/threshold_depth.csv,33412c77f46f7e59dae97032bd650536a7923a2a51d38a3f3db2edf182802a19,data/exact_l2/2026-09-04/valr_usdtzar_raw.json,0ebba9cf423954670c37b24abd3bc9769c3ad4e8b3a457346d358124f440d51b,sha256_verified,"[""base_asset"",""quote_asset"",""received_utc"",""exchange_timestamp_utc"",""source_url"",""source_params_json""]",2026-09-04,,2026-09-04T10:05:56.605162+00:00,,,legacy_unavailable,valr,USDTZAR,ZAR,USDT,,,,stablecoin_tokens,1 stablecoin token = 1 USD; no FX conversion,,,sell_stablecoin_base_hit_bids,valr_usdtzar_raw.json,0ebba9cf423954670c37b24abd3bc9769c3ad4e8b3a457346d358124f440d51b,50,16.061950000000003,16.0619,16.062,984151.791,984151.791,15774471.21565288,True,False,26,
native_l2,legacy:2026-09-04,legacy_directory_identifier,data/exact_l2/2026-09-04,legacy_day_root,legacy,data/exact_l2/2026-09-04/manifest.json,ab88500a3ef278e06bc2b585acc000b33cb9f2cb81e0e58f46bee23f32bcffc5,data/exact_l2/2026-09-04/threshold_depth.csv,33412c77f46f7e59dae97032bd650536a7923a2a51d38a3f3db2edf182802a19,data/exact_l2/2026-09-04/valr_usdtzar_raw.json,0ebba9cf423954670c37b24abd3bc9769c3ad4e8b3a457346d358124f440d51b,sha256_verified,"[""base_asset"",""quote_asset"",""received_utc"",""exchange_timestamp_utc"",""source_url"",""source_params_json""]",2026-09-04,,2026-09-04T10:05:56.605162+00:00,,,legacy_unavailable,valr,USDTZAR,ZAR,USDT,,,,stablecoin_tokens,1 stablecoin token = 1 USD; no FX conversion,,,sell_stablecoin_base_hit_bids,valr_usdtzar_raw.json,0ebba9cf423954670c37b24abd3bc9769c3ad4e8b3a457346d358124f440d51b,100,16.061950000000003,16.0619,16.062,995716.4915,995716.4915,15959220.01034088,True,False,28,
native_l2,legacy:2026-09-04,legacy_directory_identifier,data/exact_l2/2026-09-04,legacy_day_root,legacy,data/exact_l2/2026-09-04/manifest.json,ab88500a3ef278e06bc2b585acc000b33cb9f2cb81e0e58f46bee23f32bcffc5,data/exact_l2/2026-09-04/threshold_depth.csv,33412c77f46f7e59dae97032bd650536a7923a2a51d38a3f3db2edf182802a19,data/exact_l2/2026-09-04/valr_usdtzar_raw.json,0ebba9cf423954670c37b24abd3bc9769c3ad4e8b3a457346d358124f440d51b,sha256_verified,"[""base_asset"",""quote_asset"",""received_utc"",""exchange_timestamp_utc"",""source_url"",""source_params_json""]",2026-09-04,,2026-09-04T10:05:56.605162+00:00,,,legacy_unavailable,valr,USDTZAR,ZAR,USDT,,,,stablecoin_tokens,1 stablecoin token = 1 USD; no FX conversion,,,sell_stablecoin_base_hit_bids,valr_usdtzar_raw.json,0ebba9cf423954670c37b24abd3bc9769c3ad4e8b3a457346d358124f440d51b,200,16.061950000000003,16.0619,16.062,1015736.6993,1015736.6993,16275540.440440882,True,False,31,
native_l2,legacy:2026-09-04,legacy_directory_identifier,data/exact_l2/2026-09-04,legacy_day_root,legacy,data/exact_l2/2026-09-04/manifest.json,ab88500a3ef278e06bc2b585acc000b33cb9f2cb81e0e58f46bee23f32bcffc5,data/exact_l2/2026-09-04/threshold_depth.csv,33412c77f46f7e59dae97032bd650536a7923a2a51d38a3f3db2edf182802a19,data/exact_l2/2026-09-04/bitkub_usdt_thb_raw.json,de08c9d6fff54cd31818ad34e0f7d8d91d0330aa11b17443c8b6e082878d2ff1,sha256_verified,"[""base_asset"",""quote_asset"",""received_utc"",""exchange_timestamp_utc"",""source_url"",""source_params_json""]",2026-09-04,,2026-09-04T10:05:56.834030+00:00,,,legacy_unavailable,bitkub,usdt_thb,THB,USDT,,,,stablecoin_tokens,1 stablecoin token = 1 USD; no FX conversion,,,sell_stablecoin_base_hit_bids,bitkub_usdt_thb_raw.json,de08c9d6fff54cd31818ad34e0f7d8d91d0330aa11b17443c8b6e082878d2ff1,10,32.915,32.91,32.92,703089.27,703089.27,23135556.667200003,True,False,3,
native_l2,legacy:2026-09-04,legacy_directory_identifier,data/exact_l2/2026-09-04,legacy_day_root,legacy,data/exact_l2/2026-09-04/manifest.json,ab88500a3ef278e06bc2b585acc000b33cb9f2cb81e0e58f46bee23f32bcffc5,data/exact_l2/2026-09-04/threshold_depth.csv,33412c77f46f7e59dae97032bd650536a7923a2a51d38a3f3db2edf182802a19,data/exact_l2/2026-09-04/bitkub_usdt_thb_raw.json,de08c9d6fff54cd31818ad34e0f7d8d91d0330aa11b17443c8b6e082878d2ff1,sha256_verified,"[""base_asset"",""quote_asset"",""received_utc"",""exchange_timestamp_utc"",""source_url"",""source_params_json""]",2026-09-04,,2026-09-04T10:05:56.834030+00:00,,,legacy_unavailable,bitkub,usdt_thb,THB,USDT,,,,stablecoin_tokens,1 stablecoin token = 1 USD; no FX conversion,,,sell_stablecoin_base_hit_bids,bitkub_usdt_thb_raw.json,de08c9d6fff54cd31818ad34e0f7d8d91d0330aa11b17443c8b6e082878d2ff1,50,32.915,32.91,32.92,840161.31,840161.31,27634517.61930001,True,False,15,
native_l2,legacy:2026-09-04,legacy_directory_identifier,data/exact_l2/2026-09-04,legacy_day_root,legacy,data/exact_l2/2026-09-04/manifest.json,ab88500a3ef278e06bc2b585acc000b33cb9f2cb81e0e58f46bee23f32bcffc5,data/exact_l2/2026-09-04/threshold_depth.csv,33412c77f46f7e59dae97032bd650536a7923a2a51d38a3f3db2edf182802a19,data/exact_l2/2026-09-04/bitkub_usdt_thb_raw.json,de08c9d6fff54cd31818ad34e0f7d8d91d0330aa11b17443c8b6e082878d2ff1,sha256_verified,"[""base_asset"",""quote_asset"",""received_utc"",""exchange_timestamp_utc"",""source_url"",""source_params_json""]",2026-09-04,,2026-09-04T10:05:56.834030+00:00,,,legacy_unavailable,bitkub,usdt_thb,THB,USDT,,,,stablecoin_tokens,1 stablecoin token = 1 USD; no FX conversion,,,sell_stablecoin_base_hit_bids,bitkub_usdt_thb_raw.json,de08c9d6fff54cd31818ad34e0f7d8d91d0330aa11b17443c8b6e082878d2ff1,100,32.915,32.91,32.92,1087636.76,1087636.76,35726963.919900015,True,False,30,
native_l2,legacy:2026-09-04,legacy_directory_identifier,data/exact_l2/2026-09-04,legacy_day_root,legacy,data/exact_l2/2026-09-04/manifest.json,ab88500a3ef278e06bc2b585acc000b33cb9f2cb81e0e58f46bee23f32bcffc5,data/exact_l2/2026-09-04/threshold_depth.csv,33412c77f46f7e59dae97032bd650536a7923a2a51d38a3f3db2edf182802a19,data/exact_l2/2026-09-04/bitkub_usdt_thb_raw.json,de08c9d6fff54cd31818ad34e0f7d8d91d0330aa11b17443c8b6e082878d2ff1,sha256_verified,"[""base_asset"",""quote_asset"",""received_utc"",""exchange_timestamp_utc"",""source_url"",""source_params_json""]",2026-09-04,,2026-09-04T10:05:56.834030+00:00,,,legacy_unavailable,bitkub,usdt_thb,THB,USDT,,,,stablecoin_tokens,1 stablecoin token = 1 USD; no FX conversion,,,sell_stablecoin_base_hit_bids,bitkub_usdt_thb_raw.json,de08c9d6fff54cd31818ad34e0f7d8d91d0330aa11b17443c8b6e082878d2ff1,200,32.915,32.91,32.92,1283487.96,1283487.96,42085128.94450001,True,False,49,
native_l2,legacy:2026-09-05,legacy_directory_identifier,data/exact_l2/2026-09-05,legacy_day_root,legacy,data/exact_l2/2026-09-05/manifest.json,b1eb87edd6265b0a1b6b576e2d9bdb0ebad88a9bda8877e0e2e2504270b0ad01,data/exact_l2/2026-09-05/threshold_depth.csv,5a7b3c0447ad72bd846f5bef726fc80c550b832d599a59d3d5da6f4863757e4f,data/exact_l2/2026-09-05/valr_usdtzar_raw.json,541df7441dc331e602c5cd08c3006f69a3edf9dab02bc9db38d0bb9a1b6b2770,sha256_verified,"[""base_asset"",""quote_asset"",""received_utc"",""exchange_timestamp_utc"",""source_url"",""source_params_json""]",2026-09-05,,2026-09-05T09:31:05.808862+00:00,,,legacy_unavailable,valr,USDTZAR,ZAR,USDT,,,,stablecoin_tokens,1 stablecoin token = 1 USD; no FX conversion,,,sell_stablecoin_base_hit_bids,valr_usdtzar_raw.json,541df7441dc331e602c5cd08c3006f69a3edf9dab02bc9db38d0bb9a1b6b2770,10,16.11945,16.119,16.1199,161996.28319999998,161996.28319999998,2609370.6766444095,True,False,13,
native_l2,legacy:2026-09-05,legacy_directory_identifier,data/exact_l2/2026-09-05,legacy_day_root,legacy,data/exact_l2/2026-09-05/manifest.json,b1eb87edd6265b0a1b6b576e2d9bdb0ebad88a9bda8877e0e2e2504270b0ad01,data/exact_l2/2026-09-05/threshold_depth.csv,5a7b3c0447ad72bd846f5bef726fc80c550b832d599a59d3d5da6f4863757e4f,data/exact_l2/2026-09-05/valr_usdtzar_raw.json,541df7441dc331e602c5cd08c3006f69a3edf9dab02bc9db38d0bb9a1b6b2770,sha256_verified,"[""base_asset"",""quote_asset"",""received_utc"",""exchange_timestamp_utc"",""source_url"",""source_params_json""]",2026-09-05,,2026-09-05T09:31:05.808862+00:00,,,legacy_unavailable,valr,USDTZAR,ZAR,USDT,,,,stablecoin_tokens,1 stablecoin token = 1 USD; no FX conversion,,,sell_stablecoin_base_hit_bids,valr_usdtzar_raw.json,541df7441dc331e602c5cd08c3006f69a3edf9dab02bc9db38d0bb9a1b6b2770,50,16.11945,16.119,16.1199,1172779.2197999998,1172779.2197999998,18844765.952411745,True,False,33,
native_l2,legacy:2026-09-05,legacy_directory_identifier,data/exact_l2/2026-09-05,legacy_day_root,legacy,data/exact_l2/2026-09-05/manifest.json,b1eb87edd6265b0a1b6b576e2d9bdb0ebad88a9bda8877e0e2e2504270b0ad01,data/exact_l2/2026-09-05/threshold_depth.csv,5a7b3c0447ad72bd846f5bef726fc80c550b832d599a59d3d5da6f4863757e4f,data/exact_l2/2026-09-05/valr_usdtzar_raw.json,541df7441dc331e602c5cd08c3006f69a3edf9dab02bc9db38d0bb9a1b6b2770,sha256_verified,"[""base_asset"",""quote_asset"",""received_utc"",""exchange_timestamp_utc"",""source_url"",""source_params_json""]",2026-09-05,,2026-09-05T09:31:05.808862+00:00,,,legacy_unavailable,valr,USDTZAR,ZAR,USDT,,,,stablecoin_tokens,1 stablecoin token = 1 USD; no FX conversion,,,sell_stablecoin_base_hit_bids,valr_usdtzar_raw.json,541df7441dc331e602c5cd08c3006f69a3edf9dab02bc9db38d0bb9a1b6b2770,100,16.11945,16.119,16.1199,1527142.7951999998,1527142.7951999998,24517619.04759446,True,False,43,
native_l2,legacy:2026-09-05,legacy_directory_identifier,data/exact_l2/2026-09-05,legacy_day_root,legacy,data/exact_l2/2026-09-05/manifest.json,b1eb87edd6265b0a1b6b576e2d9bdb0ebad88a9bda8877e0e2e2504270b0ad01,data/exact_l2/2026-09-05/threshold_depth.csv,5a7b3c0447ad72bd846f5bef726fc80c550b832d599a59d3d5da6f4863757e4f,data/exact_l2/2026-09-05/valr_usdtzar_raw.json,541df7441dc331e602c5cd08c3006f69a3edf9dab02bc9db38d0bb9a1b6b2770,sha256_verified,"[""base_asset"",""quote_asset"",""received_utc"",""exchange_timestamp_utc"",""source_url"",""source_params_json""]",2026-09-05,,2026-09-05T09:31:05.808862+00:00,,,legacy_unavailable,valr,USDTZAR,ZAR,USDT,,,,stablecoin_tokens,1 stablecoin token = 1 USD; no FX conversion,,,sell_stablecoin_base_hit_bids,valr_usdtzar_raw.json,541df7441dc331e602c5cd08c3006f69a3edf9dab02bc9db38d0bb9a1b6b2770,200,16.11945,16.119,16.1199,1547163.0029999998,1547163.0029999998,24835939.477694463,True,False,46,
native_l2,legacy:2026-09-05,legacy_directory_identifier,data/exact_l2/2026-09-05,legacy_day_root,legacy,data/exact_l2/2026-09-05/manifest.json,b1eb87edd6265b0a1b6b576e2d9bdb0ebad88a9bda8877e0e2e2504270b0ad01,data/exact_l2/2026-09-05/threshold_depth.csv,5a7b3c0447ad72bd846f5bef726fc80c550b832d599a59d3d5da6f4863757e4f,data/exact_l2/2026-09-05/bitkub_usdt_thb_raw.json,359273e5eacff3198417a8b1f26971bff3ca46c587f7b66f8e1aa76aac77d6f4,sha256_verified,"[""base_asset"",""quote_asset"",""received_utc"",""exchange_timestamp_utc"",""source_url"",""source_params_json""]",2026-09-05,,2026-09-05T09:31:06.071583+00:00,,,legacy_unavailable,bitkub,usdt_thb,THB,USDT,,,,stablecoin_tokens,1 stablecoin token = 1 USD; no FX conversion,,,sell_stablecoin_base_hit_bids,bitkub_usdt_thb_raw.json,359273e5eacff3198417a8b1f26971bff3ca46c587f7b66f8e1aa76aac77d6f4,10,32.965,32.96,32.97,732387.5700000001,732387.5700000001,24135893.032,True,False,3,
native_l2,legacy:2026-09-05,legacy_directory_identifier,data/exact_l2/2026-09-05,legacy_day_root,legacy,data/exact_l2/2026-09-05/manifest.json,b1eb87edd6265b0a1b6b576e2d9bdb0ebad88a9bda8877e0e2e2504270b0ad01,data/exact_l2/2026-09-05/threshold_depth.csv,5a7b3c0447ad72bd846f5bef726fc80c550b832d599a59d3d5da6f4863757e4f,data/exact_l2/2026-09-05/bitkub_usdt_thb_raw.json,359273e5eacff3198417a8b1f26971bff3ca46c587f7b66f8e1aa76aac77d6f4,sha256_verified,"[""base_asset"",""quote_asset"",""received_utc"",""exchange_timestamp_utc"",""source_url"",""source_params_json""]",2026-09-05,,2026-09-05T09:31:06.071583+00:00,,,legacy_unavailable,bitkub,usdt_thb,THB,USDT,,,,stablecoin_tokens,1 stablecoin token = 1 USD; no FX conversion,,,sell_stablecoin_base_hit_bids,bitkub_usdt_thb_raw.json,359273e5eacff3198417a8b1f26971bff3ca46c587f7b66f8e1aa76aac77d6f4,50,32.965,32.96,32.97,973711.7400000002,973711.7400000002,32067658.247900005,True,False,16,
native_l2,legacy:2026-09-05,legacy_directory_identifier,data/exact_l2/2026-09-05,legacy_day_root,legacy,data/exact_l2/2026-09-05/manifest.json,b1eb87edd6265b0a1b6b576e2d9bdb0ebad88a9bda8877e0e2e2504270b0ad01,data/exact_l2/2026-09-05/threshold_depth.csv,5a7b3c0447ad72bd846f5bef726fc80c550b832d599a59d3d5da6f4863757e4f,data/exact_l2/2026-09-05/bitkub_usdt_thb_raw.json,359273e5eacff3198417a8b1f26971bff3ca46c587f7b66f8e1aa76aac77d6f4,sha256_verified,"[""base_asset"",""quote_asset"",""received_utc"",""exchange_timestamp_utc"",""source_url"",""source_params_json""]",2026-09-05,,2026-09-05T09:31:06.071583+00:00,,,legacy_unavailable,bitkub,usdt_thb,THB,USDT,,,,stablecoin_tokens,1 stablecoin token = 1 USD; no FX conversion,,,sell_stablecoin_base_hit_bids,bitkub_usdt_thb_raw.json,359273e5eacff3198417a8b1f26971bff3ca46c587f7b66f8e1aa76aac77d6f4,100,32.965,32.96,32.97,1227627.9499999997,1227627.9499999997,40382914.9739,True,False,31,
native_l2,legacy:2026-09-05,legacy_directory_identifier,data/exact_l2/2026-09-05,legacy_day_root,legacy,data/exact_l2/2026-09-05/manifest.json,b1eb87edd6265b0a1b6b576e2d9bdb0ebad88a9bda8877e0e2e2504270b0ad01,data/exact_l2/2026-09-05/threshold_depth.csv,5a7b3c0447ad72bd846f5bef726fc80c550b832d599a59d3d5da6f4863757e4f,data/exact_l2/2026-09-05/bitkub_usdt_thb_raw.json,359273e5eacff3198417a8b1f26971bff3ca46c587f7b66f8e1aa76aac77d6f4,sha256_verified,"[""base_asset"",""quote_asset"",""received_utc"",""exchange_timestamp_utc"",""source_url"",""source_params_json""]",2026-09-05,,2026-09-05T09:31:06.071583+00:00,,,legacy_unavailable,bitkub,usdt_thb,THB,USDT,,,,stablecoin_tokens,1 stablecoin token = 1 USD; no FX conversion,,,sell_stablecoin_base_hit_bids,bitkub_usdt_thb_raw.json,359273e5eacff3198417a8b1f26971bff3ca46c587f7b66f8e1aa76aac77d6f4,200,32.965,32.96,32.97,1418967.3499999999,1418967.3499999999,46600456.518999994,True,False,53,
native_l2,legacy:2026-09-06,legacy_directory_identifier,data/exact_l2/2026-09-06,legacy_day_root,legacy,data/exact_l2/2026-09-06/manifest.json,6468a33a79598a6dae7d79da837a72ec4d06cab8315f9bddd3618a5cb0de2c9d,data/exact_l2/2026-09-06/threshold_depth.csv,33a4e8a414accd011463d211d3a2a82dfe4eaddb30a8688cfd588cad6d99a439,data/exact_l2/2026-09-06/valr_usdtzar_raw.json,c557fafcb85fe15c75a3a88b7003c18457f43a7e284ba18ce62e044ca8d4be50,sha256_verified,"[""base_asset"",""quote_asset"",""received_utc"",""exchange_timestamp_utc"",""source_url"",""source_params_json""]",2026-09-06,,2026-09-06T09:50:12.194709+00:00,,,legacy_unavailable,valr,USDTZAR,ZAR,USDT,,,,stablecoin_tokens,1 stablecoin token = 1 USD; no FX conversion,,,sell_stablecoin_base_hit_bids,valr_usdtzar_raw.json,c557fafcb85fe15c75a3a88b7003c18457f43a7e284ba18ce62e044ca8d4be50,10,16.17445,16.1744,16.1745,57383.8041,57383.8041,927625.91899618,True,False,8,
native_l2,legacy:2026-09-06,legacy_directory_identifier,data/exact_l2/2026-09-06,legacy_day_root,legacy,data/exact_l2/2026-09-06/manifest.json,6468a33a79598a6dae7d79da837a72ec4d06cab8315f9bddd3618a5cb0de2c9d,data/exact_l2/2026-09-06/threshold_depth.csv,33a4e8a414accd011463d211d3a2a82dfe4eaddb30a8688cfd588cad6d99a439,data/exact_l2/2026-09-06/valr_usdtzar_raw.json,c557fafcb85fe15c75a3a88b7003c18457f43a7e284ba18ce62e044ca8d4be50,sha256_verified,"[""base_asset"",""quote_asset"",""received_utc"",""exchange_timestamp_utc"",""source_url"",""source_params_json""]",2026-09-06,,2026-09-06T09:50:12.194709+00:00,,,legacy_unavailable,valr,USDTZAR,ZAR,USDT,,,,stablecoin_tokens,1 stablecoin token = 1 USD; no FX conversion,,,sell_stablecoin_base_hit_bids,valr_usdtzar_raw.json,c557fafcb85fe15c75a3a88b7003c18457f43a7e284ba18ce62e044ca8d4be50,50,16.17445,16.1744,16.1745,531748.1591,531748.1591,8576377.704980548,True,False,27,
native_l2,legacy:2026-09-06,legacy_directory_identifier,data/exact_l2/2026-09-06,legacy_day_root,legacy,data/exact_l2/2026-09-06/manifest.json,6468a33a79598a6dae7d79da837a72ec4d06cab8315f9bddd3618a5cb0de2c9d,data/exact_l2/2026-09-06/threshold_depth.csv,33a4e8a414accd011463d211d3a2a82dfe4eaddb30a8688cfd588cad6d99a439,data/exact_l2/2026-09-06/valr_usdtzar_raw.json,c557fafcb85fe15c75a3a88b7003c18457f43a7e284ba18ce62e044ca8d4be50,sha256_verified,"[""base_asset"",""quote_asset"",""received_utc"",""exchange_timestamp_utc"",""source_url"",""source_params_json""]",2026-09-06,,2026-09-06T09:50:12.194709+00:00,,,legacy_unavailable,valr,USDTZAR,ZAR,USDT,,,,stablecoin_tokens,1 stablecoin token = 1 USD; no FX conversion,,,sell_stablecoin_base_hit_bids,valr_usdtzar_raw.json,c557fafcb85fe15c75a3a88b7003c18457f43a7e284ba18ce62e044ca8d4be50,100,16.17445,16.1744,16.1745,1869286.7920000001,1869286.7920000001,30051764.072311867,True,False,44,
native_l2,legacy:2026-09-06,legacy_directory_identifier,data/exact_l2/2026-09-06,legacy_day_root,legacy,data/exact_l2/2026-09-06/manifest.json,6468a33a79598a6dae7d79da837a72ec4d06cab8315f9bddd3618a5cb0de2c9d,data/exact_l2/2026-09-06/threshold_depth.csv,33a4e8a414accd011463d211d3a2a82dfe4eaddb30a8688cfd588cad6d99a439,data/exact_l2/2026-09-06/valr_usdtzar_raw.json,c557fafcb85fe15c75a3a88b7003c18457f43a7e284ba18ce62e044ca8d4be50,sha256_verified,"[""base_asset"",""quote_asset"",""received_utc"",""exchange_timestamp_utc"",""source_url"",""source_params_json""]",2026-09-06,,2026-09-06T09:50:12.194709+00:00,,,legacy_unavailable,valr,USDTZAR,ZAR,USDT,,,,stablecoin_tokens,1 stablecoin token = 1 USD; no FX conversion,,,sell_stablecoin_base_hit_bids,valr_usdtzar_raw.json,c557fafcb85fe15c75a3a88b7003c18457f43a7e284ba18ce62e044ca8d4be50,200,16.17445,16.1744,16.1745,2281069.7884,2281069.7884,36641085.5781088,True,False,55,
native_l2,legacy:2026-09-06,legacy_directory_identifier,data/exact_l2/2026-09-06,legacy_day_root,legacy,data/exact_l2/2026-09-06/manifest.json,6468a33a79598a6dae7d79da837a72ec4d06cab8315f9bddd3618a5cb0de2c9d,data/exact_l2/2026-09-06/threshold_depth.csv,33a4e8a414accd011463d211d3a2a82dfe4eaddb30a8688cfd588cad6d99a439,data/exact_l2/2026-09-06/bitkub_usdt_thb_raw.json,c01c204da779970211296dbc02bd781dc7e71d7254e92f55b725792408e7e794,sha256_verified,"[""base_asset"",""quote_asset"",""received_utc"",""exchange_timestamp_utc"",""source_url"",""source_params_json""]",2026-09-06,,2026-09-06T09:50:12.425642+00:00,,,legacy_unavailable,bitkub,usdt_thb,THB,USDT,,,,stablecoin_tokens,1 stablecoin token = 1 USD; no FX conversion,,,sell_stablecoin_base_hit_bids,bitkub_usdt_thb_raw.json,c01c204da779970211296dbc02bd781dc7e71d7254e92f55b725792408e7e794,10,32.974999999999994,32.97,32.98,245829.27999999997,245829.27999999997,8101634.6501,True,False,3,
native_l2,legacy:2026-09-06,legacy_directory_identifier,data/exact_l2/2026-09-06,legacy_day_root,legacy,data/exact_l2/2026-09-06/manifest.json,6468a33a79598a6dae7d79da837a72ec4d06cab8315f9bddd3618a5cb0de2c9d,data/exact_l2/2026-09-06/threshold_depth.csv,33a4e8a414accd011463d211d3a2a82dfe4eaddb30a8688cfd588cad6d99a439,data/exact_l2/2026-09-06/bitkub_usdt_thb_raw.json,c01c204da779970211296dbc02bd781dc7e71d7254e92f55b725792408e7e794,sha256_verified,"[""base_asset"",""quote_asset"",""received_utc"",""exchange_timestamp_utc"",""source_url"",""source_params_json""]",2026-09-06,,2026-09-06T09:50:12.425642+00:00,,,legacy_unavailable,bitkub,usdt_thb,THB,USDT,,,,stablecoin_tokens,1 stablecoin token = 1 USD; no FX conversion,,,sell_stablecoin_base_hit_bids,bitkub_usdt_thb_raw.json,c01c204da779970211296dbc02bd781dc7e71d7254e92f55b725792408e7e794,50,32.974999999999994,32.97,32.98,717826.0400000002,717826.0400000002,23634381.5701,True,False,15,
native_l2,legacy:2026-09-06,legacy_directory_identifier,data/exact_l2/2026-09-06,legacy_day_root,legacy,data/exact_l2/2026-09-06/manifest.json,6468a33a79598a6dae7d79da837a72ec4d06cab8315f9bddd3618a5cb0de2c9d,data/exact_l2/2026-09-06/threshold_depth.csv,33a4e8a414accd011463d211d3a2a82dfe4eaddb30a8688cfd588cad6d99a439,data/exact_l2/2026-09-06/bitkub_usdt_thb_raw.json,c01c204da779970211296dbc02bd781dc7e71d7254e92f55b725792408e7e794,sha256_verified,"[""base_asset"",""quote_asset"",""received_utc"",""exchange_timestamp_utc"",""source_url"",""source_params_json""]",2026-09-06,,2026-09-06T09:50:12.425642+00:00,,,legacy_unavailable,bitkub,usdt_thb,THB,USDT,,,,stablecoin_tokens,1 stablecoin token = 1 USD; no FX conversion,,,sell_stablecoin_base_hit_bids,bitkub_usdt_thb_raw.json,c01c204da779970211296dbc02bd781dc7e71d7254e92f55b725792408e7e794,100,32.974999999999994,32.97,32.98,1007341.3100000003,1007341.3100000003,33114143.546799995,True,False,30,
native_l2,legacy:2026-09-06,legacy_directory_identifier,data/exact_l2/2026-09-06,legacy_day_root,legacy,data/exact_l2/2026-09-06/manifest.json,6468a33a79598a6dae7d79da837a72ec4d06cab8315f9bddd3618a5cb0de2c9d,data/exact_l2/2026-09-06/threshold_depth.csv,33a4e8a414accd011463d211d3a2a82dfe4eaddb30a8688cfd588cad6d99a439,data/exact_l2/2026-09-06/bitkub_usdt_thb_raw.json,c01c204da779970211296dbc02bd781dc7e71d7254e92f55b725792408e7e794,sha256_verified,"[""base_asset"",""quote_asset"",""received_utc"",""exchange_timestamp_utc"",""source_url"",""source_params_json""]",2026-09-06,,2026-09-06T09:50:12.425642+00:00,,,legacy_unavailable,bitkub,usdt_thb,THB,USDT,,,,stablecoin_tokens,1 stablecoin token = 1 USD; no FX conversion,,,sell_stablecoin_base_hit_bids,bitkub_usdt_thb_raw.json,c01c204da779970211296dbc02bd781dc7e71d7254e92f55b725792408e7e794,200,32.974999999999994,32.97,32.98,1170983.4200000002,1170983.4200000002,38425048.2727,True,False,50,
native_l2,legacy:2026-09-07,legacy_directory_identifier,data/exact_l2/2026-09-07,legacy_day_root,legacy,data/exact_l2/2026-09-07/manifest.json,b6734f381fd6f3e81e492ada1b582df7d4b16443c82a6e2bc9d9337f4afc5cc4,data/exact_l2/2026-09-07/threshold_depth.csv,ab78ecf418e1eab6c36182c7f62d3126880486d3d9d7c1da9b63848cdb36acbd,data/exact_l2/2026-09-07/valr_usdtzar_raw.json,20c1bccf309f71c09585d0bb30c67099360c031c04125ed913f8b412c6d480ad,sha256_verified,"[""base_asset"",""quote_asset"",""received_utc"",""exchange_timestamp_utc"",""source_url"",""source_params_json""]",2026-09-07,,2026-09-07T10:54:14.594803+00:00,,,legacy_unavailable,valr,USDTZAR,ZAR,USDT,,,,stablecoin_tokens,1 stablecoin token = 1 USD; no FX conversion,,,sell_stablecoin_base_hit_bids,valr_usdtzar_raw.json,20c1bccf309f71c09585d0bb30c67099360c031c04125ed913f8b412c6d480ad,10,16.17275,16.1727,16.1728,1026797.5225,1026797.5225,16598977.789999131,True,False,13,
native_l2,legacy:2026-09-07,legacy_directory_identifier,data/exact_l2/2026-09-07,legacy_day_root,legacy,data/exact_l2/2026-09-07/manifest.json,b6734f381fd6f3e81e492ada1b582df7d4b16443c82a6e2bc9d9337f4afc5cc4,data/exact_l2/2026-09-07/threshold_depth.csv,ab78ecf418e1eab6c36182c7f62d3126880486d3d9d7c1da9b63848cdb36acbd,data/exact_l2/2026-09-07/valr_usdtzar_raw.json,20c1bccf309f71c09585d0bb30c67099360c031c04125ed913f8b412c6d480ad,sha256_verified,"[""base_asset"",""quote_asset"",""received_utc"",""exchange_timestamp_utc"",""source_url"",""source_params_json""]",2026-09-07,,2026-09-07T10:54:14.594803+00:00,,,legacy_unavailable,valr,USDTZAR,ZAR,USDT,,,,stablecoin_tokens,1 stablecoin token = 1 USD; no FX conversion,,,sell_stablecoin_base_hit_bids,valr_usdtzar_raw.json,20c1bccf309f71c09585d0bb30c67099360c031c04125ed913f8b412c6d480ad,50,16.17275,16.1727,16.1728,2033056.397,2033056.397,32831394.548448525,True,False,32,
native_l2,legacy:2026-09-07,legacy_directory_identifier,data/exact_l2/2026-09-07,legacy_day_root,legacy,data/exact_l2/2026-09-07/manifest.json,b6734f381fd6f3e81e492ada1b582df7d4b16443c82a6e2bc9d9337f4afc5cc4,data/exact_l2/2026-09-07/threshold_depth.csv,ab78ecf418e1eab6c36182c7f62d3126880486d3d9d7c1da9b63848cdb36acbd,data/exact_l2/2026-09-07/valr_usdtzar_raw.json,20c1bccf309f71c09585d0bb30c67099360c031c04125ed913f8b412c6d480ad,sha256_verified,"[""base_asset"",""quote_asset"",""received_utc"",""exchange_timestamp_utc"",""source_url"",""source_params_json""]",2026-09-07,,2026-09-07T10:54:14.594803+00:00,,,legacy_unavailable,valr,USDTZAR,ZAR,USDT,,,,stablecoin_tokens,1 stablecoin token = 1 USD; no FX conversion,,,sell_stablecoin_base_hit_bids,valr_usdtzar_raw.json,20c1bccf309f71c09585d0bb30c67099360c031c04125ed913f8b412c6d480ad,100,16.17275,16.1727,16.1728,2231356.8834,2231356.8834,36019417.7255861,True,False,46,
native_l2,legacy:2026-09-07,legacy_directory_identifier,data/exact_l2/2026-09-07,legacy_day_root,legacy,data/exact_l2/2026-09-07/manifest.json,b6734f381fd6f3e81e492ada1b582df7d4b16443c82a6e2bc9d9337f4afc5cc4,data/exact_l2/2026-09-07/threshold_depth.csv,ab78ecf418e1eab6c36182c7f62d3126880486d3d9d7c1da9b63848cdb36acbd,data/exact_l2/2026-09-07/valr_usdtzar_raw.json,20c1bccf309f71c09585d0bb30c67099360c031c04125ed913f8b412c6d480ad,sha256_verified,"[""base_asset"",""quote_asset"",""received_utc"",""exchange_timestamp_utc"",""source_url"",""source_params_json""]",2026-09-07,,2026-09-07T10:54:14.594803+00:00,,,legacy_unavailable,valr,USDTZAR,ZAR,USDT,,,,stablecoin_tokens,1 stablecoin token = 1 USD; no FX conversion,,,sell_stablecoin_base_hit_bids,valr_usdtzar_raw.json,20c1bccf309f71c09585d0bb30c67099360c031c04125ed913f8b412c6d480ad,200,16.17275,16.1727,16.1728,2664482.398,2664482.398,42948632.350097604,True,False,55,
native_l2,legacy:2026-09-07,legacy_directory_identifier,data/exact_l2/2026-09-07,legacy_day_root,legacy,data/exact_l2/2026-09-07/manifest.json,b6734f381fd6f3e81e492ada1b582df7d4b16443c82a6e2bc9d9337f4afc5cc4,data/exact_l2/2026-09-07/threshold_depth.csv,ab78ecf418e1eab6c36182c7f62d3126880486d3d9d7c1da9b63848cdb36acbd,data/exact_l2/2026-09-07/bitkub_usdt_thb_raw.json,76bebb842c96fd96665e9b01ce661212c9b1429afea266d0d14c3b294dfb0971,sha256_verified,"[""base_asset"",""quote_asset"",""received_utc"",""exchange_timestamp_utc"",""source_url"",""source_params_json""]",2026-09-07,,2026-09-07T10:54:14.835061+00:00,,,legacy_unavailable,bitkub,usdt_thb,THB,USDT,,,,stablecoin_tokens,1 stablecoin token = 1 USD; no FX conversion,,,sell_stablecoin_base_hit_bids,bitkub_usdt_thb_raw.json,76bebb842c96fd96665e9b01ce661212c9b1429afea266d0d14c3b294dfb0971,10,32.925,32.92,32.93,728238.8500000001,728238.8500000001,23964485.2525,True,False,3,
native_l2,legacy:2026-09-07,legacy_directory_identifier,data/exact_l2/2026-09-07,legacy_day_root,legacy,data/exact_l2/2026-09-07/manifest.json,b6734f381fd6f3e81e492ada1b582df7d4b16443c82a6e2bc9d9337f4afc5cc4,data/exact_l2/2026-09-07/threshold_depth.csv,ab78ecf418e1eab6c36182c7f62d3126880486d3d9d7c1da9b63848cdb36acbd,data/exact_l2/2026-09-07/bitkub_usdt_thb_raw.json,76bebb842c96fd96665e9b01ce661212c9b1429afea266d0d14c3b294dfb0971,sha256_verified,"[""base_asset"",""quote_asset"",""received_utc"",""exchange_timestamp_utc"",""source_url"",""source_params_json""]",2026-09-07,,2026-09-07T10:54:14.835061+00:00,,,legacy_unavailable,bitkub,usdt_thb,THB,USDT,,,,stablecoin_tokens,1 stablecoin token = 1 USD; no FX conversion,,,sell_stablecoin_base_hit_bids,bitkub_usdt_thb_raw.json,76bebb842c96fd96665e9b01ce661212c9b1429afea266d0d14c3b294dfb0971,50,32.925,32.92,32.93,1241684.2300000002,1241684.2300000002,40831209.28390001,True,False,14,
native_l2,legacy:2026-09-07,legacy_directory_identifier,data/exact_l2/2026-09-07,legacy_day_root,legacy,data/exact_l2/2026-09-07/manifest.json,b6734f381fd6f3e81e492ada1b582df7d4b16443c82a6e2bc9d9337f4afc5cc4,data/exact_l2/2026-09-07/threshold_depth.csv,ab78ecf418e1eab6c36182c7f62d3126880486d3d9d7c1da9b63848cdb36acbd,data/exact_l2/2026-09-07/bitkub_usdt_thb_raw.json,76bebb842c96fd96665e9b01ce661212c9b1429afea266d0d14c3b294dfb0971,sha256_verified,"[""base_asset"",""quote_asset"",""received_utc"",""exchange_timestamp_utc"",""source_url"",""source_params_json""]",2026-09-07,,2026-09-07T10:54:14.835061+00:00,,,legacy_unavailable,bitkub,usdt_thb,THB,USDT,,,,stablecoin_tokens,1 stablecoin token = 1 USD; no FX conversion,,,sell_stablecoin_base_hit_bids,bitkub_usdt_thb_raw.json,76bebb842c96fd96665e9b01ce661212c9b1429afea266d0d14c3b294dfb0971,100,32.925,32.92,32.93,1427343.66,1427343.66,46905681.4436,True,False,30,
native_l2,legacy:2026-09-07,legacy_directory_identifier,data/exact_l2/2026-09-07,legacy_day_root,legacy,data/exact_l2/2026-09-07/manifest.json,b6734f381fd6f3e81e492ada1b582df7d4b16443c82a6e2bc9d9337f4afc5cc4,data/exact_l2/2026-09-07/threshold_depth.csv,ab78ecf418e1eab6c36182c7f62d3126880486d3d9d7c1da9b63848cdb36acbd,data/exact_l2/2026-09-07/bitkub_usdt_thb_raw.json,76bebb842c96fd96665e9b01ce661212c9b1429afea266d0d14c3b294dfb0971,sha256_verified,"[""base_asset"",""quote_asset"",""received_utc"",""exchange_timestamp_utc"",""source_url"",""source_params_json""]",2026-09-07,,2026-09-07T10:54:14.835061+00:00,,,legacy_unavailable,bitkub,usdt_thb,THB,USDT,,,,stablecoin_tokens,1 stablecoin token = 1 USD; no FX conversion,,,sell_stablecoin_base_hit_bids,bitkub_usdt_thb_raw.json,76bebb842c96fd96665e9b01ce661212c9b1429afea266d0d14c3b294dfb0971,200,32.925,32.92,32.93,1690514.0500000003,1690514.0500000003,55454364.77149999,True,False,49,
native_l2,legacy:2026-09-08,legacy_directory_identifier,data/exact_l2/2026-09-08,legacy_day_root,legacy,data/exact_l2/2026-09-08/manifest.json,6415171af2c4c1e4ca0cb460b34324f628881f996aa055efdbe5200b65d1f055,data/exact_l2/2026-09-08/threshold_depth.csv,5b8897706e9aa593dfca53c4ae18012e773463a58e01d4355d8424f19eb17016,data/exact_l2/2026-09-08/valr_usdtzar_raw.json,00fd9d4645f84f1412caf6d4bc4365965c6d3c8474aa7b10d82b073bd970714c,sha256_verified,"[""base_asset"",""quote_asset"",""received_utc"",""exchange_timestamp_utc"",""source_url"",""source_params_json""]",2026-09-08,,2026-09-08T10:16:04.081445+00:00,,,legacy_unavailable,valr,USDTZAR,ZAR,USDT,,,,stablecoin_tokens,1 stablecoin token = 1 USD; no FX conversion,,,sell_stablecoin_base_hit_bids,valr_usdtzar_raw.json,00fd9d4645f84f1412caf6d4bc4365965c6d3c8474aa7b10d82b073bd970714c,10,16.225949999999997,16.2259,16.226,1478252.2776000001,1478252.2776000001,23981498.723777905,True,False,15,
native_l2,legacy:2026-09-08,legacy_directory_identifier,data/exact_l2/2026-09-08,legacy_day_root,legacy,data/exact_l2/2026-09-08/manifest.json,6415171af2c4c1e4ca0cb460b34324f628881f996aa055efdbe5200b65d1f055,data/exact_l2/2026-09-08/threshold_depth.csv,5b8897706e9aa593dfca53c4ae18012e773463a58e01d4355d8424f19eb17016,data/exact_l2/2026-09-08/valr_usdtzar_raw.json,00fd9d4645f84f1412caf6d4bc4365965c6d3c8474aa7b10d82b073bd970714c,sha256_verified,"[""base_asset"",""quote_asset"",""received_utc"",""exchange_timestamp_utc"",""source_url"",""source_params_json""]",2026-09-08,,2026-09-08T10:16:04.081445+00:00,,,legacy_unavailable,valr,USDTZAR,ZAR,USDT,,,,stablecoin_tokens,1 stablecoin token = 1 USD; no FX conversion,,,sell_stablecoin_base_hit_bids,valr_usdtzar_raw.json,00fd9d4645f84f1412caf6d4bc4365965c6d3c8474aa7b10d82b073bd970714c,50,16.225949999999997,16.2259,16.226,3002641.829699999,3002641.829699999,48662734.77602944,True,False,35,
native_l2,legacy:2026-09-08,legacy_directory_identifier,data/exact_l2/2026-09-08,legacy_day_root,legacy,data/exact_l2/2026-09-08/manifest.json,6415171af2c4c1e4ca0cb460b34324f628881f996aa055efdbe5200b65d1f055,data/exact_l2/2026-09-08/threshold_depth.csv,5b8897706e9aa593dfca53c4ae18012e773463a58e01d4355d8424f19eb17016,data/exact_l2/2026-09-08/valr_usdtzar_raw.json,00fd9d4645f84f1412caf6d4bc4365965c6d3c8474aa7b10d82b073bd970714c,sha256_verified,"[""base_asset"",""quote_asset"",""received_utc"",""exchange_timestamp_utc"",""source_url"",""source_params_json""]",2026-09-08,,2026-09-08T10:16:04.081445+00:00,,,legacy_unavailable,valr,USDTZAR,ZAR,USDT,,,,stablecoin_tokens,1 stablecoin token = 1 USD; no FX conversion,,,sell_stablecoin_base_hit_bids,valr_usdtzar_raw.json,00fd9d4645f84f1412caf6d4bc4365965c6d3c8474aa7b10d82b073bd970714c,100,16.225949999999997,16.2259,16.226,3153751.681099999,3153751.681099999,51099835.6387082,True,False,48,
native_l2,legacy:2026-09-08,legacy_directory_identifier,data/exact_l2/2026-09-08,legacy_day_root,legacy,data/exact_l2/2026-09-08/manifest.json,6415171af2c4c1e4ca0cb460b34324f628881f996aa055efdbe5200b65d1f055,data/exact_l2/2026-09-08/threshold_depth.csv,5b8897706e9aa593dfca53c4ae18012e773463a58e01d4355d8424f19eb17016,data/exact_l2/2026-09-08/valr_usdtzar_raw.json,00fd9d4645f84f1412caf6d4bc4365965c6d3c8474aa7b10d82b073bd970714c,sha256_verified,"[""base_asset"",""quote_asset"",""received_utc"",""exchange_timestamp_utc"",""source_url"",""source_params_json""]",2026-09-08,,2026-09-08T10:16:04.081445+00:00,,,legacy_unavailable,valr,USDTZAR,ZAR,USDT,,,,stablecoin_tokens,1 stablecoin token = 1 USD; no FX conversion,,,sell_stablecoin_base_hit_bids,valr_usdtzar_raw.json,00fd9d4645f84f1412caf6d4bc4365965c6d3c8474aa7b10d82b073bd970714c,200,16.225949999999997,16.2259,16.226,3339929.463499999,3339929.463499999,54077013.57941335,True,False,64,
native_l2,legacy:2026-09-08,legacy_directory_identifier,data/exact_l2/2026-09-08,legacy_day_root,legacy,data/exact_l2/2026-09-08/manifest.json,6415171af2c4c1e4ca0cb460b34324f628881f996aa055efdbe5200b65d1f055,data/exact_l2/2026-09-08/threshold_depth.csv,5b8897706e9aa593dfca53c4ae18012e773463a58e01d4355d8424f19eb17016,data/exact_l2/2026-09-08/bitkub_usdt_thb_raw.json,be5fa0d739afaad92c71a2893e7ba0e8ed7c31757bfac7c0697993e952ed6d48,sha256_verified,"[""base_asset"",""quote_asset"",""received_utc"",""exchange_timestamp_utc"",""source_url"",""source_params_json""]",2026-09-08,,2026-09-08T10:16:04.259414+00:00,,,legacy_unavailable,bitkub,usdt_thb,THB,USDT,,,,stablecoin_tokens,1 stablecoin token = 1 USD; no FX conversion,,,sell_stablecoin_base_hit_bids,bitkub_usdt_thb_raw.json,be5fa0d739afaad92c71a2893e7ba0e8ed7c31757bfac7c0697993e952ed6d48,10,32.935,32.93,32.94,877923.94,877923.94,28906670.432,True,False,3,
native_l2,legacy:2026-09-08,legacy_directory_identifier,data/exact_l2/2026-09-08,legacy_day_root,legacy,data/exact_l2/2026-09-08/manifest.json,6415171af2c4c1e4ca0cb460b34324f628881f996aa055efdbe5200b65d1f055,data/exact_l2/2026-09-08/threshold_depth.csv,5b8897706e9aa593dfca53c4ae18012e773463a58e01d4355d8424f19eb17016,data/exact_l2/2026-09-08/bitkub_usdt_thb_raw.json,be5fa0d739afaad92c71a2893e7ba0e8ed7c31757bfac7c0697993e952ed6d48,sha256_verified,"[""base_asset"",""quote_asset"",""received_utc"",""exchange_timestamp_utc"",""source_url"",""source_params_json""]",2026-09-08,,2026-09-08T10:16:04.259414+00:00,,,legacy_unavailable,bitkub,usdt_thb,THB,USDT,,,,stablecoin_tokens,1 stablecoin token = 1 USD; no FX conversion,,,sell_stablecoin_base_hit_bids,bitkub_usdt_thb_raw.json,be5fa0d739afaad92c71a2893e7ba0e8ed7c31757bfac7c0697993e952ed6d48,50,32.935,32.93,32.94,1294607.0199999998,1294607.0199999998,42600181.3398,True,False,16,
native_l2,legacy:2026-09-08,legacy_directory_identifier,data/exact_l2/2026-09-08,legacy_day_root,legacy,data/exact_l2/2026-09-08/manifest.json,6415171af2c4c1e4ca0cb460b34324f628881f996aa055efdbe5200b65d1f055,data/exact_l2/2026-09-08/threshold_depth.csv,5b8897706e9aa593dfca53c4ae18012e773463a58e01d4355d8424f19eb17016,data/exact_l2/2026-09-08/bitkub_usdt_thb_raw.json,be5fa0d739afaad92c71a2893e7ba0e8ed7c31757bfac7c0697993e952ed6d48,sha256_verified,"[""base_asset"",""quote_asset"",""received_utc"",""exchange_timestamp_utc"",""source_url"",""source_params_json""]",2026-09-08,,2026-09-08T10:16:04.259414+00:00,,,legacy_unavailable,bitkub,usdt_thb,THB,USDT,,,,stablecoin_tokens,1 stablecoin token = 1 USD; no FX conversion,,,sell_stablecoin_base_hit_bids,bitkub_usdt_thb_raw.json,be5fa0d739afaad92c71a2893e7ba0e8ed7c31757bfac7c0697993e952ed6d48,100,32.935,32.93,32.94,1571981.9099999995,1571981.9099999995,51670546.617599994,True,False,33,
native_l2,legacy:2026-09-08,legacy_directory_identifier,data/exact_l2/2026-09-08,legacy_day_root,legacy,data/exact_l2/2026-09-08/manifest.json,6415171af2c4c1e4ca0cb460b34324f628881f996aa055efdbe5200b65d1f055,data/exact_l2/2026-09-08/threshold_depth.csv,5b8897706e9aa593dfca53c4ae18012e773463a58e01d4355d8424f19eb17016,data/exact_l2/2026-09-08/bitkub_usdt_thb_raw.json,be5fa0d739afaad92c71a2893e7ba0e8ed7c31757bfac7c0697993e952ed6d48,sha256_verified,"[""base_asset"",""quote_asset"",""received_utc"",""exchange_timestamp_utc"",""source_url"",""source_params_json""]",2026-09-08,,2026-09-08T10:16:04.259414+00:00,,,legacy_unavailable,bitkub,usdt_thb,THB,USDT,,,,stablecoin_tokens,1 stablecoin token = 1 USD; no FX conversion,,,sell_stablecoin_base_hit_bids,bitkub_usdt_thb_raw.json,be5fa0d739afaad92c71a2893e7ba0e8ed7c31757bfac7c0697993e952ed6d48,200,32.935,32.93,32.94,1771677.2,1771677.2,58148683.11799998,True,False,53,
native_l2,legacy:2026-09-09,legacy_directory_identifier,data/exact_l2/2026-09-09,legacy_day_root,legacy,data/exact_l2/2026-09-09/manifest.json,cada02d6b9b8c216681d21b7e4d0d5dd83ee5e1cca15e8b37cb0520036c771fc,data/exact_l2/2026-09-09/threshold_depth.csv,4b2293745f583b3e86c16d774cc7f7ae56afca52f57f5ca91246be200a879b41,data/exact_l2/2026-09-09/valr_usdtzar_raw.json,cf3e66c676d03e0cc3f018a5d8044355806ca10bab83c952542f73c99df3909f,sha256_verified,"[""base_asset"",""quote_asset"",""received_utc"",""exchange_timestamp_utc"",""source_url"",""source_params_json""]",2026-09-09,,2026-09-09T10:15:46.681901+00:00,,,legacy_unavailable,valr,USDTZAR,ZAR,USDT,,,,stablecoin_tokens,1 stablecoin token = 1 USD; no FX conversion,,,sell_stablecoin_base_hit_bids,valr_usdtzar_raw.json,cf3e66c676d03e0cc3f018a5d8044355806ca10bab83c952542f73c99df3909f,10,16.19995,16.1999,16.2,199421.2964,199421.2964,3229091.5011352897,True,False,11,
native_l2,legacy:2026-09-09,legacy_directory_identifier,data/exact_l2/2026-09-09,legacy_day_root,legacy,data/exact_l2/2026-09-09/manifest.json,cada02d6b9b8c216681d21b7e4d0d5dd83ee5e1cca15e8b37cb0520036c771fc,data/exact_l2/2026-09-09/threshold_depth.csv,4b2293745f583b3e86c16d774cc7f7ae56afca52f57f5ca91246be200a879b41,data/exact_l2/2026-09-09/valr_usdtzar_raw.json,cf3e66c676d03e0cc3f018a5d8044355806ca10bab83c952542f73c99df3909f,sha256_verified,"[""base_asset"",""quote_asset"",""received_utc"",""exchange_timestamp_utc"",""source_url"",""source_params_json""]",2026-09-09,,2026-09-09T10:15:46.681901+00:00,,,legacy_unavailable,valr,USDTZAR,ZAR,USDT,,,,stablecoin_tokens,1 stablecoin token = 1 USD; no FX conversion,,,sell_stablecoin_base_hit_bids,valr_usdtzar_raw.json,cf3e66c676d03e0cc3f018a5d8044355806ca10bab83c952542f73c99df3909f,50,16.19995,16.1999,16.2,1093958.5271,1093958.5271,17672535.92961655,True,False,34,
native_l2,legacy:2026-09-09,legacy_directory_identifier,data/exact_l2/2026-09-09,legacy_day_root,legacy,data/exact_l2/2026-09-09/manifest.json,cada02d6b9b8c216681d21b7e4d0d5dd83ee5e1cca15e8b37cb0520036c771fc,data/exact_l2/2026-09-09/threshold_depth.csv,4b2293745f583b3e86c16d774cc7f7ae56afca52f57f5ca91246be200a879b41,data/exact_l2/2026-09-09/valr_usdtzar_raw.json,cf3e66c676d03e0cc3f018a5d8044355806ca10bab83c952542f73c99df3909f,sha256_verified,"[""base_asset"",""quote_asset"",""received_utc"",""exchange_timestamp_utc"",""source_url"",""source_params_json""]",2026-09-09,,2026-09-09T10:15:46.681901+00:00,,,legacy_unavailable,valr,USDTZAR,ZAR,USDT,,,,stablecoin_tokens,1 stablecoin token = 1 USD; no FX conversion,,,sell_stablecoin_base_hit_bids,valr_usdtzar_raw.json,cf3e66c676d03e0cc3f018a5d8044355806ca10bab83c952542f73c99df3909f,100,16.19995,16.1999,16.2,1154247.2994999997,1154247.2994999997,18640794.77123329,True,False,51,
native_l2,legacy:2026-09-09,legacy_directory_identifier,data/exact_l2/2026-09-09,legacy_day_root,legacy,data/exact_l2/2026-09-09/manifest.json,cada02d6b9b8c216681d21b7e4d0d5dd83ee5e1cca15e8b37cb0520036c771fc,data/exact_l2/2026-09-09/threshold_depth.csv,4b2293745f583b3e86c16d774cc7f7ae56afca52f57f5ca91246be200a879b41,data/exact_l2/2026-09-09/valr_usdtzar_raw.json,cf3e66c676d03e0cc3f018a5d8044355806ca10bab83c952542f73c99df3909f,sha256_verified,"[""base_asset"",""quote_asset"",""received_utc"",""exchange_timestamp_utc"",""source_url"",""source_params_json""]",2026-09-09,,2026-09-09T10:15:46.681901+00:00,,,legacy_unavailable,valr,USDTZAR,ZAR,USDT,,,,stablecoin_tokens,1 stablecoin token = 1 USD; no FX conversion,,,sell_stablecoin_base_hit_bids,valr_usdtzar_raw.json,cf3e66c676d03e0cc3f018a5d8044355806ca10bab83c952542f73c99df3909f,200,16.19995,16.1999,16.2,1157141.8281999999,1157141.8281999999,18687141.952720292,True,False,61,
native_l2,legacy:2026-09-09,legacy_directory_identifier,data/exact_l2/2026-09-09,legacy_day_root,legacy,data/exact_l2/2026-09-09/manifest.json,cada02d6b9b8c216681d21b7e4d0d5dd83ee5e1cca15e8b37cb0520036c771fc,data/exact_l2/2026-09-09/threshold_depth.csv,4b2293745f583b3e86c16d774cc7f7ae56afca52f57f5ca91246be200a879b41,data/exact_l2/2026-09-09/bitkub_usdt_thb_raw.json,637b6a6e40946dfe7ffb314dc0d18c089d0cc1f680688614216d742bf4407689,sha256_verified,"[""base_asset"",""quote_asset"",""received_utc"",""exchange_timestamp_utc"",""source_url"",""source_params_json""]",2026-09-09,,2026-09-09T10:15:47.017117+00:00,,,legacy_unavailable,bitkub,usdt_thb,THB,USDT,,,,stablecoin_tokens,1 stablecoin token = 1 USD; no FX conversion,,,sell_stablecoin_base_hit_bids,bitkub_usdt_thb_raw.json,637b6a6e40946dfe7ffb314dc0d18c089d0cc1f680688614216d742bf4407689,10,32.91,32.9,32.92,1103415.04,1103415.04,36297715.7116,True,False,3,
native_l2,legacy:2026-09-09,legacy_directory_identifier,data/exact_l2/2026-09-09,legacy_day_root,legacy,data/exact_l2/2026-09-09/manifest.json,cada02d6b9b8c216681d21b7e4d0d5dd83ee5e1cca15e8b37cb0520036c771fc,data/exact_l2/2026-09-09/threshold_depth.csv,4b2293745f583b3e86c16d774cc7f7ae56afca52f57f5ca91246be200a879b41,data/exact_l2/2026-09-09/bitkub_usdt_thb_raw.json,637b6a6e40946dfe7ffb314dc0d18c089d0cc1f680688614216d742bf4407689,sha256_verified,"[""base_asset"",""quote_asset"",""received_utc"",""exchange_timestamp_utc"",""source_url"",""source_params_json""]",2026-09-09,,2026-09-09T10:15:47.017117+00:00,,,legacy_unavailable,bitkub,usdt_thb,THB,USDT,,,,stablecoin_tokens,1 stablecoin token = 1 USD; no FX conversion,,,sell_stablecoin_base_hit_bids,bitkub_usdt_thb_raw.json,637b6a6e40946dfe7ffb314dc0d18c089d0cc1f680688614216d742bf4407689,50,32.91,32.9,32.92,1432360.4499999997,1432360.4499999997,47100042.51709999,True,False,16,
native_l2,legacy:2026-09-09,legacy_directory_identifier,data/exact_l2/2026-09-09,legacy_day_root,legacy,data/exact_l2/2026-09-09/manifest.json,cada02d6b9b8c216681d21b7e4d0d5dd83ee5e1cca15e8b37cb0520036c771fc,data/exact_l2/2026-09-09/threshold_depth.csv,4b2293745f583b3e86c16d774cc7f7ae56afca52f57f5ca91246be200a879b41,data/exact_l2/2026-09-09/bitkub_usdt_thb_raw.json,637b6a6e40946dfe7ffb314dc0d18c089d0cc1f680688614216d742bf4407689,sha256_verified,"[""base_asset"",""quote_asset"",""received_utc"",""exchange_timestamp_utc"",""source_url"",""source_params_json""]",2026-09-09,,2026-09-09T10:15:47.017117+00:00,,,legacy_unavailable,bitkub,usdt_thb,THB,USDT,,,,stablecoin_tokens,1 stablecoin token = 1 USD; no FX conversion,,,sell_stablecoin_base_hit_bids,bitkub_usdt_thb_raw.json,637b6a6e40946dfe7ffb314dc0d18c089d0cc1f680688614216d742bf4407689,100,32.91,32.9,32.92,1471322.6899999992,1471322.6899999992,48373841.966599986,True,False,31,
native_l2,legacy:2026-09-09,legacy_directory_identifier,data/exact_l2/2026-09-09,legacy_day_root,legacy,data/exact_l2/2026-09-09/manifest.json,cada02d6b9b8c216681d21b7e4d0d5dd83ee5e1cca15e8b37cb0520036c771fc,data/exact_l2/2026-09-09/threshold_depth.csv,4b2293745f583b3e86c16d774cc7f7ae56afca52f57f5ca91246be200a879b41,data/exact_l2/2026-09-09/bitkub_usdt_thb_raw.json,637b6a6e40946dfe7ffb314dc0d18c089d0cc1f680688614216d742bf4407689,sha256_verified,"[""base_asset"",""quote_asset"",""received_utc"",""exchange_timestamp_utc"",""source_url"",""source_params_json""]",2026-09-09,,2026-09-09T10:15:47.017117+00:00,,,legacy_unavailable,bitkub,usdt_thb,THB,USDT,,,,stablecoin_tokens,1 stablecoin token = 1 USD; no FX conversion,,,sell_stablecoin_base_hit_bids,bitkub_usdt_thb_raw.json,637b6a6e40946dfe7ffb314dc0d18c089d0cc1f680688614216d742bf4407689,200,32.91,32.9,32.92,1644426.0199999996,1644426.0199999996,53990413.44079998,True,False,47,
native_l2,legacy:2026-09-10,legacy_directory_identifier,data/exact_l2/2026-09-10,legacy_day_root,legacy,data/exact_l2/2026-09-10/manifest.json,7382ca203dbe266eee3ba3a4096073e42186cc2acdaab8e2e2ab439c43dc6b9a,data/exact_l2/2026-09-10/threshold_depth.csv,f03ce9a8bdb36f5b6db2e056d688fe182e721b6a8af38b1e6691d143b88c0c95,data/exact_l2/2026-09-10/valr_usdtzar_raw.json,33a80ec47351d2dd01b789789ecb0b53aa6f3ce053b61a4aa1e5f18351f57226,sha256_verified,"[""base_asset"",""quote_asset"",""received_utc"",""exchange_timestamp_utc"",""source_url"",""source_params_json""]",2026-09-10,,2026-09-10T10:11:58.888061+00:00,,,legacy_unavailable,valr,USDTZAR,ZAR,USDT,,,,stablecoin_tokens,1 stablecoin token = 1 USD; no FX conversion,,,sell_stablecoin_base_hit_bids,valr_usdtzar_raw.json,33a80ec47351d2dd01b789789ecb0b53aa6f3ce053b61a4aa1e5f18351f57226,10,16.16155,16.1615,16.1616,410485.0132,410485.0132,6632462.62754622,True,False,15,
native_l2,legacy:2026-09-10,legacy_directory_identifier,data/exact_l2/2026-09-10,legacy_day_root,legacy,data/exact_l2/2026-09-10/manifest.json,7382ca203dbe266eee3ba3a4096073e42186cc2acdaab8e2e2ab439c43dc6b9a,data/exact_l2/2026-09-10/threshold_depth.csv,f03ce9a8bdb36f5b6db2e056d688fe182e721b6a8af38b1e6691d143b88c0c95,data/exact_l2/2026-09-10/valr_usdtzar_raw.json,33a80ec47351d2dd01b789789ecb0b53aa6f3ce053b61a4aa1e5f18351f57226,sha256_verified,"[""base_asset"",""quote_asset"",""received_utc"",""exchange_timestamp_utc"",""source_url"",""source_params_json""]",2026-09-10,,2026-09-10T10:11:58.888061+00:00,,,legacy_unavailable,valr,USDTZAR,ZAR,USDT,,,,stablecoin_tokens,1 stablecoin token = 1 USD; no FX conversion,,,sell_stablecoin_base_hit_bids,valr_usdtzar_raw.json,33a80ec47351d2dd01b789789ecb0b53aa6f3ce053b61a4aa1e5f18351f57226,50,16.16155,16.1615,16.1616,996334.9516999999,996334.9516999999,16083318.095269,True,False,33,
native_l2,legacy:2026-09-10,legacy_directory_identifier,data/exact_l2/2026-09-10,legacy_day_root,legacy,data/exact_l2/2026-09-10/manifest.json,7382ca203dbe266eee3ba3a4096073e42186cc2acdaab8e2e2ab439c43dc6b9a,data/exact_l2/2026-09-10/threshold_depth.csv,f03ce9a8bdb36f5b6db2e056d688fe182e721b6a8af38b1e6691d143b88c0c95,data/exact_l2/2026-09-10/valr_usdtzar_raw.json,33a80ec47351d2dd01b789789ecb0b53aa6f3ce053b61a4aa1e5f18351f57226,sha256_verified,"[""base_asset"",""quote_asset"",""received_utc"",""exchange_timestamp_utc"",""source_url"",""source_params_json""]",2026-09-10,,2026-09-10T10:11:58.888061+00:00,,,legacy_unavailable,valr,USDTZAR,ZAR,USDT,,,,stablecoin_tokens,1 stablecoin token = 1 USD; no FX conversion,,,sell_stablecoin_base_hit_bids,valr_usdtzar_raw.json,33a80ec47351d2dd01b789789ecb0b53aa6f3ce053b61a4aa1e5f18351f57226,100,16.16155,16.1615,16.1616,1067002.6273999996,1067002.6273999996,17217966.678966515,True,False,54,
native_l2,legacy:2026-09-10,legacy_directory_identifier,data/exact_l2/2026-09-10,legacy_day_root,legacy,data/exact_l2/2026-09-10/manifest.json,7382ca203dbe266eee3ba3a4096073e42186cc2acdaab8e2e2ab439c43dc6b9a,data/exact_l2/2026-09-10/threshold_depth.csv,f03ce9a8bdb36f5b6db2e056d688fe182e721b6a8af38b1e6691d143b88c0c95,data/exact_l2/2026-09-10/valr_usdtzar_raw.json,33a80ec47351d2dd01b789789ecb0b53aa6f3ce053b61a4aa1e5f18351f57226,sha256_verified,"[""base_asset"",""quote_asset"",""received_utc"",""exchange_timestamp_utc"",""source_url"",""source_params_json""]",2026-09-10,,2026-09-10T10:11:58.888061+00:00,,,legacy_unavailable,valr,USDTZAR,ZAR,USDT,,,,stablecoin_tokens,1 stablecoin token = 1 USD; no FX conversion,,,sell_stablecoin_base_hit_bids,valr_usdtzar_raw.json,33a80ec47351d2dd01b789789ecb0b53aa6f3ce053b61a4aa1e5f18351f57226,200,16.16155,16.1615,16.1616,1085307.1443999999,1085307.1443999999,17510081.993376993,True,False,60,
native_l2,legacy:2026-09-10,legacy_directory_identifier,data/exact_l2/2026-09-10,legacy_day_root,legacy,data/exact_l2/2026-09-10/manifest.json,7382ca203dbe266eee3ba3a4096073e42186cc2acdaab8e2e2ab439c43dc6b9a,data/exact_l2/2026-09-10/threshold_depth.csv,f03ce9a8bdb36f5b6db2e056d688fe182e721b6a8af38b1e6691d143b88c0c95,data/exact_l2/2026-09-10/bitkub_usdt_thb_raw.json,35b95b779b329a6e31e03f0d79d520af20d084f245efe2073b069a2536e495ea,sha256_verified,"[""base_asset"",""quote_asset"",""received_utc"",""exchange_timestamp_utc"",""source_url"",""source_params_json""]",2026-09-10,,2026-09-10T10:11:59.168299+00:00,,,legacy_unavailable,bitkub,usdt_thb,THB,USDT,,,,stablecoin_tokens,1 stablecoin token = 1 USD; no FX conversion,,,sell_stablecoin_base_hit_bids,bitkub_usdt_thb_raw.json,35b95b779b329a6e31e03f0d79d520af20d084f245efe2073b069a2536e495ea,10,32.925,32.92,32.93,658816.02,658816.02,21682249.0524,True,False,3,
native_l2,legacy:2026-09-10,legacy_directory_identifier,data/exact_l2/2026-09-10,legacy_day_root,legacy,data/exact_l2/2026-09-10/manifest.json,7382ca203dbe266eee3ba3a4096073e42186cc2acdaab8e2e2ab439c43dc6b9a,data/exact_l2/2026-09-10/threshold_depth.csv,f03ce9a8bdb36f5b6db2e056d688fe182e721b6a8af38b1e6691d143b88c0c95,data/exact_l2/2026-09-10/bitkub_usdt_thb_raw.json,35b95b779b329a6e31e03f0d79d520af20d084f245efe2073b069a2536e495ea,sha256_verified,"[""base_asset"",""quote_asset"",""received_utc"",""exchange_timestamp_utc"",""source_url"",""source_params_json""]",2026-09-10,,2026-09-10T10:11:59.168299+00:00,,,legacy_unavailable,bitkub,usdt_thb,THB,USDT,,,,stablecoin_tokens,1 stablecoin token = 1 USD; no FX conversion,,,sell_stablecoin_base_hit_bids,bitkub_usdt_thb_raw.json,35b95b779b329a6e31e03f0d79d520af20d084f245efe2073b069a2536e495ea,50,32.925,32.92,32.93,811326.4700000002,811326.4700000002,26692716.044999994,True,False,16,
native_l2,legacy:2026-09-10,legacy_directory_identifier,data/exact_l2/2026-09-10,legacy_day_root,legacy,data/exact_l2/2026-09-10/manifest.json,7382ca203dbe266eee3ba3a4096073e42186cc2acdaab8e2e2ab439c43dc6b9a,data/exact_l2/2026-09-10/threshold_depth.csv,f03ce9a8bdb36f5b6db2e056d688fe182e721b6a8af38b1e6691d143b88c0c95,data/exact_l2/2026-09-10/bitkub_usdt_thb_raw.json,35b95b779b329a6e31e03f0d79d520af20d084f245efe2073b069a2536e495ea,sha256_verified,"[""base_asset"",""quote_asset"",""received_utc"",""exchange_timestamp_utc"",""source_url"",""source_params_json""]",2026-09-10,,2026-09-10T10:11:59.168299+00:00,,,legacy_unavailable,bitkub,usdt_thb,THB,USDT,,,,stablecoin_tokens,1 stablecoin token = 1 USD; no FX conversion,,,sell_stablecoin_base_hit_bids,bitkub_usdt_thb_raw.json,35b95b779b329a6e31e03f0d79d520af20d084f245efe2073b069a2536e495ea,100,32.925,32.92,32.93,884875.2400000001,884875.2400000001,29099220.181800004,True,False,32,
native_l2,legacy:2026-09-10,legacy_directory_identifier,data/exact_l2/2026-09-10,legacy_day_root,legacy,data/exact_l2/2026-09-10/manifest.json,7382ca203dbe266eee3ba3a4096073e42186cc2acdaab8e2e2ab439c43dc6b9a,data/exact_l2/2026-09-10/threshold_depth.csv,f03ce9a8bdb36f5b6db2e056d688fe182e721b6a8af38b1e6691d143b88c0c95,data/exact_l2/2026-09-10/bitkub_usdt_thb_raw.json,35b95b779b329a6e31e03f0d79d520af20d084f245efe2073b069a2536e495ea,sha256_verified,"[""base_asset"",""quote_asset"",""received_utc"",""exchange_timestamp_utc"",""source_url"",""source_params_json""]",2026-09-10,,2026-09-10T10:11:59.168299+00:00,,,legacy_unavailable,bitkub,usdt_thb,THB,USDT,,,,stablecoin_tokens,1 stablecoin token = 1 USD; no FX conversion,,,sell_stablecoin_base_hit_bids,bitkub_usdt_thb_raw.json,35b95b779b329a6e31e03f0d79d520af20d084f245efe2073b069a2536e495ea,200,32.925,32.92,32.93,1062673.6800000002,1062673.6800000002,34868514.48169999,True,False,48,
native_l2,legacy:2026-09-11,legacy_directory_identifier,data/exact_l2/2026-09-11,legacy_day_root,legacy,data/exact_l2/2026-09-11/manifest.json,df35133409c6ab7a02162f138f61c5af411c30dad71e8238d1cce47e9942f6ad,data/exact_l2/2026-09-11/threshold_depth.csv,e531aa7cd94e2588c2b6058f453b39463b9dd5251115739fc76aeeb42fa8736e,data/exact_l2/2026-09-11/valr_usdtzar_raw.json,8e2e66214a2d3699f9dfd31eeea3cbc4b0a8c05cc802e86d25958684d36c47f9,sha256_verified,"[""base_asset"",""quote_asset"",""received_utc"",""exchange_timestamp_utc"",""source_url"",""source_params_json""]",2026-09-11,,2026-09-11T10:10:36.120817+00:00,,,legacy_unavailable,valr,USDTZAR,ZAR,USDT,,,,stablecoin_tokens,1 stablecoin token = 1 USD; no FX conversion,,,sell_stablecoin_base_hit_bids,valr_usdtzar_raw.json,8e2e66214a2d3699f9dfd31eeea3cbc4b0a8c05cc802e86d25958684d36c47f9,10,16.18975,16.1887,16.1908,289851.64280000003,289851.64280000003,4691181.87223647,True,False,13,
native_l2,legacy:2026-09-11,legacy_directory_identifier,data/exact_l2/2026-09-11,legacy_day_root,legacy,data/exact_l2/2026-09-11/manifest.json,df35133409c6ab7a02162f138f61c5af411c30dad71e8238d1cce47e9942f6ad,data/exact_l2/2026-09-11/threshold_depth.csv,e531aa7cd94e2588c2b6058f453b39463b9dd5251115739fc76aeeb42fa8736e,data/exact_l2/2026-09-11/valr_usdtzar_raw.json,8e2e66214a2d3699f9dfd31eeea3cbc4b0a8c05cc802e86d25958684d36c47f9,sha256_verified,"[""base_asset"",""quote_asset"",""received_utc"",""exchange_timestamp_utc"",""source_url"",""source_params_json""]",2026-09-11,,2026-09-11T10:10:36.120817+00:00,,,legacy_unavailable,valr,USDTZAR,ZAR,USDT,,,,stablecoin_tokens,1 stablecoin token = 1 USD; no FX conversion,,,sell_stablecoin_base_hit_bids,valr_usdtzar_raw.json,8e2e66214a2d3699f9dfd31eeea3cbc4b0a8c05cc802e86d25958684d36c47f9,50,16.18975,16.1887,16.1908,455168.68710000004,455168.68710000004,7359396.57890749,True,False,37,
native_l2,legacy:2026-09-11,legacy_directory_identifier,data/exact_l2/2026-09-11,legacy_day_root,legacy,data/exact_l2/2026-09-11/manifest.json,df35133409c6ab7a02162f138f61c5af411c30dad71e8238d1cce47e9942f6ad,data/exact_l2/2026-09-11/threshold_depth.csv,e531aa7cd94e2588c2b6058f453b39463b9dd5251115739fc76aeeb42fa8736e,data/exact_l2/2026-09-11/valr_usdtzar_raw.json,8e2e66214a2d3699f9dfd31eeea3cbc4b0a8c05cc802e86d25958684d36c47f9,sha256_verified,"[""base_asset"",""quote_asset"",""received_utc"",""exchange_timestamp_utc"",""source_url"",""source_params_json""]",2026-09-11,,2026-09-11T10:10:36.120817+00:00,,,legacy_unavailable,valr,USDTZAR,ZAR,USDT,,,,stablecoin_tokens,1 stablecoin token = 1 USD; no FX conversion,,,sell_stablecoin_base_hit_bids,valr_usdtzar_raw.json,8e2e66214a2d3699f9dfd31eeea3cbc4b0a8c05cc802e86d25958684d36c47f9,100,16.18975,16.1887,16.1908,516925.3987000001,516925.3987000001,8350831.715330912,True,False,62,
native_l2,legacy:2026-09-11,legacy_directory_identifier,data/exact_l2/2026-09-11,legacy_day_root,legacy,data/exact_l2/2026-09-11/manifest.json,df35133409c6ab7a02162f138f61c5af411c30dad71e8238d1cce47e9942f6ad,data/exact_l2/2026-09-11/threshold_depth.csv,e531aa7cd94e2588c2b6058f453b39463b9dd5251115739fc76aeeb42fa8736e,data/exact_l2/2026-09-11/valr_usdtzar_raw.json,8e2e66214a2d3699f9dfd31eeea3cbc4b0a8c05cc802e86d25958684d36c47f9,sha256_verified,"[""base_asset"",""quote_asset"",""received_utc"",""exchange_timestamp_utc"",""source_url"",""source_params_json""]",2026-09-11,,2026-09-11T10:10:36.120817+00:00,,,legacy_unavailable,valr,USDTZAR,ZAR,USDT,,,,stablecoin_tokens,1 stablecoin token = 1 USD; no FX conversion,,,sell_stablecoin_base_hit_bids,valr_usdtzar_raw.json,8e2e66214a2d3699f9dfd31eeea3cbc4b0a8c05cc802e86d25958684d36c47f9,200,16.18975,16.1887,16.1908,525234.0499,525234.0499,8483379.598243391,True,False,70,
native_l2,legacy:2026-09-11,legacy_directory_identifier,data/exact_l2/2026-09-11,legacy_day_root,legacy,data/exact_l2/2026-09-11/manifest.json,df35133409c6ab7a02162f138f61c5af411c30dad71e8238d1cce47e9942f6ad,data/exact_l2/2026-09-11/threshold_depth.csv,e531aa7cd94e2588c2b6058f453b39463b9dd5251115739fc76aeeb42fa8736e,data/exact_l2/2026-09-11/bitkub_usdt_thb_raw.json,8dc96a7995cdbbe250bfcb7cac174ec41113ac56b2f0813306c58dfef017ee06,sha256_verified,"[""base_asset"",""quote_asset"",""received_utc"",""exchange_timestamp_utc"",""source_url"",""source_params_json""]",2026-09-11,,2026-09-11T10:10:36.450922+00:00,,,legacy_unavailable,bitkub,usdt_thb,THB,USDT,,,,stablecoin_tokens,1 stablecoin token = 1 USD; no FX conversion,,,sell_stablecoin_base_hit_bids,bitkub_usdt_thb_raw.json,8dc96a7995cdbbe250bfcb7cac174ec41113ac56b2f0813306c58dfef017ee06,10,33.025000000000006,33.02,33.03,582826.3600000001,582826.3600000001,19237287.4453,True,False,3,
native_l2,legacy:2026-09-11,legacy_directory_identifier,data/exact_l2/2026-09-11,legacy_day_root,legacy,data/exact_l2/2026-09-11/manifest.json,df35133409c6ab7a02162f138f61c5af411c30dad71e8238d1cce47e9942f6ad,data/exact_l2/2026-09-11/threshold_depth.csv,e531aa7cd94e2588c2b6058f453b39463b9dd5251115739fc76aeeb42fa8736e,data/exact_l2/2026-09-11/bitkub_usdt_thb_raw.json,8dc96a7995cdbbe250bfcb7cac174ec41113ac56b2f0813306c58dfef017ee06,sha256_verified,"[""base_asset"",""quote_asset"",""received_utc"",""exchange_timestamp_utc"",""source_url"",""source_params_json""]",2026-09-11,,2026-09-11T10:10:36.450922+00:00,,,legacy_unavailable,bitkub,usdt_thb,THB,USDT,,,,stablecoin_tokens,1 stablecoin token = 1 USD; no FX conversion,,,sell_stablecoin_base_hit_bids,bitkub_usdt_thb_raw.json,8dc96a7995cdbbe250bfcb7cac174ec41113ac56b2f0813306c58dfef017ee06,50,33.025000000000006,33.02,33.03,646272.37,646272.37,21327859.150300004,True,False,16,
native_l2,legacy:2026-09-11,legacy_directory_identifier,data/exact_l2/2026-09-11,legacy_day_root,legacy,data/exact_l2/2026-09-11/manifest.json,df35133409c6ab7a02162f138f61c5af411c30dad71e8238d1cce47e9942f6ad,data/exact_l2/2026-09-11/threshold_depth.csv,e531aa7cd94e2588c2b6058f453b39463b9dd5251115739fc76aeeb42fa8736e,data/exact_l2/2026-09-11/bitkub_usdt_thb_raw.json,8dc96a7995cdbbe250bfcb7cac174ec41113ac56b2f0813306c58dfef017ee06,sha256_verified,"[""base_asset"",""quote_asset"",""received_utc"",""exchange_timestamp_utc"",""source_url"",""source_params_json""]",2026-09-11,,2026-09-11T10:10:36.450922+00:00,,,legacy_unavailable,bitkub,usdt_thb,THB,USDT,,,,stablecoin_tokens,1 stablecoin token = 1 USD; no FX conversion,,,sell_stablecoin_base_hit_bids,bitkub_usdt_thb_raw.json,8dc96a7995cdbbe250bfcb7cac174ec41113ac56b2f0813306c58dfef017ee06,100,33.025000000000006,33.02,33.03,739715.2000000001,739715.2000000001,24388986.23720001,True,False,32,
native_l2,legacy:2026-09-11,legacy_directory_identifier,data/exact_l2/2026-09-11,legacy_day_root,legacy,data/exact_l2/2026-09-11/manifest.json,df35133409c6ab7a02162f138f61c5af411c30dad71e8238d1cce47e9942f6ad,data/exact_l2/2026-09-11/threshold_depth.csv,e531aa7cd94e2588c2b6058f453b39463b9dd5251115739fc76aeeb42fa8736e,data/exact_l2/2026-09-11/bitkub_usdt_thb_raw.json,8dc96a7995cdbbe250bfcb7cac174ec41113ac56b2f0813306c58dfef017ee06,sha256_verified,"[""base_asset"",""quote_asset"",""received_utc"",""exchange_timestamp_utc"",""source_url"",""source_params_json""]",2026-09-11,,2026-09-11T10:10:36.450922+00:00,,,legacy_unavailable,bitkub,usdt_thb,THB,USDT,,,,stablecoin_tokens,1 stablecoin token = 1 USD; no FX conversion,,,sell_stablecoin_base_hit_bids,bitkub_usdt_thb_raw.json,8dc96a7995cdbbe250bfcb7cac174ec41113ac56b2f0813306c58dfef017ee06,200,33.025000000000006,33.02,33.03,843618.37,843618.37,27765384.538700007,True,False,52,
native_l2,legacy:2026-09-12,legacy_directory_identifier,data/exact_l2/2026-09-12,legacy_day_root,legacy,data/exact_l2/2026-09-12/manifest.json,638f9bec914de8e1f53a3b6dcea8308d605f3bc129dc9c622869ef22368f0bab,data/exact_l2/2026-09-12/threshold_depth.csv,2ee3430314e5acf1aa58f1a3b5812da384728419908382d81aac480cd7acd1c7,data/exact_l2/2026-09-12/valr_usdtzar_raw.json,6c71f81942857f1d08014e11bff353fb38e8ffd06a0de5930e3626f310f10617,sha256_verified,"[""base_asset"",""quote_asset"",""received_utc"",""exchange_timestamp_utc"",""source_url"",""source_params_json""]",2026-09-12,,2026-09-12T09:44:19.516649+00:00,,,legacy_unavailable,valr,USDTZAR,ZAR,USDT,,,,stablecoin_tokens,1 stablecoin token = 1 USD; no FX conversion,,,sell_stablecoin_base_hit_bids,valr_usdtzar_raw.json,6c71f81942857f1d08014e11bff353fb38e8ffd06a0de5930e3626f310f10617,10,16.17575,16.1757,16.1758,501184.7122,501184.7122,8103606.50442244,True,False,9,
native_l2,legacy:2026-09-12,legacy_directory_identifier,data/exact_l2/2026-09-12,legacy_day_root,legacy,data/exact_l2/2026-09-12/manifest.json,638f9bec914de8e1f53a3b6dcea8308d605f3bc129dc9c622869ef22368f0bab,data/exact_l2/2026-09-12/threshold_depth.csv,2ee3430314e5acf1aa58f1a3b5812da384728419908382d81aac480cd7acd1c7,data/exact_l2/2026-09-12/valr_usdtzar_raw.json,6c71f81942857f1d08014e11bff353fb38e8ffd06a0de5930e3626f310f10617,sha256_verified,"[""base_asset"",""quote_asset"",""received_utc"",""exchange_timestamp_utc"",""source_url"",""source_params_json""]",2026-09-12,,2026-09-12T09:44:19.516649+00:00,,,legacy_unavailable,valr,USDTZAR,ZAR,USDT,,,,stablecoin_tokens,1 stablecoin token = 1 USD; no FX conversion,,,sell_stablecoin_base_hit_bids,valr_usdtzar_raw.json,6c71f81942857f1d08014e11bff353fb38e8ffd06a0de5930e3626f310f10617,50,16.17575,16.1757,16.1758,650204.1711,650204.1711,10507194.454603473,True,False,41,
native_l2,legacy:2026-09-12,legacy_directory_identifier,data/exact_l2/2026-09-12,legacy_day_root,legacy,data/exact_l2/2026-09-12/manifest.json,638f9bec914de8e1f53a3b6dcea8308d605f3bc129dc9c622869ef22368f0bab,data/exact_l2/2026-09-12/threshold_depth.csv,2ee3430314e5acf1aa58f1a3b5812da384728419908382d81aac480cd7acd1c7,data/exact_l2/2026-09-12/valr_usdtzar_raw.json,6c71f81942857f1d08014e11bff353fb38e8ffd06a0de5930e3626f310f10617,sha256_verified,"[""base_asset"",""quote_asset"",""received_utc"",""exchange_timestamp_utc"",""source_url"",""source_params_json""]",2026-09-12,,2026-09-12T09:44:19.516649+00:00,,,legacy_unavailable,valr,USDTZAR,ZAR,USDT,,,,stablecoin_tokens,1 stablecoin token = 1 USD; no FX conversion,,,sell_stablecoin_base_hit_bids,valr_usdtzar_raw.json,6c71f81942857f1d08014e11bff353fb38e8ffd06a0de5930e3626f310f10617,100,16.17575,16.1757,16.1758,769414.4893,769414.4893,12420545.187558692,True,False,58,
native_l2,legacy:2026-09-12,legacy_directory_identifier,data/exact_l2/2026-09-12,legacy_day_root,legacy,data/exact_l2/2026-09-12/manifest.json,638f9bec914de8e1f53a3b6dcea8308d605f3bc129dc9c622869ef22368f0bab,data/exact_l2/2026-09-12/threshold_depth.csv,2ee3430314e5acf1aa58f1a3b5812da384728419908382d81aac480cd7acd1c7,data/exact_l2/2026-09-12/valr_usdtzar_raw.json,6c71f81942857f1d08014e11bff353fb38e8ffd06a0de5930e3626f310f10617,sha256_verified,"[""base_asset"",""quote_asset"",""received_utc"",""exchange_timestamp_utc"",""source_url"",""source_params_json""]",2026-09-12,,2026-09-12T09:44:19.516649+00:00,,,legacy_unavailable,valr,USDTZAR,ZAR,USDT,,,,stablecoin_tokens,1 stablecoin token = 1 USD; no FX conversion,,,sell_stablecoin_base_hit_bids,valr_usdtzar_raw.json,6c71f81942857f1d08014e11bff353fb38e8ffd06a0de5930e3626f310f10617,200,16.17575,16.1757,16.1758,777716.8984000002,777716.8984000002,12552993.072029173,True,False,65,
native_l2,legacy:2026-09-12,legacy_directory_identifier,data/exact_l2/2026-09-12,legacy_day_root,legacy,data/exact_l2/2026-09-12/manifest.json,638f9bec914de8e1f53a3b6dcea8308d605f3bc129dc9c622869ef22368f0bab,data/exact_l2/2026-09-12/threshold_depth.csv,2ee3430314e5acf1aa58f1a3b5812da384728419908382d81aac480cd7acd1c7,data/exact_l2/2026-09-12/bitkub_usdt_thb_raw.json,79a6232d47e412f71a5b7d8615bcfd44fdd0f47e06dde8bdec218c9020622b34,sha256_verified,"[""base_asset"",""quote_asset"",""received_utc"",""exchange_timestamp_utc"",""source_url"",""source_params_json""]",2026-09-12,,2026-09-12T09:44:19.784230+00:00,,,legacy_unavailable,bitkub,usdt_thb,THB,USDT,,,,stablecoin_tokens,1 stablecoin token = 1 USD; no FX conversion,,,sell_stablecoin_base_hit_bids,bitkub_usdt_thb_raw.json,79a6232d47e412f71a5b7d8615bcfd44fdd0f47e06dde8bdec218c9020622b34,10,33.085,33.08,33.09,468853.33999999997,468853.33999999997,15508491.2727,True,False,3,
native_l2,legacy:2026-09-12,legacy_directory_identifier,data/exact_l2/2026-09-12,legacy_day_root,legacy,data/exact_l2/2026-09-12/manifest.json,638f9bec914de8e1f53a3b6dcea8308d605f3bc129dc9c622869ef22368f0bab,data/exact_l2/2026-09-12/threshold_depth.csv,2ee3430314e5acf1aa58f1a3b5812da384728419908382d81aac480cd7acd1c7,data/exact_l2/2026-09-12/bitkub_usdt_thb_raw.json,79a6232d47e412f71a5b7d8615bcfd44fdd0f47e06dde8bdec218c9020622b34,sha256_verified,"[""base_asset"",""quote_asset"",""received_utc"",""exchange_timestamp_utc"",""source_url"",""source_params_json""]",2026-09-12,,2026-09-12T09:44:19.784230+00:00,,,legacy_unavailable,bitkub,usdt_thb,THB,USDT,,,,stablecoin_tokens,1 stablecoin token = 1 USD; no FX conversion,,,sell_stablecoin_base_hit_bids,bitkub_usdt_thb_raw.json,79a6232d47e412f71a5b7d8615bcfd44fdd0f47e06dde8bdec218c9020622b34,50,33.085,33.08,33.09,537012.6299999999,537012.6299999999,17758141.424,True,False,17,
native_l2,legacy:2026-09-12,legacy_directory_identifier,data/exact_l2/2026-09-12,legacy_day_root,legacy,data/exact_l2/2026-09-12/manifest.json,638f9bec914de8e1f53a3b6dcea8308d605f3bc129dc9c622869ef22368f0bab,data/exact_l2/2026-09-12/threshold_depth.csv,2ee3430314e5acf1aa58f1a3b5812da384728419908382d81aac480cd7acd1c7,data/exact_l2/2026-09-12/bitkub_usdt_thb_raw.json,79a6232d47e412f71a5b7d8615bcfd44fdd0f47e06dde8bdec218c9020622b34,sha256_verified,"[""base_asset"",""quote_asset"",""received_utc"",""exchange_timestamp_utc"",""source_url"",""source_params_json""]",2026-09-12,,2026-09-12T09:44:19.784230+00:00,,,legacy_unavailable,bitkub,usdt_thb,THB,USDT,,,,stablecoin_tokens,1 stablecoin token = 1 USD; no FX conversion,,,sell_stablecoin_base_hit_bids,bitkub_usdt_thb_raw.json,79a6232d47e412f71a5b7d8615bcfd44fdd0f47e06dde8bdec218c9020622b34,100,33.085,33.08,33.09,612700.0499999999,612700.0499999999,20241112.977099992,True,False,31,
native_l2,legacy:2026-09-12,legacy_directory_identifier,data/exact_l2/2026-09-12,legacy_day_root,legacy,data/exact_l2/2026-09-12/manifest.json,638f9bec914de8e1f53a3b6dcea8308d605f3bc129dc9c622869ef22368f0bab,data/exact_l2/2026-09-12/threshold_depth.csv,2ee3430314e5acf1aa58f1a3b5812da384728419908382d81aac480cd7acd1c7,data/exact_l2/2026-09-12/bitkub_usdt_thb_raw.json,79a6232d47e412f71a5b7d8615bcfd44fdd0f47e06dde8bdec218c9020622b34,sha256_verified,"[""base_asset"",""quote_asset"",""received_utc"",""exchange_timestamp_utc"",""source_url"",""source_params_json""]",2026-09-12,,2026-09-12T09:44:19.784230+00:00,,,legacy_unavailable,bitkub,usdt_thb,THB,USDT,,,,stablecoin_tokens,1 stablecoin token = 1 USD; no FX conversion,,,sell_stablecoin_base_hit_bids,bitkub_usdt_thb_raw.json,79a6232d47e412f71a5b7d8615bcfd44fdd0f47e06dde8bdec218c9020622b34,200,33.085,33.08,33.09,736103.2799999998,736103.2799999998,24263824.848899994,True,False,54,
native_l2,legacy:2026-09-13,legacy_directory_identifier,data/exact_l2/2026-09-13,legacy_day_root,legacy,data/exact_l2/2026-09-13/manifest.json,2bbfed1ca7a41807062a61b77a0f878500a051ea3be2526386a1263e409c7382,data/exact_l2/2026-09-13/threshold_depth.csv,2e4ce16572a9250f85d93d174d1668001c59c1f7d6ca4a791e8dac79863dcf6a,data/exact_l2/2026-09-13/valr_usdtzar_raw.json,194ebe4d3f4421484eb718829a1b0a6340cf12725c946db50d74b766cb560eaf,sha256_verified,"[""base_asset"",""quote_asset"",""received_utc"",""exchange_timestamp_utc"",""source_url"",""source_params_json""]",2026-09-13,,2026-09-13T10:46:40.447819+00:00,,,legacy_unavailable,valr,USDTZAR,ZAR,USDT,,,,stablecoin_tokens,1 stablecoin token = 1 USD; no FX conversion,,,sell_stablecoin_base_hit_bids,valr_usdtzar_raw.json,194ebe4d3f4421484eb718829a1b0a6340cf12725c946db50d74b766cb560eaf,10,16.17655,16.1765,16.1766,33990.4162,33990.4162,549641.98973744,True,False,7,
native_l2,legacy:2026-09-13,legacy_directory_identifier,data/exact_l2/2026-09-13,legacy_day_root,legacy,data/exact_l2/2026-09-13/manifest.json,2bbfed1ca7a41807062a61b77a0f878500a051ea3be2526386a1263e409c7382,data/exact_l2/2026-09-13/threshold_depth.csv,2e4ce16572a9250f85d93d174d1668001c59c1f7d6ca4a791e8dac79863dcf6a,data/exact_l2/2026-09-13/valr_usdtzar_raw.json,194ebe4d3f4421484eb718829a1b0a6340cf12725c946db50d74b766cb560eaf,sha256_verified,"[""base_asset"",""quote_asset"",""received_utc"",""exchange_timestamp_utc"",""source_url"",""source_params_json""]",2026-09-13,,2026-09-13T10:46:40.447819+00:00,,,legacy_unavailable,valr,USDTZAR,ZAR,USDT,,,,stablecoin_tokens,1 stablecoin token = 1 USD; no FX conversion,,,sell_stablecoin_base_hit_bids,valr_usdtzar_raw.json,194ebe4d3f4421484eb718829a1b0a6340cf12725c946db50d74b766cb560eaf,50,16.17655,16.1765,16.1766,193769.99869999997,193769.99869999997,3125258.40337364,True,False,21,
native_l2,legacy:2026-09-13,legacy_directory_identifier,data/exact_l2/2026-09-13,legacy_day_root,legacy,data/exact_l2/2026-09-13/manifest.json,2bbfed1ca7a41807062a61b77a0f878500a051ea3be2526386a1263e409c7382,data/exact_l2/2026-09-13/threshold_depth.csv,2e4ce16572a9250f85d93d174d1668001c59c1f7d6ca4a791e8dac79863dcf6a,data/exact_l2/2026-09-13/valr_usdtzar_raw.json,194ebe4d3f4421484eb718829a1b0a6340cf12725c946db50d74b766cb560eaf,sha256_verified,"[""base_asset"",""quote_asset"",""received_utc"",""exchange_timestamp_utc"",""source_url"",""source_params_json""]",2026-09-13,,2026-09-13T10:46:40.447819+00:00,,,legacy_unavailable,valr,USDTZAR,ZAR,USDT,,,,stablecoin_tokens,1 stablecoin token = 1 USD; no FX conversion,,,sell_stablecoin_base_hit_bids,valr_usdtzar_raw.json,194ebe4d3f4421484eb718829a1b0a6340cf12725c946db50d74b766cb560eaf,100,16.17655,16.1765,16.1766,373257.82569999987,373257.82569999987,6008004.295157641,True,False,40,
native_l2,legacy:2026-09-13,legacy_directory_identifier,data/exact_l2/2026-09-13,legacy_day_root,legacy,data/exact_l2/2026-09-13/manifest.json,2bbfed1ca7a41807062a61b77a0f878500a051ea3be2526386a1263e409c7382,data/exact_l2/2026-09-13/threshold_depth.csv,2e4ce16572a9250f85d93d174d1668001c59c1f7d6ca4a791e8dac79863dcf6a,data/exact_l2/2026-09-13/valr_usdtzar_raw.json,194ebe4d3f4421484eb718829a1b0a6340cf12725c946db50d74b766cb560eaf,sha256_verified,"[""base_asset"",""quote_asset"",""received_utc"",""exchange_timestamp_utc"",""source_url"",""source_params_json""]",2026-09-13,,2026-09-13T10:46:40.447819+00:00,,,legacy_unavailable,valr,USDTZAR,ZAR,USDT,,,,stablecoin_tokens,1 stablecoin token = 1 USD; no FX conversion,,,sell_stablecoin_base_hit_bids,valr_usdtzar_raw.json,194ebe4d3f4421484eb718829a1b0a6340cf12725c946db50d74b766cb560eaf,200,16.17655,16.1765,16.1766,381560.2347999998,381560.2347999998,6140452.179628122,True,False,47,
native_l2,legacy:2026-09-13,legacy_directory_identifier,data/exact_l2/2026-09-13,legacy_day_root,legacy,data/exact_l2/2026-09-13/manifest.json,2bbfed1ca7a41807062a61b77a0f878500a051ea3be2526386a1263e409c7382,data/exact_l2/2026-09-13/threshold_depth.csv,2e4ce16572a9250f85d93d174d1668001c59c1f7d6ca4a791e8dac79863dcf6a,data/exact_l2/2026-09-13/bitkub_usdt_thb_raw.json,2e697f6345acf4a8122005b9b6ca685d0a040a45caabf0432f4d25b9bedd1e5b,sha256_verified,"[""base_asset"",""quote_asset"",""received_utc"",""exchange_timestamp_utc"",""source_url"",""source_params_json""]",2026-09-13,,2026-09-13T10:46:40.676067+00:00,,,legacy_unavailable,bitkub,usdt_thb,THB,USDT,,,,stablecoin_tokens,1 stablecoin token = 1 USD; no FX conversion,,,sell_stablecoin_base_hit_bids,bitkub_usdt_thb_raw.json,2e697f6345acf4a8122005b9b6ca685d0a040a45caabf0432f4d25b9bedd1e5b,10,33.085,33.08,33.09,1039692.26,1039692.26,34392362.4503,True,False,3,
native_l2,legacy:2026-09-13,legacy_directory_identifier,data/exact_l2/2026-09-13,legacy_day_root,legacy,data/exact_l2/2026-09-13/manifest.json,2bbfed1ca7a41807062a61b77a0f878500a051ea3be2526386a1263e409c7382,data/exact_l2/2026-09-13/threshold_depth.csv,2e4ce16572a9250f85d93d174d1668001c59c1f7d6ca4a791e8dac79863dcf6a,data/exact_l2/2026-09-13/bitkub_usdt_thb_raw.json,2e697f6345acf4a8122005b9b6ca685d0a040a45caabf0432f4d25b9bedd1e5b,sha256_verified,"[""base_asset"",""quote_asset"",""received_utc"",""exchange_timestamp_utc"",""source_url"",""source_params_json""]",2026-09-13,,2026-09-13T10:46:40.676067+00:00,,,legacy_unavailable,bitkub,usdt_thb,THB,USDT,,,,stablecoin_tokens,1 stablecoin token = 1 USD; no FX conversion,,,sell_stablecoin_base_hit_bids,bitkub_usdt_thb_raw.json,2e697f6345acf4a8122005b9b6ca685d0a040a45caabf0432f4d25b9bedd1e5b,50,33.085,33.08,33.09,1104819.6200000003,1104819.6200000003,36542103.6344,True,False,17,
native_l2,legacy:2026-09-13,legacy_directory_identifier,data/exact_l2/2026-09-13,legacy_day_root,legacy,data/exact_l2/2026-09-13/manifest.json,2bbfed1ca7a41807062a61b77a0f878500a051ea3be2526386a1263e409c7382,data/exact_l2/2026-09-13/threshold_depth.csv,2e4ce16572a9250f85d93d174d1668001c59c1f7d6ca4a791e8dac79863dcf6a,data/exact_l2/2026-09-13/bitkub_usdt_thb_raw.json,2e697f6345acf4a8122005b9b6ca685d0a040a45caabf0432f4d25b9bedd1e5b,sha256_verified,"[""base_asset"",""quote_asset"",""received_utc"",""exchange_timestamp_utc"",""source_url"",""source_params_json""]",2026-09-13,,2026-09-13T10:46:40.676067+00:00,,,legacy_unavailable,bitkub,usdt_thb,THB,USDT,,,,stablecoin_tokens,1 stablecoin token = 1 USD; no FX conversion,,,sell_stablecoin_base_hit_bids,bitkub_usdt_thb_raw.json,2e697f6345acf4a8122005b9b6ca685d0a040a45caabf0432f4d25b9bedd1e5b,100,33.085,33.08,33.09,1180909.1000000003,1180909.1000000003,39038297.6557,True,False,31,
native_l2,legacy:2026-09-13,legacy_directory_identifier,data/exact_l2/2026-09-13,legacy_day_root,legacy,data/exact_l2/2026-09-13/manifest.json,2bbfed1ca7a41807062a61b77a0f878500a051ea3be2526386a1263e409c7382,data/exact_l2/2026-09-13/threshold_depth.csv,2e4ce16572a9250f85d93d174d1668001c59c1f7d6ca4a791e8dac79863dcf6a,data/exact_l2/2026-09-13/bitkub_usdt_thb_raw.json,2e697f6345acf4a8122005b9b6ca685d0a040a45caabf0432f4d25b9bedd1e5b,sha256_verified,"[""base_asset"",""quote_asset"",""received_utc"",""exchange_timestamp_utc"",""source_url"",""source_params_json""]",2026-09-13,,2026-09-13T10:46:40.676067+00:00,,,legacy_unavailable,bitkub,usdt_thb,THB,USDT,,,,stablecoin_tokens,1 stablecoin token = 1 USD; no FX conversion,,,sell_stablecoin_base_hit_bids,bitkub_usdt_thb_raw.json,2e697f6345acf4a8122005b9b6ca685d0a040a45caabf0432f4d25b9bedd1e5b,200,33.085,33.08,33.09,1303299.7899999998,1303299.7899999998,43028072.096499994,True,False,54,
native_l2,legacy:2026-09-14,legacy_directory_identifier,data/exact_l2/2026-09-14,legacy_day_root,legacy,data/exact_l2/2026-09-14/manifest.json,72fbb5c7c361e45e65cfdec2a757a8143ee35930d73ae5b4474f35b0147fdf6b,data/exact_l2/2026-09-14/threshold_depth.csv,6b209767b7833a219b3903caaf24d7762955650599e2b5396f24c3ad5d0ee7b4,data/exact_l2/2026-09-14/valr_usdtzar_raw.json,cdd7906e991ce5dee7220b9d08f9e7e513f271b6e61c15229fc6ab289915f77c,sha256_verified,"[""base_asset"",""quote_asset"",""received_utc"",""exchange_timestamp_utc"",""source_url"",""source_params_json""]",2026-09-14,,2026-09-14T11:08:13.145983+00:00,,,legacy_unavailable,valr,USDTZAR,ZAR,USDT,,,,stablecoin_tokens,1 stablecoin token = 1 USD; no FX conversion,,,sell_stablecoin_base_hit_bids,valr_usdtzar_raw.json,cdd7906e991ce5dee7220b9d08f9e7e513f271b6e61c15229fc6ab289915f77c,10,16.28855,16.2885,16.2886,354292.625,354292.625,5767405.564433409,True,False,11,
native_l2,legacy:2026-09-14,legacy_directory_identifier,data/exact_l2/2026-09-14,legacy_day_root,legacy,data/exact_l2/2026-09-14/manifest.json,72fbb5c7c361e45e65cfdec2a757a8143ee35930d73ae5b4474f35b0147fdf6b,data/exact_l2/2026-09-14/threshold_depth.csv,6b209767b7833a219b3903caaf24d7762955650599e2b5396f24c3ad5d0ee7b4,data/exact_l2/2026-09-14/valr_usdtzar_raw.json,cdd7906e991ce5dee7220b9d08f9e7e513f271b6e61c15229fc6ab289915f77c,sha256_verified,"[""base_asset"",""quote_asset"",""received_utc"",""exchange_timestamp_utc"",""source_url"",""source_params_json""]",2026-09-14,,2026-09-14T11:08:13.145983+00:00,,,legacy_unavailable,valr,USDTZAR,ZAR,USDT,,,,stablecoin_tokens,1 stablecoin token = 1 USD; no FX conversion,,,sell_stablecoin_base_hit_bids,valr_usdtzar_raw.json,cdd7906e991ce5dee7220b9d08f9e7e513f271b6e61c15229fc6ab289915f77c,50,16.28855,16.2885,16.2886,444699.0019,444699.0019,7236269.931916679,True,False,21,
native_l2,legacy:2026-09-14,legacy_directory_identifier,data/exact_l2/2026-09-14,legacy_day_root,legacy,data/exact_l2/2026-09-14/manifest.json,72fbb5c7c361e45e65cfdec2a757a8143ee35930d73ae5b4474f35b0147fdf6b,data/exact_l2/2026-09-14/threshold_depth.csv,6b209767b7833a219b3903caaf24d7762955650599e2b5396f24c3ad5d0ee7b4,data/exact_l2/2026-09-14/valr_usdtzar_raw.json,cdd7906e991ce5dee7220b9d08f9e7e513f271b6e61c15229fc6ab289915f77c,sha256_verified,"[""base_asset"",""quote_asset"",""received_utc"",""exchange_timestamp_utc"",""source_url"",""source_params_json""]",2026-09-14,,2026-09-14T11:08:13.145983+00:00,,,legacy_unavailable,valr,USDTZAR,ZAR,USDT,,,,stablecoin_tokens,1 stablecoin token = 1 USD; no FX conversion,,,sell_stablecoin_base_hit_bids,valr_usdtzar_raw.json,cdd7906e991ce5dee7220b9d08f9e7e513f271b6e61c15229fc6ab289915f77c,100,16.28855,16.2885,16.2886,551162.5367000002,551162.5367000002,8957940.983965795,True,False,36,
native_l2,legacy:2026-09-14,legacy_directory_identifier,data/exact_l2/2026-09-14,legacy_day_root,legacy,data/exact_l2/2026-09-14/manifest.json,72fbb5c7c361e45e65cfdec2a757a8143ee35930d73ae5b4474f35b0147fdf6b,data/exact_l2/2026-09-14/threshold_depth.csv,6b209767b7833a219b3903caaf24d7762955650599e2b5396f24c3ad5d0ee7b4,data/exact_l2/2026-09-14/valr_usdtzar_raw.json,cdd7906e991ce5dee7220b9d08f9e7e513f271b6e61c15229fc6ab289915f77c,sha256_verified,"[""base_asset"",""quote_asset"",""received_utc"",""exchange_timestamp_utc"",""source_url"",""source_params_json""]",2026-09-14,,2026-09-14T11:08:13.145983+00:00,,,legacy_unavailable,valr,USDTZAR,ZAR,USDT,,,,stablecoin_tokens,1 stablecoin token = 1 USD; no FX conversion,,,sell_stablecoin_base_hit_bids,valr_usdtzar_raw.json,cdd7906e991ce5dee7220b9d08f9e7e513f271b6e61c15229fc6ab289915f77c,200,16.28855,16.2885,16.2886,721821.1238000002,721821.1238000002,11702450.445187556,True,False,65,
native_l2,legacy:2026-09-14,legacy_directory_identifier,data/exact_l2/2026-09-14,legacy_day_root,legacy,data/exact_l2/2026-09-14/manifest.json,72fbb5c7c361e45e65cfdec2a757a8143ee35930d73ae5b4474f35b0147fdf6b,data/exact_l2/2026-09-14/threshold_depth.csv,6b209767b7833a219b3903caaf24d7762955650599e2b5396f24c3ad5d0ee7b4,data/exact_l2/2026-09-14/bitkub_usdt_thb_raw.json,c77714d24c5b04edb5dce7ce8a768a0ddbb8d88ba46de649847774e05c0b426f,sha256_verified,"[""base_asset"",""quote_asset"",""received_utc"",""exchange_timestamp_utc"",""source_url"",""source_params_json""]",2026-09-14,,2026-09-14T11:08:13.387004+00:00,,,legacy_unavailable,bitkub,usdt_thb,THB,USDT,,,,stablecoin_tokens,1 stablecoin token = 1 USD; no FX conversion,,,sell_stablecoin_base_hit_bids,bitkub_usdt_thb_raw.json,c77714d24c5b04edb5dce7ce8a768a0ddbb8d88ba46de649847774e05c0b426f,10,33.195,33.19,33.2,463126.37999999995,463126.37999999995,15367859.7492,True,False,3,
native_l2,legacy:2026-09-14,legacy_directory_identifier,data/exact_l2/2026-09-14,legacy_day_root,legacy,data/exact_l2/2026-09-14/manifest.json,72fbb5c7c361e45e65cfdec2a757a8143ee35930d73ae5b4474f35b0147fdf6b,data/exact_l2/2026-09-14/threshold_depth.csv,6b209767b7833a219b3903caaf24d7762955650599e2b5396f24c3ad5d0ee7b4,data/exact_l2/2026-09-14/bitkub_usdt_thb_raw.json,c77714d24c5b04edb5dce7ce8a768a0ddbb8d88ba46de649847774e05c0b426f,sha256_verified,"[""base_asset"",""quote_asset"",""received_utc"",""exchange_timestamp_utc"",""source_url"",""source_params_json""]",2026-09-14,,2026-09-14T11:08:13.387004+00:00,,,legacy_unavailable,bitkub,usdt_thb,THB,USDT,,,,stablecoin_tokens,1 stablecoin token = 1 USD; no FX conversion,,,sell_stablecoin_base_hit_bids,bitkub_usdt_thb_raw.json,c77714d24c5b04edb5dce7ce8a768a0ddbb8d88ba46de649847774e05c0b426f,50,33.195,33.19,33.2,711423.6599999999,711423.6599999999,23584969.5421,True,False,15,
native_l2,legacy:2026-09-14,legacy_directory_identifier,data/exact_l2/2026-09-14,legacy_day_root,legacy,data/exact_l2/2026-09-14/manifest.json,72fbb5c7c361e45e65cfdec2a757a8143ee35930d73ae5b4474f35b0147fdf6b,data/exact_l2/2026-09-14/threshold_depth.csv,6b209767b7833a219b3903caaf24d7762955650599e2b5396f24c3ad5d0ee7b4,data/exact_l2/2026-09-14/bitkub_usdt_thb_raw.json,c77714d24c5b04edb5dce7ce8a768a0ddbb8d88ba46de649847774e05c0b426f,sha256_verified,"[""base_asset"",""quote_asset"",""received_utc"",""exchange_timestamp_utc"",""source_url"",""source_params_json""]",2026-09-14,,2026-09-14T11:08:13.387004+00:00,,,legacy_unavailable,bitkub,usdt_thb,THB,USDT,,,,stablecoin_tokens,1 stablecoin token = 1 USD; no FX conversion,,,sell_stablecoin_base_hit_bids,bitkub_usdt_thb_raw.json,c77714d24c5b04edb5dce7ce8a768a0ddbb8d88ba46de649847774e05c0b426f,100,33.195,33.19,33.2,740437.0800000001,740437.0800000001,24542095.116500005,True,False,28,
native_l2,legacy:2026-09-14,legacy_directory_identifier,data/exact_l2/2026-09-14,legacy_day_root,legacy,data/exact_l2/2026-09-14/manifest.json,72fbb5c7c361e45e65cfdec2a757a8143ee35930d73ae5b4474f35b0147fdf6b,data/exact_l2/2026-09-14/threshold_depth.csv,6b209767b7833a219b3903caaf24d7762955650599e2b5396f24c3ad5d0ee7b4,data/exact_l2/2026-09-14/bitkub_usdt_thb_raw.json,c77714d24c5b04edb5dce7ce8a768a0ddbb8d88ba46de649847774e05c0b426f,sha256_verified,"[""base_asset"",""quote_asset"",""received_utc"",""exchange_timestamp_utc"",""source_url"",""source_params_json""]",2026-09-14,,2026-09-14T11:08:13.387004+00:00,,,legacy_unavailable,bitkub,usdt_thb,THB,USDT,,,,stablecoin_tokens,1 stablecoin token = 1 USD; no FX conversion,,,sell_stablecoin_base_hit_bids,bitkub_usdt_thb_raw.json,c77714d24c5b04edb5dce7ce8a768a0ddbb8d88ba46de649847774e05c0b426f,200,33.195,33.19,33.2,862808.3599999999,862808.3599999999,28548237.136200007,True,False,57,
native_l2,legacy:2026-09-15,legacy_directory_identifier,data/exact_l2/2026-09-15,legacy_day_root,legacy,data/exact_l2/2026-09-15/manifest.json,2f9f35e9aeede81e7698d450c2bb6f054235120096824dc1e2d622bb657304de,data/exact_l2/2026-09-15/threshold_depth.csv,360e9f973bf32563090ee692d3513966d3d28aaac593e869e617a28fd8401243,data/exact_l2/2026-09-15/valr_usdtzar_raw.json,f19d1016786b6ab3a8c3e198517f7ddfe510b723e622fb2b2d3a9c45bbc9166a,sha256_verified,"[""base_asset"",""quote_asset"",""received_utc"",""exchange_timestamp_utc"",""source_url"",""source_params_json""]",2026-09-15,,2026-09-15T10:35:44.654653+00:00,,,legacy_unavailable,valr,USDTZAR,ZAR,USDT,,,,stablecoin_tokens,1 stablecoin token = 1 USD; no FX conversion,,,sell_stablecoin_base_hit_bids,valr_usdtzar_raw.json,f19d1016786b6ab3a8c3e198517f7ddfe510b723e622fb2b2d3a9c45bbc9166a,10,16.3355,16.334,16.337,613131.0974,613131.0974,10012784.8669254,True,False,14,
native_l2,legacy:2026-09-15,legacy_directory_identifier,data/exact_l2/2026-09-15,legacy_day_root,legacy,data/exact_l2/2026-09-15/manifest.json,2f9f35e9aeede81e7698d450c2bb6f054235120096824dc1e2d622bb657304de,data/exact_l2/2026-09-15/threshold_depth.csv,360e9f973bf32563090ee692d3513966d3d28aaac593e869e617a28fd8401243,data/exact_l2/2026-09-15/valr_usdtzar_raw.json,f19d1016786b6ab3a8c3e198517f7ddfe510b723e622fb2b2d3a9c45bbc9166a,sha256_verified,"[""base_asset"",""quote_asset"",""received_utc"",""exchange_timestamp_utc"",""source_url"",""source_params_json""]",2026-09-15,,2026-09-15T10:35:44.654653+00:00,,,legacy_unavailable,valr,USDTZAR,ZAR,USDT,,,,stablecoin_tokens,1 stablecoin token = 1 USD; no FX conversion,,,sell_stablecoin_base_hit_bids,valr_usdtzar_raw.json,f19d1016786b6ab3a8c3e198517f7ddfe510b723e622fb2b2d3a9c45bbc9166a,50,16.3355,16.334,16.337,751121.5504000001,751121.5504000001,12262062.136780048,True,False,31,
native_l2,legacy:2026-09-15,legacy_directory_identifier,data/exact_l2/2026-09-15,legacy_day_root,legacy,data/exact_l2/2026-09-15/manifest.json,2f9f35e9aeede81e7698d450c2bb6f054235120096824dc1e2d622bb657304de,data/exact_l2/2026-09-15/threshold_depth.csv,360e9f973bf32563090ee692d3513966d3d28aaac593e869e617a28fd8401243,data/exact_l2/2026-09-15/valr_usdtzar_raw.json,f19d1016786b6ab3a8c3e198517f7ddfe510b723e622fb2b2d3a9c45bbc9166a,sha256_verified,"[""base_asset"",""quote_asset"",""received_utc"",""exchange_timestamp_utc"",""source_url"",""source_params_json""]",2026-09-15,,2026-09-15T10:35:44.654653+00:00,,,legacy_unavailable,valr,USDTZAR,ZAR,USDT,,,,stablecoin_tokens,1 stablecoin token = 1 USD; no FX conversion,,,sell_stablecoin_base_hit_bids,valr_usdtzar_raw.json,f19d1016786b6ab3a8c3e198517f7ddfe510b723e622fb2b2d3a9c45bbc9166a,100,16.3355,16.334,16.337,767154.3751000001,767154.3751000001,12522250.470417349,True,False,43,
native_l2,legacy:2026-09-15,legacy_directory_identifier,data/exact_l2/2026-09-15,legacy_day_root,legacy,data/exact_l2/2026-09-15/manifest.json,2f9f35e9aeede81e7698d450c2bb6f054235120096824dc1e2d622bb657304de,data/exact_l2/2026-09-15/threshold_depth.csv,360e9f973bf32563090ee692d3513966d3d28aaac593e869e617a28fd8401243,data/exact_l2/2026-09-15/valr_usdtzar_raw.json,f19d1016786b6ab3a8c3e198517f7ddfe510b723e622fb2b2d3a9c45bbc9166a,sha256_verified,"[""base_asset"",""quote_asset"",""received_utc"",""exchange_timestamp_utc"",""source_url"",""source_params_json""]",2026-09-15,,2026-09-15T10:35:44.654653+00:00,,,legacy_unavailable,valr,USDTZAR,ZAR,USDT,,,,stablecoin_tokens,1 stablecoin token = 1 USD; no FX conversion,,,sell_stablecoin_base_hit_bids,valr_usdtzar_raw.json,f19d1016786b6ab3a8c3e198517f7ddfe510b723e622fb2b2d3a9c45bbc9166a,200,16.3355,16.334,16.337,951100.7996000001,951100.7996000001,15481669.593684938,True,False,79,
native_l2,legacy:2026-09-15,legacy_directory_identifier,data/exact_l2/2026-09-15,legacy_day_root,legacy,data/exact_l2/2026-09-15/manifest.json,2f9f35e9aeede81e7698d450c2bb6f054235120096824dc1e2d622bb657304de,data/exact_l2/2026-09-15/threshold_depth.csv,360e9f973bf32563090ee692d3513966d3d28aaac593e869e617a28fd8401243,data/exact_l2/2026-09-15/bitkub_usdt_thb_raw.json,4d538b7d7c50b7a332ab8a3af4f43261b0490c3b8152c19b19aa9f69bf870f70,sha256_verified,"[""base_asset"",""quote_asset"",""received_utc"",""exchange_timestamp_utc"",""source_url"",""source_params_json""]",2026-09-15,,2026-09-15T10:35:44.895452+00:00,,,legacy_unavailable,bitkub,usdt_thb,THB,USDT,,,,stablecoin_tokens,1 stablecoin token = 1 USD; no FX conversion,,,sell_stablecoin_base_hit_bids,bitkub_usdt_thb_raw.json,4d538b7d7c50b7a332ab8a3af4f43261b0490c3b8152c19b19aa9f69bf870f70,10,33.224999999999994,33.22,33.23,190139.71,190139.71,6315101.450999999,True,False,3,
native_l2,legacy:2026-09-15,legacy_directory_identifier,data/exact_l2/2026-09-15,legacy_day_root,legacy,data/exact_l2/2026-09-15/manifest.json,2f9f35e9aeede81e7698d450c2bb6f054235120096824dc1e2d622bb657304de,data/exact_l2/2026-09-15/threshold_depth.csv,360e9f973bf32563090ee692d3513966d3d28aaac593e869e617a28fd8401243,data/exact_l2/2026-09-15/bitkub_usdt_thb_raw.json,4d538b7d7c50b7a332ab8a3af4f43261b0490c3b8152c19b19aa9f69bf870f70,sha256_verified,"[""base_asset"",""quote_asset"",""received_utc"",""exchange_timestamp_utc"",""source_url"",""source_params_json""]",2026-09-15,,2026-09-15T10:35:44.895452+00:00,,,legacy_unavailable,bitkub,usdt_thb,THB,USDT,,,,stablecoin_tokens,1 stablecoin token = 1 USD; no FX conversion,,,sell_stablecoin_base_hit_bids,bitkub_usdt_thb_raw.json,4d538b7d7c50b7a332ab8a3af4f43261b0490c3b8152c19b19aa9f69bf870f70,50,33.224999999999994,33.22,33.23,240038.84000000003,240038.84000000003,7969561.380099999,True,False,15,
native_l2,legacy:2026-09-15,legacy_directory_identifier,data/exact_l2/2026-09-15,legacy_day_root,legacy,data/exact_l2/2026-09-15/manifest.json,2f9f35e9aeede81e7698d450c2bb6f054235120096824dc1e2d622bb657304de,data/exact_l2/2026-09-15/threshold_depth.csv,360e9f973bf32563090ee692d3513966d3d28aaac593e869e617a28fd8401243,data/exact_l2/2026-09-15/bitkub_usdt_thb_raw.json,4d538b7d7c50b7a332ab8a3af4f43261b0490c3b8152c19b19aa9f69bf870f70,sha256_verified,"[""base_asset"",""quote_asset"",""received_utc"",""exchange_timestamp_utc"",""source_url"",""source_params_json""]",2026-09-15,,2026-09-15T10:35:44.895452+00:00,,,legacy_unavailable,bitkub,usdt_thb,THB,USDT,,,,stablecoin_tokens,1 stablecoin token = 1 USD; no FX conversion,,,sell_stablecoin_base_hit_bids,bitkub_usdt_thb_raw.json,4d538b7d7c50b7a332ab8a3af4f43261b0490c3b8152c19b19aa9f69bf870f70,100,33.224999999999994,33.22,33.23,270659.9,270659.9,8980058.4932,True,False,28,
native_l2,legacy:2026-09-15,legacy_directory_identifier,data/exact_l2/2026-09-15,legacy_day_root,legacy,data/exact_l2/2026-09-15/manifest.json,2f9f35e9aeede81e7698d450c2bb6f054235120096824dc1e2d622bb657304de,data/exact_l2/2026-09-15/threshold_depth.csv,360e9f973bf32563090ee692d3513966d3d28aaac593e869e617a28fd8401243,data/exact_l2/2026-09-15/bitkub_usdt_thb_raw.json,4d538b7d7c50b7a332ab8a3af4f43261b0490c3b8152c19b19aa9f69bf870f70,sha256_verified,"[""base_asset"",""quote_asset"",""received_utc"",""exchange_timestamp_utc"",""source_url"",""source_params_json""]",2026-09-15,,2026-09-15T10:35:44.895452+00:00,,,legacy_unavailable,bitkub,usdt_thb,THB,USDT,,,,stablecoin_tokens,1 stablecoin token = 1 USD; no FX conversion,,,sell_stablecoin_base_hit_bids,bitkub_usdt_thb_raw.json,4d538b7d7c50b7a332ab8a3af4f43261b0490c3b8152c19b19aa9f69bf870f70,200,33.224999999999994,33.22,33.23,387485.59,387485.59,12805894.052099997,True,False,56,
native_l2,legacy:2026-09-16,legacy_directory_identifier,data/exact_l2/2026-09-16,legacy_day_root,legacy,data/exact_l2/2026-09-16/manifest.json,6a4cf7f2b858a220b2bfaa7ff942f93df16065b0b6d1fab7935be87d1b633861,data/exact_l2/2026-09-16/threshold_depth.csv,9769b79728b9207f2adc756530a68a609c2b1158c6bb5abfdbf87957bc36b0ab,data/exact_l2/2026-09-16/valr_usdtzar_raw.json,e25be6f6ea793dbb63dbf39c56663f66512194cfad2114f0d100481aae1c9f67,sha256_verified,"[""base_asset"",""quote_asset"",""received_utc"",""exchange_timestamp_utc"",""source_url"",""source_params_json""]",2026-09-16,,2026-09-16T10:27:11.146416+00:00,,,legacy_unavailable,valr,USDTZAR,ZAR,USDT,,,,stablecoin_tokens,1 stablecoin token = 1 USD; no FX conversion,,,sell_stablecoin_base_hit_bids,valr_usdtzar_raw.json,e25be6f6ea793dbb63dbf39c56663f66512194cfad2114f0d100481aae1c9f67,10,16.32725,16.3272,16.3273,229978.0623,229978.0623,3752944.4529029103,True,False,14,
native_l2,legacy:2026-09-16,legacy_directory_identifier,data/exact_l2/2026-09-16,legacy_day_root,legacy,data/exact_l2/2026-09-16/manifest.json,6a4cf7f2b858a220b2bfaa7ff942f93df16065b0b6d1fab7935be87d1b633861,data/exact_l2/2026-09-16/threshold_depth.csv,9769b79728b9207f2adc756530a68a609c2b1158c6bb5abfdbf87957bc36b0ab,data/exact_l2/2026-09-16/valr_usdtzar_raw.json,e25be6f6ea793dbb63dbf39c56663f66512194cfad2114f0d100481aae1c9f67,sha256_verified,"[""base_asset"",""quote_asset"",""received_utc"",""exchange_timestamp_utc"",""source_url"",""source_params_json""]",2026-09-16,,2026-09-16T10:27:11.146416+00:00,,,legacy_unavailable,valr,USDTZAR,ZAR,USDT,,,,stablecoin_tokens,1 stablecoin token = 1 USD; no FX conversion,,,sell_stablecoin_base_hit_bids,valr_usdtzar_raw.json,e25be6f6ea793dbb63dbf39c56663f66512194cfad2114f0d100481aae1c9f67,50,16.32725,16.3272,16.3273,563877.7337,563877.7337,9187522.113067597,True,False,35,
native_l2,legacy:2026-09-16,legacy_directory_identifier,data/exact_l2/2026-09-16,legacy_day_root,legacy,data/exact_l2/2026-09-16/manifest.json,6a4cf7f2b858a220b2bfaa7ff942f93df16065b0b6d1fab7935be87d1b633861,data/exact_l2/2026-09-16/threshold_depth.csv,9769b79728b9207f2adc756530a68a609c2b1158c6bb5abfdbf87957bc36b0ab,data/exact_l2/2026-09-16/valr_usdtzar_raw.json,e25be6f6ea793dbb63dbf39c56663f66512194cfad2114f0d100481aae1c9f67,sha256_verified,"[""base_asset"",""quote_asset"",""received_utc"",""exchange_timestamp_utc"",""source_url"",""source_params_json""]",2026-09-16,,2026-09-16T10:27:11.146416+00:00,,,legacy_unavailable,valr,USDTZAR,ZAR,USDT,,,,stablecoin_tokens,1 stablecoin token = 1 USD; no FX conversion,,,sell_stablecoin_base_hit_bids,valr_usdtzar_raw.json,e25be6f6ea793dbb63dbf39c56663f66512194cfad2114f0d100481aae1c9f67,100,16.32725,16.3272,16.3273,576289.8806999999,576289.8806999999,9389096.69217129,True,False,46,
native_l2,legacy:2026-09-16,legacy_directory_identifier,data/exact_l2/2026-09-16,legacy_day_root,legacy,data/exact_l2/2026-09-16/manifest.json,6a4cf7f2b858a220b2bfaa7ff942f93df16065b0b6d1fab7935be87d1b633861,data/exact_l2/2026-09-16/threshold_depth.csv,9769b79728b9207f2adc756530a68a609c2b1158c6bb5abfdbf87957bc36b0ab,data/exact_l2/2026-09-16/valr_usdtzar_raw.json,e25be6f6ea793dbb63dbf39c56663f66512194cfad2114f0d100481aae1c9f67,sha256_verified,"[""base_asset"",""quote_asset"",""received_utc"",""exchange_timestamp_utc"",""source_url"",""source_params_json""]",2026-09-16,,2026-09-16T10:27:11.146416+00:00,,,legacy_unavailable,valr,USDTZAR,ZAR,USDT,,,,stablecoin_tokens,1 stablecoin token = 1 USD; no FX conversion,,,sell_stablecoin_base_hit_bids,valr_usdtzar_raw.json,e25be6f6ea793dbb63dbf39c56663f66512194cfad2114f0d100481aae1c9f67,200,16.32725,16.3272,16.3273,615367.1725,615367.1725,10017129.681427998,True,False,78,
native_l2,legacy:2026-09-16,legacy_directory_identifier,data/exact_l2/2026-09-16,legacy_day_root,legacy,data/exact_l2/2026-09-16/manifest.json,6a4cf7f2b858a220b2bfaa7ff942f93df16065b0b6d1fab7935be87d1b633861,data/exact_l2/2026-09-16/threshold_depth.csv,9769b79728b9207f2adc756530a68a609c2b1158c6bb5abfdbf87957bc36b0ab,data/exact_l2/2026-09-16/bitkub_usdt_thb_raw.json,456d715cd8753d107fbd497b1944eb4a40233a54d466817282703a3576ec4d53,sha256_verified,"[""base_asset"",""quote_asset"",""received_utc"",""exchange_timestamp_utc"",""source_url"",""source_params_json""]",2026-09-16,,2026-09-16T10:27:11.311625+00:00,,,legacy_unavailable,bitkub,usdt_thb,THB,USDT,,,,stablecoin_tokens,1 stablecoin token = 1 USD; no FX conversion,,,sell_stablecoin_base_hit_bids,bitkub_usdt_thb_raw.json,456d715cd8753d107fbd497b1944eb4a40233a54d466817282703a3576ec4d53,10,33.224999999999994,33.22,33.23,256203.97,256203.97,8510154.5233,True,False,3,
native_l2,legacy:2026-09-16,legacy_directory_identifier,data/exact_l2/2026-09-16,legacy_day_root,legacy,data/exact_l2/2026-09-16/manifest.json,6a4cf7f2b858a220b2bfaa7ff942f93df16065b0b6d1fab7935be87d1b633861,data/exact_l2/2026-09-16/threshold_depth.csv,9769b79728b9207f2adc756530a68a609c2b1158c6bb5abfdbf87957bc36b0ab,data/exact_l2/2026-09-16/bitkub_usdt_thb_raw.json,456d715cd8753d107fbd497b1944eb4a40233a54d466817282703a3576ec4d53,sha256_verified,"[""base_asset"",""quote_asset"",""received_utc"",""exchange_timestamp_utc"",""source_url"",""source_params_json""]",2026-09-16,,2026-09-16T10:27:11.311625+00:00,,,legacy_unavailable,bitkub,usdt_thb,THB,USDT,,,,stablecoin_tokens,1 stablecoin token = 1 USD; no FX conversion,,,sell_stablecoin_base_hit_bids,bitkub_usdt_thb_raw.json,456d715cd8753d107fbd497b1944eb4a40233a54d466817282703a3576ec4d53,50,33.224999999999994,33.22,33.23,337919.98999999993,337919.98999999993,11218090.632999998,True,False,14,
native_l2,legacy:2026-09-16,legacy_directory_identifier,data/exact_l2/2026-09-16,legacy_day_root,legacy,data/exact_l2/2026-09-16/manifest.json,6a4cf7f2b858a220b2bfaa7ff942f93df16065b0b6d1fab7935be87d1b633861,data/exact_l2/2026-09-16/threshold_depth.csv,9769b79728b9207f2adc756530a68a609c2b1158c6bb5abfdbf87957bc36b0ab,data/exact_l2/2026-09-16/bitkub_usdt_thb_raw.json,456d715cd8753d107fbd497b1944eb4a40233a54d466817282703a3576ec4d53,sha256_verified,"[""base_asset"",""quote_asset"",""received_utc"",""exchange_timestamp_utc"",""source_url"",""source_params_json""]",2026-09-16,,2026-09-16T10:27:11.311625+00:00,,,legacy_unavailable,bitkub,usdt_thb,THB,USDT,,,,stablecoin_tokens,1 stablecoin token = 1 USD; no FX conversion,,,sell_stablecoin_base_hit_bids,bitkub_usdt_thb_raw.json,456d715cd8753d107fbd497b1944eb4a40233a54d466817282703a3576ec4d53,100,33.224999999999994,33.22,33.23,392990.4099999999,392990.4099999999,13035603.473299997,True,False,28,
native_l2,legacy:2026-09-16,legacy_directory_identifier,data/exact_l2/2026-09-16,legacy_day_root,legacy,data/exact_l2/2026-09-16/manifest.json,6a4cf7f2b858a220b2bfaa7ff942f93df16065b0b6d1fab7935be87d1b633861,data/exact_l2/2026-09-16/threshold_depth.csv,9769b79728b9207f2adc756530a68a609c2b1158c6bb5abfdbf87957bc36b0ab,data/exact_l2/2026-09-16/bitkub_usdt_thb_raw.json,456d715cd8753d107fbd497b1944eb4a40233a54d466817282703a3576ec4d53,sha256_verified,"[""base_asset"",""quote_asset"",""received_utc"",""exchange_timestamp_utc"",""source_url"",""source_params_json""]",2026-09-16,,2026-09-16T10:27:11.311625+00:00,,,legacy_unavailable,bitkub,usdt_thb,THB,USDT,,,,stablecoin_tokens,1 stablecoin token = 1 USD; no FX conversion,,,sell_stablecoin_base_hit_bids,bitkub_usdt_thb_raw.json,456d715cd8753d107fbd497b1944eb4a40233a54d466817282703a3576ec4d53,200,33.224999999999994,33.22,33.23,485151.43999999994,485151.43999999994,16054812.769299993,True,False,56,
native_l2,legacy:2026-09-17,legacy_directory_identifier,data/exact_l2/2026-09-17,legacy_day_root,legacy,data/exact_l2/2026-09-17/manifest.json,d6748ac9225f5fa96f9303ad0556578191519ce21081970dd27824d8b0d49645,data/exact_l2/2026-09-17/threshold_depth.csv,f63d92eec921bc23969450abf635dccaf22d79891c3d115750612ea94b89c247,data/exact_l2/2026-09-17/valr_usdtzar_raw.json,fbc19c5e5aed29be7843d88ef1f5e6f5f4be48b3d203e2c94345635526e77244,sha256_verified,"[""base_asset"",""quote_asset"",""received_utc"",""exchange_timestamp_utc"",""source_url"",""source_params_json""]",2026-09-17,,2026-09-17T10:35:14.811798+00:00,,,legacy_unavailable,valr,USDTZAR,ZAR,USDT,,,,stablecoin_tokens,1 stablecoin token = 1 USD; no FX conversion,,,sell_stablecoin_base_hit_bids,valr_usdtzar_raw.json,fbc19c5e5aed29be7843d88ef1f5e6f5f4be48b3d203e2c94345635526e77244,10,16.332250000000002,16.3322,16.3323,817417.953,817417.953,13346223.24900338,True,False,18,
native_l2,legacy:2026-09-17,legacy_directory_identifier,data/exact_l2/2026-09-17,legacy_day_root,legacy,data/exact_l2/2026-09-17/manifest.json,d6748ac9225f5fa96f9303ad0556578191519ce21081970dd27824d8b0d49645,data/exact_l2/2026-09-17/threshold_depth.csv,f63d92eec921bc23969450abf635dccaf22d79891c3d115750612ea94b89c247,data/exact_l2/2026-09-17/valr_usdtzar_raw.json,fbc19c5e5aed29be7843d88ef1f5e6f5f4be48b3d203e2c94345635526e77244,sha256_verified,"[""base_asset"",""quote_asset"",""received_utc"",""exchange_timestamp_utc"",""source_url"",""source_params_json""]",2026-09-17,,2026-09-17T10:35:14.811798+00:00,,,legacy_unavailable,valr,USDTZAR,ZAR,USDT,,,,stablecoin_tokens,1 stablecoin token = 1 USD; no FX conversion,,,sell_stablecoin_base_hit_bids,valr_usdtzar_raw.json,fbc19c5e5aed29be7843d88ef1f5e6f5f4be48b3d203e2c94345635526e77244,50,16.332250000000002,16.3322,16.3323,976585.8099999999,976585.8099999999,15941212.817366729,True,False,34,
native_l2,legacy:2026-09-17,legacy_directory_identifier,data/exact_l2/2026-09-17,legacy_day_root,legacy,data/exact_l2/2026-09-17/manifest.json,d6748ac9225f5fa96f9303ad0556578191519ce21081970dd27824d8b0d49645,data/exact_l2/2026-09-17/threshold_depth.csv,f63d92eec921bc23969450abf635dccaf22d79891c3d115750612ea94b89c247,data/exact_l2/2026-09-17/valr_usdtzar_raw.json,fbc19c5e5aed29be7843d88ef1f5e6f5f4be48b3d203e2c94345635526e77244,sha256_verified,"[""base_asset"",""quote_asset"",""received_utc"",""exchange_timestamp_utc"",""source_url"",""source_params_json""]",2026-09-17,,2026-09-17T10:35:14.811798+00:00,,,legacy_unavailable,valr,USDTZAR,ZAR,USDT,,,,stablecoin_tokens,1 stablecoin token = 1 USD; no FX conversion,,,sell_stablecoin_base_hit_bids,valr_usdtzar_raw.json,fbc19c5e5aed29be7843d88ef1f5e6f5f4be48b3d203e2c94345635526e77244,100,16.332250000000002,16.3322,16.3323,985897.4379999998,985897.4379999998,16092432.780965941,True,False,46,
native_l2,legacy:2026-09-17,legacy_directory_identifier,data/exact_l2/2026-09-17,legacy_day_root,legacy,data/exact_l2/2026-09-17/manifest.json,d6748ac9225f5fa96f9303ad0556578191519ce21081970dd27824d8b0d49645,data/exact_l2/2026-09-17/threshold_depth.csv,f63d92eec921bc23969450abf635dccaf22d79891c3d115750612ea94b89c247,data/exact_l2/2026-09-17/valr_usdtzar_raw.json,fbc19c5e5aed29be7843d88ef1f5e6f5f4be48b3d203e2c94345635526e77244,sha256_verified,"[""base_asset"",""quote_asset"",""received_utc"",""exchange_timestamp_utc"",""source_url"",""source_params_json""]",2026-09-17,,2026-09-17T10:35:14.811798+00:00,,,legacy_unavailable,valr,USDTZAR,ZAR,USDT,,,,stablecoin_tokens,1 stablecoin token = 1 USD; no FX conversion,,,sell_stablecoin_base_hit_bids,valr_usdtzar_raw.json,fbc19c5e5aed29be7843d88ef1f5e6f5f4be48b3d203e2c94345635526e77244,200,16.332250000000002,16.3322,16.3323,1025469.7298,1025469.7298,16728479.22622265,True,False,78,
native_l2,legacy:2026-09-17,legacy_directory_identifier,data/exact_l2/2026-09-17,legacy_day_root,legacy,data/exact_l2/2026-09-17/manifest.json,d6748ac9225f5fa96f9303ad0556578191519ce21081970dd27824d8b0d49645,data/exact_l2/2026-09-17/threshold_depth.csv,f63d92eec921bc23969450abf635dccaf22d79891c3d115750612ea94b89c247,data/exact_l2/2026-09-17/bitkub_usdt_thb_raw.json,448693e8da2dd16c8a7073cb476e5e6425296161b6bfecff0234a17a22a0565c,sha256_verified,"[""base_asset"",""quote_asset"",""received_utc"",""exchange_timestamp_utc"",""source_url"",""source_params_json""]",2026-09-17,,2026-09-17T10:35:15.070440+00:00,,,legacy_unavailable,bitkub,usdt_thb,THB,USDT,,,,stablecoin_tokens,1 stablecoin token = 1 USD; no FX conversion,,,sell_stablecoin_base_hit_bids,bitkub_usdt_thb_raw.json,448693e8da2dd16c8a7073cb476e5e6425296161b6bfecff0234a17a22a0565c,10,33.275000000000006,33.27,33.28,321655.35,321655.35,10701304.8573,True,False,3,
native_l2,legacy:2026-09-17,legacy_directory_identifier,data/exact_l2/2026-09-17,legacy_day_root,legacy,data/exact_l2/2026-09-17/manifest.json,d6748ac9225f5fa96f9303ad0556578191519ce21081970dd27824d8b0d49645,data/exact_l2/2026-09-17/threshold_depth.csv,f63d92eec921bc23969450abf635dccaf22d79891c3d115750612ea94b89c247,data/exact_l2/2026-09-17/bitkub_usdt_thb_raw.json,448693e8da2dd16c8a7073cb476e5e6425296161b6bfecff0234a17a22a0565c,sha256_verified,"[""base_asset"",""quote_asset"",""received_utc"",""exchange_timestamp_utc"",""source_url"",""source_params_json""]",2026-09-17,,2026-09-17T10:35:15.070440+00:00,,,legacy_unavailable,bitkub,usdt_thb,THB,USDT,,,,stablecoin_tokens,1 stablecoin token = 1 USD; no FX conversion,,,sell_stablecoin_base_hit_bids,bitkub_usdt_thb_raw.json,448693e8da2dd16c8a7073cb476e5e6425296161b6bfecff0234a17a22a0565c,50,33.275000000000006,33.27,33.28,401715.66,401715.66,13360787.793299997,True,False,15,
native_l2,legacy:2026-09-17,legacy_directory_identifier,data/exact_l2/2026-09-17,legacy_day_root,legacy,data/exact_l2/2026-09-17/manifest.json,d6748ac9225f5fa96f9303ad0556578191519ce21081970dd27824d8b0d49645,data/exact_l2/2026-09-17/threshold_depth.csv,f63d92eec921bc23969450abf635dccaf22d79891c3d115750612ea94b89c247,data/exact_l2/2026-09-17/bitkub_usdt_thb_raw.json,448693e8da2dd16c8a7073cb476e5e6425296161b6bfecff0234a17a22a0565c,sha256_verified,"[""base_asset"",""quote_asset"",""received_utc"",""exchange_timestamp_utc"",""source_url"",""source_params_json""]",2026-09-17,,2026-09-17T10:35:15.070440+00:00,,,legacy_unavailable,bitkub,usdt_thb,THB,USDT,,,,stablecoin_tokens,1 stablecoin token = 1 USD; no FX conversion,,,sell_stablecoin_base_hit_bids,bitkub_usdt_thb_raw.json,448693e8da2dd16c8a7073cb476e5e6425296161b6bfecff0234a17a22a0565c,100,33.275000000000006,33.27,33.28,450215.55,450215.55,14962314.394399997,True,False,27,
native_l2,legacy:2026-09-17,legacy_directory_identifier,data/exact_l2/2026-09-17,legacy_day_root,legacy,data/exact_l2/2026-09-17/manifest.json,d6748ac9225f5fa96f9303ad0556578191519ce21081970dd27824d8b0d49645,data/exact_l2/2026-09-17/threshold_depth.csv,f63d92eec921bc23969450abf635dccaf22d79891c3d115750612ea94b89c247,data/exact_l2/2026-09-17/bitkub_usdt_thb_raw.json,448693e8da2dd16c8a7073cb476e5e6425296161b6bfecff0234a17a22a0565c,sha256_verified,"[""base_asset"",""quote_asset"",""received_utc"",""exchange_timestamp_utc"",""source_url"",""source_params_json""]",2026-09-17,,2026-09-17T10:35:15.070440+00:00,,,legacy_unavailable,bitkub,usdt_thb,THB,USDT,,,,stablecoin_tokens,1 stablecoin token = 1 USD; no FX conversion,,,sell_stablecoin_base_hit_bids,bitkub_usdt_thb_raw.json,448693e8da2dd16c8a7073cb476e5e6425296161b6bfecff0234a17a22a0565c,200,33.275000000000006,33.27,33.28,534790.7600000001,534790.7600000001,17734791.816600002,True,False,58,
native_l2,legacy:2026-09-18,legacy_directory_identifier,data/exact_l2/2026-09-18,legacy_day_root,legacy,data/exact_l2/2026-09-18/manifest.json,0286ee8abb7ef74968a676d29b1f1c35f8e3b8bf8b3bd1475164c5bcb32eed6c,data/exact_l2/2026-09-18/threshold_depth.csv,30c735ec51b86c1e5774833dc629e331ca9d81bd71396f70c2e9180b8f57b13c,data/exact_l2/2026-09-18/valr_usdtzar_raw.json,993b455c494794ee3654d35b022d21971bc4d888af9c847ad1af1c4fea9a8842,sha256_verified,"[""base_asset"",""quote_asset"",""received_utc"",""exchange_timestamp_utc"",""source_url"",""source_params_json""]",2026-09-18,,2026-09-18T10:12:51.556611+00:00,,,legacy_unavailable,valr,USDTZAR,ZAR,USDT,,,,stablecoin_tokens,1 stablecoin token = 1 USD; no FX conversion,,,sell_stablecoin_base_hit_bids,valr_usdtzar_raw.json,993b455c494794ee3654d35b022d21971bc4d888af9c847ad1af1c4fea9a8842,10,16.295949999999998,16.2959,16.296,494746.1251,494746.1251,8054918.644959421,True,False,11,
native_l2,legacy:2026-09-18,legacy_directory_identifier,data/exact_l2/2026-09-18,legacy_day_root,legacy,data/exact_l2/2026-09-18/manifest.json,0286ee8abb7ef74968a676d29b1f1c35f8e3b8bf8b3bd1475164c5bcb32eed6c,data/exact_l2/2026-09-18/threshold_depth.csv,30c735ec51b86c1e5774833dc629e331ca9d81bd71396f70c2e9180b8f57b13c,data/exact_l2/2026-09-18/valr_usdtzar_raw.json,993b455c494794ee3654d35b022d21971bc4d888af9c847ad1af1c4fea9a8842,sha256_verified,"[""base_asset"",""quote_asset"",""received_utc"",""exchange_timestamp_utc"",""source_url"",""source_params_json""]",2026-09-18,,2026-09-18T10:12:51.556611+00:00,,,legacy_unavailable,valr,USDTZAR,ZAR,USDT,,,,stablecoin_tokens,1 stablecoin token = 1 USD; no FX conversion,,,sell_stablecoin_base_hit_bids,valr_usdtzar_raw.json,993b455c494794ee3654d35b022d21971bc4d888af9c847ad1af1c4fea9a8842,50,16.295949999999998,16.2959,16.296,705776.5522000002,705776.5522000002,11487623.19286121,True,False,24,
native_l2,legacy:2026-09-18,legacy_directory_identifier,data/exact_l2/2026-09-18,legacy_day_root,legacy,data/exact_l2/2026-09-18/manifest.json,0286ee8abb7ef74968a676d29b1f1c35f8e3b8bf8b3bd1475164c5bcb32eed6c,data/exact_l2/2026-09-18/threshold_depth.csv,30c735ec51b86c1e5774833dc629e331ca9d81bd71396f70c2e9180b8f57b13c,data/exact_l2/2026-09-18/valr_usdtzar_raw.json,993b455c494794ee3654d35b022d21971bc4d888af9c847ad1af1c4fea9a8842,sha256_verified,"[""base_asset"",""quote_asset"",""received_utc"",""exchange_timestamp_utc"",""source_url"",""source_params_json""]",2026-09-18,,2026-09-18T10:12:51.556611+00:00,,,legacy_unavailable,valr,USDTZAR,ZAR,USDT,,,,stablecoin_tokens,1 stablecoin token = 1 USD; no FX conversion,,,sell_stablecoin_base_hit_bids,valr_usdtzar_raw.json,993b455c494794ee3654d35b022d21971bc4d888af9c847ad1af1c4fea9a8842,100,16.295949999999998,16.2959,16.296,723684.1402000001,723684.1402000001,11777441.522228463,True,False,39,
native_l2,legacy:2026-09-18,legacy_directory_identifier,data/exact_l2/2026-09-18,legacy_day_root,legacy,data/exact_l2/2026-09-18/manifest.json,0286ee8abb7ef74968a676d29b1f1c35f8e3b8bf8b3bd1475164c5bcb32eed6c,data/exact_l2/2026-09-18/threshold_depth.csv,30c735ec51b86c1e5774833dc629e331ca9d81bd71396f70c2e9180b8f57b13c,data/exact_l2/2026-09-18/valr_usdtzar_raw.json,993b455c494794ee3654d35b022d21971bc4d888af9c847ad1af1c4fea9a8842,sha256_verified,"[""base_asset"",""quote_asset"",""received_utc"",""exchange_timestamp_utc"",""source_url"",""source_params_json""]",2026-09-18,,2026-09-18T10:12:51.556611+00:00,,,legacy_unavailable,valr,USDTZAR,ZAR,USDT,,,,stablecoin_tokens,1 stablecoin token = 1 USD; no FX conversion,,,sell_stablecoin_base_hit_bids,valr_usdtzar_raw.json,993b455c494794ee3654d35b022d21971bc4d888af9c847ad1af1c4fea9a8842,200,16.295949999999998,16.2959,16.296,744938.2843000002,744938.2843000002,12117582.998497242,True,False,65,
native_l2,legacy:2026-09-18,legacy_directory_identifier,data/exact_l2/2026-09-18,legacy_day_root,legacy,data/exact_l2/2026-09-18/manifest.json,0286ee8abb7ef74968a676d29b1f1c35f8e3b8bf8b3bd1475164c5bcb32eed6c,data/exact_l2/2026-09-18/threshold_depth.csv,30c735ec51b86c1e5774833dc629e331ca9d81bd71396f70c2e9180b8f57b13c,data/exact_l2/2026-09-18/bitkub_usdt_thb_raw.json,cde7d02b90f097df8cfa63553fed7f7bf11a5f06688279860d9988f786253367,sha256_verified,"[""base_asset"",""quote_asset"",""received_utc"",""exchange_timestamp_utc"",""source_url"",""source_params_json""]",2026-09-18,,2026-09-18T10:12:51.788158+00:00,,,legacy_unavailable,bitkub,usdt_thb,THB,USDT,,,,stablecoin_tokens,1 stablecoin token = 1 USD; no FX conversion,,,sell_stablecoin_base_hit_bids,bitkub_usdt_thb_raw.json,cde7d02b90f097df8cfa63553fed7f7bf11a5f06688279860d9988f786253367,10,33.265,33.26,33.27,274809.15,274809.15,9137975.403099999,True,False,3,
native_l2,legacy:2026-09-18,legacy_directory_identifier,data/exact_l2/2026-09-18,legacy_day_root,legacy,data/exact_l2/2026-09-18/manifest.json,0286ee8abb7ef74968a676d29b1f1c35f8e3b8bf8b3bd1475164c5bcb32eed6c,data/exact_l2/2026-09-18/threshold_depth.csv,30c735ec51b86c1e5774833dc629e331ca9d81bd71396f70c2e9180b8f57b13c,data/exact_l2/2026-09-18/bitkub_usdt_thb_raw.json,cde7d02b90f097df8cfa63553fed7f7bf11a5f06688279860d9988f786253367,sha256_verified,"[""base_asset"",""quote_asset"",""received_utc"",""exchange_timestamp_utc"",""source_url"",""source_params_json""]",2026-09-18,,2026-09-18T10:12:51.788158+00:00,,,legacy_unavailable,bitkub,usdt_thb,THB,USDT,,,,stablecoin_tokens,1 stablecoin token = 1 USD; no FX conversion,,,sell_stablecoin_base_hit_bids,bitkub_usdt_thb_raw.json,cde7d02b90f097df8cfa63553fed7f7bf11a5f06688279860d9988f786253367,50,33.265,33.26,33.27,614371.11,614371.11,20417723.466099996,True,False,15,
native_l2,legacy:2026-09-18,legacy_directory_identifier,data/exact_l2/2026-09-18,legacy_day_root,legacy,data/exact_l2/2026-09-18/manifest.json,0286ee8abb7ef74968a676d29b1f1c35f8e3b8bf8b3bd1475164c5bcb32eed6c,data/exact_l2/2026-09-18/threshold_depth.csv,30c735ec51b86c1e5774833dc629e331ca9d81bd71396f70c2e9180b8f57b13c,data/exact_l2/2026-09-18/bitkub_usdt_thb_raw.json,cde7d02b90f097df8cfa63553fed7f7bf11a5f06688279860d9988f786253367,sha256_verified,"[""base_asset"",""quote_asset"",""received_utc"",""exchange_timestamp_utc"",""source_url"",""source_params_json""]",2026-09-18,,2026-09-18T10:12:51.788158+00:00,,,legacy_unavailable,bitkub,usdt_thb,THB,USDT,,,,stablecoin_tokens,1 stablecoin token = 1 USD; no FX conversion,,,sell_stablecoin_base_hit_bids,bitkub_usdt_thb_raw.json,cde7d02b90f097df8cfa63553fed7f7bf11a5f06688279860d9988f786253367,100,33.265,33.26,33.27,657376.5199999997,657376.5199999997,21837146.5154,True,False,29,
native_l2,legacy:2026-09-18,legacy_directory_identifier,data/exact_l2/2026-09-18,legacy_day_root,legacy,data/exact_l2/2026-09-18/manifest.json,0286ee8abb7ef74968a676d29b1f1c35f8e3b8bf8b3bd1475164c5bcb32eed6c,data/exact_l2/2026-09-18/threshold_depth.csv,30c735ec51b86c1e5774833dc629e331ca9d81bd71396f70c2e9180b8f57b13c,data/exact_l2/2026-09-18/bitkub_usdt_thb_raw.json,cde7d02b90f097df8cfa63553fed7f7bf11a5f06688279860d9988f786253367,sha256_verified,"[""base_asset"",""quote_asset"",""received_utc"",""exchange_timestamp_utc"",""source_url"",""source_params_json""]",2026-09-18,,2026-09-18T10:12:51.788158+00:00,,,legacy_unavailable,bitkub,usdt_thb,THB,USDT,,,,stablecoin_tokens,1 stablecoin token = 1 USD; no FX conversion,,,sell_stablecoin_base_hit_bids,bitkub_usdt_thb_raw.json,cde7d02b90f097df8cfa63553fed7f7bf11a5f06688279860d9988f786253367,200,33.265,33.26,33.27,726775.7799999997,726775.7799999997,24110651.348,True,False,60,
native_l2,legacy:2026-09-19,legacy_directory_identifier,data/exact_l2/2026-09-19,legacy_day_root,legacy,data/exact_l2/2026-09-19/manifest.json,85f5d20cb06d27edde43c920ca91a33461c1ae8f17478241649bff86157c5196,data/exact_l2/2026-09-19/threshold_depth.csv,7506715fd7e881b6574284e64695b8a89f5c86d093bf5f6c63b6f2ce806ca3db,data/exact_l2/2026-09-19/valr_usdtzar_raw.json,43be01eec7c06774134a00d27bcd3e3d197b8534bca68067d530456182517b8e,sha256_verified,"[""base_asset"",""quote_asset"",""received_utc"",""exchange_timestamp_utc"",""source_url"",""source_params_json""]",2026-09-19,,2026-09-19T09:53:12.475680+00:00,,,legacy_unavailable,valr,USDTZAR,ZAR,USDT,,,,stablecoin_tokens,1 stablecoin token = 1 USD; no FX conversion,,,sell_stablecoin_base_hit_bids,valr_usdtzar_raw.json,43be01eec7c06774134a00d27bcd3e3d197b8534bca68067d530456182517b8e,10,16.300449999999998,16.3004,16.3005,713627.6929999997,713627.6929999997,11631446.13593438,True,False,36,
native_l2,legacy:2026-09-19,legacy_directory_identifier,data/exact_l2/2026-09-19,legacy_day_root,legacy,data/exact_l2/2026-09-19/manifest.json,85f5d20cb06d27edde43c920ca91a33461c1ae8f17478241649bff86157c5196,data/exact_l2/2026-09-19/threshold_depth.csv,7506715fd7e881b6574284e64695b8a89f5c86d093bf5f6c63b6f2ce806ca3db,data/exact_l2/2026-09-19/valr_usdtzar_raw.json,43be01eec7c06774134a00d27bcd3e3d197b8534bca68067d530456182517b8e,sha256_verified,"[""base_asset"",""quote_asset"",""received_utc"",""exchange_timestamp_utc"",""source_url"",""source_params_json""]",2026-09-19,,2026-09-19T09:53:12.475680+00:00,,,legacy_unavailable,valr,USDTZAR,ZAR,USDT,,,,stablecoin_tokens,1 stablecoin token = 1 USD; no FX conversion,,,sell_stablecoin_base_hit_bids,valr_usdtzar_raw.json,43be01eec7c06774134a00d27bcd3e3d197b8534bca68067d530456182517b8e,50,16.300449999999998,16.3004,16.3005,847482.2847999998,847482.2847999998,13806048.13828248,True,False,47,
native_l2,legacy:2026-09-19,legacy_directory_identifier,data/exact_l2/2026-09-19,legacy_day_root,legacy,data/exact_l2/2026-09-19/manifest.json,85f5d20cb06d27edde43c920ca91a33461c1ae8f17478241649bff86157c5196,data/exact_l2/2026-09-19/threshold_depth.csv,7506715fd7e881b6574284e64695b8a89f5c86d093bf5f6c63b6f2ce806ca3db,data/exact_l2/2026-09-19/valr_usdtzar_raw.json,43be01eec7c06774134a00d27bcd3e3d197b8534bca68067d530456182517b8e,sha256_verified,"[""base_asset"",""quote_asset"",""received_utc"",""exchange_timestamp_utc"",""source_url"",""source_params_json""]",2026-09-19,,2026-09-19T09:53:12.475680+00:00,,,legacy_unavailable,valr,USDTZAR,ZAR,USDT,,,,stablecoin_tokens,1 stablecoin token = 1 USD; no FX conversion,,,sell_stablecoin_base_hit_bids,valr_usdtzar_raw.json,43be01eec7c06774134a00d27bcd3e3d197b8534bca68067d530456182517b8e,100,16.300449999999998,16.3004,16.3005,855828.8908999998,855828.8908999998,13940923.470763851,True,False,60,
native_l2,legacy:2026-09-19,legacy_directory_identifier,data/exact_l2/2026-09-19,legacy_day_root,legacy,data/exact_l2/2026-09-19/manifest.json,85f5d20cb06d27edde43c920ca91a33461c1ae8f17478241649bff86157c5196,data/exact_l2/2026-09-19/threshold_depth.csv,7506715fd7e881b6574284e64695b8a89f5c86d093bf5f6c63b6f2ce806ca3db,data/exact_l2/2026-09-19/valr_usdtzar_raw.json,43be01eec7c06774134a00d27bcd3e3d197b8534bca68067d530456182517b8e,sha256_verified,"[""base_asset"",""quote_asset"",""received_utc"",""exchange_timestamp_utc"",""source_url"",""source_params_json""]",2026-09-19,,2026-09-19T09:53:12.475680+00:00,,,legacy_unavailable,valr,USDTZAR,ZAR,USDT,,,,stablecoin_tokens,1 stablecoin token = 1 USD; no FX conversion,,,sell_stablecoin_base_hit_bids,valr_usdtzar_raw.json,43be01eec7c06774134a00d27bcd3e3d197b8534bca68067d530456182517b8e,200,16.300449999999998,16.3004,16.3005,877083.0349999998,877083.0349999998,14281064.94703263,True,False,86,
native_l2,legacy:2026-09-19,legacy_directory_identifier,data/exact_l2/2026-09-19,legacy_day_root,legacy,data/exact_l2/2026-09-19/manifest.json,85f5d20cb06d27edde43c920ca91a33461c1ae8f17478241649bff86157c5196,data/exact_l2/2026-09-19/threshold_depth.csv,7506715fd7e881b6574284e64695b8a89f5c86d093bf5f6c63b6f2ce806ca3db,data/exact_l2/2026-09-19/bitkub_usdt_thb_raw.json,d8becea38ada49b4bce5aef1a05f7e9d684253c55704c8e55e39d824d55c6f9e,sha256_verified,"[""base_asset"",""quote_asset"",""received_utc"",""exchange_timestamp_utc"",""source_url"",""source_params_json""]",2026-09-19,,2026-09-19T09:53:12.760315+00:00,,,legacy_unavailable,bitkub,usdt_thb,THB,USDT,,,,stablecoin_tokens,1 stablecoin token = 1 USD; no FX conversion,,,sell_stablecoin_base_hit_bids,bitkub_usdt_thb_raw.json,d8becea38ada49b4bce5aef1a05f7e9d684253c55704c8e55e39d824d55c6f9e,10,33.144999999999996,33.14,33.15,110803.13,110803.13,3671664.8294,True,False,3,
native_l2,legacy:2026-09-19,legacy_directory_identifier,data/exact_l2/2026-09-19,legacy_day_root,legacy,data/exact_l2/2026-09-19/manifest.json,85f5d20cb06d27edde43c920ca91a33461c1ae8f17478241649bff86157c5196,data/exact_l2/2026-09-19/threshold_depth.csv,7506715fd7e881b6574284e64695b8a89f5c86d093bf5f6c63b6f2ce806ca3db,data/exact_l2/2026-09-19/bitkub_usdt_thb_raw.json,d8becea38ada49b4bce5aef1a05f7e9d684253c55704c8e55e39d824d55c6f9e,sha256_verified,"[""base_asset"",""quote_asset"",""received_utc"",""exchange_timestamp_utc"",""source_url"",""source_params_json""]",2026-09-19,,2026-09-19T09:53:12.760315+00:00,,,legacy_unavailable,bitkub,usdt_thb,THB,USDT,,,,stablecoin_tokens,1 stablecoin token = 1 USD; no FX conversion,,,sell_stablecoin_base_hit_bids,bitkub_usdt_thb_raw.json,d8becea38ada49b4bce5aef1a05f7e9d684253c55704c8e55e39d824d55c6f9e,50,33.144999999999996,33.14,33.15,240697.00000000003,240697.00000000003,7961158.969800001,True,False,12,
native_l2,legacy:2026-09-19,legacy_directory_identifier,data/exact_l2/2026-09-19,legacy_day_root,legacy,data/exact_l2/2026-09-19/manifest.json,85f5d20cb06d27edde43c920ca91a33461c1ae8f17478241649bff86157c5196,data/exact_l2/2026-09-19/threshold_depth.csv,7506715fd7e881b6574284e64695b8a89f5c86d093bf5f6c63b6f2ce806ca3db,data/exact_l2/2026-09-19/bitkub_usdt_thb_raw.json,d8becea38ada49b4bce5aef1a05f7e9d684253c55704c8e55e39d824d55c6f9e,sha256_verified,"[""base_asset"",""quote_asset"",""received_utc"",""exchange_timestamp_utc"",""source_url"",""source_params_json""]",2026-09-19,,2026-09-19T09:53:12.760315+00:00,,,legacy_unavailable,bitkub,usdt_thb,THB,USDT,,,,stablecoin_tokens,1 stablecoin token = 1 USD; no FX conversion,,,sell_stablecoin_base_hit_bids,bitkub_usdt_thb_raw.json,d8becea38ada49b4bce5aef1a05f7e9d684253c55704c8e55e39d824d55c6f9e,100,33.144999999999996,33.14,33.15,299650.09,299650.09,9899876.6028,True,False,22,
native_l2,legacy:2026-09-19,legacy_directory_identifier,data/exact_l2/2026-09-19,legacy_day_root,legacy,data/exact_l2/2026-09-19/manifest.json,85f5d20cb06d27edde43c920ca91a33461c1ae8f17478241649bff86157c5196,data/exact_l2/2026-09-19/threshold_depth.csv,7506715fd7e881b6574284e64695b8a89f5c86d093bf5f6c63b6f2ce806ca3db,data/exact_l2/2026-09-19/bitkub_usdt_thb_raw.json,d8becea38ada49b4bce5aef1a05f7e9d684253c55704c8e55e39d824d55c6f9e,sha256_verified,"[""base_asset"",""quote_asset"",""received_utc"",""exchange_timestamp_utc"",""source_url"",""source_params_json""]",2026-09-19,,2026-09-19T09:53:12.760315+00:00,,,legacy_unavailable,bitkub,usdt_thb,THB,USDT,,,,stablecoin_tokens,1 stablecoin token = 1 USD; no FX conversion,,,sell_stablecoin_base_hit_bids,bitkub_usdt_thb_raw.json,d8becea38ada49b4bce5aef1a05f7e9d684253c55704c8e55e39d824d55c6f9e,200,33.144999999999996,33.14,33.15,460504.67000000004,460504.67000000004,15144916.555699999,True,False,49,
native_l2,legacy:2026-09-20,legacy_directory_identifier,data/exact_l2/2026-09-20,legacy_day_root,legacy,data/exact_l2/2026-09-20/manifest.json,f953b97487d6e7974c2085ee7f850de9afa734c9c823dda9e8e03cb56fabbc75,data/exact_l2/2026-09-20/threshold_depth.csv,397d9cfd6f4dde574e2a5279566b66c95f06d91004332318736842294745c89f,data/exact_l2/2026-09-20/valr_usdtzar_raw.json,108db89781826f21478f36365829871ea29a5144bac52ae4a6e0aa99a3172e45,sha256_verified,"[""base_asset"",""quote_asset"",""received_utc"",""exchange_timestamp_utc"",""source_url"",""source_params_json""]",2026-09-20,,2026-09-20T10:15:37.305380+00:00,,,legacy_unavailable,valr,USDTZAR,ZAR,USDT,,,,stablecoin_tokens,1 stablecoin token = 1 USD; no FX conversion,,,sell_stablecoin_base_hit_bids,valr_usdtzar_raw.json,108db89781826f21478f36365829871ea29a5144bac52ae4a6e0aa99a3172e45,10,16.297150000000002,16.2971,16.2972,332340.0287,332340.0287,5413906.89195562,True,False,12,
native_l2,legacy:2026-09-20,legacy_directory_identifier,data/exact_l2/2026-09-20,legacy_day_root,legacy,data/exact_l2/2026-09-20/manifest.json,f953b97487d6e7974c2085ee7f850de9afa734c9c823dda9e8e03cb56fabbc75,data/exact_l2/2026-09-20/threshold_depth.csv,397d9cfd6f4dde574e2a5279566b66c95f06d91004332318736842294745c89f,data/exact_l2/2026-09-20/valr_usdtzar_raw.json,108db89781826f21478f36365829871ea29a5144bac52ae4a6e0aa99a3172e45,sha256_verified,"[""base_asset"",""quote_asset"",""received_utc"",""exchange_timestamp_utc"",""source_url"",""source_params_json""]",2026-09-20,,2026-09-20T10:15:37.305380+00:00,,,legacy_unavailable,valr,USDTZAR,ZAR,USDT,,,,stablecoin_tokens,1 stablecoin token = 1 USD; no FX conversion,,,sell_stablecoin_base_hit_bids,valr_usdtzar_raw.json,108db89781826f21478f36365829871ea29a5144bac52ae4a6e0aa99a3172e45,50,16.297150000000002,16.2971,16.2972,477366.07839999994,477366.07839999994,7770063.168780419,True,False,24,
native_l2,legacy:2026-09-20,legacy_directory_identifier,data/exact_l2/2026-09-20,legacy_day_root,legacy,data/exact_l2/2026-09-20/manifest.json,f953b97487d6e7974c2085ee7f850de9afa734c9c823dda9e8e03cb56fabbc75,data/exact_l2/2026-09-20/threshold_depth.csv,397d9cfd6f4dde574e2a5279566b66c95f06d91004332318736842294745c89f,data/exact_l2/2026-09-20/valr_usdtzar_raw.json,108db89781826f21478f36365829871ea29a5144bac52ae4a6e0aa99a3172e45,sha256_verified,"[""base_asset"",""quote_asset"",""received_utc"",""exchange_timestamp_utc"",""source_url"",""source_params_json""]",2026-09-20,,2026-09-20T10:15:37.305380+00:00,,,legacy_unavailable,valr,USDTZAR,ZAR,USDT,,,,stablecoin_tokens,1 stablecoin token = 1 USD; no FX conversion,,,sell_stablecoin_base_hit_bids,valr_usdtzar_raw.json,108db89781826f21478f36365829871ea29a5144bac52ae4a6e0aa99a3172e45,100,16.297150000000002,16.2971,16.2972,496472.30319999997,496472.30319999997,8079336.735460738,True,False,39,
native_l2,legacy:2026-09-20,legacy_directory_identifier,data/exact_l2/2026-09-20,legacy_day_root,legacy,data/exact_l2/2026-09-20/manifest.json,f953b97487d6e7974c2085ee7f850de9afa734c9c823dda9e8e03cb56fabbc75,data/exact_l2/2026-09-20/threshold_depth.csv,397d9cfd6f4dde574e2a5279566b66c95f06d91004332318736842294745c89f,data/exact_l2/2026-09-20/valr_usdtzar_raw.json,108db89781826f21478f36365829871ea29a5144bac52ae4a6e0aa99a3172e45,sha256_verified,"[""base_asset"",""quote_asset"",""received_utc"",""exchange_timestamp_utc"",""source_url"",""source_params_json""]",2026-09-20,,2026-09-20T10:15:37.305380+00:00,,,legacy_unavailable,valr,USDTZAR,ZAR,USDT,,,,stablecoin_tokens,1 stablecoin token = 1 USD; no FX conversion,,,sell_stablecoin_base_hit_bids,valr_usdtzar_raw.json,108db89781826f21478f36365829871ea29a5144bac52ae4a6e0aa99a3172e45,200,16.297150000000002,16.2971,16.2972,517826.4473,517826.4473,8421088.21172952,True,False,66,
native_l2,legacy:2026-09-20,legacy_directory_identifier,data/exact_l2/2026-09-20,legacy_day_root,legacy,data/exact_l2/2026-09-20/manifest.json,f953b97487d6e7974c2085ee7f850de9afa734c9c823dda9e8e03cb56fabbc75,data/exact_l2/2026-09-20/threshold_depth.csv,397d9cfd6f4dde574e2a5279566b66c95f06d91004332318736842294745c89f,data/exact_l2/2026-09-20/bitkub_usdt_thb_raw.json,de59d6301b0386098122cd23d33d1da212ed4baf0cd50d82a503609069139178,sha256_verified,"[""base_asset"",""quote_asset"",""received_utc"",""exchange_timestamp_utc"",""source_url"",""source_params_json""]",2026-09-20,,2026-09-20T10:15:37.701931+00:00,,,legacy_unavailable,bitkub,usdt_thb,THB,USDT,,,,stablecoin_tokens,1 stablecoin token = 1 USD; no FX conversion,,,sell_stablecoin_base_hit_bids,bitkub_usdt_thb_raw.json,de59d6301b0386098122cd23d33d1da212ed4baf0cd50d82a503609069139178,10,33.235,33.23,33.24,402567.41000000003,402567.41000000003,13375386.5656,True,False,3,
native_l2,legacy:2026-09-20,legacy_directory_identifier,data/exact_l2/2026-09-20,legacy_day_root,legacy,data/exact_l2/2026-09-20/manifest.json,f953b97487d6e7974c2085ee7f850de9afa734c9c823dda9e8e03cb56fabbc75,data/exact_l2/2026-09-20/threshold_depth.csv,397d9cfd6f4dde574e2a5279566b66c95f06d91004332318736842294745c89f,data/exact_l2/2026-09-20/bitkub_usdt_thb_raw.json,de59d6301b0386098122cd23d33d1da212ed4baf0cd50d82a503609069139178,sha256_verified,"[""base_asset"",""quote_asset"",""received_utc"",""exchange_timestamp_utc"",""source_url"",""source_params_json""]",2026-09-20,,2026-09-20T10:15:37.701931+00:00,,,legacy_unavailable,bitkub,usdt_thb,THB,USDT,,,,stablecoin_tokens,1 stablecoin token = 1 USD; no FX conversion,,,sell_stablecoin_base_hit_bids,bitkub_usdt_thb_raw.json,de59d6301b0386098122cd23d33d1da212ed4baf0cd50d82a503609069139178,50,33.235,33.23,33.24,874154.82,874154.82,29010096.987099994,True,False,16,
native_l2,legacy:2026-09-20,legacy_directory_identifier,data/exact_l2/2026-09-20,legacy_day_root,legacy,data/exact_l2/2026-09-20/manifest.json,f953b97487d6e7974c2085ee7f850de9afa734c9c823dda9e8e03cb56fabbc75,data/exact_l2/2026-09-20/threshold_depth.csv,397d9cfd6f4dde574e2a5279566b66c95f06d91004332318736842294745c89f,data/exact_l2/2026-09-20/bitkub_usdt_thb_raw.json,de59d6301b0386098122cd23d33d1da212ed4baf0cd50d82a503609069139178,sha256_verified,"[""base_asset"",""quote_asset"",""received_utc"",""exchange_timestamp_utc"",""source_url"",""source_params_json""]",2026-09-20,,2026-09-20T10:15:37.701931+00:00,,,legacy_unavailable,bitkub,usdt_thb,THB,USDT,,,,stablecoin_tokens,1 stablecoin token = 1 USD; no FX conversion,,,sell_stablecoin_base_hit_bids,bitkub_usdt_thb_raw.json,de59d6301b0386098122cd23d33d1da212ed4baf0cd50d82a503609069139178,100,33.235,33.23,33.24,930222.39,930222.39,30858149.702499993,True,False,29,
native_l2,legacy:2026-09-20,legacy_directory_identifier,data/exact_l2/2026-09-20,legacy_day_root,legacy,data/exact_l2/2026-09-20/manifest.json,f953b97487d6e7974c2085ee7f850de9afa734c9c823dda9e8e03cb56fabbc75,data/exact_l2/2026-09-20/threshold_depth.csv,397d9cfd6f4dde574e2a5279566b66c95f06d91004332318736842294745c89f,data/exact_l2/2026-09-20/bitkub_usdt_thb_raw.json,de59d6301b0386098122cd23d33d1da212ed4baf0cd50d82a503609069139178,sha256_verified,"[""base_asset"",""quote_asset"",""received_utc"",""exchange_timestamp_utc"",""source_url"",""source_params_json""]",2026-09-20,,2026-09-20T10:15:37.701931+00:00,,,legacy_unavailable,bitkub,usdt_thb,THB,USDT,,,,stablecoin_tokens,1 stablecoin token = 1 USD; no FX conversion,,,sell_stablecoin_base_hit_bids,bitkub_usdt_thb_raw.json,de59d6301b0386098122cd23d33d1da212ed4baf0cd50d82a503609069139178,200,33.235,33.23,33.24,1018761.7499999999,1018761.7499999999,33761183.6511,True,False,57,
native_l2,legacy:2026-09-21,legacy_directory_identifier,data/exact_l2/2026-09-21,legacy_day_root,legacy,data/exact_l2/2026-09-21/manifest.json,c9d6f344d92504b858d344a9b15d7d4d568bd08e01c9d0b4447702a72c550665,data/exact_l2/2026-09-21/threshold_depth.csv,980b47671436c89dd652f388f1af00ea58aafd5829c0947773ea8fbb33af7c7f,data/exact_l2/2026-09-21/valr_usdtzar_raw.json,402efba5e23da3f327ef8e8df2b2d3d784affda78d447ac628e74a15689f7f38,sha256_verified,"[""base_asset"",""quote_asset"",""received_utc"",""exchange_timestamp_utc"",""source_url"",""source_params_json""]",2026-09-21,,2026-09-21T11:15:51.531126+00:00,,,legacy_unavailable,valr,USDTZAR,ZAR,USDT,,,,stablecoin_tokens,1 stablecoin token = 1 USD; no FX conversion,,,sell_stablecoin_base_hit_bids,valr_usdtzar_raw.json,402efba5e23da3f327ef8e8df2b2d3d784affda78d447ac628e74a15689f7f38,10,16.33515,16.3351,16.3352,1455940.9005999998,1455940.9005999998,23778345.665560577,True,False,18,
native_l2,legacy:2026-09-21,legacy_directory_identifier,data/exact_l2/2026-09-21,legacy_day_root,legacy,data/exact_l2/2026-09-21/manifest.json,c9d6f344d92504b858d344a9b15d7d4d568bd08e01c9d0b4447702a72c550665,data/exact_l2/2026-09-21/threshold_depth.csv,980b47671436c89dd652f388f1af00ea58aafd5829c0947773ea8fbb33af7c7f,data/exact_l2/2026-09-21/valr_usdtzar_raw.json,402efba5e23da3f327ef8e8df2b2d3d784affda78d447ac628e74a15689f7f38,sha256_verified,"[""base_asset"",""quote_asset"",""received_utc"",""exchange_timestamp_utc"",""source_url"",""source_params_json""]",2026-09-21,,2026-09-21T11:15:51.531126+00:00,,,legacy_unavailable,valr,USDTZAR,ZAR,USDT,,,,stablecoin_tokens,1 stablecoin token = 1 USD; no FX conversion,,,sell_stablecoin_base_hit_bids,valr_usdtzar_raw.json,402efba5e23da3f327ef8e8df2b2d3d784affda78d447ac628e74a15689f7f38,50,16.33515,16.3351,16.3352,2379493.7277,2379493.7277,38827435.5966449,True,False,40,
native_l2,legacy:2026-09-21,legacy_directory_identifier,data/exact_l2/2026-09-21,legacy_day_root,legacy,data/exact_l2/2026-09-21/manifest.json,c9d6f344d92504b858d344a9b15d7d4d568bd08e01c9d0b4447702a72c550665,data/exact_l2/2026-09-21/threshold_depth.csv,980b47671436c89dd652f388f1af00ea58aafd5829c0947773ea8fbb33af7c7f,data/exact_l2/2026-09-21/valr_usdtzar_raw.json,402efba5e23da3f327ef8e8df2b2d3d784affda78d447ac628e74a15689f7f38,sha256_verified,"[""base_asset"",""quote_asset"",""received_utc"",""exchange_timestamp_utc"",""source_url"",""source_params_json""]",2026-09-21,,2026-09-21T11:15:51.531126+00:00,,,legacy_unavailable,valr,USDTZAR,ZAR,USDT,,,,stablecoin_tokens,1 stablecoin token = 1 USD; no FX conversion,,,sell_stablecoin_base_hit_bids,valr_usdtzar_raw.json,402efba5e23da3f327ef8e8df2b2d3d784affda78d447ac628e74a15689f7f38,100,16.33515,16.3351,16.3352,2453616.3611000003,2453616.3611000003,40031723.44886306,True,False,52,
native_l2,legacy:2026-09-21,legacy_directory_identifier,data/exact_l2/2026-09-21,legacy_day_root,legacy,data/exact_l2/2026-09-21/manifest.json,c9d6f344d92504b858d344a9b15d7d4d568bd08e01c9d0b4447702a72c550665,data/exact_l2/2026-09-21/threshold_depth.csv,980b47671436c89dd652f388f1af00ea58aafd5829c0947773ea8fbb33af7c7f,data/exact_l2/2026-09-21/valr_usdtzar_raw.json,402efba5e23da3f327ef8e8df2b2d3d784affda78d447ac628e74a15689f7f38,sha256_verified,"[""base_asset"",""quote_asset"",""received_utc"",""exchange_timestamp_utc"",""source_url"",""source_params_json""]",2026-09-21,,2026-09-21T11:15:51.531126+00:00,,,legacy_unavailable,valr,USDTZAR,ZAR,USDT,,,,stablecoin_tokens,1 stablecoin token = 1 USD; no FX conversion,,,sell_stablecoin_base_hit_bids,valr_usdtzar_raw.json,402efba5e23da3f327ef8e8df2b2d3d784affda78d447ac628e74a15689f7f38,200,16.33515,16.3351,16.3352,2462283.4625999997,2462283.4625999997,40171747.700811274,True,False,83,
native_l2,legacy:2026-09-21,legacy_directory_identifier,data/exact_l2/2026-09-21,legacy_day_root,legacy,data/exact_l2/2026-09-21/manifest.json,c9d6f344d92504b858d344a9b15d7d4d568bd08e01c9d0b4447702a72c550665,data/exact_l2/2026-09-21/threshold_depth.csv,980b47671436c89dd652f388f1af00ea58aafd5829c0947773ea8fbb33af7c7f,data/exact_l2/2026-09-21/bitkub_usdt_thb_raw.json,79abfe848d2187d6c6a451b3e7e76f30faf89f4b7e33df0933c895dc1742f124,sha256_verified,"[""base_asset"",""quote_asset"",""received_utc"",""exchange_timestamp_utc"",""source_url"",""source_params_json""]",2026-09-21,,2026-09-21T11:15:51.719003+00:00,,,legacy_unavailable,bitkub,usdt_thb,THB,USDT,,,,stablecoin_tokens,1 stablecoin token = 1 USD; no FX conversion,,,sell_stablecoin_base_hit_bids,bitkub_usdt_thb_raw.json,79abfe848d2187d6c6a451b3e7e76f30faf89f4b7e33df0933c895dc1742f124,10,33.235,33.23,33.24,134418.62,134418.62,4465885.7714,True,False,3,
native_l2,legacy:2026-09-21,legacy_directory_identifier,data/exact_l2/2026-09-21,legacy_day_root,legacy,data/exact_l2/2026-09-21/manifest.json,c9d6f344d92504b858d344a9b15d7d4d568bd08e01c9d0b4447702a72c550665,data/exact_l2/2026-09-21/threshold_depth.csv,980b47671436c89dd652f388f1af00ea58aafd5829c0947773ea8fbb33af7c7f,data/exact_l2/2026-09-21/bitkub_usdt_thb_raw.json,79abfe848d2187d6c6a451b3e7e76f30faf89f4b7e33df0933c895dc1742f124,sha256_verified,"[""base_asset"",""quote_asset"",""received_utc"",""exchange_timestamp_utc"",""source_url"",""source_params_json""]",2026-09-21,,2026-09-21T11:15:51.719003+00:00,,,legacy_unavailable,bitkub,usdt_thb,THB,USDT,,,,stablecoin_tokens,1 stablecoin token = 1 USD; no FX conversion,,,sell_stablecoin_base_hit_bids,bitkub_usdt_thb_raw.json,79abfe848d2187d6c6a451b3e7e76f30faf89f4b7e33df0933c895dc1742f124,50,33.235,33.23,33.24,207612.40000000002,207612.40000000002,6893683.349099998,True,False,17,
native_l2,legacy:2026-09-21,legacy_directory_identifier,data/exact_l2/2026-09-21,legacy_day_root,legacy,data/exact_l2/2026-09-21/manifest.json,c9d6f344d92504b858d344a9b15d7d4d568bd08e01c9d0b4447702a72c550665,data/exact_l2/2026-09-21/threshold_depth.csv,980b47671436c89dd652f388f1af00ea58aafd5829c0947773ea8fbb33af7c7f,data/exact_l2/2026-09-21/bitkub_usdt_thb_raw.json,79abfe848d2187d6c6a451b3e7e76f30faf89f4b7e33df0933c895dc1742f124,sha256_verified,"[""base_asset"",""quote_asset"",""received_utc"",""exchange_timestamp_utc"",""source_url"",""source_params_json""]",2026-09-21,,2026-09-21T11:15:51.719003+00:00,,,legacy_unavailable,bitkub,usdt_thb,THB,USDT,,,,stablecoin_tokens,1 stablecoin token = 1 USD; no FX conversion,,,sell_stablecoin_base_hit_bids,bitkub_usdt_thb_raw.json,79abfe848d2187d6c6a451b3e7e76f30faf89f4b7e33df0933c895dc1742f124,100,33.235,33.23,33.24,246834.22000000003,246834.22000000003,8188147.656399997,True,False,27,
native_l2,legacy:2026-09-21,legacy_directory_identifier,data/exact_l2/2026-09-21,legacy_day_root,legacy,data/exact_l2/2026-09-21/manifest.json,c9d6f344d92504b858d344a9b15d7d4d568bd08e01c9d0b4447702a72c550665,data/exact_l2/2026-09-21/threshold_depth.csv,980b47671436c89dd652f388f1af00ea58aafd5829c0947773ea8fbb33af7c7f,data/exact_l2/2026-09-21/bitkub_usdt_thb_raw.json,79abfe848d2187d6c6a451b3e7e76f30faf89f4b7e33df0933c895dc1742f124,sha256_verified,"[""base_asset"",""quote_asset"",""received_utc"",""exchange_timestamp_utc"",""source_url"",""source_params_json""]",2026-09-21,,2026-09-21T11:15:51.719003+00:00,,,legacy_unavailable,bitkub,usdt_thb,THB,USDT,,,,stablecoin_tokens,1 stablecoin token = 1 USD; no FX conversion,,,sell_stablecoin_base_hit_bids,bitkub_usdt_thb_raw.json,79abfe848d2187d6c6a451b3e7e76f30faf89f4b7e33df0933c895dc1742f124,200,33.235,33.23,33.24,312262.66000000003,312262.66000000003,10332044.11389999,True,False,55,
native_l2,legacy:2026-09-22,legacy_directory_identifier,data/exact_l2/2026-09-22,legacy_day_root,legacy,data/exact_l2/2026-09-22/manifest.json,f8172e59e1a3120a06d943735c0488ed05b760f54f5cda392e5dfd73343837aa,data/exact_l2/2026-09-22/threshold_depth.csv,a423effe7605cd1799cd84bcf611b704162dac545e05ad15ad4e09e05ab24681,data/exact_l2/2026-09-22/valr_usdtzar_raw.json,c61e067e4c468e563dff39a34327b257b1ae9a7fb63ab7a353e1c14f7e9361f7,sha256_verified,"[""base_asset"",""quote_asset"",""received_utc"",""exchange_timestamp_utc"",""source_url"",""source_params_json""]",2026-09-22,,2026-09-22T10:30:30.166480+00:00,,,legacy_unavailable,valr,USDTZAR,ZAR,USDT,,,,stablecoin_tokens,1 stablecoin token = 1 USD; no FX conversion,,,sell_stablecoin_base_hit_bids,valr_usdtzar_raw.json,c61e067e4c468e563dff39a34327b257b1ae9a7fb63ab7a353e1c14f7e9361f7,10,16.307049999999997,16.307,16.3071,640333.6865000001,640333.6865000001,10433852.280607872,True,False,16,
native_l2,legacy:2026-09-22,legacy_directory_identifier,data/exact_l2/2026-09-22,legacy_day_root,legacy,data/exact_l2/2026-09-22/manifest.json,f8172e59e1a3120a06d943735c0488ed05b760f54f5cda392e5dfd73343837aa,data/exact_l2/2026-09-22/threshold_depth.csv,a423effe7605cd1799cd84bcf611b704162dac545e05ad15ad4e09e05ab24681,data/exact_l2/2026-09-22/valr_usdtzar_raw.json,c61e067e4c468e563dff39a34327b257b1ae9a7fb63ab7a353e1c14f7e9361f7,sha256_verified,"[""base_asset"",""quote_asset"",""received_utc"",""exchange_timestamp_utc"",""source_url"",""source_params_json""]",2026-09-22,,2026-09-22T10:30:30.166480+00:00,,,legacy_unavailable,valr,USDTZAR,ZAR,USDT,,,,stablecoin_tokens,1 stablecoin token = 1 USD; no FX conversion,,,sell_stablecoin_base_hit_bids,valr_usdtzar_raw.json,c61e067e4c468e563dff39a34327b257b1ae9a7fb63ab7a353e1c14f7e9361f7,50,16.307049999999997,16.307,16.3071,1422572.4924000003,1422572.4924000003,23170000.366635583,True,False,31,
native_l2,legacy:2026-09-22,legacy_directory_identifier,data/exact_l2/2026-09-22,legacy_day_root,legacy,data/exact_l2/2026-09-22/manifest.json,f8172e59e1a3120a06d943735c0488ed05b760f54f5cda392e5dfd73343837aa,data/exact_l2/2026-09-22/threshold_depth.csv,a423effe7605cd1799cd84bcf611b704162dac545e05ad15ad4e09e05ab24681,data/exact_l2/2026-09-22/valr_usdtzar_raw.json,c61e067e4c468e563dff39a34327b257b1ae9a7fb63ab7a353e1c14f7e9361f7,sha256_verified,"[""base_asset"",""quote_asset"",""received_utc"",""exchange_timestamp_utc"",""source_url"",""source_params_json""]",2026-09-22,,2026-09-22T10:30:30.166480+00:00,,,legacy_unavailable,valr,USDTZAR,ZAR,USDT,,,,stablecoin_tokens,1 stablecoin token = 1 USD; no FX conversion,,,sell_stablecoin_base_hit_bids,valr_usdtzar_raw.json,c61e067e4c468e563dff39a34327b257b1ae9a7fb63ab7a353e1c14f7e9361f7,100,16.307049999999997,16.307,16.3071,1446358.2899000002,1446358.2899000002,23555133.077238858,True,False,52,
native_l2,legacy:2026-09-22,legacy_directory_identifier,data/exact_l2/2026-09-22,legacy_day_root,legacy,data/exact_l2/2026-09-22/manifest.json,f8172e59e1a3120a06d943735c0488ed05b760f54f5cda392e5dfd73343837aa,data/exact_l2/2026-09-22/threshold_depth.csv,a423effe7605cd1799cd84bcf611b704162dac545e05ad15ad4e09e05ab24681,data/exact_l2/2026-09-22/valr_usdtzar_raw.json,c61e067e4c468e563dff39a34327b257b1ae9a7fb63ab7a353e1c14f7e9361f7,sha256_verified,"[""base_asset"",""quote_asset"",""received_utc"",""exchange_timestamp_utc"",""source_url"",""source_params_json""]",2026-09-22,,2026-09-22T10:30:30.166480+00:00,,,legacy_unavailable,valr,USDTZAR,ZAR,USDT,,,,stablecoin_tokens,1 stablecoin token = 1 USD; no FX conversion,,,sell_stablecoin_base_hit_bids,valr_usdtzar_raw.json,c61e067e4c468e563dff39a34327b257b1ae9a7fb63ab7a353e1c14f7e9361f7,200,16.307049999999997,16.307,16.3071,1447202.2552,1447202.2552,23568668.340783134,True,False,78,
native_l2,legacy:2026-09-22,legacy_directory_identifier,data/exact_l2/2026-09-22,legacy_day_root,legacy,data/exact_l2/2026-09-22/manifest.json,f8172e59e1a3120a06d943735c0488ed05b760f54f5cda392e5dfd73343837aa,data/exact_l2/2026-09-22/threshold_depth.csv,a423effe7605cd1799cd84bcf611b704162dac545e05ad15ad4e09e05ab24681,data/exact_l2/2026-09-22/bitkub_usdt_thb_raw.json,1fa4f0f97c06710de2817531990ebb4cb7a1f7a0208ed43a63655d2972d5e9b5,sha256_verified,"[""base_asset"",""quote_asset"",""received_utc"",""exchange_timestamp_utc"",""source_url"",""source_params_json""]",2026-09-22,,2026-09-22T10:30:30.463357+00:00,,,legacy_unavailable,bitkub,usdt_thb,THB,USDT,,,,stablecoin_tokens,1 stablecoin token = 1 USD; no FX conversion,,,sell_stablecoin_base_hit_bids,bitkub_usdt_thb_raw.json,1fa4f0f97c06710de2817531990ebb4cb7a1f7a0208ed43a63655d2972d5e9b5,10,33.125,33.12,33.13,598097.35,598097.35,19805112.8513,True,False,3,
native_l2,legacy:2026-09-22,legacy_directory_identifier,data/exact_l2/2026-09-22,legacy_day_root,legacy,data/exact_l2/2026-09-22/manifest.json,f8172e59e1a3120a06d943735c0488ed05b760f54f5cda392e5dfd73343837aa,data/exact_l2/2026-09-22/threshold_depth.csv,a423effe7605cd1799cd84bcf611b704162dac545e05ad15ad4e09e05ab24681,data/exact_l2/2026-09-22/bitkub_usdt_thb_raw.json,1fa4f0f97c06710de2817531990ebb4cb7a1f7a0208ed43a63655d2972d5e9b5,sha256_verified,"[""base_asset"",""quote_asset"",""received_utc"",""exchange_timestamp_utc"",""source_url"",""source_params_json""]",2026-09-22,,2026-09-22T10:30:30.463357+00:00,,,legacy_unavailable,bitkub,usdt_thb,THB,USDT,,,,stablecoin_tokens,1 stablecoin token = 1 USD; no FX conversion,,,sell_stablecoin_base_hit_bids,bitkub_usdt_thb_raw.json,1fa4f0f97c06710de2817531990ebb4cb7a1f7a0208ed43a63655d2972d5e9b5,50,33.125,33.12,33.13,694561.7499999998,694561.7499999998,22990765.27690001,True,False,12,
native_l2,legacy:2026-09-22,legacy_directory_identifier,data/exact_l2/2026-09-22,legacy_day_root,legacy,data/exact_l2/2026-09-22/manifest.json,f8172e59e1a3120a06d943735c0488ed05b760f54f5cda392e5dfd73343837aa,data/exact_l2/2026-09-22/threshold_depth.csv,a423effe7605cd1799cd84bcf611b704162dac545e05ad15ad4e09e05ab24681,data/exact_l2/2026-09-22/bitkub_usdt_thb_raw.json,1fa4f0f97c06710de2817531990ebb4cb7a1f7a0208ed43a63655d2972d5e9b5,sha256_verified,"[""base_asset"",""quote_asset"",""received_utc"",""exchange_timestamp_utc"",""source_url"",""source_params_json""]",2026-09-22,,2026-09-22T10:30:30.463357+00:00,,,legacy_unavailable,bitkub,usdt_thb,THB,USDT,,,,stablecoin_tokens,1 stablecoin token = 1 USD; no FX conversion,,,sell_stablecoin_base_hit_bids,bitkub_usdt_thb_raw.json,1fa4f0f97c06710de2817531990ebb4cb7a1f7a0208ed43a63655d2972d5e9b5,100,33.125,33.12,33.13,936488.3999999996,936488.3999999996,30935050.292500008,True,False,24,
native_l2,legacy:2026-09-22,legacy_directory_identifier,data/exact_l2/2026-09-22,legacy_day_root,legacy,data/exact_l2/2026-09-22/manifest.json,f8172e59e1a3120a06d943735c0488ed05b760f54f5cda392e5dfd73343837aa,data/exact_l2/2026-09-22/threshold_depth.csv,a423effe7605cd1799cd84bcf611b704162dac545e05ad15ad4e09e05ab24681,data/exact_l2/2026-09-22/bitkub_usdt_thb_raw.json,1fa4f0f97c06710de2817531990ebb4cb7a1f7a0208ed43a63655d2972d5e9b5,sha256_verified,"[""base_asset"",""quote_asset"",""received_utc"",""exchange_timestamp_utc"",""source_url"",""source_params_json""]",2026-09-22,,2026-09-22T10:30:30.463357+00:00,,,legacy_unavailable,bitkub,usdt_thb,THB,USDT,,,,stablecoin_tokens,1 stablecoin token = 1 USD; no FX conversion,,,sell_stablecoin_base_hit_bids,bitkub_usdt_thb_raw.json,1fa4f0f97c06710de2817531990ebb4cb7a1f7a0208ed43a63655d2972d5e9b5,200,33.125,33.12,33.13,1084160.0899999996,1084160.0899999996,35751754.52790001,True,False,52,
native_l2,legacy:2026-09-23,legacy_directory_identifier,data/exact_l2/2026-09-23,legacy_day_root,legacy,data/exact_l2/2026-09-23/manifest.json,745e3ea5752e94f76df8527aba62afa87b8f53c08da1191ae85d702d7514f595,data/exact_l2/2026-09-23/threshold_depth.csv,01bf4e0aff77efdcde571362d7f58601d84f2836b2ac9e78cffbcc6548e4918e,data/exact_l2/2026-09-23/valr_usdtzar_raw.json,cdb59720d252d68771ee30f97b80d81e7e9c686e50872136f0373279ea979b77,sha256_verified,"[""base_asset"",""quote_asset"",""received_utc"",""exchange_timestamp_utc"",""source_url"",""source_params_json""]",2026-09-23,,2026-09-23T10:27:49.247086+00:00,,,legacy_unavailable,valr,USDTZAR,ZAR,USDT,,,,stablecoin_tokens,1 stablecoin token = 1 USD; no FX conversion,,,sell_stablecoin_base_hit_bids,valr_usdtzar_raw.json,cdb59720d252d68771ee30f97b80d81e7e9c686e50872136f0373279ea979b77,10,16.325049999999997,16.325,16.3251,177880.0908,177880.0908,2902460.9192320397,True,False,13,
native_l2,legacy:2026-09-23,legacy_directory_identifier,data/exact_l2/2026-09-23,legacy_day_root,legacy,data/exact_l2/2026-09-23/manifest.json,745e3ea5752e94f76df8527aba62afa87b8f53c08da1191ae85d702d7514f595,data/exact_l2/2026-09-23/threshold_depth.csv,01bf4e0aff77efdcde571362d7f58601d84f2836b2ac9e78cffbcc6548e4918e,data/exact_l2/2026-09-23/valr_usdtzar_raw.json,cdb59720d252d68771ee30f97b80d81e7e9c686e50872136f0373279ea979b77,sha256_verified,"[""base_asset"",""quote_asset"",""received_utc"",""exchange_timestamp_utc"",""source_url"",""source_params_json""]",2026-09-23,,2026-09-23T10:27:49.247086+00:00,,,legacy_unavailable,valr,USDTZAR,ZAR,USDT,,,,stablecoin_tokens,1 stablecoin token = 1 USD; no FX conversion,,,sell_stablecoin_base_hit_bids,valr_usdtzar_raw.json,cdb59720d252d68771ee30f97b80d81e7e9c686e50872136f0373279ea979b77,50,16.325049999999997,16.325,16.3251,1053007.8348999997,1053007.8348999997,17144929.19815656,True,False,41,
native_l2,legacy:2026-09-23,legacy_directory_identifier,data/exact_l2/2026-09-23,legacy_day_root,legacy,data/exact_l2/2026-09-23/manifest.json,745e3ea5752e94f76df8527aba62afa87b8f53c08da1191ae85d702d7514f595,data/exact_l2/2026-09-23/threshold_depth.csv,01bf4e0aff77efdcde571362d7f58601d84f2836b2ac9e78cffbcc6548e4918e,data/exact_l2/2026-09-23/valr_usdtzar_raw.json,cdb59720d252d68771ee30f97b80d81e7e9c686e50872136f0373279ea979b77,sha256_verified,"[""base_asset"",""quote_asset"",""received_utc"",""exchange_timestamp_utc"",""source_url"",""source_params_json""]",2026-09-23,,2026-09-23T10:27:49.247086+00:00,,,legacy_unavailable,valr,USDTZAR,ZAR,USDT,,,,stablecoin_tokens,1 stablecoin token = 1 USD; no FX conversion,,,sell_stablecoin_base_hit_bids,valr_usdtzar_raw.json,cdb59720d252d68771ee30f97b80d81e7e9c686e50872136f0373279ea979b77,100,16.325049999999997,16.325,16.3251,1248689.2164999996,1248689.2164999996,20320071.243876543,True,False,62,
native_l2,legacy:2026-09-23,legacy_directory_identifier,data/exact_l2/2026-09-23,legacy_day_root,legacy,data/exact_l2/2026-09-23/manifest.json,745e3ea5752e94f76df8527aba62afa87b8f53c08da1191ae85d702d7514f595,data/exact_l2/2026-09-23/threshold_depth.csv,01bf4e0aff77efdcde571362d7f58601d84f2836b2ac9e78cffbcc6548e4918e,data/exact_l2/2026-09-23/valr_usdtzar_raw.json,cdb59720d252d68771ee30f97b80d81e7e9c686e50872136f0373279ea979b77,sha256_verified,"[""base_asset"",""quote_asset"",""received_utc"",""exchange_timestamp_utc"",""source_url"",""source_params_json""]",2026-09-23,,2026-09-23T10:27:49.247086+00:00,,,legacy_unavailable,valr,USDTZAR,ZAR,USDT,,,,stablecoin_tokens,1 stablecoin token = 1 USD; no FX conversion,,,sell_stablecoin_base_hit_bids,valr_usdtzar_raw.json,cdb59720d252d68771ee30f97b80d81e7e9c686e50872136f0373279ea979b77,200,16.325049999999997,16.325,16.3251,1259269.8122999994,1259269.8122999994,20490841.881249752,True,False,95,
native_l2,legacy:2026-09-23,legacy_directory_identifier,data/exact_l2/2026-09-23,legacy_day_root,legacy,data/exact_l2/2026-09-23/manifest.json,745e3ea5752e94f76df8527aba62afa87b8f53c08da1191ae85d702d7514f595,data/exact_l2/2026-09-23/threshold_depth.csv,01bf4e0aff77efdcde571362d7f58601d84f2836b2ac9e78cffbcc6548e4918e,data/exact_l2/2026-09-23/bitkub_usdt_thb_raw.json,90199a1ad989657167dd67900dbbf8f8fbd0e9036baf81d9865fe2c070540f29,sha256_verified,"[""base_asset"",""quote_asset"",""received_utc"",""exchange_timestamp_utc"",""source_url"",""source_params_json""]",2026-09-23,,2026-09-23T10:27:49.500023+00:00,,,legacy_unavailable,bitkub,usdt_thb,THB,USDT,,,,stablecoin_tokens,1 stablecoin token = 1 USD; no FX conversion,,,sell_stablecoin_base_hit_bids,bitkub_usdt_thb_raw.json,90199a1ad989657167dd67900dbbf8f8fbd0e9036baf81d9865fe2c070540f29,10,33.224999999999994,33.22,33.23,578339.1499999999,578339.1499999999,19210211.8263,True,False,3,
native_l2,legacy:2026-09-23,legacy_directory_identifier,data/exact_l2/2026-09-23,legacy_day_root,legacy,data/exact_l2/2026-09-23/manifest.json,745e3ea5752e94f76df8527aba62afa87b8f53c08da1191ae85d702d7514f595,data/exact_l2/2026-09-23/threshold_depth.csv,01bf4e0aff77efdcde571362d7f58601d84f2836b2ac9e78cffbcc6548e4918e,data/exact_l2/2026-09-23/bitkub_usdt_thb_raw.json,90199a1ad989657167dd67900dbbf8f8fbd0e9036baf81d9865fe2c070540f29,sha256_verified,"[""base_asset"",""quote_asset"",""received_utc"",""exchange_timestamp_utc"",""source_url"",""source_params_json""]",2026-09-23,,2026-09-23T10:27:49.500023+00:00,,,legacy_unavailable,bitkub,usdt_thb,THB,USDT,,,,stablecoin_tokens,1 stablecoin token = 1 USD; no FX conversion,,,sell_stablecoin_base_hit_bids,bitkub_usdt_thb_raw.json,90199a1ad989657167dd67900dbbf8f8fbd0e9036baf81d9865fe2c070540f29,50,33.224999999999994,33.22,33.23,670315.3699999999,670315.3699999999,22259979.5074,True,False,16,
native_l2,legacy:2026-09-23,legacy_directory_identifier,data/exact_l2/2026-09-23,legacy_day_root,legacy,data/exact_l2/2026-09-23/manifest.json,745e3ea5752e94f76df8527aba62afa87b8f53c08da1191ae85d702d7514f595,data/exact_l2/2026-09-23/threshold_depth.csv,01bf4e0aff77efdcde571362d7f58601d84f2836b2ac9e78cffbcc6548e4918e,data/exact_l2/2026-09-23/bitkub_usdt_thb_raw.json,90199a1ad989657167dd67900dbbf8f8fbd0e9036baf81d9865fe2c070540f29,sha256_verified,"[""base_asset"",""quote_asset"",""received_utc"",""exchange_timestamp_utc"",""source_url"",""source_params_json""]",2026-09-23,,2026-09-23T10:27:49.500023+00:00,,,legacy_unavailable,bitkub,usdt_thb,THB,USDT,,,,stablecoin_tokens,1 stablecoin token = 1 USD; no FX conversion,,,sell_stablecoin_base_hit_bids,bitkub_usdt_thb_raw.json,90199a1ad989657167dd67900dbbf8f8fbd0e9036baf81d9865fe2c070540f29,100,33.224999999999994,33.22,33.23,809178.2699999999,809178.2699999999,26835693.609299995,True,False,24,
native_l2,legacy:2026-09-23,legacy_directory_identifier,data/exact_l2/2026-09-23,legacy_day_root,legacy,data/exact_l2/2026-09-23/manifest.json,745e3ea5752e94f76df8527aba62afa87b8f53c08da1191ae85d702d7514f595,data/exact_l2/2026-09-23/threshold_depth.csv,01bf4e0aff77efdcde571362d7f58601d84f2836b2ac9e78cffbcc6548e4918e,data/exact_l2/2026-09-23/bitkub_usdt_thb_raw.json,90199a1ad989657167dd67900dbbf8f8fbd0e9036baf81d9865fe2c070540f29,sha256_verified,"[""base_asset"",""quote_asset"",""received_utc"",""exchange_timestamp_utc"",""source_url"",""source_params_json""]",2026-09-23,,2026-09-23T10:27:49.500023+00:00,,,legacy_unavailable,bitkub,usdt_thb,THB,USDT,,,,stablecoin_tokens,1 stablecoin token = 1 USD; no FX conversion,,,sell_stablecoin_base_hit_bids,bitkub_usdt_thb_raw.json,90199a1ad989657167dd67900dbbf8f8fbd0e9036baf81d9865fe2c070540f29,200,33.224999999999994,33.22,33.23,970209.4299999998,970209.4299999998,32119153.85760001,True,False,53,
native_l2,legacy:2026-09-24,legacy_directory_identifier,data/exact_l2/2026-09-24,legacy_day_root,legacy,data/exact_l2/2026-09-24/manifest.json,552751cf18fd0f15ae031dbbe5cd3fa9c38c1bd170325bb1419ad8f3fc86fa06,data/exact_l2/2026-09-24/threshold_depth.csv,32100e139075415f6823610d8a51892942ddf2673d26de2b1f0a36374304be8f,data/exact_l2/2026-09-24/valr_usdtzar_raw.json,12c5a24df45685f44298e6f866cfa640df43d8ab0ceebe7a5f74dace10b6d393,sha256_verified,"[""base_asset"",""quote_asset"",""received_utc"",""exchange_timestamp_utc"",""source_url"",""source_params_json""]",2026-09-24,,2026-09-24T10:40:59.497254+00:00,,,legacy_unavailable,valr,USDTZAR,ZAR,USDT,,,,stablecoin_tokens,1 stablecoin token = 1 USD; no FX conversion,,,sell_stablecoin_base_hit_bids,valr_usdtzar_raw.json,12c5a24df45685f44298e6f866cfa640df43d8ab0ceebe7a5f74dace10b6d393,10,16.46295,16.4629,16.463,323433.8531,323433.8531,5321023.85632295,True,False,11,
native_l2,legacy:2026-09-24,legacy_directory_identifier,data/exact_l2/2026-09-24,legacy_day_root,legacy,data/exact_l2/2026-09-24/manifest.json,552751cf18fd0f15ae031dbbe5cd3fa9c38c1bd170325bb1419ad8f3fc86fa06,data/exact_l2/2026-09-24/threshold_depth.csv,32100e139075415f6823610d8a51892942ddf2673d26de2b1f0a36374304be8f,data/exact_l2/2026-09-24/valr_usdtzar_raw.json,12c5a24df45685f44298e6f866cfa640df43d8ab0ceebe7a5f74dace10b6d393,sha256_verified,"[""base_asset"",""quote_asset"",""received_utc"",""exchange_timestamp_utc"",""source_url"",""source_params_json""]",2026-09-24,,2026-09-24T10:40:59.497254+00:00,,,legacy_unavailable,valr,USDTZAR,ZAR,USDT,,,,stablecoin_tokens,1 stablecoin token = 1 USD; no FX conversion,,,sell_stablecoin_base_hit_bids,valr_usdtzar_raw.json,12c5a24df45685f44298e6f866cfa640df43d8ab0ceebe7a5f74dace10b6d393,50,16.46295,16.4629,16.463,458128.0424,458128.0424,7532140.411170831,True,False,22,
native_l2,legacy:2026-09-24,legacy_directory_identifier,data/exact_l2/2026-09-24,legacy_day_root,legacy,data/exact_l2/2026-09-24/manifest.json,552751cf18fd0f15ae031dbbe5cd3fa9c38c1bd170325bb1419ad8f3fc86fa06,data/exact_l2/2026-09-24/threshold_depth.csv,32100e139075415f6823610d8a51892942ddf2673d26de2b1f0a36374304be8f,data/exact_l2/2026-09-24/valr_usdtzar_raw.json,12c5a24df45685f44298e6f866cfa640df43d8ab0ceebe7a5f74dace10b6d393,sha256_verified,"[""base_asset"",""quote_asset"",""received_utc"",""exchange_timestamp_utc"",""source_url"",""source_params_json""]",2026-09-24,,2026-09-24T10:40:59.497254+00:00,,,legacy_unavailable,valr,USDTZAR,ZAR,USDT,,,,stablecoin_tokens,1 stablecoin token = 1 USD; no FX conversion,,,sell_stablecoin_base_hit_bids,valr_usdtzar_raw.json,12c5a24df45685f44298e6f866cfa640df43d8ab0ceebe7a5f74dace10b6d393,100,16.46295,16.4629,16.463,521283.5819999999,521283.5819999999,8563554.917126864,True,False,43,
native_l2,legacy:2026-09-24,legacy_directory_identifier,data/exact_l2/2026-09-24,legacy_day_root,legacy,data/exact_l2/2026-09-24/manifest.json,552751cf18fd0f15ae031dbbe5cd3fa9c38c1bd170325bb1419ad8f3fc86fa06,data/exact_l2/2026-09-24/threshold_depth.csv,32100e139075415f6823610d8a51892942ddf2673d26de2b1f0a36374304be8f,data/exact_l2/2026-09-24/valr_usdtzar_raw.json,12c5a24df45685f44298e6f866cfa640df43d8ab0ceebe7a5f74dace10b6d393,sha256_verified,"[""base_asset"",""quote_asset"",""received_utc"",""exchange_timestamp_utc"",""source_url"",""source_params_json""]",2026-09-24,,2026-09-24T10:40:59.497254+00:00,,,legacy_unavailable,valr,USDTZAR,ZAR,USDT,,,,stablecoin_tokens,1 stablecoin token = 1 USD; no FX conversion,,,sell_stablecoin_base_hit_bids,valr_usdtzar_raw.json,12c5a24df45685f44298e6f866cfa640df43d8ab0ceebe7a5f74dace10b6d393,200,16.46295,16.4629,16.463,1006437.3888999997,1006437.3888999997,16449554.809177607,True,False,96,
native_l2,legacy:2026-09-24,legacy_directory_identifier,data/exact_l2/2026-09-24,legacy_day_root,legacy,data/exact_l2/2026-09-24/manifest.json,552751cf18fd0f15ae031dbbe5cd3fa9c38c1bd170325bb1419ad8f3fc86fa06,data/exact_l2/2026-09-24/threshold_depth.csv,32100e139075415f6823610d8a51892942ddf2673d26de2b1f0a36374304be8f,data/exact_l2/2026-09-24/bitkub_usdt_thb_raw.json,61095e10c14203927f09d3c939c54748881d40503f58845df92fc93acfcbe7f9,sha256_verified,"[""base_asset"",""quote_asset"",""received_utc"",""exchange_timestamp_utc"",""source_url"",""source_params_json""]",2026-09-24,,2026-09-24T10:40:59.798883+00:00,,,legacy_unavailable,bitkub,usdt_thb,THB,USDT,,,,stablecoin_tokens,1 stablecoin token = 1 USD; no FX conversion,,,sell_stablecoin_base_hit_bids,bitkub_usdt_thb_raw.json,61095e10c14203927f09d3c939c54748881d40503f58845df92fc93acfcbe7f9,10,33.405,33.4,33.41,106008.34999999999,106008.34999999999,3540321.6374999997,True,False,3,
native_l2,legacy:2026-09-24,legacy_directory_identifier,data/exact_l2/2026-09-24,legacy_day_root,legacy,data/exact_l2/2026-09-24/manifest.json,552751cf18fd0f15ae031dbbe5cd3fa9c38c1bd170325bb1419ad8f3fc86fa06,data/exact_l2/2026-09-24/threshold_depth.csv,32100e139075415f6823610d8a51892942ddf2673d26de2b1f0a36374304be8f,data/exact_l2/2026-09-24/bitkub_usdt_thb_raw.json,61095e10c14203927f09d3c939c54748881d40503f58845df92fc93acfcbe7f9,sha256_verified,"[""base_asset"",""quote_asset"",""received_utc"",""exchange_timestamp_utc"",""source_url"",""source_params_json""]",2026-09-24,,2026-09-24T10:40:59.798883+00:00,,,legacy_unavailable,bitkub,usdt_thb,THB,USDT,,,,stablecoin_tokens,1 stablecoin token = 1 USD; no FX conversion,,,sell_stablecoin_base_hit_bids,bitkub_usdt_thb_raw.json,61095e10c14203927f09d3c939c54748881d40503f58845df92fc93acfcbe7f9,50,33.405,33.4,33.41,185577.94999999998,185577.94999999998,6193305.1057,True,False,11,
native_l2,legacy:2026-09-24,legacy_directory_identifier,data/exact_l2/2026-09-24,legacy_day_root,legacy,data/exact_l2/2026-09-24/manifest.json,552751cf18fd0f15ae031dbbe5cd3fa9c38c1bd170325bb1419ad8f3fc86fa06,data/exact_l2/2026-09-24/threshold_depth.csv,32100e139075415f6823610d8a51892942ddf2673d26de2b1f0a36374304be8f,data/exact_l2/2026-09-24/bitkub_usdt_thb_raw.json,61095e10c14203927f09d3c939c54748881d40503f58845df92fc93acfcbe7f9,sha256_verified,"[""base_asset"",""quote_asset"",""received_utc"",""exchange_timestamp_utc"",""source_url"",""source_params_json""]",2026-09-24,,2026-09-24T10:40:59.798883+00:00,,,legacy_unavailable,bitkub,usdt_thb,THB,USDT,,,,stablecoin_tokens,1 stablecoin token = 1 USD; no FX conversion,,,sell_stablecoin_base_hit_bids,bitkub_usdt_thb_raw.json,61095e10c14203927f09d3c939c54748881d40503f58845df92fc93acfcbe7f9,100,33.405,33.4,33.41,257949.07,257949.07,8589846.005499998,True,False,25,
native_l2,legacy:2026-09-24,legacy_directory_identifier,data/exact_l2/2026-09-24,legacy_day_root,legacy,data/exact_l2/2026-09-24/manifest.json,552751cf18fd0f15ae031dbbe5cd3fa9c38c1bd170325bb1419ad8f3fc86fa06,data/exact_l2/2026-09-24/threshold_depth.csv,32100e139075415f6823610d8a51892942ddf2673d26de2b1f0a36374304be8f,data/exact_l2/2026-09-24/bitkub_usdt_thb_raw.json,61095e10c14203927f09d3c939c54748881d40503f58845df92fc93acfcbe7f9,sha256_verified,"[""base_asset"",""quote_asset"",""received_utc"",""exchange_timestamp_utc"",""source_url"",""source_params_json""]",2026-09-24,,2026-09-24T10:40:59.798883+00:00,,,legacy_unavailable,bitkub,usdt_thb,THB,USDT,,,,stablecoin_tokens,1 stablecoin token = 1 USD; no FX conversion,,,sell_stablecoin_base_hit_bids,bitkub_usdt_thb_raw.json,61095e10c14203927f09d3c939c54748881d40503f58845df92fc93acfcbe7f9,200,33.405,33.4,33.41,525401.3800000001,525401.3800000001,17394113.41669999,True,False,51,
native_l2,legacy:2026-09-25,legacy_directory_identifier,data/exact_l2/2026-09-25,legacy_day_root,legacy,data/exact_l2/2026-09-25/manifest.json,d77243e764ff270c7412ebeb466f5b8b24bbc835d7c32b8ec48daad5424e949a,data/exact_l2/2026-09-25/threshold_depth.csv,0f49a65649032e6f3a9025b8fa7b7f9e8ee1117af862a5ff40163c01da094e27,data/exact_l2/2026-09-25/valr_usdtzar_raw.json,a6a6084dd2d5f50eebf2f3a4be600738f88679bdf8b3c1c989f935e5eb24be77,sha256_verified,"[""base_asset"",""quote_asset"",""received_utc"",""exchange_timestamp_utc"",""source_url"",""source_params_json""]",2026-09-25,,2026-09-25T10:42:46.938332+00:00,,,legacy_unavailable,valr,USDTZAR,ZAR,USDT,,,,stablecoin_tokens,1 stablecoin token = 1 USD; no FX conversion,,,sell_stablecoin_base_hit_bids,valr_usdtzar_raw.json,a6a6084dd2d5f50eebf2f3a4be600738f88679bdf8b3c1c989f935e5eb24be77,10,16.366549999999997,16.3665,16.3666,448494.0474,448494.0474,7337439.8420536,True,False,18,
native_l2,legacy:2026-09-25,legacy_directory_identifier,data/exact_l2/2026-09-25,legacy_day_root,legacy,data/exact_l2/2026-09-25/manifest.json,d77243e764ff270c7412ebeb466f5b8b24bbc835d7c32b8ec48daad5424e949a,data/exact_l2/2026-09-25/threshold_depth.csv,0f49a65649032e6f3a9025b8fa7b7f9e8ee1117af862a5ff40163c01da094e27,data/exact_l2/2026-09-25/valr_usdtzar_raw.json,a6a6084dd2d5f50eebf2f3a4be600738f88679bdf8b3c1c989f935e5eb24be77,sha256_verified,"[""base_asset"",""quote_asset"",""received_utc"",""exchange_timestamp_utc"",""source_url"",""source_params_json""]",2026-09-25,,2026-09-25T10:42:46.938332+00:00,,,legacy_unavailable,valr,USDTZAR,ZAR,USDT,,,,stablecoin_tokens,1 stablecoin token = 1 USD; no FX conversion,,,sell_stablecoin_base_hit_bids,valr_usdtzar_raw.json,a6a6084dd2d5f50eebf2f3a4be600738f88679bdf8b3c1c989f935e5eb24be77,50,16.366549999999997,16.3665,16.3666,752631.9132999998,752631.9132999998,12299232.63706753,True,False,50,
native_l2,legacy:2026-09-25,legacy_directory_identifier,data/exact_l2/2026-09-25,legacy_day_root,legacy,data/exact_l2/2026-09-25/manifest.json,d77243e764ff270c7412ebeb466f5b8b24bbc835d7c32b8ec48daad5424e949a,data/exact_l2/2026-09-25/threshold_depth.csv,0f49a65649032e6f3a9025b8fa7b7f9e8ee1117af862a5ff40163c01da094e27,data/exact_l2/2026-09-25/valr_usdtzar_raw.json,a6a6084dd2d5f50eebf2f3a4be600738f88679bdf8b3c1c989f935e5eb24be77,sha256_verified,"[""base_asset"",""quote_asset"",""received_utc"",""exchange_timestamp_utc"",""source_url"",""source_params_json""]",2026-09-25,,2026-09-25T10:42:46.938332+00:00,,,legacy_unavailable,valr,USDTZAR,ZAR,USDT,,,,stablecoin_tokens,1 stablecoin token = 1 USD; no FX conversion,,,sell_stablecoin_base_hit_bids,valr_usdtzar_raw.json,a6a6084dd2d5f50eebf2f3a4be600738f88679bdf8b3c1c989f935e5eb24be77,100,16.366549999999997,16.3665,16.3666,925229.8470999994,925229.8470999994,15103333.91952268,True,False,86,
native_l2,legacy:2026-09-25,legacy_directory_identifier,data/exact_l2/2026-09-25,legacy_day_root,legacy,data/exact_l2/2026-09-25/manifest.json,d77243e764ff270c7412ebeb466f5b8b24bbc835d7c32b8ec48daad5424e949a,data/exact_l2/2026-09-25/threshold_depth.csv,0f49a65649032e6f3a9025b8fa7b7f9e8ee1117af862a5ff40163c01da094e27,data/exact_l2/2026-09-25/valr_usdtzar_raw.json,a6a6084dd2d5f50eebf2f3a4be600738f88679bdf8b3c1c989f935e5eb24be77,sha256_verified,"[""base_asset"",""quote_asset"",""received_utc"",""exchange_timestamp_utc"",""source_url"",""source_params_json""]",2026-09-25,,2026-09-25T10:42:46.938332+00:00,,,legacy_unavailable,valr,USDTZAR,ZAR,USDT,,,,stablecoin_tokens,1 stablecoin token = 1 USD; no FX conversion,,,sell_stablecoin_base_hit_bids,valr_usdtzar_raw.json,a6a6084dd2d5f50eebf2f3a4be600738f88679bdf8b3c1c989f935e5eb24be77,200,16.366549999999997,16.3665,16.3666,949559.3108999993,949559.3108999993,15497132.66502933,True,False,117,
native_l2,legacy:2026-09-25,legacy_directory_identifier,data/exact_l2/2026-09-25,legacy_day_root,legacy,data/exact_l2/2026-09-25/manifest.json,d77243e764ff270c7412ebeb466f5b8b24bbc835d7c32b8ec48daad5424e949a,data/exact_l2/2026-09-25/threshold_depth.csv,0f49a65649032e6f3a9025b8fa7b7f9e8ee1117af862a5ff40163c01da094e27,data/exact_l2/2026-09-25/bitkub_usdt_thb_raw.json,cda4d2a2ae132666f1b4cb63303d3aef8f6c67fcc1f97e440bb3ffee19eed691,sha256_verified,"[""base_asset"",""quote_asset"",""received_utc"",""exchange_timestamp_utc"",""source_url"",""source_params_json""]",2026-09-25,,2026-09-25T10:42:47.287960+00:00,,,legacy_unavailable,bitkub,usdt_thb,THB,USDT,,,,stablecoin_tokens,1 stablecoin token = 1 USD; no FX conversion,,,sell_stablecoin_base_hit_bids,bitkub_usdt_thb_raw.json,cda4d2a2ae132666f1b4cb63303d3aef8f6c67fcc1f97e440bb3ffee19eed691,10,33.295,33.29,33.3,417946.85,417946.85,13912638.7035,True,False,3,
native_l2,legacy:2026-09-25,legacy_directory_identifier,data/exact_l2/2026-09-25,legacy_day_root,legacy,data/exact_l2/2026-09-25/manifest.json,d77243e764ff270c7412ebeb466f5b8b24bbc835d7c32b8ec48daad5424e949a,data/exact_l2/2026-09-25/threshold_depth.csv,0f49a65649032e6f3a9025b8fa7b7f9e8ee1117af862a5ff40163c01da094e27,data/exact_l2/2026-09-25/bitkub_usdt_thb_raw.json,cda4d2a2ae132666f1b4cb63303d3aef8f6c67fcc1f97e440bb3ffee19eed691,sha256_verified,"[""base_asset"",""quote_asset"",""received_utc"",""exchange_timestamp_utc"",""source_url"",""source_params_json""]",2026-09-25,,2026-09-25T10:42:47.287960+00:00,,,legacy_unavailable,bitkub,usdt_thb,THB,USDT,,,,stablecoin_tokens,1 stablecoin token = 1 USD; no FX conversion,,,sell_stablecoin_base_hit_bids,bitkub_usdt_thb_raw.json,cda4d2a2ae132666f1b4cb63303d3aef8f6c67fcc1f97e440bb3ffee19eed691,50,33.295,33.29,33.3,491038.36999999994,491038.36999999994,16340496.4981,True,False,17,
native_l2,legacy:2026-09-25,legacy_directory_identifier,data/exact_l2/2026-09-25,legacy_day_root,legacy,data/exact_l2/2026-09-25/manifest.json,d77243e764ff270c7412ebeb466f5b8b24bbc835d7c32b8ec48daad5424e949a,data/exact_l2/2026-09-25/threshold_depth.csv,0f49a65649032e6f3a9025b8fa7b7f9e8ee1117af862a5ff40163c01da094e27,data/exact_l2/2026-09-25/bitkub_usdt_thb_raw.json,cda4d2a2ae132666f1b4cb63303d3aef8f6c67fcc1f97e440bb3ffee19eed691,sha256_verified,"[""base_asset"",""quote_asset"",""received_utc"",""exchange_timestamp_utc"",""source_url"",""source_params_json""]",2026-09-25,,2026-09-25T10:42:47.287960+00:00,,,legacy_unavailable,bitkub,usdt_thb,THB,USDT,,,,stablecoin_tokens,1 stablecoin token = 1 USD; no FX conversion,,,sell_stablecoin_base_hit_bids,bitkub_usdt_thb_raw.json,cda4d2a2ae132666f1b4cb63303d3aef8f6c67fcc1f97e440bb3ffee19eed691,100,33.295,33.29,33.3,699740.9199999999,699740.9199999999,23230264.076200005,True,False,29,
native_l2,legacy:2026-09-25,legacy_directory_identifier,data/exact_l2/2026-09-25,legacy_day_root,legacy,data/exact_l2/2026-09-25/manifest.json,d77243e764ff270c7412ebeb466f5b8b24bbc835d7c32b8ec48daad5424e949a,data/exact_l2/2026-09-25/threshold_depth.csv,0f49a65649032e6f3a9025b8fa7b7f9e8ee1117af862a5ff40163c01da094e27,data/exact_l2/2026-09-25/bitkub_usdt_thb_raw.json,cda4d2a2ae132666f1b4cb63303d3aef8f6c67fcc1f97e440bb3ffee19eed691,sha256_verified,"[""base_asset"",""quote_asset"",""received_utc"",""exchange_timestamp_utc"",""source_url"",""source_params_json""]",2026-09-25,,2026-09-25T10:42:47.287960+00:00,,,legacy_unavailable,bitkub,usdt_thb,THB,USDT,,,,stablecoin_tokens,1 stablecoin token = 1 USD; no FX conversion,,,sell_stablecoin_base_hit_bids,bitkub_usdt_thb_raw.json,cda4d2a2ae132666f1b4cb63303d3aef8f6c67fcc1f97e440bb3ffee19eed691,200,33.295,33.29,33.3,854039.4499999996,854039.4499999996,28299523.31250001,True,False,57,
native_l2,legacy:2026-09-26,legacy_directory_identifier,data/exact_l2/2026-09-26,legacy_day_root,legacy,data/exact_l2/2026-09-26/manifest.json,92421f89fa05168478f0dedb6b0d9a5fe1b8b23f32cc24cc253129ec50a50716,data/exact_l2/2026-09-26/threshold_depth.csv,7f163c3562a9c13e8dae3b5e3ad2fcfc34ca88d54f8af0058f9202aac4515cc6,data/exact_l2/2026-09-26/valr_usdtzar_raw.json,3e224dacf51ea6f3b2db3bcc402fc30ee8401127aac899d2e490d598dfa7a9a1,sha256_verified,"[""base_asset"",""quote_asset"",""received_utc"",""exchange_timestamp_utc"",""source_url"",""source_params_json""]",2026-09-26,,2026-09-26T10:24:44.264813+00:00,,,legacy_unavailable,valr,USDTZAR,ZAR,USDT,,,,stablecoin_tokens,1 stablecoin token = 1 USD; no FX conversion,,,sell_stablecoin_base_hit_bids,valr_usdtzar_raw.json,3e224dacf51ea6f3b2db3bcc402fc30ee8401127aac899d2e490d598dfa7a9a1,10,16.3447,16.3432,16.3462,21000.6119,21000.6119,343009.0004040799,True,False,3,
native_l2,legacy:2026-09-26,legacy_directory_identifier,data/exact_l2/2026-09-26,legacy_day_root,legacy,data/exact_l2/2026-09-26/manifest.json,92421f89fa05168478f0dedb6b0d9a5fe1b8b23f32cc24cc253129ec50a50716,data/exact_l2/2026-09-26/threshold_depth.csv,7f163c3562a9c13e8dae3b5e3ad2fcfc34ca88d54f8af0058f9202aac4515cc6,data/exact_l2/2026-09-26/valr_usdtzar_raw.json,3e224dacf51ea6f3b2db3bcc402fc30ee8401127aac899d2e490d598dfa7a9a1,sha256_verified,"[""base_asset"",""quote_asset"",""received_utc"",""exchange_timestamp_utc"",""source_url"",""source_params_json""]",2026-09-26,,2026-09-26T10:24:44.264813+00:00,,,legacy_unavailable,valr,USDTZAR,ZAR,USDT,,,,stablecoin_tokens,1 stablecoin token = 1 USD; no FX conversion,,,sell_stablecoin_base_hit_bids,valr_usdtzar_raw.json,3e224dacf51ea6f3b2db3bcc402fc30ee8401127aac899d2e490d598dfa7a9a1,50,16.3447,16.3432,16.3462,198729.9281,198729.9281,3237405.4586442,True,False,34,
native_l2,legacy:2026-09-26,legacy_directory_identifier,data/exact_l2/2026-09-26,legacy_day_root,legacy,data/exact_l2/2026-09-26/manifest.json,92421f89fa05168478f0dedb6b0d9a5fe1b8b23f32cc24cc253129ec50a50716,data/exact_l2/2026-09-26/threshold_depth.csv,7f163c3562a9c13e8dae3b5e3ad2fcfc34ca88d54f8af0058f9202aac4515cc6,data/exact_l2/2026-09-26/valr_usdtzar_raw.json,3e224dacf51ea6f3b2db3bcc402fc30ee8401127aac899d2e490d598dfa7a9a1,sha256_verified,"[""base_asset"",""quote_asset"",""received_utc"",""exchange_timestamp_utc"",""source_url"",""source_params_json""]",2026-09-26,,2026-09-26T10:24:44.264813+00:00,,,legacy_unavailable,valr,USDTZAR,ZAR,USDT,,,,stablecoin_tokens,1 stablecoin token = 1 USD; no FX conversion,,,sell_stablecoin_base_hit_bids,valr_usdtzar_raw.json,3e224dacf51ea6f3b2db3bcc402fc30ee8401127aac899d2e490d598dfa7a9a1,100,16.3447,16.3432,16.3462,618135.6971999999,618135.6971999999,10049746.179032473,True,False,74,
native_l2,legacy:2026-09-26,legacy_directory_identifier,data/exact_l2/2026-09-26,legacy_day_root,legacy,data/exact_l2/2026-09-26/manifest.json,92421f89fa05168478f0dedb6b0d9a5fe1b8b23f32cc24cc253129ec50a50716,data/exact_l2/2026-09-26/threshold_depth.csv,7f163c3562a9c13e8dae3b5e3ad2fcfc34ca88d54f8af0058f9202aac4515cc6,data/exact_l2/2026-09-26/valr_usdtzar_raw.json,3e224dacf51ea6f3b2db3bcc402fc30ee8401127aac899d2e490d598dfa7a9a1,sha256_verified,"[""base_asset"",""quote_asset"",""received_utc"",""exchange_timestamp_utc"",""source_url"",""source_params_json""]",2026-09-26,,2026-09-26T10:24:44.264813+00:00,,,legacy_unavailable,valr,USDTZAR,ZAR,USDT,,,,stablecoin_tokens,1 stablecoin token = 1 USD; no FX conversion,,,sell_stablecoin_base_hit_bids,valr_usdtzar_raw.json,3e224dacf51ea6f3b2db3bcc402fc30ee8401127aac899d2e490d598dfa7a9a1,200,16.3447,16.3432,16.3462,626894.3748,626894.3748,10191172.467926683,True,False,104,
native_l2,legacy:2026-09-26,legacy_directory_identifier,data/exact_l2/2026-09-26,legacy_day_root,legacy,data/exact_l2/2026-09-26/manifest.json,92421f89fa05168478f0dedb6b0d9a5fe1b8b23f32cc24cc253129ec50a50716,data/exact_l2/2026-09-26/threshold_depth.csv,7f163c3562a9c13e8dae3b5e3ad2fcfc34ca88d54f8af0058f9202aac4515cc6,data/exact_l2/2026-09-26/bitkub_usdt_thb_raw.json,f233ff26ff9e75cb6f17ce6030f16fdda7155e8f77d5bf5579846f4dbeb316bf,sha256_verified,"[""base_asset"",""quote_asset"",""received_utc"",""exchange_timestamp_utc"",""source_url"",""source_params_json""]",2026-09-26,,2026-09-26T10:24:44.567852+00:00,,,legacy_unavailable,bitkub,usdt_thb,THB,USDT,,,,stablecoin_tokens,1 stablecoin token = 1 USD; no FX conversion,,,sell_stablecoin_base_hit_bids,bitkub_usdt_thb_raw.json,f233ff26ff9e75cb6f17ce6030f16fdda7155e8f77d5bf5579846f4dbeb316bf,10,33.375,33.37,33.38,1037085.79,1037085.79,34602952.4007,True,False,3,
native_l2,legacy:2026-09-26,legacy_directory_identifier,data/exact_l2/2026-09-26,legacy_day_root,legacy,data/exact_l2/2026-09-26/manifest.json,92421f89fa05168478f0dedb6b0d9a5fe1b8b23f32cc24cc253129ec50a50716,data/exact_l2/2026-09-26/threshold_depth.csv,7f163c3562a9c13e8dae3b5e3ad2fcfc34ca88d54f8af0058f9202aac4515cc6,data/exact_l2/2026-09-26/bitkub_usdt_thb_raw.json,f233ff26ff9e75cb6f17ce6030f16fdda7155e8f77d5bf5579846f4dbeb316bf,sha256_verified,"[""base_asset"",""quote_asset"",""received_utc"",""exchange_timestamp_utc"",""source_url"",""source_params_json""]",2026-09-26,,2026-09-26T10:24:44.567852+00:00,,,legacy_unavailable,bitkub,usdt_thb,THB,USDT,,,,stablecoin_tokens,1 stablecoin token = 1 USD; no FX conversion,,,sell_stablecoin_base_hit_bids,bitkub_usdt_thb_raw.json,f233ff26ff9e75cb6f17ce6030f16fdda7155e8f77d5bf5579846f4dbeb316bf,50,33.375,33.37,33.38,1141421.1700000002,1141421.1700000002,38077623.996800005,True,False,16,
native_l2,legacy:2026-09-26,legacy_directory_identifier,data/exact_l2/2026-09-26,legacy_day_root,legacy,data/exact_l2/2026-09-26/manifest.json,92421f89fa05168478f0dedb6b0d9a5fe1b8b23f32cc24cc253129ec50a50716,data/exact_l2/2026-09-26/threshold_depth.csv,7f163c3562a9c13e8dae3b5e3ad2fcfc34ca88d54f8af0058f9202aac4515cc6,data/exact_l2/2026-09-26/bitkub_usdt_thb_raw.json,f233ff26ff9e75cb6f17ce6030f16fdda7155e8f77d5bf5579846f4dbeb316bf,sha256_verified,"[""base_asset"",""quote_asset"",""received_utc"",""exchange_timestamp_utc"",""source_url"",""source_params_json""]",2026-09-26,,2026-09-26T10:24:44.567852+00:00,,,legacy_unavailable,bitkub,usdt_thb,THB,USDT,,,,stablecoin_tokens,1 stablecoin token = 1 USD; no FX conversion,,,sell_stablecoin_base_hit_bids,bitkub_usdt_thb_raw.json,f233ff26ff9e75cb6f17ce6030f16fdda7155e8f77d5bf5579846f4dbeb316bf,100,33.375,33.37,33.38,1167408.0500000003,1167408.0500000003,38938032.7545,True,False,29,
native_l2,legacy:2026-09-26,legacy_directory_identifier,data/exact_l2/2026-09-26,legacy_day_root,legacy,data/exact_l2/2026-09-26/manifest.json,92421f89fa05168478f0dedb6b0d9a5fe1b8b23f32cc24cc253129ec50a50716,data/exact_l2/2026-09-26/threshold_depth.csv,7f163c3562a9c13e8dae3b5e3ad2fcfc34ca88d54f8af0058f9202aac4515cc6,data/exact_l2/2026-09-26/bitkub_usdt_thb_raw.json,f233ff26ff9e75cb6f17ce6030f16fdda7155e8f77d5bf5579846f4dbeb316bf,sha256_verified,"[""base_asset"",""quote_asset"",""received_utc"",""exchange_timestamp_utc"",""source_url"",""source_params_json""]",2026-09-26,,2026-09-26T10:24:44.567852+00:00,,,legacy_unavailable,bitkub,usdt_thb,THB,USDT,,,,stablecoin_tokens,1 stablecoin token = 1 USD; no FX conversion,,,sell_stablecoin_base_hit_bids,bitkub_usdt_thb_raw.json,f233ff26ff9e75cb6f17ce6030f16fdda7155e8f77d5bf5579846f4dbeb316bf,200,33.375,33.37,33.38,1434687.4100000006,1434687.4100000006,47737799.26259998,True,False,55,
native_l2,legacy:2026-09-27,legacy_directory_identifier,data/exact_l2/2026-09-27,legacy_day_root,legacy,data/exact_l2/2026-09-27/manifest.json,2b3751da5065bb341b59e5fa056a53f05c8891119a2c4b390fcb5ddbb50e600a,data/exact_l2/2026-09-27/threshold_depth.csv,1821f94fb767bbb529c04f7b1b77fc9073b10233a4ecdfd119ca7c9cd5a13ef2,data/exact_l2/2026-09-27/valr_usdtzar_raw.json,d0fc37c1c19089bf071fe364b4de420173274c00bd91a1d32ad561bbf634c76f,sha256_verified,"[""base_asset"",""quote_asset"",""received_utc"",""exchange_timestamp_utc"",""source_url"",""source_params_json""]",2026-09-27,,2026-09-27T10:54:19.864804+00:00,,,legacy_unavailable,valr,USDTZAR,ZAR,USDT,,,,stablecoin_tokens,1 stablecoin token = 1 USD; no FX conversion,,,sell_stablecoin_base_hit_bids,valr_usdtzar_raw.json,d0fc37c1c19089bf071fe364b4de420173274c00bd91a1d32ad561bbf634c76f,10,16.328850000000003,16.3288,16.3289,29295.6472,29295.6472,478141.8620678601,True,False,7,
native_l2,legacy:2026-09-27,legacy_directory_identifier,data/exact_l2/2026-09-27,legacy_day_root,legacy,data/exact_l2/2026-09-27/manifest.json,2b3751da5065bb341b59e5fa056a53f05c8891119a2c4b390fcb5ddbb50e600a,data/exact_l2/2026-09-27/threshold_depth.csv,1821f94fb767bbb529c04f7b1b77fc9073b10233a4ecdfd119ca7c9cd5a13ef2,data/exact_l2/2026-09-27/valr_usdtzar_raw.json,d0fc37c1c19089bf071fe364b4de420173274c00bd91a1d32ad561bbf634c76f,sha256_verified,"[""base_asset"",""quote_asset"",""received_utc"",""exchange_timestamp_utc"",""source_url"",""source_params_json""]",2026-09-27,,2026-09-27T10:54:19.864804+00:00,,,legacy_unavailable,valr,USDTZAR,ZAR,USDT,,,,stablecoin_tokens,1 stablecoin token = 1 USD; no FX conversion,,,sell_stablecoin_base_hit_bids,valr_usdtzar_raw.json,d0fc37c1c19089bf071fe364b4de420173274c00bd91a1d32ad561bbf634c76f,50,16.328850000000003,16.3288,16.3289,476607.35559999995,476607.35559999995,7753467.90460893,True,False,46,
native_l2,legacy:2026-09-27,legacy_directory_identifier,data/exact_l2/2026-09-27,legacy_day_root,legacy,data/exact_l2/2026-09-27/manifest.json,2b3751da5065bb341b59e5fa056a53f05c8891119a2c4b390fcb5ddbb50e600a,data/exact_l2/2026-09-27/threshold_depth.csv,1821f94fb767bbb529c04f7b1b77fc9073b10233a4ecdfd119ca7c9cd5a13ef2,data/exact_l2/2026-09-27/valr_usdtzar_raw.json,d0fc37c1c19089bf071fe364b4de420173274c00bd91a1d32ad561bbf634c76f,sha256_verified,"[""base_asset"",""quote_asset"",""received_utc"",""exchange_timestamp_utc"",""source_url"",""source_params_json""]",2026-09-27,,2026-09-27T10:54:19.864804+00:00,,,legacy_unavailable,valr,USDTZAR,ZAR,USDT,,,,stablecoin_tokens,1 stablecoin token = 1 USD; no FX conversion,,,sell_stablecoin_base_hit_bids,valr_usdtzar_raw.json,d0fc37c1c19089bf071fe364b4de420173274c00bd91a1d32ad561bbf634c76f,100,16.328850000000003,16.3288,16.3289,623765.1509000001,623765.1509000001,10142249.464892132,True,False,74,
native_l2,legacy:2026-09-27,legacy_directory_identifier,data/exact_l2/2026-09-27,legacy_day_root,legacy,data/exact_l2/2026-09-27/manifest.json,2b3751da5065bb341b59e5fa056a53f05c8891119a2c4b390fcb5ddbb50e600a,data/exact_l2/2026-09-27/threshold_depth.csv,1821f94fb767bbb529c04f7b1b77fc9073b10233a4ecdfd119ca7c9cd5a13ef2,data/exact_l2/2026-09-27/valr_usdtzar_raw.json,d0fc37c1c19089bf071fe364b4de420173274c00bd91a1d32ad561bbf634c76f,sha256_verified,"[""base_asset"",""quote_asset"",""received_utc"",""exchange_timestamp_utc"",""source_url"",""source_params_json""]",2026-09-27,,2026-09-27T10:54:19.864804+00:00,,,legacy_unavailable,valr,USDTZAR,ZAR,USDT,,,,stablecoin_tokens,1 stablecoin token = 1 USD; no FX conversion,,,sell_stablecoin_base_hit_bids,valr_usdtzar_raw.json,d0fc37c1c19089bf071fe364b4de420173274c00bd91a1d32ad561bbf634c76f,200,16.328850000000003,16.3288,16.3289,632517.7099000002,632517.7099000002,10283575.754860342,True,False,103,
native_l2,legacy:2026-09-27,legacy_directory_identifier,data/exact_l2/2026-09-27,legacy_day_root,legacy,data/exact_l2/2026-09-27/manifest.json,2b3751da5065bb341b59e5fa056a53f05c8891119a2c4b390fcb5ddbb50e600a,data/exact_l2/2026-09-27/threshold_depth.csv,1821f94fb767bbb529c04f7b1b77fc9073b10233a4ecdfd119ca7c9cd5a13ef2,data/exact_l2/2026-09-27/bitkub_usdt_thb_raw.json,60a811c0b6e89fac9cccd18b46a659a58de7c8024212f126bbc02fa758a9ed09,sha256_verified,"[""base_asset"",""quote_asset"",""received_utc"",""exchange_timestamp_utc"",""source_url"",""source_params_json""]",2026-09-27,,2026-09-27T10:54:20.126887+00:00,,,legacy_unavailable,bitkub,usdt_thb,THB,USDT,,,,stablecoin_tokens,1 stablecoin token = 1 USD; no FX conversion,,,sell_stablecoin_base_hit_bids,bitkub_usdt_thb_raw.json,60a811c0b6e89fac9cccd18b46a659a58de7c8024212f126bbc02fa758a9ed09,10,33.394999999999996,33.39,33.4,1409894.5699999998,1409894.5699999998,47071008.5868,True,False,3,
native_l2,legacy:2026-09-27,legacy_directory_identifier,data/exact_l2/2026-09-27,legacy_day_root,legacy,data/exact_l2/2026-09-27/manifest.json,2b3751da5065bb341b59e5fa056a53f05c8891119a2c4b390fcb5ddbb50e600a,data/exact_l2/2026-09-27/threshold_depth.csv,1821f94fb767bbb529c04f7b1b77fc9073b10233a4ecdfd119ca7c9cd5a13ef2,data/exact_l2/2026-09-27/bitkub_usdt_thb_raw.json,60a811c0b6e89fac9cccd18b46a659a58de7c8024212f126bbc02fa758a9ed09,sha256_verified,"[""base_asset"",""quote_asset"",""received_utc"",""exchange_timestamp_utc"",""source_url"",""source_params_json""]",2026-09-27,,2026-09-27T10:54:20.126887+00:00,,,legacy_unavailable,bitkub,usdt_thb,THB,USDT,,,,stablecoin_tokens,1 stablecoin token = 1 USD; no FX conversion,,,sell_stablecoin_base_hit_bids,bitkub_usdt_thb_raw.json,60a811c0b6e89fac9cccd18b46a659a58de7c8024212f126bbc02fa758a9ed09,50,33.394999999999996,33.39,33.4,1496983.2799999998,1496983.2799999998,49972738.0123,True,False,16,
native_l2,legacy:2026-09-27,legacy_directory_identifier,data/exact_l2/2026-09-27,legacy_day_root,legacy,data/exact_l2/2026-09-27/manifest.json,2b3751da5065bb341b59e5fa056a53f05c8891119a2c4b390fcb5ddbb50e600a,data/exact_l2/2026-09-27/threshold_depth.csv,1821f94fb767bbb529c04f7b1b77fc9073b10233a4ecdfd119ca7c9cd5a13ef2,data/exact_l2/2026-09-27/bitkub_usdt_thb_raw.json,60a811c0b6e89fac9cccd18b46a659a58de7c8024212f126bbc02fa758a9ed09,sha256_verified,"[""base_asset"",""quote_asset"",""received_utc"",""exchange_timestamp_utc"",""source_url"",""source_params_json""]",2026-09-27,,2026-09-27T10:54:20.126887+00:00,,,legacy_unavailable,bitkub,usdt_thb,THB,USDT,,,,stablecoin_tokens,1 stablecoin token = 1 USD; no FX conversion,,,sell_stablecoin_base_hit_bids,bitkub_usdt_thb_raw.json,60a811c0b6e89fac9cccd18b46a659a58de7c8024212f126bbc02fa758a9ed09,100,33.394999999999996,33.39,33.4,1521044.5699999998,1521044.5699999998,50770538.5102,True,False,30,
native_l2,legacy:2026-09-27,legacy_directory_identifier,data/exact_l2/2026-09-27,legacy_day_root,legacy,data/exact_l2/2026-09-27/manifest.json,2b3751da5065bb341b59e5fa056a53f05c8891119a2c4b390fcb5ddbb50e600a,data/exact_l2/2026-09-27/threshold_depth.csv,1821f94fb767bbb529c04f7b1b77fc9073b10233a4ecdfd119ca7c9cd5a13ef2,data/exact_l2/2026-09-27/bitkub_usdt_thb_raw.json,60a811c0b6e89fac9cccd18b46a659a58de7c8024212f126bbc02fa758a9ed09,sha256_verified,"[""base_asset"",""quote_asset"",""received_utc"",""exchange_timestamp_utc"",""source_url"",""source_params_json""]",2026-09-27,,2026-09-27T10:54:20.126887+00:00,,,legacy_unavailable,bitkub,usdt_thb,THB,USDT,,,,stablecoin_tokens,1 stablecoin token = 1 USD; no FX conversion,,,sell_stablecoin_base_hit_bids,bitkub_usdt_thb_raw.json,60a811c0b6e89fac9cccd18b46a659a58de7c8024212f126bbc02fa758a9ed09,200,33.394999999999996,33.39,33.4,1801489.32,1801489.32,60005708.82189999,True,False,56,
native_l2,legacy:2026-09-28,legacy_directory_identifier,data/exact_l2/2026-09-28,legacy_day_root,legacy,data/exact_l2/2026-09-28/manifest.json,a6b3e60d0777aeec175d2024180c25675a9cbb0d08814c7ac79ff99c602906ee,data/exact_l2/2026-09-28/threshold_depth.csv,1ea42076bea873b514bb59a3ccdda804d4f41095a09c2a86c8e6cdd47dc3f9e1,data/exact_l2/2026-09-28/valr_usdtzar_raw.json,a1fed8aeab45d0c84e6b205ab812c81b758bd29eb417130736d7afa10d75e4ab,sha256_verified,"[""base_asset"",""quote_asset"",""received_utc"",""exchange_timestamp_utc"",""source_url"",""source_params_json""]",2026-09-28,,2026-09-28T12:09:22.381900+00:00,,,legacy_unavailable,valr,USDTZAR,ZAR,USDT,,,,stablecoin_tokens,1 stablecoin token = 1 USD; no FX conversion,,,sell_stablecoin_base_hit_bids,valr_usdtzar_raw.json,a1fed8aeab45d0c84e6b205ab812c81b758bd29eb417130736d7afa10d75e4ab,10,16.451,16.4494,16.4526,727063.7535999999,727063.7535999999,11953142.451450083,True,False,10,
native_l2,legacy:2026-09-28,legacy_directory_identifier,data/exact_l2/2026-09-28,legacy_day_root,legacy,data/exact_l2/2026-09-28/manifest.json,a6b3e60d0777aeec175d2024180c25675a9cbb0d08814c7ac79ff99c602906ee,data/exact_l2/2026-09-28/threshold_depth.csv,1ea42076bea873b514bb59a3ccdda804d4f41095a09c2a86c8e6cdd47dc3f9e1,data/exact_l2/2026-09-28/valr_usdtzar_raw.json,a1fed8aeab45d0c84e6b205ab812c81b758bd29eb417130736d7afa10d75e4ab,sha256_verified,"[""base_asset"",""quote_asset"",""received_utc"",""exchange_timestamp_utc"",""source_url"",""source_params_json""]",2026-09-28,,2026-09-28T12:09:22.381900+00:00,,,legacy_unavailable,valr,USDTZAR,ZAR,USDT,,,,stablecoin_tokens,1 stablecoin token = 1 USD; no FX conversion,,,sell_stablecoin_base_hit_bids,valr_usdtzar_raw.json,a1fed8aeab45d0c84e6b205ab812c81b758bd29eb417130736d7afa10d75e4ab,50,16.451,16.4494,16.4526,1687634.0915,1687634.0915,27733668.885384846,True,False,26,
native_l2,legacy:2026-09-28,legacy_directory_identifier,data/exact_l2/2026-09-28,legacy_day_root,legacy,data/exact_l2/2026-09-28/manifest.json,a6b3e60d0777aeec175d2024180c25675a9cbb0d08814c7ac79ff99c602906ee,data/exact_l2/2026-09-28/threshold_depth.csv,1ea42076bea873b514bb59a3ccdda804d4f41095a09c2a86c8e6cdd47dc3f9e1,data/exact_l2/2026-09-28/valr_usdtzar_raw.json,a1fed8aeab45d0c84e6b205ab812c81b758bd29eb417130736d7afa10d75e4ab,sha256_verified,"[""base_asset"",""quote_asset"",""received_utc"",""exchange_timestamp_utc"",""source_url"",""source_params_json""]",2026-09-28,,2026-09-28T12:09:22.381900+00:00,,,legacy_unavailable,valr,USDTZAR,ZAR,USDT,,,,stablecoin_tokens,1 stablecoin token = 1 USD; no FX conversion,,,sell_stablecoin_base_hit_bids,valr_usdtzar_raw.json,a1fed8aeab45d0c84e6b205ab812c81b758bd29eb417130736d7afa10d75e4ab,100,16.451,16.4494,16.4526,2533173.522300001,2533173.522300001,41539920.10857931,True,False,42,
native_l2,legacy:2026-09-28,legacy_directory_identifier,data/exact_l2/2026-09-28,legacy_day_root,legacy,data/exact_l2/2026-09-28/manifest.json,a6b3e60d0777aeec175d2024180c25675a9cbb0d08814c7ac79ff99c602906ee,data/exact_l2/2026-09-28/threshold_depth.csv,1ea42076bea873b514bb59a3ccdda804d4f41095a09c2a86c8e6cdd47dc3f9e1,data/exact_l2/2026-09-28/valr_usdtzar_raw.json,a1fed8aeab45d0c84e6b205ab812c81b758bd29eb417130736d7afa10d75e4ab,sha256_verified,"[""base_asset"",""quote_asset"",""received_utc"",""exchange_timestamp_utc"",""source_url"",""source_params_json""]",2026-09-28,,2026-09-28T12:09:22.381900+00:00,,,legacy_unavailable,valr,USDTZAR,ZAR,USDT,,,,stablecoin_tokens,1 stablecoin token = 1 USD; no FX conversion,,,sell_stablecoin_base_hit_bids,valr_usdtzar_raw.json,a1fed8aeab45d0c84e6b205ab812c81b758bd29eb417130736d7afa10d75e4ab,200,16.451,16.4494,16.4526,2833495.5553000006,2833495.5553000006,46417378.091762505,True,False,109,
native_l2,legacy:2026-09-28,legacy_directory_identifier,data/exact_l2/2026-09-28,legacy_day_root,legacy,data/exact_l2/2026-09-28/manifest.json,a6b3e60d0777aeec175d2024180c25675a9cbb0d08814c7ac79ff99c602906ee,data/exact_l2/2026-09-28/threshold_depth.csv,1ea42076bea873b514bb59a3ccdda804d4f41095a09c2a86c8e6cdd47dc3f9e1,data/exact_l2/2026-09-28/bitkub_usdt_thb_raw.json,4cc2f895ec72925142eec2b4bb7bc079d91fdaac2ed3b4cf29247e0526d2889a,sha256_verified,"[""base_asset"",""quote_asset"",""received_utc"",""exchange_timestamp_utc"",""source_url"",""source_params_json""]",2026-09-28,,2026-09-28T12:09:22.598620+00:00,,,legacy_unavailable,bitkub,usdt_thb,THB,USDT,,,,stablecoin_tokens,1 stablecoin token = 1 USD; no FX conversion,,,sell_stablecoin_base_hit_bids,bitkub_usdt_thb_raw.json,4cc2f895ec72925142eec2b4bb7bc079d91fdaac2ed3b4cf29247e0526d2889a,10,33.555,33.55,33.56,455045.42,455045.42,15264665.492099999,True,False,3,
native_l2,legacy:2026-09-28,legacy_directory_identifier,data/exact_l2/2026-09-28,legacy_day_root,legacy,data/exact_l2/2026-09-28/manifest.json,a6b3e60d0777aeec175d2024180c25675a9cbb0d08814c7ac79ff99c602906ee,data/exact_l2/2026-09-28/threshold_depth.csv,1ea42076bea873b514bb59a3ccdda804d4f41095a09c2a86c8e6cdd47dc3f9e1,data/exact_l2/2026-09-28/bitkub_usdt_thb_raw.json,4cc2f895ec72925142eec2b4bb7bc079d91fdaac2ed3b4cf29247e0526d2889a,sha256_verified,"[""base_asset"",""quote_asset"",""received_utc"",""exchange_timestamp_utc"",""source_url"",""source_params_json""]",2026-09-28,,2026-09-28T12:09:22.598620+00:00,,,legacy_unavailable,bitkub,usdt_thb,THB,USDT,,,,stablecoin_tokens,1 stablecoin token = 1 USD; no FX conversion,,,sell_stablecoin_base_hit_bids,bitkub_usdt_thb_raw.json,4cc2f895ec72925142eec2b4bb7bc079d91fdaac2ed3b4cf29247e0526d2889a,50,33.555,33.55,33.56,643783.8300000001,643783.8300000001,21575820.861799996,True,False,14,
native_l2,legacy:2026-09-28,legacy_directory_identifier,data/exact_l2/2026-09-28,legacy_day_root,legacy,data/exact_l2/2026-09-28/manifest.json,a6b3e60d0777aeec175d2024180c25675a9cbb0d08814c7ac79ff99c602906ee,data/exact_l2/2026-09-28/threshold_depth.csv,1ea42076bea873b514bb59a3ccdda804d4f41095a09c2a86c8e6cdd47dc3f9e1,data/exact_l2/2026-09-28/bitkub_usdt_thb_raw.json,4cc2f895ec72925142eec2b4bb7bc079d91fdaac2ed3b4cf29247e0526d2889a,sha256_verified,"[""base_asset"",""quote_asset"",""received_utc"",""exchange_timestamp_utc"",""source_url"",""source_params_json""]",2026-09-28,,2026-09-28T12:09:22.598620+00:00,,,legacy_unavailable,bitkub,usdt_thb,THB,USDT,,,,stablecoin_tokens,1 stablecoin token = 1 USD; no FX conversion,,,sell_stablecoin_base_hit_bids,bitkub_usdt_thb_raw.json,4cc2f895ec72925142eec2b4bb7bc079d91fdaac2ed3b4cf29247e0526d2889a,100,33.555,33.55,33.56,659876.83,659876.83,22112670.0718,True,False,27,
native_l2,legacy:2026-09-28,legacy_directory_identifier,data/exact_l2/2026-09-28,legacy_day_root,legacy,data/exact_l2/2026-09-28/manifest.json,a6b3e60d0777aeec175d2024180c25675a9cbb0d08814c7ac79ff99c602906ee,data/exact_l2/2026-09-28/threshold_depth.csv,1ea42076bea873b514bb59a3ccdda804d4f41095a09c2a86c8e6cdd47dc3f9e1,data/exact_l2/2026-09-28/bitkub_usdt_thb_raw.json,4cc2f895ec72925142eec2b4bb7bc079d91fdaac2ed3b4cf29247e0526d2889a,sha256_verified,"[""base_asset"",""quote_asset"",""received_utc"",""exchange_timestamp_utc"",""source_url"",""source_params_json""]",2026-09-28,,2026-09-28T12:09:22.598620+00:00,,,legacy_unavailable,bitkub,usdt_thb,THB,USDT,,,,stablecoin_tokens,1 stablecoin token = 1 USD; no FX conversion,,,sell_stablecoin_base_hit_bids,bitkub_usdt_thb_raw.json,4cc2f895ec72925142eec2b4bb7bc079d91fdaac2ed3b4cf29247e0526d2889a,200,33.555,33.55,33.56,867160.3700000001,867160.3700000001,28957113.2335,True,False,53,
native_l2,legacy:2026-09-29,legacy_directory_identifier,data/exact_l2/2026-09-29,legacy_day_root,legacy,data/exact_l2/2026-09-29/manifest.json,aeff71a15e8c70aa7d8cd48622a92cc6e6461f5fd491abdb4a1ca1a6fbd9a6a9,data/exact_l2/2026-09-29/threshold_depth.csv,17fb3783d667d0657e90daec76178f192a353a629be5c171bcc6e9974cf6ffc5,data/exact_l2/2026-09-29/valr_usdtzar_raw.json,5bf5093f357854628bbce2f4661c3c3d883eccc13bee3c8c0afc40d985c83d29,sha256_verified,"[""base_asset"",""quote_asset"",""received_utc"",""exchange_timestamp_utc"",""source_url"",""source_params_json""]",2026-09-29,,2026-09-29T11:43:42.014895+00:00,,,legacy_unavailable,valr,USDTZAR,ZAR,USDT,,,,stablecoin_tokens,1 stablecoin token = 1 USD; no FX conversion,,,sell_stablecoin_base_hit_bids,valr_usdtzar_raw.json,5bf5093f357854628bbce2f4661c3c3d883eccc13bee3c8c0afc40d985c83d29,10,16.443849999999998,16.4438,16.4439,1453806.9048,1453806.9048,23888928.682920337,True,False,14,
native_l2,legacy:2026-09-29,legacy_directory_identifier,data/exact_l2/2026-09-29,legacy_day_root,legacy,data/exact_l2/2026-09-29/manifest.json,aeff71a15e8c70aa7d8cd48622a92cc6e6461f5fd491abdb4a1ca1a6fbd9a6a9,data/exact_l2/2026-09-29/threshold_depth.csv,17fb3783d667d0657e90daec76178f192a353a629be5c171bcc6e9974cf6ffc5,data/exact_l2/2026-09-29/valr_usdtzar_raw.json,5bf5093f357854628bbce2f4661c3c3d883eccc13bee3c8c0afc40d985c83d29,sha256_verified,"[""base_asset"",""quote_asset"",""received_utc"",""exchange_timestamp_utc"",""source_url"",""source_params_json""]",2026-09-29,,2026-09-29T11:43:42.014895+00:00,,,legacy_unavailable,valr,USDTZAR,ZAR,USDT,,,,stablecoin_tokens,1 stablecoin token = 1 USD; no FX conversion,,,sell_stablecoin_base_hit_bids,valr_usdtzar_raw.json,5bf5093f357854628bbce2f4661c3c3d883eccc13bee3c8c0afc40d985c83d29,50,16.443849999999998,16.4438,16.4439,1596023.0249999994,1596023.0249999994,26223431.30200956,True,False,30,
native_l2,legacy:2026-09-29,legacy_directory_identifier,data/exact_l2/2026-09-29,legacy_day_root,legacy,data/exact_l2/2026-09-29/manifest.json,aeff71a15e8c70aa7d8cd48622a92cc6e6461f5fd491abdb4a1ca1a6fbd9a6a9,data/exact_l2/2026-09-29/threshold_depth.csv,17fb3783d667d0657e90daec76178f192a353a629be5c171bcc6e9974cf6ffc5,data/exact_l2/2026-09-29/valr_usdtzar_raw.json,5bf5093f357854628bbce2f4661c3c3d883eccc13bee3c8c0afc40d985c83d29,sha256_verified,"[""base_asset"",""quote_asset"",""received_utc"",""exchange_timestamp_utc"",""source_url"",""source_params_json""]",2026-09-29,,2026-09-29T11:43:42.014895+00:00,,,legacy_unavailable,valr,USDTZAR,ZAR,USDT,,,,stablecoin_tokens,1 stablecoin token = 1 USD; no FX conversion,,,sell_stablecoin_base_hit_bids,valr_usdtzar_raw.json,5bf5093f357854628bbce2f4661c3c3d883eccc13bee3c8c0afc40d985c83d29,100,16.443849999999998,16.4438,16.4439,1701306.7159999998,1701306.7159999998,27943512.260348562,True,False,49,
native_l2,legacy:2026-09-29,legacy_directory_identifier,data/exact_l2/2026-09-29,legacy_day_root,legacy,data/exact_l2/2026-09-29/manifest.json,aeff71a15e8c70aa7d8cd48622a92cc6e6461f5fd491abdb4a1ca1a6fbd9a6a9,data/exact_l2/2026-09-29/threshold_depth.csv,17fb3783d667d0657e90daec76178f192a353a629be5c171bcc6e9974cf6ffc5,data/exact_l2/2026-09-29/valr_usdtzar_raw.json,5bf5093f357854628bbce2f4661c3c3d883eccc13bee3c8c0afc40d985c83d29,sha256_verified,"[""base_asset"",""quote_asset"",""received_utc"",""exchange_timestamp_utc"",""source_url"",""source_params_json""]",2026-09-29,,2026-09-29T11:43:42.014895+00:00,,,legacy_unavailable,valr,USDTZAR,ZAR,USDT,,,,stablecoin_tokens,1 stablecoin token = 1 USD; no FX conversion,,,sell_stablecoin_base_hit_bids,valr_usdtzar_raw.json,5bf5093f357854628bbce2f4661c3c3d883eccc13bee3c8c0afc40d985c83d29,200,16.443849999999998,16.4438,16.4439,2009826.414399999,2009826.414399999,32950527.243699737,True,False,116,
native_l2,legacy:2026-09-29,legacy_directory_identifier,data/exact_l2/2026-09-29,legacy_day_root,legacy,data/exact_l2/2026-09-29/manifest.json,aeff71a15e8c70aa7d8cd48622a92cc6e6461f5fd491abdb4a1ca1a6fbd9a6a9,data/exact_l2/2026-09-29/threshold_depth.csv,17fb3783d667d0657e90daec76178f192a353a629be5c171bcc6e9974cf6ffc5,data/exact_l2/2026-09-29/bitkub_usdt_thb_raw.json,71bb1187148912ae16f19a1194c11455e77f3d9a25863f677bcda6934a3dabd1,sha256_verified,"[""base_asset"",""quote_asset"",""received_utc"",""exchange_timestamp_utc"",""source_url"",""source_params_json""]",2026-09-29,,2026-09-29T11:43:42.259072+00:00,,,legacy_unavailable,bitkub,usdt_thb,THB,USDT,,,,stablecoin_tokens,1 stablecoin token = 1 USD; no FX conversion,,,sell_stablecoin_base_hit_bids,bitkub_usdt_thb_raw.json,71bb1187148912ae16f19a1194c11455e77f3d9a25863f677bcda6934a3dabd1,10,33.504999999999995,33.5,33.51,890972.88,890972.88,29845776.293,True,False,3,
native_l2,legacy:2026-09-29,legacy_directory_identifier,data/exact_l2/2026-09-29,legacy_day_root,legacy,data/exact_l2/2026-09-29/manifest.json,aeff71a15e8c70aa7d8cd48622a92cc6e6461f5fd491abdb4a1ca1a6fbd9a6a9,data/exact_l2/2026-09-29/threshold_depth.csv,17fb3783d667d0657e90daec76178f192a353a629be5c171bcc6e9974cf6ffc5,data/exact_l2/2026-09-29/bitkub_usdt_thb_raw.json,71bb1187148912ae16f19a1194c11455e77f3d9a25863f677bcda6934a3dabd1,sha256_verified,"[""base_asset"",""quote_asset"",""received_utc"",""exchange_timestamp_utc"",""source_url"",""source_params_json""]",2026-09-29,,2026-09-29T11:43:42.259072+00:00,,,legacy_unavailable,bitkub,usdt_thb,THB,USDT,,,,stablecoin_tokens,1 stablecoin token = 1 USD; no FX conversion,,,sell_stablecoin_base_hit_bids,bitkub_usdt_thb_raw.json,71bb1187148912ae16f19a1194c11455e77f3d9a25863f677bcda6934a3dabd1,50,33.504999999999995,33.5,33.51,981425.87,981425.87,32869498.7338,True,False,17,
native_l2,legacy:2026-09-29,legacy_directory_identifier,data/exact_l2/2026-09-29,legacy_day_root,legacy,data/exact_l2/2026-09-29/manifest.json,aeff71a15e8c70aa7d8cd48622a92cc6e6461f5fd491abdb4a1ca1a6fbd9a6a9,data/exact_l2/2026-09-29/threshold_depth.csv,17fb3783d667d0657e90daec76178f192a353a629be5c171bcc6e9974cf6ffc5,data/exact_l2/2026-09-29/bitkub_usdt_thb_raw.json,71bb1187148912ae16f19a1194c11455e77f3d9a25863f677bcda6934a3dabd1,sha256_verified,"[""base_asset"",""quote_asset"",""received_utc"",""exchange_timestamp_utc"",""source_url"",""source_params_json""]",2026-09-29,,2026-09-29T11:43:42.259072+00:00,,,legacy_unavailable,bitkub,usdt_thb,THB,USDT,,,,stablecoin_tokens,1 stablecoin token = 1 USD; no FX conversion,,,sell_stablecoin_base_hit_bids,bitkub_usdt_thb_raw.json,71bb1187148912ae16f19a1194c11455e77f3d9a25863f677bcda6934a3dabd1,100,33.504999999999995,33.5,33.51,996680.42,996680.42,33375981.6173,True,False,29,
native_l2,legacy:2026-09-29,legacy_directory_identifier,data/exact_l2/2026-09-29,legacy_day_root,legacy,data/exact_l2/2026-09-29/manifest.json,aeff71a15e8c70aa7d8cd48622a92cc6e6461f5fd491abdb4a1ca1a6fbd9a6a9,data/exact_l2/2026-09-29/threshold_depth.csv,17fb3783d667d0657e90daec76178f192a353a629be5c171bcc6e9974cf6ffc5,data/exact_l2/2026-09-29/bitkub_usdt_thb_raw.json,71bb1187148912ae16f19a1194c11455e77f3d9a25863f677bcda6934a3dabd1,sha256_verified,"[""base_asset"",""quote_asset"",""received_utc"",""exchange_timestamp_utc"",""source_url"",""source_params_json""]",2026-09-29,,2026-09-29T11:43:42.259072+00:00,,,legacy_unavailable,bitkub,usdt_thb,THB,USDT,,,,stablecoin_tokens,1 stablecoin token = 1 USD; no FX conversion,,,sell_stablecoin_base_hit_bids,bitkub_usdt_thb_raw.json,71bb1187148912ae16f19a1194c11455e77f3d9a25863f677bcda6934a3dabd1,200,33.504999999999995,33.5,33.51,1164585.8599999999,1164585.8599999999,38909597.69490001,True,False,55,
native_l2,legacy:2026-09-30,legacy_directory_identifier,data/exact_l2/2026-09-30,legacy_day_root,legacy,data/exact_l2/2026-09-30/manifest.json,4405e454c77080323090793dddfce569c1f37ffb84669b198e97025ed0b8a295,data/exact_l2/2026-09-30/threshold_depth.csv,cd64ca43c0f9c7546e8087ef93fa47e771753de36f09a398db2c990923a82228,data/exact_l2/2026-09-30/valr_usdtzar_raw.json,7254f6127f11e91271e36e554791039c3ba8b9bccd5300a19398efa46d00c450,sha256_verified,"[""base_asset"",""quote_asset"",""received_utc"",""exchange_timestamp_utc"",""source_url"",""source_params_json""]",2026-09-30,,2026-09-30T11:31:17.447043+00:00,,,legacy_unavailable,valr,USDTZAR,ZAR,USDT,,,,stablecoin_tokens,1 stablecoin token = 1 USD; no FX conversion,,,sell_stablecoin_base_hit_bids,valr_usdtzar_raw.json,7254f6127f11e91271e36e554791039c3ba8b9bccd5300a19398efa46d00c450,10,16.42875,16.4277,16.4298,476771.3339,476771.3339,7831110.4750240315,True,False,14,
native_l2,legacy:2026-09-30,legacy_directory_identifier,data/exact_l2/2026-09-30,legacy_day_root,legacy,data/exact_l2/2026-09-30/manifest.json,4405e454c77080323090793dddfce569c1f37ffb84669b198e97025ed0b8a295,data/exact_l2/2026-09-30/threshold_depth.csv,cd64ca43c0f9c7546e8087ef93fa47e771753de36f09a398db2c990923a82228,data/exact_l2/2026-09-30/valr_usdtzar_raw.json,7254f6127f11e91271e36e554791039c3ba8b9bccd5300a19398efa46d00c450,sha256_verified,"[""base_asset"",""quote_asset"",""received_utc"",""exchange_timestamp_utc"",""source_url"",""source_params_json""]",2026-09-30,,2026-09-30T11:31:17.447043+00:00,,,legacy_unavailable,valr,USDTZAR,ZAR,USDT,,,,stablecoin_tokens,1 stablecoin token = 1 USD; no FX conversion,,,sell_stablecoin_base_hit_bids,valr_usdtzar_raw.json,7254f6127f11e91271e36e554791039c3ba8b9bccd5300a19398efa46d00c450,50,16.42875,16.4277,16.4298,718861.2339000002,718861.2339000002,11800048.124426182,True,False,34,
native_l2,legacy:2026-09-30,legacy_directory_identifier,data/exact_l2/2026-09-30,legacy_day_root,legacy,data/exact_l2/2026-09-30/manifest.json,4405e454c77080323090793dddfce569c1f37ffb84669b198e97025ed0b8a295,data/exact_l2/2026-09-30/threshold_depth.csv,cd64ca43c0f9c7546e8087ef93fa47e771753de36f09a398db2c990923a82228,data/exact_l2/2026-09-30/valr_usdtzar_raw.json,7254f6127f11e91271e36e554791039c3ba8b9bccd5300a19398efa46d00c450,sha256_verified,"[""base_asset"",""quote_asset"",""received_utc"",""exchange_timestamp_utc"",""source_url"",""source_params_json""]",2026-09-30,,2026-09-30T11:31:17.447043+00:00,,,legacy_unavailable,valr,USDTZAR,ZAR,USDT,,,,stablecoin_tokens,1 stablecoin token = 1 USD; no FX conversion,,,sell_stablecoin_base_hit_bids,valr_usdtzar_raw.json,7254f6127f11e91271e36e554791039c3ba8b9bccd5300a19398efa46d00c450,100,16.42875,16.4277,16.4298,764502.8472000002,764502.8472000002,12544768.517103208,True,False,66,
native_l2,legacy:2026-09-30,legacy_directory_identifier,data/exact_l2/2026-09-30,legacy_day_root,legacy,data/exact_l2/2026-09-30/manifest.json,4405e454c77080323090793dddfce569c1f37ffb84669b198e97025ed0b8a295,data/exact_l2/2026-09-30/threshold_depth.csv,cd64ca43c0f9c7546e8087ef93fa47e771753de36f09a398db2c990923a82228,data/exact_l2/2026-09-30/valr_usdtzar_raw.json,7254f6127f11e91271e36e554791039c3ba8b9bccd5300a19398efa46d00c450,sha256_verified,"[""base_asset"",""quote_asset"",""received_utc"",""exchange_timestamp_utc"",""source_url"",""source_params_json""]",2026-09-30,,2026-09-30T11:31:17.447043+00:00,,,legacy_unavailable,valr,USDTZAR,ZAR,USDT,,,,stablecoin_tokens,1 stablecoin token = 1 USD; no FX conversion,,,sell_stablecoin_base_hit_bids,valr_usdtzar_raw.json,7254f6127f11e91271e36e554791039c3ba8b9bccd5300a19398efa46d00c450,200,16.42875,16.4277,16.4298,960150.6686,960150.6686,15718290.151536409,True,False,122,
native_l2,legacy:2026-09-30,legacy_directory_identifier,data/exact_l2/2026-09-30,legacy_day_root,legacy,data/exact_l2/2026-09-30/manifest.json,4405e454c77080323090793dddfce569c1f37ffb84669b198e97025ed0b8a295,data/exact_l2/2026-09-30/threshold_depth.csv,cd64ca43c0f9c7546e8087ef93fa47e771753de36f09a398db2c990923a82228,data/exact_l2/2026-09-30/bitkub_usdt_thb_raw.json,7ae512f45246b51c1368b752a5da2082d61f9c59b4a81a3170dd2f3492147b9c,sha256_verified,"[""base_asset"",""quote_asset"",""received_utc"",""exchange_timestamp_utc"",""source_url"",""source_params_json""]",2026-09-30,,2026-09-30T11:31:17.607596+00:00,,,legacy_unavailable,bitkub,usdt_thb,THB,USDT,,,,stablecoin_tokens,1 stablecoin token = 1 USD; no FX conversion,,,sell_stablecoin_base_hit_bids,bitkub_usdt_thb_raw.json,7ae512f45246b51c1368b752a5da2082d61f9c59b4a81a3170dd2f3492147b9c,10,33.565,33.56,33.57,430618.61,430618.61,14449772.5799,True,False,3,
native_l2,legacy:2026-09-30,legacy_directory_identifier,data/exact_l2/2026-09-30,legacy_day_root,legacy,data/exact_l2/2026-09-30/manifest.json,4405e454c77080323090793dddfce569c1f37ffb84669b198e97025ed0b8a295,data/exact_l2/2026-09-30/threshold_depth.csv,cd64ca43c0f9c7546e8087ef93fa47e771753de36f09a398db2c990923a82228,data/exact_l2/2026-09-30/bitkub_usdt_thb_raw.json,7ae512f45246b51c1368b752a5da2082d61f9c59b4a81a3170dd2f3492147b9c,sha256_verified,"[""base_asset"",""quote_asset"",""received_utc"",""exchange_timestamp_utc"",""source_url"",""source_params_json""]",2026-09-30,,2026-09-30T11:31:17.607596+00:00,,,legacy_unavailable,bitkub,usdt_thb,THB,USDT,,,,stablecoin_tokens,1 stablecoin token = 1 USD; no FX conversion,,,sell_stablecoin_base_hit_bids,bitkub_usdt_thb_raw.json,7ae512f45246b51c1368b752a5da2082d61f9c59b4a81a3170dd2f3492147b9c,50,33.565,33.56,33.57,582648.5499999999,582648.5499999999,19540750.970000003,True,False,14,
native_l2,legacy:2026-09-30,legacy_directory_identifier,data/exact_l2/2026-09-30,legacy_day_root,legacy,data/exact_l2/2026-09-30/manifest.json,4405e454c77080323090793dddfce569c1f37ffb84669b198e97025ed0b8a295,data/exact_l2/2026-09-30/threshold_depth.csv,cd64ca43c0f9c7546e8087ef93fa47e771753de36f09a398db2c990923a82228,data/exact_l2/2026-09-30/bitkub_usdt_thb_raw.json,7ae512f45246b51c1368b752a5da2082d61f9c59b4a81a3170dd2f3492147b9c,sha256_verified,"[""base_asset"",""quote_asset"",""received_utc"",""exchange_timestamp_utc"",""source_url"",""source_params_json""]",2026-09-30,,2026-09-30T11:31:17.607596+00:00,,,legacy_unavailable,bitkub,usdt_thb,THB,USDT,,,,stablecoin_tokens,1 stablecoin token = 1 USD; no FX conversion,,,sell_stablecoin_base_hit_bids,bitkub_usdt_thb_raw.json,7ae512f45246b51c1368b752a5da2082d61f9c59b4a81a3170dd2f3492147b9c,100,33.565,33.56,33.57,599997.3999999999,599997.3999999999,20119556.16090001,True,False,26,
native_l2,legacy:2026-09-30,legacy_directory_identifier,data/exact_l2/2026-09-30,legacy_day_root,legacy,data/exact_l2/2026-09-30/manifest.json,4405e454c77080323090793dddfce569c1f37ffb84669b198e97025ed0b8a295,data/exact_l2/2026-09-30/threshold_depth.csv,cd64ca43c0f9c7546e8087ef93fa47e771753de36f09a398db2c990923a82228,data/exact_l2/2026-09-30/bitkub_usdt_thb_raw.json,7ae512f45246b51c1368b752a5da2082d61f9c59b4a81a3170dd2f3492147b9c,sha256_verified,"[""base_asset"",""quote_asset"",""received_utc"",""exchange_timestamp_utc"",""source_url"",""source_params_json""]",2026-09-30,,2026-09-30T11:31:17.607596+00:00,,,legacy_unavailable,bitkub,usdt_thb,THB,USDT,,,,stablecoin_tokens,1 stablecoin token = 1 USD; no FX conversion,,,sell_stablecoin_base_hit_bids,bitkub_usdt_thb_raw.json,7ae512f45246b51c1368b752a5da2082d61f9c59b4a81a3170dd2f3492147b9c,200,33.565,33.56,33.57,765376.8599999999,765376.8599999999,25573935.761200007,True,False,49,
native_l2,legacy:2026-10-01,legacy_directory_identifier,data/exact_l2/2026-10-01,legacy_day_root,legacy,data/exact_l2/2026-10-01/manifest.json,a46faeeac66c527b8c528d93f5365232b578c55d2caa93fde9803d1ba25c75e1,data/exact_l2/2026-10-01/threshold_depth.csv,14f44af3f5651fbbf05cbe8e8228bcef7a41eecde3cc7cd011d63c852464a982,data/exact_l2/2026-10-01/valr_usdtzar_raw.json,87aa31ea0cce6e59a1c5cefc2b0b65ef5acdbe29079cb314b380834b57a0b273,sha256_verified,"[""base_asset"",""quote_asset"",""received_utc"",""exchange_timestamp_utc"",""source_url"",""source_params_json""]",2026-10-01,,2026-10-01T11:58:01.240791+00:00,,,legacy_unavailable,valr,USDTZAR,ZAR,USDT,,,,stablecoin_tokens,1 stablecoin token = 1 USD; no FX conversion,,,sell_stablecoin_base_hit_bids,valr_usdtzar_raw.json,87aa31ea0cce6e59a1c5cefc2b0b65ef5acdbe29079cb314b380834b57a0b273,10,16.57295,16.5725,16.5734,728350.6216,728350.6216,12068671.311302708,True,False,15,
native_l2,legacy:2026-10-01,legacy_directory_identifier,data/exact_l2/2026-10-01,legacy_day_root,legacy,data/exact_l2/2026-10-01/manifest.json,a46faeeac66c527b8c528d93f5365232b578c55d2caa93fde9803d1ba25c75e1,data/exact_l2/2026-10-01/threshold_depth.csv,14f44af3f5651fbbf05cbe8e8228bcef7a41eecde3cc7cd011d63c852464a982,data/exact_l2/2026-10-01/valr_usdtzar_raw.json,87aa31ea0cce6e59a1c5cefc2b0b65ef5acdbe29079cb314b380834b57a0b273,sha256_verified,"[""base_asset"",""quote_asset"",""received_utc"",""exchange_timestamp_utc"",""source_url"",""source_params_json""]",2026-10-01,,2026-10-01T11:58:01.240791+00:00,,,legacy_unavailable,valr,USDTZAR,ZAR,USDT,,,,stablecoin_tokens,1 stablecoin token = 1 USD; no FX conversion,,,sell_stablecoin_base_hit_bids,valr_usdtzar_raw.json,87aa31ea0cce6e59a1c5cefc2b0b65ef5acdbe29079cb314b380834b57a0b273,50,16.57295,16.5725,16.5734,1119514.6465999999,1119514.6465999999,18529576.434224248,True,False,29,
native_l2,legacy:2026-10-01,legacy_directory_identifier,data/exact_l2/2026-10-01,legacy_day_root,legacy,data/exact_l2/2026-10-01/manifest.json,a46faeeac66c527b8c528d93f5365232b578c55d2caa93fde9803d1ba25c75e1,data/exact_l2/2026-10-01/threshold_depth.csv,14f44af3f5651fbbf05cbe8e8228bcef7a41eecde3cc7cd011d63c852464a982,data/exact_l2/2026-10-01/valr_usdtzar_raw.json,87aa31ea0cce6e59a1c5cefc2b0b65ef5acdbe29079cb314b380834b57a0b273,sha256_verified,"[""base_asset"",""quote_asset"",""received_utc"",""exchange_timestamp_utc"",""source_url"",""source_params_json""]",2026-10-01,,2026-10-01T11:58:01.240791+00:00,,,legacy_unavailable,valr,USDTZAR,ZAR,USDT,,,,stablecoin_tokens,1 stablecoin token = 1 USD; no FX conversion,,,sell_stablecoin_base_hit_bids,valr_usdtzar_raw.json,87aa31ea0cce6e59a1c5cefc2b0b65ef5acdbe29079cb314b380834b57a0b273,100,16.57295,16.5725,16.5734,1238351.6801999991,1238351.6801999991,20482772.07173489,True,False,46,
native_l2,legacy:2026-10-01,legacy_directory_identifier,data/exact_l2/2026-10-01,legacy_day_root,legacy,data/exact_l2/2026-10-01/manifest.json,a46faeeac66c527b8c528d93f5365232b578c55d2caa93fde9803d1ba25c75e1,data/exact_l2/2026-10-01/threshold_depth.csv,14f44af3f5651fbbf05cbe8e8228bcef7a41eecde3cc7cd011d63c852464a982,data/exact_l2/2026-10-01/valr_usdtzar_raw.json,87aa31ea0cce6e59a1c5cefc2b0b65ef5acdbe29079cb314b380834b57a0b273,sha256_verified,"[""base_asset"",""quote_asset"",""received_utc"",""exchange_timestamp_utc"",""source_url"",""source_params_json""]",2026-10-01,,2026-10-01T11:58:01.240791+00:00,,,legacy_unavailable,valr,USDTZAR,ZAR,USDT,,,,stablecoin_tokens,1 stablecoin token = 1 USD; no FX conversion,,,sell_stablecoin_base_hit_bids,valr_usdtzar_raw.json,87aa31ea0cce6e59a1c5cefc2b0b65ef5acdbe29079cb314b380834b57a0b273,200,16.57295,16.5725,16.5734,1545556.698399999,1545556.698399999,25505475.7931525,True,False,110,
native_l2,legacy:2026-10-01,legacy_directory_identifier,data/exact_l2/2026-10-01,legacy_day_root,legacy,data/exact_l2/2026-10-01/manifest.json,a46faeeac66c527b8c528d93f5365232b578c55d2caa93fde9803d1ba25c75e1,data/exact_l2/2026-10-01/threshold_depth.csv,14f44af3f5651fbbf05cbe8e8228bcef7a41eecde3cc7cd011d63c852464a982,data/exact_l2/2026-10-01/bitkub_usdt_thb_raw.json,435e3b90e49f0e0a4a4e433404fb0a01aea7bb3ede48e0c047809631f564d674,sha256_verified,"[""base_asset"",""quote_asset"",""received_utc"",""exchange_timestamp_utc"",""source_url"",""source_params_json""]",2026-10-01,,2026-10-01T11:58:01.447332+00:00,,,legacy_unavailable,bitkub,usdt_thb,THB,USDT,,,,stablecoin_tokens,1 stablecoin token = 1 USD; no FX conversion,,,sell_stablecoin_base_hit_bids,bitkub_usdt_thb_raw.json,435e3b90e49f0e0a4a4e433404fb0a01aea7bb3ede48e0c047809631f564d674,10,33.575,33.57,33.58,364737.83,364737.83,12242994.364400001,True,False,3,
native_l2,legacy:2026-10-01,legacy_directory_identifier,data/exact_l2/2026-10-01,legacy_day_root,legacy,data/exact_l2/2026-10-01/manifest.json,a46faeeac66c527b8c528d93f5365232b578c55d2caa93fde9803d1ba25c75e1,data/exact_l2/2026-10-01/threshold_depth.csv,14f44af3f5651fbbf05cbe8e8228bcef7a41eecde3cc7cd011d63c852464a982,data/exact_l2/2026-10-01/bitkub_usdt_thb_raw.json,435e3b90e49f0e0a4a4e433404fb0a01aea7bb3ede48e0c047809631f564d674,sha256_verified,"[""base_asset"",""quote_asset"",""received_utc"",""exchange_timestamp_utc"",""source_url"",""source_params_json""]",2026-10-01,,2026-10-01T11:58:01.447332+00:00,,,legacy_unavailable,bitkub,usdt_thb,THB,USDT,,,,stablecoin_tokens,1 stablecoin token = 1 USD; no FX conversion,,,sell_stablecoin_base_hit_bids,bitkub_usdt_thb_raw.json,435e3b90e49f0e0a4a4e433404fb0a01aea7bb3ede48e0c047809631f564d674,50,33.575,33.57,33.58,478638.75,478638.75,16057514.1328,True,False,12,
native_l2,legacy:2026-10-01,legacy_directory_identifier,data/exact_l2/2026-10-01,legacy_day_root,legacy,data/exact_l2/2026-10-01/manifest.json,a46faeeac66c527b8c528d93f5365232b578c55d2caa93fde9803d1ba25c75e1,data/exact_l2/2026-10-01/threshold_depth.csv,14f44af3f5651fbbf05cbe8e8228bcef7a41eecde3cc7cd011d63c852464a982,data/exact_l2/2026-10-01/bitkub_usdt_thb_raw.json,435e3b90e49f0e0a4a4e433404fb0a01aea7bb3ede48e0c047809631f564d674,sha256_verified,"[""base_asset"",""quote_asset"",""received_utc"",""exchange_timestamp_utc"",""source_url"",""source_params_json""]",2026-10-01,,2026-10-01T11:58:01.447332+00:00,,,legacy_unavailable,bitkub,usdt_thb,THB,USDT,,,,stablecoin_tokens,1 stablecoin token = 1 USD; no FX conversion,,,sell_stablecoin_base_hit_bids,bitkub_usdt_thb_raw.json,435e3b90e49f0e0a4a4e433404fb0a01aea7bb3ede48e0c047809631f564d674,100,33.575,33.57,33.58,487968.43000000005,487968.43000000005,16368887.728400001,True,False,24,
native_l2,legacy:2026-10-01,legacy_directory_identifier,data/exact_l2/2026-10-01,legacy_day_root,legacy,data/exact_l2/2026-10-01/manifest.json,a46faeeac66c527b8c528d93f5365232b578c55d2caa93fde9803d1ba25c75e1,data/exact_l2/2026-10-01/threshold_depth.csv,14f44af3f5651fbbf05cbe8e8228bcef7a41eecde3cc7cd011d63c852464a982,data/exact_l2/2026-10-01/bitkub_usdt_thb_raw.json,435e3b90e49f0e0a4a4e433404fb0a01aea7bb3ede48e0c047809631f564d674,sha256_verified,"[""base_asset"",""quote_asset"",""received_utc"",""exchange_timestamp_utc"",""source_url"",""source_params_json""]",2026-10-01,,2026-10-01T11:58:01.447332+00:00,,,legacy_unavailable,bitkub,usdt_thb,THB,USDT,,,,stablecoin_tokens,1 stablecoin token = 1 USD; no FX conversion,,,sell_stablecoin_base_hit_bids,bitkub_usdt_thb_raw.json,435e3b90e49f0e0a4a4e433404fb0a01aea7bb3ede48e0c047809631f564d674,200,33.575,33.57,33.58,642861.3100000002,642861.3100000002,21478784.769500002,True,False,47,
native_l2,legacy:2026-10-02,legacy_directory_identifier,data/exact_l2/2026-10-02,legacy_day_root,legacy,data/exact_l2/2026-10-02/manifest.json,ef8fcd3b851e6c6c1b3da953037113a33f46f24de9acae7b2cf719bd2f7da153,data/exact_l2/2026-10-02/threshold_depth.csv,0da31475c4602c7e725bfb6cfe46dec2c7d5aba1aa516c8717db40ef5258eb16,data/exact_l2/2026-10-02/valr_usdtzar_raw.json,7a95de88aaaad72f3ef14aa14780184fc1af0cc76dd9b061be4e6b999384effd,sha256_verified,"[""base_asset"",""quote_asset"",""received_utc"",""exchange_timestamp_utc"",""source_url"",""source_params_json""]",2026-10-02,,2026-10-02T11:30:39.532056+00:00,,,legacy_unavailable,valr,USDTZAR,ZAR,USDT,,,,stablecoin_tokens,1 stablecoin token = 1 USD; no FX conversion,,,sell_stablecoin_base_hit_bids,valr_usdtzar_raw.json,7a95de88aaaad72f3ef14aa14780184fc1af0cc76dd9b061be4e6b999384effd,10,16.686549999999997,16.6865,16.6866,433751.0715,433751.0715,7234952.51587918,True,False,16,
native_l2,legacy:2026-10-02,legacy_directory_identifier,data/exact_l2/2026-10-02,legacy_day_root,legacy,data/exact_l2/2026-10-02/manifest.json,ef8fcd3b851e6c6c1b3da953037113a33f46f24de9acae7b2cf719bd2f7da153,data/exact_l2/2026-10-02/threshold_depth.csv,0da31475c4602c7e725bfb6cfe46dec2c7d5aba1aa516c8717db40ef5258eb16,data/exact_l2/2026-10-02/valr_usdtzar_raw.json,7a95de88aaaad72f3ef14aa14780184fc1af0cc76dd9b061be4e6b999384effd,sha256_verified,"[""base_asset"",""quote_asset"",""received_utc"",""exchange_timestamp_utc"",""source_url"",""source_params_json""]",2026-10-02,,2026-10-02T11:30:39.532056+00:00,,,legacy_unavailable,valr,USDTZAR,ZAR,USDT,,,,stablecoin_tokens,1 stablecoin token = 1 USD; no FX conversion,,,sell_stablecoin_base_hit_bids,valr_usdtzar_raw.json,7a95de88aaaad72f3ef14aa14780184fc1af0cc76dd9b061be4e6b999384effd,50,16.686549999999997,16.6865,16.6866,1797291.9646,1797291.9646,29943870.91354033,True,False,30,
native_l2,legacy:2026-10-02,legacy_directory_identifier,data/exact_l2/2026-10-02,legacy_day_root,legacy,data/exact_l2/2026-10-02/manifest.json,ef8fcd3b851e6c6c1b3da953037113a33f46f24de9acae7b2cf719bd2f7da153,data/exact_l2/2026-10-02/threshold_depth.csv,0da31475c4602c7e725bfb6cfe46dec2c7d5aba1aa516c8717db40ef5258eb16,data/exact_l2/2026-10-02/valr_usdtzar_raw.json,7a95de88aaaad72f3ef14aa14780184fc1af0cc76dd9b061be4e6b999384effd,sha256_verified,"[""base_asset"",""quote_asset"",""received_utc"",""exchange_timestamp_utc"",""source_url"",""source_params_json""]",2026-10-02,,2026-10-02T11:30:39.532056+00:00,,,legacy_unavailable,valr,USDTZAR,ZAR,USDT,,,,stablecoin_tokens,1 stablecoin token = 1 USD; no FX conversion,,,sell_stablecoin_base_hit_bids,valr_usdtzar_raw.json,7a95de88aaaad72f3ef14aa14780184fc1af0cc76dd9b061be4e6b999384effd,100,16.686549999999997,16.6865,16.6866,1825182.6425,1825182.6425,30405366.02576059,True,False,42,
native_l2,legacy:2026-10-02,legacy_directory_identifier,data/exact_l2/2026-10-02,legacy_day_root,legacy,data/exact_l2/2026-10-02/manifest.json,ef8fcd3b851e6c6c1b3da953037113a33f46f24de9acae7b2cf719bd2f7da153,data/exact_l2/2026-10-02/threshold_depth.csv,0da31475c4602c7e725bfb6cfe46dec2c7d5aba1aa516c8717db40ef5258eb16,data/exact_l2/2026-10-02/valr_usdtzar_raw.json,7a95de88aaaad72f3ef14aa14780184fc1af0cc76dd9b061be4e6b999384effd,sha256_verified,"[""base_asset"",""quote_asset"",""received_utc"",""exchange_timestamp_utc"",""source_url"",""source_params_json""]",2026-10-02,,2026-10-02T11:30:39.532056+00:00,,,legacy_unavailable,valr,USDTZAR,ZAR,USDT,,,,stablecoin_tokens,1 stablecoin token = 1 USD; no FX conversion,,,sell_stablecoin_base_hit_bids,valr_usdtzar_raw.json,7a95de88aaaad72f3ef14aa14780184fc1af0cc76dd9b061be4e6b999384effd,200,16.686549999999997,16.6865,16.6866,1996939.6268999993,1996939.6268999993,33230200.34306386,True,False,73,
native_l2,legacy:2026-10-02,legacy_directory_identifier,data/exact_l2/2026-10-02,legacy_day_root,legacy,data/exact_l2/2026-10-02/manifest.json,ef8fcd3b851e6c6c1b3da953037113a33f46f24de9acae7b2cf719bd2f7da153,data/exact_l2/2026-10-02/threshold_depth.csv,0da31475c4602c7e725bfb6cfe46dec2c7d5aba1aa516c8717db40ef5258eb16,data/exact_l2/2026-10-02/bitkub_usdt_thb_raw.json,e5a72a94aaaaf89eaec39f3c596a8610f2ccbb5a0b26e783bf927d9d3f72536f,sha256_verified,"[""base_asset"",""quote_asset"",""received_utc"",""exchange_timestamp_utc"",""source_url"",""source_params_json""]",2026-10-02,,2026-10-02T11:30:39.793542+00:00,,,legacy_unavailable,bitkub,usdt_thb,THB,USDT,,,,stablecoin_tokens,1 stablecoin token = 1 USD; no FX conversion,,,sell_stablecoin_base_hit_bids,bitkub_usdt_thb_raw.json,e5a72a94aaaaf89eaec39f3c596a8610f2ccbb5a0b26e783bf927d9d3f72536f,10,33.515,33.51,33.52,303650.09,303650.09,10174595.548999999,True,False,3,
native_l2,legacy:2026-10-02,legacy_directory_identifier,data/exact_l2/2026-10-02,legacy_day_root,legacy,data/exact_l2/2026-10-02/manifest.json,ef8fcd3b851e6c6c1b3da953037113a33f46f24de9acae7b2cf719bd2f7da153,data/exact_l2/2026-10-02/threshold_depth.csv,0da31475c4602c7e725bfb6cfe46dec2c7d5aba1aa516c8717db40ef5258eb16,data/exact_l2/2026-10-02/bitkub_usdt_thb_raw.json,e5a72a94aaaaf89eaec39f3c596a8610f2ccbb5a0b26e783bf927d9d3f72536f,sha256_verified,"[""base_asset"",""quote_asset"",""received_utc"",""exchange_timestamp_utc"",""source_url"",""source_params_json""]",2026-10-02,,2026-10-02T11:30:39.793542+00:00,,,legacy_unavailable,bitkub,usdt_thb,THB,USDT,,,,stablecoin_tokens,1 stablecoin token = 1 USD; no FX conversion,,,sell_stablecoin_base_hit_bids,bitkub_usdt_thb_raw.json,e5a72a94aaaaf89eaec39f3c596a8610f2ccbb5a0b26e783bf927d9d3f72536f,50,33.515,33.51,33.52,359594.06000000006,359594.06000000006,12044797.7834,True,False,10,
native_l2,legacy:2026-10-02,legacy_directory_identifier,data/exact_l2/2026-10-02,legacy_day_root,legacy,data/exact_l2/2026-10-02/manifest.json,ef8fcd3b851e6c6c1b3da953037113a33f46f24de9acae7b2cf719bd2f7da153,data/exact_l2/2026-10-02/threshold_depth.csv,0da31475c4602c7e725bfb6cfe46dec2c7d5aba1aa516c8717db40ef5258eb16,data/exact_l2/2026-10-02/bitkub_usdt_thb_raw.json,e5a72a94aaaaf89eaec39f3c596a8610f2ccbb5a0b26e783bf927d9d3f72536f,sha256_verified,"[""base_asset"",""quote_asset"",""received_utc"",""exchange_timestamp_utc"",""source_url"",""source_params_json""]",2026-10-02,,2026-10-02T11:30:39.793542+00:00,,,legacy_unavailable,bitkub,usdt_thb,THB,USDT,,,,stablecoin_tokens,1 stablecoin token = 1 USD; no FX conversion,,,sell_stablecoin_base_hit_bids,bitkub_usdt_thb_raw.json,e5a72a94aaaaf89eaec39f3c596a8610f2ccbb5a0b26e783bf927d9d3f72536f,100,33.515,33.51,33.52,403090.59,403090.59,13488987.720399998,True,False,12,
native_l2,legacy:2026-10-02,legacy_directory_identifier,data/exact_l2/2026-10-02,legacy_day_root,legacy,data/exact_l2/2026-10-02/manifest.json,ef8fcd3b851e6c6c1b3da953037113a33f46f24de9acae7b2cf719bd2f7da153,data/exact_l2/2026-10-02/threshold_depth.csv,0da31475c4602c7e725bfb6cfe46dec2c7d5aba1aa516c8717db40ef5258eb16,data/exact_l2/2026-10-02/bitkub_usdt_thb_raw.json,e5a72a94aaaaf89eaec39f3c596a8610f2ccbb5a0b26e783bf927d9d3f72536f,sha256_verified,"[""base_asset"",""quote_asset"",""received_utc"",""exchange_timestamp_utc"",""source_url"",""source_params_json""]",2026-10-02,,2026-10-02T11:30:39.793542+00:00,,,legacy_unavailable,bitkub,usdt_thb,THB,USDT,,,,stablecoin_tokens,1 stablecoin token = 1 USD; no FX conversion,,,sell_stablecoin_base_hit_bids,bitkub_usdt_thb_raw.json,e5a72a94aaaaf89eaec39f3c596a8610f2ccbb5a0b26e783bf927d9d3f72536f,200,33.515,33.51,33.52,542339.06,542339.06,18083950.2343,True,False,31,
native_l2,legacy:2026-10-03,legacy_directory_identifier,data/exact_l2/2026-10-03,legacy_day_root,legacy,data/exact_l2/2026-10-03/manifest.json,5f65da8c397351d7e9376fda89b357eafa392db2ab49e5f771d327c36530c197,data/exact_l2/2026-10-03/threshold_depth.csv,9c65fc815055f5fd1a41f7c3aca966d7a5e1681444b0fe1e15f4a5d24bfc8471,data/exact_l2/2026-10-03/valr_usdtzar_raw.json,42a02f49eb8443350bc580df0f60332580e634b62a399ce575f211af302568dd,sha256_verified,"[""base_asset"",""quote_asset"",""received_utc"",""exchange_timestamp_utc"",""source_url"",""source_params_json""]",2026-10-03,,2026-10-03T10:46:39.464177+00:00,,,legacy_unavailable,valr,USDTZAR,ZAR,USDT,,,,stablecoin_tokens,1 stablecoin token = 1 USD; no FX conversion,,,sell_stablecoin_base_hit_bids,valr_usdtzar_raw.json,42a02f49eb8443350bc580df0f60332580e634b62a399ce575f211af302568dd,10,16.720950000000002,16.7209,16.721,137857.9737,137857.9737,2304226.11745804,True,False,49,
native_l2,legacy:2026-10-03,legacy_directory_identifier,data/exact_l2/2026-10-03,legacy_day_root,legacy,data/exact_l2/2026-10-03/manifest.json,5f65da8c397351d7e9376fda89b357eafa392db2ab49e5f771d327c36530c197,data/exact_l2/2026-10-03/threshold_depth.csv,9c65fc815055f5fd1a41f7c3aca966d7a5e1681444b0fe1e15f4a5d24bfc8471,data/exact_l2/2026-10-03/valr_usdtzar_raw.json,42a02f49eb8443350bc580df0f60332580e634b62a399ce575f211af302568dd,sha256_verified,"[""base_asset"",""quote_asset"",""received_utc"",""exchange_timestamp_utc"",""source_url"",""source_params_json""]",2026-10-03,,2026-10-03T10:46:39.464177+00:00,,,legacy_unavailable,valr,USDTZAR,ZAR,USDT,,,,stablecoin_tokens,1 stablecoin token = 1 USD; no FX conversion,,,sell_stablecoin_base_hit_bids,valr_usdtzar_raw.json,42a02f49eb8443350bc580df0f60332580e634b62a399ce575f211af302568dd,50,16.720950000000002,16.7209,16.721,1255602.7532999997,1255602.7532999997,20933402.73557181,True,False,63,
native_l2,legacy:2026-10-03,legacy_directory_identifier,data/exact_l2/2026-10-03,legacy_day_root,legacy,data/exact_l2/2026-10-03/manifest.json,5f65da8c397351d7e9376fda89b357eafa392db2ab49e5f771d327c36530c197,data/exact_l2/2026-10-03/threshold_depth.csv,9c65fc815055f5fd1a41f7c3aca966d7a5e1681444b0fe1e15f4a5d24bfc8471,data/exact_l2/2026-10-03/valr_usdtzar_raw.json,42a02f49eb8443350bc580df0f60332580e634b62a399ce575f211af302568dd,sha256_verified,"[""base_asset"",""quote_asset"",""received_utc"",""exchange_timestamp_utc"",""source_url"",""source_params_json""]",2026-10-03,,2026-10-03T10:46:39.464177+00:00,,,legacy_unavailable,valr,USDTZAR,ZAR,USDT,,,,stablecoin_tokens,1 stablecoin token = 1 USD; no FX conversion,,,sell_stablecoin_base_hit_bids,valr_usdtzar_raw.json,42a02f49eb8443350bc580df0f60332580e634b62a399ce575f211af302568dd,100,16.720950000000002,16.7209,16.721,1356474.9240999997,1356474.9240999997,22605949.376542795,True,False,79,
native_l2,legacy:2026-10-03,legacy_directory_identifier,data/exact_l2/2026-10-03,legacy_day_root,legacy,data/exact_l2/2026-10-03/manifest.json,5f65da8c397351d7e9376fda89b357eafa392db2ab49e5f771d327c36530c197,data/exact_l2/2026-10-03/threshold_depth.csv,9c65fc815055f5fd1a41f7c3aca966d7a5e1681444b0fe1e15f4a5d24bfc8471,data/exact_l2/2026-10-03/valr_usdtzar_raw.json,42a02f49eb8443350bc580df0f60332580e634b62a399ce575f211af302568dd,sha256_verified,"[""base_asset"",""quote_asset"",""received_utc"",""exchange_timestamp_utc"",""source_url"",""source_params_json""]",2026-10-03,,2026-10-03T10:46:39.464177+00:00,,,legacy_unavailable,valr,USDTZAR,ZAR,USDT,,,,stablecoin_tokens,1 stablecoin token = 1 USD; no FX conversion,,,sell_stablecoin_base_hit_bids,valr_usdtzar_raw.json,42a02f49eb8443350bc580df0f60332580e634b62a399ce575f211af302568dd,200,16.720950000000002,16.7209,16.721,1427993.983099999,1427993.983099999,23781737.578147657,True,False,108,
native_l2,legacy:2026-10-03,legacy_directory_identifier,data/exact_l2/2026-10-03,legacy_day_root,legacy,data/exact_l2/2026-10-03/manifest.json,5f65da8c397351d7e9376fda89b357eafa392db2ab49e5f771d327c36530c197,data/exact_l2/2026-10-03/threshold_depth.csv,9c65fc815055f5fd1a41f7c3aca966d7a5e1681444b0fe1e15f4a5d24bfc8471,data/exact_l2/2026-10-03/bitkub_usdt_thb_raw.json,a19868b596b61cd98a62def5aad2dd4435e740dc07559c914a7eabd8338f3d3d,sha256_verified,"[""base_asset"",""quote_asset"",""received_utc"",""exchange_timestamp_utc"",""source_url"",""source_params_json""]",2026-10-03,,2026-10-03T10:46:39.768147+00:00,,,legacy_unavailable,bitkub,usdt_thb,THB,USDT,,,,stablecoin_tokens,1 stablecoin token = 1 USD; no FX conversion,,,sell_stablecoin_base_hit_bids,bitkub_usdt_thb_raw.json,a19868b596b61cd98a62def5aad2dd4435e740dc07559c914a7eabd8338f3d3d,10,33.545,33.54,33.55,331421.5,331421.5,11115001.252,True,False,3,
native_l2,legacy:2026-10-03,legacy_directory_identifier,data/exact_l2/2026-10-03,legacy_day_root,legacy,data/exact_l2/2026-10-03/manifest.json,5f65da8c397351d7e9376fda89b357eafa392db2ab49e5f771d327c36530c197,data/exact_l2/2026-10-03/threshold_depth.csv,9c65fc815055f5fd1a41f7c3aca966d7a5e1681444b0fe1e15f4a5d24bfc8471,data/exact_l2/2026-10-03/bitkub_usdt_thb_raw.json,a19868b596b61cd98a62def5aad2dd4435e740dc07559c914a7eabd8338f3d3d,sha256_verified,"[""base_asset"",""quote_asset"",""received_utc"",""exchange_timestamp_utc"",""source_url"",""source_params_json""]",2026-10-03,,2026-10-03T10:46:39.768147+00:00,,,legacy_unavailable,bitkub,usdt_thb,THB,USDT,,,,stablecoin_tokens,1 stablecoin token = 1 USD; no FX conversion,,,sell_stablecoin_base_hit_bids,bitkub_usdt_thb_raw.json,a19868b596b61cd98a62def5aad2dd4435e740dc07559c914a7eabd8338f3d3d,50,33.545,33.54,33.55,901602.5100000002,901602.5100000002,30197141.648900006,True,False,14,
native_l2,legacy:2026-10-03,legacy_directory_identifier,data/exact_l2/2026-10-03,legacy_day_root,legacy,data/exact_l2/2026-10-03/manifest.json,5f65da8c397351d7e9376fda89b357eafa392db2ab49e5f771d327c36530c197,data/exact_l2/2026-10-03/threshold_depth.csv,9c65fc815055f5fd1a41f7c3aca966d7a5e1681444b0fe1e15f4a5d24bfc8471,data/exact_l2/2026-10-03/bitkub_usdt_thb_raw.json,a19868b596b61cd98a62def5aad2dd4435e740dc07559c914a7eabd8338f3d3d,sha256_verified,"[""base_asset"",""quote_asset"",""received_utc"",""exchange_timestamp_utc"",""source_url"",""source_params_json""]",2026-10-03,,2026-10-03T10:46:39.768147+00:00,,,legacy_unavailable,bitkub,usdt_thb,THB,USDT,,,,stablecoin_tokens,1 stablecoin token = 1 USD; no FX conversion,,,sell_stablecoin_base_hit_bids,bitkub_usdt_thb_raw.json,a19868b596b61cd98a62def5aad2dd4435e740dc07559c914a7eabd8338f3d3d,100,33.545,33.54,33.55,934661.4800000003,934661.4800000003,31298083.428100005,True,False,20,
native_l2,legacy:2026-10-03,legacy_directory_identifier,data/exact_l2/2026-10-03,legacy_day_root,legacy,data/exact_l2/2026-10-03/manifest.json,5f65da8c397351d7e9376fda89b357eafa392db2ab49e5f771d327c36530c197,data/exact_l2/2026-10-03/threshold_depth.csv,9c65fc815055f5fd1a41f7c3aca966d7a5e1681444b0fe1e15f4a5d24bfc8471,data/exact_l2/2026-10-03/bitkub_usdt_thb_raw.json,a19868b596b61cd98a62def5aad2dd4435e740dc07559c914a7eabd8338f3d3d,sha256_verified,"[""base_asset"",""quote_asset"",""received_utc"",""exchange_timestamp_utc"",""source_url"",""source_params_json""]",2026-10-03,,2026-10-03T10:46:39.768147+00:00,,,legacy_unavailable,bitkub,usdt_thb,THB,USDT,,,,stablecoin_tokens,1 stablecoin token = 1 USD; no FX conversion,,,sell_stablecoin_base_hit_bids,bitkub_usdt_thb_raw.json,a19868b596b61cd98a62def5aad2dd4435e740dc07559c914a7eabd8338f3d3d,200,33.545,33.54,33.55,1194079.6700000004,1194079.6700000004,39879518.71820002,True,False,40,
native_l2,legacy:2026-10-04,legacy_directory_identifier,data/exact_l2/2026-10-04,legacy_day_root,legacy,data/exact_l2/2026-10-04/manifest.json,118af7311e7df111ba08de3632dacb64c833b039b406cca8b8b5dead8f4af343,data/exact_l2/2026-10-04/threshold_depth.csv,f30a81c5a45ad5ea11501dd2890e309446190c31d9c648bc0245c89db697a28b,data/exact_l2/2026-10-04/valr_usdtzar_raw.json,60550ebd825647f23fa4b2ab44486dc1c4d7820149cb7f14ba0edc294bf95998,sha256_verified,"[""base_asset"",""quote_asset"",""received_utc"",""exchange_timestamp_utc"",""source_url"",""source_params_json""]",2026-10-04,,2026-10-04T11:27:26.862575+00:00,,,legacy_unavailable,valr,USDTZAR,ZAR,USDT,,,,stablecoin_tokens,1 stablecoin token = 1 USD; no FX conversion,,,sell_stablecoin_base_hit_bids,valr_usdtzar_raw.json,60550ebd825647f23fa4b2ab44486dc1c4d7820149cb7f14ba0edc294bf95998,10,16.744549999999997,16.7445,16.7446,263662.0294,263662.0294,4413558.386232699,True,False,12,
native_l2,legacy:2026-10-04,legacy_directory_identifier,data/exact_l2/2026-10-04,legacy_day_root,legacy,data/exact_l2/2026-10-04/manifest.json,118af7311e7df111ba08de3632dacb64c833b039b406cca8b8b5dead8f4af343,data/exact_l2/2026-10-04/threshold_depth.csv,f30a81c5a45ad5ea11501dd2890e309446190c31d9c648bc0245c89db697a28b,data/exact_l2/2026-10-04/valr_usdtzar_raw.json,60550ebd825647f23fa4b2ab44486dc1c4d7820149cb7f14ba0edc294bf95998,sha256_verified,"[""base_asset"",""quote_asset"",""received_utc"",""exchange_timestamp_utc"",""source_url"",""source_params_json""]",2026-10-04,,2026-10-04T11:27:26.862575+00:00,,,legacy_unavailable,valr,USDTZAR,ZAR,USDT,,,,stablecoin_tokens,1 stablecoin token = 1 USD; no FX conversion,,,sell_stablecoin_base_hit_bids,valr_usdtzar_raw.json,60550ebd825647f23fa4b2ab44486dc1c4d7820149cb7f14ba0edc294bf95998,50,16.744549999999997,16.7445,16.7446,1189666.6820999999,1189666.6820999999,19853889.63824949,True,False,29,
native_l2,legacy:2026-10-04,legacy_directory_identifier,data/exact_l2/2026-10-04,legacy_day_root,legacy,data/exact_l2/2026-10-04/manifest.json,118af7311e7df111ba08de3632dacb64c833b039b406cca8b8b5dead8f4af343,data/exact_l2/2026-10-04/threshold_depth.csv,f30a81c5a45ad5ea11501dd2890e309446190c31d9c648bc0245c89db697a28b,data/exact_l2/2026-10-04/valr_usdtzar_raw.json,60550ebd825647f23fa4b2ab44486dc1c4d7820149cb7f14ba0edc294bf95998,sha256_verified,"[""base_asset"",""quote_asset"",""received_utc"",""exchange_timestamp_utc"",""source_url"",""source_params_json""]",2026-10-04,,2026-10-04T11:27:26.862575+00:00,,,legacy_unavailable,valr,USDTZAR,ZAR,USDT,,,,stablecoin_tokens,1 stablecoin token = 1 USD; no FX conversion,,,sell_stablecoin_base_hit_bids,valr_usdtzar_raw.json,60550ebd825647f23fa4b2ab44486dc1c4d7820149cb7f14ba0edc294bf95998,100,16.744549999999997,16.7445,16.7446,1586983.5431,1586983.5431,26467705.733874585,True,False,45,
native_l2,legacy:2026-10-04,legacy_directory_identifier,data/exact_l2/2026-10-04,legacy_day_root,legacy,data/exact_l2/2026-10-04/manifest.json,118af7311e7df111ba08de3632dacb64c833b039b406cca8b8b5dead8f4af343,data/exact_l2/2026-10-04/threshold_depth.csv,f30a81c5a45ad5ea11501dd2890e309446190c31d9c648bc0245c89db697a28b,data/exact_l2/2026-10-04/valr_usdtzar_raw.json,60550ebd825647f23fa4b2ab44486dc1c4d7820149cb7f14ba0edc294bf95998,sha256_verified,"[""base_asset"",""quote_asset"",""received_utc"",""exchange_timestamp_utc"",""source_url"",""source_params_json""]",2026-10-04,,2026-10-04T11:27:26.862575+00:00,,,legacy_unavailable,valr,USDTZAR,ZAR,USDT,,,,stablecoin_tokens,1 stablecoin token = 1 USD; no FX conversion,,,sell_stablecoin_base_hit_bids,valr_usdtzar_raw.json,60550ebd825647f23fa4b2ab44486dc1c4d7820149cb7f14ba0edc294bf95998,200,16.744549999999997,16.7445,16.7446,1642639.737399999,1642639.737399999,27382404.44448679,True,False,72,
native_l2,legacy:2026-10-04,legacy_directory_identifier,data/exact_l2/2026-10-04,legacy_day_root,legacy,data/exact_l2/2026-10-04/manifest.json,118af7311e7df111ba08de3632dacb64c833b039b406cca8b8b5dead8f4af343,data/exact_l2/2026-10-04/threshold_depth.csv,f30a81c5a45ad5ea11501dd2890e309446190c31d9c648bc0245c89db697a28b,data/exact_l2/2026-10-04/bitkub_usdt_thb_raw.json,b51f73c2f95f93e147119a271d9ddac4e6563b363fa86cdfea1af3bf9da23ec8,sha256_verified,"[""base_asset"",""quote_asset"",""received_utc"",""exchange_timestamp_utc"",""source_url"",""source_params_json""]",2026-10-04,,2026-10-04T11:27:27.145140+00:00,,,legacy_unavailable,bitkub,usdt_thb,THB,USDT,,,,stablecoin_tokens,1 stablecoin token = 1 USD; no FX conversion,,,sell_stablecoin_base_hit_bids,bitkub_usdt_thb_raw.json,b51f73c2f95f93e147119a271d9ddac4e6563b363fa86cdfea1af3bf9da23ec8,10,33.575,33.57,33.58,339300.38,339300.38,11389288.5742,True,False,3,
native_l2,legacy:2026-10-04,legacy_directory_identifier,data/exact_l2/2026-10-04,legacy_day_root,legacy,data/exact_l2/2026-10-04/manifest.json,118af7311e7df111ba08de3632dacb64c833b039b406cca8b8b5dead8f4af343,data/exact_l2/2026-10-04/threshold_depth.csv,f30a81c5a45ad5ea11501dd2890e309446190c31d9c648bc0245c89db697a28b,data/exact_l2/2026-10-04/bitkub_usdt_thb_raw.json,b51f73c2f95f93e147119a271d9ddac4e6563b363fa86cdfea1af3bf9da23ec8,sha256_verified,"[""base_asset"",""quote_asset"",""received_utc"",""exchange_timestamp_utc"",""source_url"",""source_params_json""]",2026-10-04,,2026-10-04T11:27:27.145140+00:00,,,legacy_unavailable,bitkub,usdt_thb,THB,USDT,,,,stablecoin_tokens,1 stablecoin token = 1 USD; no FX conversion,,,sell_stablecoin_base_hit_bids,bitkub_usdt_thb_raw.json,b51f73c2f95f93e147119a271d9ddac4e6563b363fa86cdfea1af3bf9da23ec8,50,33.575,33.57,33.58,1779831.9800000004,1779831.9800000004,59681801.502200015,True,False,16,
native_l2,legacy:2026-10-04,legacy_directory_identifier,data/exact_l2/2026-10-04,legacy_day_root,legacy,data/exact_l2/2026-10-04/manifest.json,118af7311e7df111ba08de3632dacb64c833b039b406cca8b8b5dead8f4af343,data/exact_l2/2026-10-04/threshold_depth.csv,f30a81c5a45ad5ea11501dd2890e309446190c31d9c648bc0245c89db697a28b,data/exact_l2/2026-10-04/bitkub_usdt_thb_raw.json,b51f73c2f95f93e147119a271d9ddac4e6563b363fa86cdfea1af3bf9da23ec8,sha256_verified,"[""base_asset"",""quote_asset"",""received_utc"",""exchange_timestamp_utc"",""source_url"",""source_params_json""]",2026-10-04,,2026-10-04T11:27:27.145140+00:00,,,legacy_unavailable,bitkub,usdt_thb,THB,USDT,,,,stablecoin_tokens,1 stablecoin token = 1 USD; no FX conversion,,,sell_stablecoin_base_hit_bids,bitkub_usdt_thb_raw.json,b51f73c2f95f93e147119a271d9ddac4e6563b363fa86cdfea1af3bf9da23ec8,100,33.575,33.57,33.58,1895825.9600000004,1895825.9600000004,63552732.49960001,True,False,23,
native_l2,legacy:2026-10-04,legacy_directory_identifier,data/exact_l2/2026-10-04,legacy_day_root,legacy,data/exact_l2/2026-10-04/manifest.json,118af7311e7df111ba08de3632dacb64c833b039b406cca8b8b5dead8f4af343,data/exact_l2/2026-10-04/threshold_depth.csv,f30a81c5a45ad5ea11501dd2890e309446190c31d9c648bc0245c89db697a28b,data/exact_l2/2026-10-04/bitkub_usdt_thb_raw.json,b51f73c2f95f93e147119a271d9ddac4e6563b363fa86cdfea1af3bf9da23ec8,sha256_verified,"[""base_asset"",""quote_asset"",""received_utc"",""exchange_timestamp_utc"",""source_url"",""source_params_json""]",2026-10-04,,2026-10-04T11:27:27.145140+00:00,,,legacy_unavailable,bitkub,usdt_thb,THB,USDT,,,,stablecoin_tokens,1 stablecoin token = 1 USD; no FX conversion,,,sell_stablecoin_base_hit_bids,bitkub_usdt_thb_raw.json,b51f73c2f95f93e147119a271d9ddac4e6563b363fa86cdfea1af3bf9da23ec8,200,33.575,33.57,33.58,2141412.510000001,2141412.510000001,71680094.8211,True,False,42,
native_l2,20261004T230546713182Z_67b41bb9,recorded,data/exact_l2/2026-10-04/runs/20261004T230546713182Z_67b41bb9,append_only_run,recorded,data/exact_l2/2026-10-04/runs/20261004T230546713182Z_67b41bb9/manifest.json,0b263fbdfe848b2ac5380d861b14837809dd0cf8c276a9f8709b18dde0df079b,data/exact_l2/2026-10-04/runs/20261004T230546713182Z_67b41bb9/threshold_depth.csv,57dee13b6bcda05032e1a60b9eaf611c3ac6a958f8cecd0b7713e0508f84e4f1,data/exact_l2/2026-10-04/runs/20261004T230546713182Z_67b41bb9/btcturk_usdttry_raw.json,6cc68cac1dc20c4c32da6aed5024222042614117c7cd8b2d2cbd996f8b3c242b,sha256_verified,[],2026-10-04,20261004T230546713182Z_67b41bb9,2026-10-04T23:05:46.715440+00:00,2026-10-04T23:05:47.166548+00:00,2026-10-04T23:05:47.083000+00:00,provided,btcturk,USDTTRY,TRY,USDT,USDT,TRY,TRY per USDT,USDT,1 stablecoin token = 1 USD; no FX conversion,https://api.btcturk.com/api/v2/orderbook,"{""limit"": 100, ""pairSymbol"": ""USDTTRY""}",sell_stablecoin_base_hit_bids,btcturk_usdttry_raw.json,6cc68cac1dc20c4c32da6aed5024222042614117c7cd8b2d2cbd996f8b3c242b,10,49.1215,49.121,49.122,140607.1,140607.1,6905439.08201,True,False,11,documented_exchange_clock
native_l2,20261004T230546713182Z_67b41bb9,recorded,data/exact_l2/2026-10-04/runs/20261004T230546713182Z_67b41bb9,append_only_run,recorded,data/exact_l2/2026-10-04/runs/20261004T230546713182Z_67b41bb9/manifest.json,0b263fbdfe848b2ac5380d861b14837809dd0cf8c276a9f8709b18dde0df079b,data/exact_l2/2026-10-04/runs/20261004T230546713182Z_67b41bb9/threshold_depth.csv,57dee13b6bcda05032e1a60b9eaf611c3ac6a958f8cecd0b7713e0508f84e4f1,data/exact_l2/2026-10-04/runs/20261004T230546713182Z_67b41bb9/btcturk_usdttry_raw.json,6cc68cac1dc20c4c32da6aed5024222042614117c7cd8b2d2cbd996f8b3c242b,sha256_verified,[],2026-10-04,20261004T230546713182Z_67b41bb9,2026-10-04T23:05:46.715440+00:00,2026-10-04T23:05:47.166548+00:00,2026-10-04T23:05:47.083000+00:00,provided,btcturk,USDTTRY,TRY,USDT,USDT,TRY,TRY per USDT,USDT,1 stablecoin token = 1 USD; no FX conversion,https://api.btcturk.com/api/v2/orderbook,"{""limit"": 100, ""pairSymbol"": ""USDTTRY""}",sell_stablecoin_base_hit_bids,btcturk_usdttry_raw.json,6cc68cac1dc20c4c32da6aed5024222042614117c7cd8b2d2cbd996f8b3c242b,50,49.1215,49.121,49.122,247139.17999999993,247139.17999999993,12128442.261,True,False,55,documented_exchange_clock
native_l2,20261004T230546713182Z_67b41bb9,recorded,data/exact_l2/2026-10-04/runs/20261004T230546713182Z_67b41bb9,append_only_run,recorded,data/exact_l2/2026-10-04/runs/20261004T230546713182Z_67b41bb9/manifest.json,0b263fbdfe848b2ac5380d861b14837809dd0cf8c276a9f8709b18dde0df079b,data/exact_l2/2026-10-04/runs/20261004T230546713182Z_67b41bb9/threshold_depth.csv,57dee13b6bcda05032e1a60b9eaf611c3ac6a958f8cecd0b7713e0508f84e4f1,data/exact_l2/2026-10-04/runs/20261004T230546713182Z_67b41bb9/btcturk_usdttry_raw.json,6cc68cac1dc20c4c32da6aed5024222042614117c7cd8b2d2cbd996f8b3c242b,sha256_verified,[],2026-10-04,20261004T230546713182Z_67b41bb9,2026-10-04T23:05:46.715440+00:00,2026-10-04T23:05:47.166548+00:00,2026-10-04T23:05:47.083000+00:00,provided,btcturk,USDTTRY,TRY,USDT,USDT,TRY,TRY per USDT,USDT,1 stablecoin token = 1 USD; no FX conversion,https://api.btcturk.com/api/v2/orderbook,"{""limit"": 100, ""pairSymbol"": ""USDTTRY""}",sell_stablecoin_base_hit_bids,btcturk_usdttry_raw.json,6cc68cac1dc20c4c32da6aed5024222042614117c7cd8b2d2cbd996f8b3c242b,100,49.1215,49.121,49.122,321451.72999999986,321451.72999999986,15747044.024849998,True,False,95,documented_exchange_clock
native_l2,20261004T230546713182Z_67b41bb9,recorded,data/exact_l2/2026-10-04/runs/20261004T230546713182Z_67b41bb9,append_only_run,recorded,data/exact_l2/2026-10-04/runs/20261004T230546713182Z_67b41bb9/manifest.json,0b263fbdfe848b2ac5380d861b14837809dd0cf8c276a9f8709b18dde0df079b,data/exact_l2/2026-10-04/runs/20261004T230546713182Z_67b41bb9/threshold_depth.csv,57dee13b6bcda05032e1a60b9eaf611c3ac6a958f8cecd0b7713e0508f84e4f1,data/exact_l2/2026-10-04/runs/20261004T230546713182Z_67b41bb9/btcturk_usdttry_raw.json,6cc68cac1dc20c4c32da6aed5024222042614117c7cd8b2d2cbd996f8b3c242b,sha256_verified,[],2026-10-04,20261004T230546713182Z_67b41bb9,2026-10-04T23:05:46.715440+00:00,2026-10-04T23:05:47.166548+00:00,2026-10-04T23:05:47.083000+00:00,provided,btcturk,USDTTRY,TRY,USDT,USDT,TRY,TRY per USDT,USDT,1 stablecoin token = 1 USD; no FX conversion,https://api.btcturk.com/api/v2/orderbook,"{""limit"": 100, ""pairSymbol"": ""USDTTRY""}",sell_stablecoin_base_hit_bids,btcturk_usdttry_raw.json,6cc68cac1dc20c4c32da6aed5024222042614117c7cd8b2d2cbd996f8b3c242b,200,49.1215,49.121,49.122,324029.52999999985,324029.52999999985,15872309.572029999,False,True,100,documented_exchange_clock
native_l2,20261004T230546713182Z_67b41bb9,recorded,data/exact_l2/2026-10-04/runs/20261004T230546713182Z_67b41bb9,append_only_run,recorded,data/exact_l2/2026-10-04/runs/20261004T230546713182Z_67b41bb9/manifest.json,0b263fbdfe848b2ac5380d861b14837809dd0cf8c276a9f8709b18dde0df079b,data/exact_l2/2026-10-04/runs/20261004T230546713182Z_67b41bb9/threshold_depth.csv,57dee13b6bcda05032e1a60b9eaf611c3ac6a958f8cecd0b7713e0508f84e4f1,data/exact_l2/2026-10-04/runs/20261004T230546713182Z_67b41bb9/indodax_usdtidr_raw.json,82b0441134f74a1ae21c18e21314dfca2d9f426d7ac13b9c2ee3d74200b2c7f1,sha256_verified,"[""exchange_timestamp_utc""]",2026-10-04,20261004T230546713182Z_67b41bb9,2026-10-04T23:05:47.363184+00:00,2026-10-04T23:05:48.275097+00:00,,unavailable,indodax,usdtidr,IDR,USDT,USDT,IDR,IDR per USDT,USDT,1 stablecoin token = 1 USD; no FX conversion,https://indodax.com/api/depth/usdtidr,{},sell_stablecoin_base_hit_bids,indodax_usdtidr_raw.json,82b0441134f74a1ae21c18e21314dfca2d9f426d7ac13b9c2ee3d74200b2c7f1,10,17832.5,17832.0,17833.0,803686.3525918099,803686.3525918099,14321365591.883059,True,False,16,unavailable
native_l2,20261004T230546713182Z_67b41bb9,recorded,data/exact_l2/2026-10-04/runs/20261004T230546713182Z_67b41bb9,append_only_run,recorded,data/exact_l2/2026-10-04/runs/20261004T230546713182Z_67b41bb9/manifest.json,0b263fbdfe848b2ac5380d861b14837809dd0cf8c276a9f8709b18dde0df079b,data/exact_l2/2026-10-04/runs/20261004T230546713182Z_67b41bb9/threshold_depth.csv,57dee13b6bcda05032e1a60b9eaf611c3ac6a958f8cecd0b7713e0508f84e4f1,data/exact_l2/2026-10-04/runs/20261004T230546713182Z_67b41bb9/indodax_usdtidr_raw.json,82b0441134f74a1ae21c18e21314dfca2d9f426d7ac13b9c2ee3d74200b2c7f1,sha256_verified,"[""exchange_timestamp_utc""]",2026-10-04,20261004T230546713182Z_67b41bb9,2026-10-04T23:05:47.363184+00:00,2026-10-04T23:05:48.275097+00:00,,unavailable,indodax,usdtidr,IDR,USDT,USDT,IDR,IDR per USDT,USDT,1 stablecoin token = 1 USD; no FX conversion,https://indodax.com/api/depth/usdtidr,{},sell_stablecoin_base_hit_bids,indodax_usdtidr_raw.json,82b0441134f74a1ae21c18e21314dfca2d9f426d7ac13b9c2ee3d74200b2c7f1,50,17832.5,17832.0,17833.0,901901.7200197197,901901.7200197197,16068460932.368505,True,False,41,unavailable
native_l2,20261004T230546713182Z_67b41bb9,recorded,data/exact_l2/2026-10-04/runs/20261004T230546713182Z_67b41bb9,append_only_run,recorded,data/exact_l2/2026-10-04/runs/20261004T230546713182Z_67b41bb9/manifest.json,0b263fbdfe848b2ac5380d861b14837809dd0cf8c276a9f8709b18dde0df079b,data/exact_l2/2026-10-04/runs/20261004T230546713182Z_67b41bb9/threshold_depth.csv,57dee13b6bcda05032e1a60b9eaf611c3ac6a958f8cecd0b7713e0508f84e4f1,data/exact_l2/2026-10-04/runs/20261004T230546713182Z_67b41bb9/indodax_usdtidr_raw.json,82b0441134f74a1ae21c18e21314dfca2d9f426d7ac13b9c2ee3d74200b2c7f1,sha256_verified,"[""exchange_timestamp_utc""]",2026-10-04,20261004T230546713182Z_67b41bb9,2026-10-04T23:05:47.363184+00:00,2026-10-04T23:05:48.275097+00:00,,unavailable,indodax,usdtidr,IDR,USDT,USDT,IDR,IDR per USDT,USDT,1 stablecoin token = 1 USD; no FX conversion,https://indodax.com/api/depth/usdtidr,{},sell_stablecoin_base_hit_bids,indodax_usdtidr_raw.json,82b0441134f74a1ae21c18e21314dfca2d9f426d7ac13b9c2ee3d74200b2c7f1,100,17832.5,17832.0,17833.0,2544400.7266863594,2544400.7266863594,45183782196.194275,True,False,74,unavailable
native_l2,20261004T230546713182Z_67b41bb9,recorded,data/exact_l2/2026-10-04/runs/20261004T230546713182Z_67b41bb9,append_only_run,recorded,data/exact_l2/2026-10-04/runs/20261004T230546713182Z_67b41bb9/manifest.json,0b263fbdfe848b2ac5380d861b14837809dd0cf8c276a9f8709b18dde0df079b,data/exact_l2/2026-10-04/runs/20261004T230546713182Z_67b41bb9/threshold_depth.csv,57dee13b6bcda05032e1a60b9eaf611c3ac6a958f8cecd0b7713e0508f84e4f1,data/exact_l2/2026-10-04/runs/20261004T230546713182Z_67b41bb9/indodax_usdtidr_raw.json,82b0441134f74a1ae21c18e21314dfca2d9f426d7ac13b9c2ee3d74200b2c7f1,sha256_verified,"[""exchange_timestamp_utc""]",2026-10-04,20261004T230546713182Z_67b41bb9,2026-10-04T23:05:47.363184+00:00,2026-10-04T23:05:48.275097+00:00,,unavailable,indodax,usdtidr,IDR,USDT,USDT,IDR,IDR per USDT,USDT,1 stablecoin token = 1 USD; no FX conversion,https://indodax.com/api/depth/usdtidr,{},sell_stablecoin_base_hit_bids,indodax_usdtidr_raw.json,82b0441134f74a1ae21c18e21314dfca2d9f426d7ac13b9c2ee3d74200b2c7f1,200,17832.5,17832.0,17833.0,2758931.3869505203,2758931.3869505203,48951110642.537605,True,False,144,unavailable
native_l2,20261004T230546713182Z_67b41bb9,recorded,data/exact_l2/2026-10-04/runs/20261004T230546713182Z_67b41bb9,append_only_run,recorded,data/exact_l2/2026-10-04/runs/20261004T230546713182Z_67b41bb9/manifest.json,0b263fbdfe848b2ac5380d861b14837809dd0cf8c276a9f8709b18dde0df079b,data/exact_l2/2026-10-04/runs/20261004T230546713182Z_67b41bb9/threshold_depth.csv,57dee13b6bcda05032e1a60b9eaf611c3ac6a958f8cecd0b7713e0508f84e4f1,data/exact_l2/2026-10-04/runs/20261004T230546713182Z_67b41bb9/valr_usdtzar_raw.json,df968083d45918d172676312157fcb6531f2337b6b37b6d2f7130bdd5f0b93fb,sha256_verified,"[""exchange_timestamp_utc""]",2026-10-04,20261004T230546713182Z_67b41bb9,2026-10-04T23:05:48.276248+00:00,2026-10-04T23:05:48.535960+00:00,,unavailable,valr,USDTZAR,ZAR,USDT,USDT,ZAR,ZAR per USDT,USDT,1 stablecoin token = 1 USD; no FX conversion,https://api.valr.com/v1/public/USDTZAR/orderbook/full,{},sell_stablecoin_base_hit_bids,valr_usdtzar_raw.json,df968083d45918d172676312157fcb6531f2337b6b37b6d2f7130bdd5f0b93fb,10,16.716949999999997,16.7169,16.717,157538.01830000003,157538.01830000003,2631965.09825003,True,False,7,unavailable
native_l2,20261004T230546713182Z_67b41bb9,recorded,data/exact_l2/2026-10-04/runs/20261004T230546713182Z_67b41bb9,append_only_run,recorded,data/exact_l2/2026-10-04/runs/20261004T230546713182Z_67b41bb9/manifest.json,0b263fbdfe848b2ac5380d861b14837809dd0cf8c276a9f8709b18dde0df079b,data/exact_l2/2026-10-04/runs/20261004T230546713182Z_67b41bb9/threshold_depth.csv,57dee13b6bcda05032e1a60b9eaf611c3ac6a958f8cecd0b7713e0508f84e4f1,data/exact_l2/2026-10-04/runs/20261004T230546713182Z_67b41bb9/valr_usdtzar_raw.json,df968083d45918d172676312157fcb6531f2337b6b37b6d2f7130bdd5f0b93fb,sha256_verified,"[""exchange_timestamp_utc""]",2026-10-04,20261004T230546713182Z_67b41bb9,2026-10-04T23:05:48.276248+00:00,2026-10-04T23:05:48.535960+00:00,,unavailable,valr,USDTZAR,ZAR,USDT,USDT,ZAR,ZAR per USDT,USDT,1 stablecoin token = 1 USD; no FX conversion,https://api.valr.com/v1/public/USDTZAR/orderbook/full,{},sell_stablecoin_base_hit_bids,valr_usdtzar_raw.json,df968083d45918d172676312157fcb6531f2337b6b37b6d2f7130bdd5f0b93fb,50,16.716949999999997,16.7169,16.717,1384659.6369,1384659.6369,23082980.554685038,True,False,27,unavailable
native_l2,20261004T230546713182Z_67b41bb9,recorded,data/exact_l2/2026-10-04/runs/20261004T230546713182Z_67b41bb9,append_only_run,recorded,data/exact_l2/2026-10-04/runs/20261004T230546713182Z_67b41bb9/manifest.json,0b263fbdfe848b2ac5380d861b14837809dd0cf8c276a9f8709b18dde0df079b,data/exact_l2/2026-10-04/runs/20261004T230546713182Z_67b41bb9/threshold_depth.csv,57dee13b6bcda05032e1a60b9eaf611c3ac6a958f8cecd0b7713e0508f84e4f1,data/exact_l2/2026-10-04/runs/20261004T230546713182Z_67b41bb9/valr_usdtzar_raw.json,df968083d45918d172676312157fcb6531f2337b6b37b6d2f7130bdd5f0b93fb,sha256_verified,"[""exchange_timestamp_utc""]",2026-10-04,20261004T230546713182Z_67b41bb9,2026-10-04T23:05:48.276248+00:00,2026-10-04T23:05:48.535960+00:00,,unavailable,valr,USDTZAR,ZAR,USDT,USDT,ZAR,ZAR per USDT,USDT,1 stablecoin token = 1 USD; no FX conversion,https://api.valr.com/v1/public/USDTZAR/orderbook/full,{},sell_stablecoin_base_hit_bids,valr_usdtzar_raw.json,df968083d45918d172676312157fcb6531f2337b6b37b6d2f7130bdd5f0b93fb,100,16.716949999999997,16.7169,16.717,1404949.0189,1404949.0189,23420041.131547064,True,False,41,unavailable
native_l2,20261004T230546713182Z_67b41bb9,recorded,data/exact_l2/2026-10-04/runs/20261004T230546713182Z_67b41bb9,append_only_run,recorded,data/exact_l2/2026-10-04/runs/20261004T230546713182Z_67b41bb9/manifest.json,0b263fbdfe848b2ac5380d861b14837809dd0cf8c276a9f8709b18dde0df079b,data/exact_l2/2026-10-04/runs/20261004T230546713182Z_67b41bb9/threshold_depth.csv,57dee13b6bcda05032e1a60b9eaf611c3ac6a958f8cecd0b7713e0508f84e4f1,data/exact_l2/2026-10-04/runs/20261004T230546713182Z_67b41bb9/valr_usdtzar_raw.json,df968083d45918d172676312157fcb6531f2337b6b37b6d2f7130bdd5f0b93fb,sha256_verified,"[""exchange_timestamp_utc""]",2026-10-04,20261004T230546713182Z_67b41bb9,2026-10-04T23:05:48.276248+00:00,2026-10-04T23:05:48.535960+00:00,,unavailable,valr,USDTZAR,ZAR,USDT,USDT,ZAR,ZAR per USDT,USDT,1 stablecoin token = 1 USD; no FX conversion,https://api.valr.com/v1/public/USDTZAR/orderbook/full,{},sell_stablecoin_base_hit_bids,valr_usdtzar_raw.json,df968083d45918d172676312157fcb6531f2337b6b37b6d2f7130bdd5f0b93fb,200,16.716949999999997,16.7169,16.717,1547680.109799999,1547680.109799999,25769647.35539143,True,False,74,unavailable
native_l2,20261004T230546713182Z_67b41bb9,recorded,data/exact_l2/2026-10-04/runs/20261004T230546713182Z_67b41bb9,append_only_run,recorded,data/exact_l2/2026-10-04/runs/20261004T230546713182Z_67b41bb9/manifest.json,0b263fbdfe848b2ac5380d861b14837809dd0cf8c276a9f8709b18dde0df079b,data/exact_l2/2026-10-04/runs/20261004T230546713182Z_67b41bb9/threshold_depth.csv,57dee13b6bcda05032e1a60b9eaf611c3ac6a958f8cecd0b7713e0508f84e4f1,data/exact_l2/2026-10-04/runs/20261004T230546713182Z_67b41bb9/bitkub_usdt_thb_raw.json,c578f440254101e737dddbd7b0128b79057e47f3324154b22545bc0b254e0cca,sha256_verified,"[""exchange_timestamp_utc""]",2026-10-04,20261004T230546713182Z_67b41bb9,2026-10-04T23:05:48.538898+00:00,2026-10-04T23:05:49.386723+00:00,,unavailable,bitkub,usdt_thb,THB,USDT,USDT,THB,THB per USDT,USDT,1 stablecoin token = 1 USD; no FX conversion,https://api.bitkub.com/api/v3/market/depth,"{""lmt"": 1000, ""sym"": ""usdt_thb""}",sell_stablecoin_base_hit_bids,bitkub_usdt_thb_raw.json,c578f440254101e737dddbd7b0128b79057e47f3324154b22545bc0b254e0cca,10,33.515,33.51,33.52,363940.42,363940.42,12195193.152499998,True,False,3,unavailable
native_l2,20261004T230546713182Z_67b41bb9,recorded,data/exact_l2/2026-10-04/runs/20261004T230546713182Z_67b41bb9,append_only_run,recorded,data/exact_l2/2026-10-04/runs/20261004T230546713182Z_67b41bb9/manifest.json,0b263fbdfe848b2ac5380d861b14837809dd0cf8c276a9f8709b18dde0df079b,data/exact_l2/2026-10-04/runs/20261004T230546713182Z_67b41bb9/threshold_depth.csv,57dee13b6bcda05032e1a60b9eaf611c3ac6a958f8cecd0b7713e0508f84e4f1,data/exact_l2/2026-10-04/runs/20261004T230546713182Z_67b41bb9/bitkub_usdt_thb_raw.json,c578f440254101e737dddbd7b0128b79057e47f3324154b22545bc0b254e0cca,sha256_verified,"[""exchange_timestamp_utc""]",2026-10-04,20261004T230546713182Z_67b41bb9,2026-10-04T23:05:48.538898+00:00,2026-10-04T23:05:49.386723+00:00,,unavailable,bitkub,usdt_thb,THB,USDT,USDT,THB,THB per USDT,USDT,1 stablecoin token = 1 USD; no FX conversion,https://api.bitkub.com/api/v3/market/depth,"{""lmt"": 1000, ""sym"": ""usdt_thb""}",sell_stablecoin_base_hit_bids,bitkub_usdt_thb_raw.json,c578f440254101e737dddbd7b0128b79057e47f3324154b22545bc0b254e0cca,50,33.515,33.51,33.52,441583.34,441583.34,14789638.6508,True,False,14,unavailable
native_l2,20261004T230546713182Z_67b41bb9,recorded,data/exact_l2/2026-10-04/runs/20261004T230546713182Z_67b41bb9,append_only_run,recorded,data/exact_l2/2026-10-04/runs/20261004T230546713182Z_67b41bb9/manifest.json,0b263fbdfe848b2ac5380d861b14837809dd0cf8c276a9f8709b18dde0df079b,data/exact_l2/2026-10-04/runs/20261004T230546713182Z_67b41bb9/threshold_depth.csv,57dee13b6bcda05032e1a60b9eaf611c3ac6a958f8cecd0b7713e0508f84e4f1,data/exact_l2/2026-10-04/runs/20261004T230546713182Z_67b41bb9/bitkub_usdt_thb_raw.json,c578f440254101e737dddbd7b0128b79057e47f3324154b22545bc0b254e0cca,sha256_verified,"[""exchange_timestamp_utc""]",2026-10-04,20261004T230546713182Z_67b41bb9,2026-10-04T23:05:48.538898+00:00,2026-10-04T23:05:49.386723+00:00,,unavailable,bitkub,usdt_thb,THB,USDT,USDT,THB,THB per USDT,USDT,1 stablecoin token = 1 USD; no FX conversion,https://api.bitkub.com/api/v3/market/depth,"{""lmt"": 1000, ""sym"": ""usdt_thb""}",sell_stablecoin_base_hit_bids,bitkub_usdt_thb_raw.json,c578f440254101e737dddbd7b0128b79057e47f3324154b22545bc0b254e0cca,100,33.515,33.51,33.52,515042.88999999996,515042.88999999996,17231728.9646,True,False,21,unavailable
native_l2,20261004T230546713182Z_67b41bb9,recorded,data/exact_l2/2026-10-04/runs/20261004T230546713182Z_67b41bb9,append_only_run,recorded,data/exact_l2/2026-10-04/runs/20261004T230546713182Z_67b41bb9/manifest.json,0b263fbdfe848b2ac5380d861b14837809dd0cf8c276a9f8709b18dde0df079b,data/exact_l2/2026-10-04/runs/20261004T230546713182Z_67b41bb9/threshold_depth.csv,57dee13b6bcda05032e1a60b9eaf611c3ac6a958f8cecd0b7713e0508f84e4f1,data/exact_l2/2026-10-04/runs/20261004T230546713182Z_67b41bb9/bitkub_usdt_thb_raw.json,c578f440254101e737dddbd7b0128b79057e47f3324154b22545bc0b254e0cca,sha256_verified,"[""exchange_timestamp_utc""]",2026-10-04,20261004T230546713182Z_67b41bb9,2026-10-04T23:05:48.538898+00:00,2026-10-04T23:05:49.386723+00:00,,unavailable,bitkub,usdt_thb,THB,USDT,USDT,THB,THB per USDT,USDT,1 stablecoin token = 1 USD; no FX conversion,https://api.bitkub.com/api/v3/market/depth,"{""lmt"": 1000, ""sym"": ""usdt_thb""}",sell_stablecoin_base_hit_bids,bitkub_usdt_thb_raw.json,c578f440254101e737dddbd7b0128b79057e47f3324154b22545bc0b254e0cca,200,33.515,33.51,33.52,738554.3599999998,738554.3599999998,24620611.611699995,True,False,44,unavailable
native_l2,20261004T230923847566Z_818260fe,recorded,data/exact_l2/2026-10-04/runs/20261004T230923847566Z_818260fe,append_only_run,recorded,data/exact_l2/2026-10-04/runs/20261004T230923847566Z_818260fe/manifest.json,130ba325f62fd705a72a5965621cba5bcc66e9be7f843dae6253741a47b096e5,data/exact_l2/2026-10-04/runs/20261004T230923847566Z_818260fe/threshold_depth.csv,c0f9c4faaa483e9ac1978b4a09377ae4684f231314b54e13815952be9f073a67,data/exact_l2/2026-10-04/runs/20261004T230923847566Z_818260fe/btcturk_usdttry_raw.json,10c0df374b6f91bdcdbf9a7824ec7f370d7d04c351bb3c88f7a485713bc26840,sha256_verified,[],2026-10-04,20261004T230923847566Z_818260fe,2026-10-04T23:09:23.850348+00:00,2026-10-04T23:09:24.216318+00:00,2026-10-04T23:09:24.130000+00:00,provided,btcturk,USDTTRY,TRY,USDT,USDT,TRY,TRY per USDT,USDT,1 stablecoin token = 1 USD; no FX conversion,https://api.btcturk.com/api/v2/orderbook,"{""limit"": 100, ""pairSymbol"": ""USDTTRY""}",sell_stablecoin_base_hit_bids,btcturk_usdttry_raw.json,10c0df374b6f91bdcdbf9a7824ec7f370d7d04c351bb3c88f7a485713bc26840,10,49.1215,49.121,49.122,215112.11000000002,215112.11000000002,10564014.89545,True,False,10,documented_exchange_clock
native_l2,20261004T230923847566Z_818260fe,recorded,data/exact_l2/2026-10-04/runs/20261004T230923847566Z_818260fe,append_only_run,recorded,data/exact_l2/2026-10-04/runs/20261004T230923847566Z_818260fe/manifest.json,130ba325f62fd705a72a5965621cba5bcc66e9be7f843dae6253741a47b096e5,data/exact_l2/2026-10-04/runs/20261004T230923847566Z_818260fe/threshold_depth.csv,c0f9c4faaa483e9ac1978b4a09377ae4684f231314b54e13815952be9f073a67,data/exact_l2/2026-10-04/runs/20261004T230923847566Z_818260fe/btcturk_usdttry_raw.json,10c0df374b6f91bdcdbf9a7824ec7f370d7d04c351bb3c88f7a485713bc26840,sha256_verified,[],2026-10-04,20261004T230923847566Z_818260fe,2026-10-04T23:09:23.850348+00:00,2026-10-04T23:09:24.216318+00:00,2026-10-04T23:09:24.130000+00:00,provided,btcturk,USDTTRY,TRY,USDT,USDT,TRY,TRY per USDT,USDT,1 stablecoin token = 1 USD; no FX conversion,https://api.btcturk.com/api/v2/orderbook,"{""limit"": 100, ""pairSymbol"": ""USDTTRY""}",sell_stablecoin_base_hit_bids,btcturk_usdttry_raw.json,10c0df374b6f91bdcdbf9a7824ec7f370d7d04c351bb3c88f7a485713bc26840,50,49.1215,49.121,49.122,322248.9299999998,322248.9299999998,15816681.98278,True,False,56,documented_exchange_clock
native_l2,20261004T230923847566Z_818260fe,recorded,data/exact_l2/2026-10-04/runs/20261004T230923847566Z_818260fe,append_only_run,recorded,data/exact_l2/2026-10-04/runs/20261004T230923847566Z_818260fe/manifest.json,130ba325f62fd705a72a5965621cba5bcc66e9be7f843dae6253741a47b096e5,data/exact_l2/2026-10-04/runs/20261004T230923847566Z_818260fe/threshold_depth.csv,c0f9c4faaa483e9ac1978b4a09377ae4684f231314b54e13815952be9f073a67,data/exact_l2/2026-10-04/runs/20261004T230923847566Z_818260fe/btcturk_usdttry_raw.json,10c0df374b6f91bdcdbf9a7824ec7f370d7d04c351bb3c88f7a485713bc26840,sha256_verified,[],2026-10-04,20261004T230923847566Z_818260fe,2026-10-04T23:09:23.850348+00:00,2026-10-04T23:09:24.216318+00:00,2026-10-04T23:09:24.130000+00:00,provided,btcturk,USDTTRY,TRY,USDT,USDT,TRY,TRY per USDT,USDT,1 stablecoin token = 1 USD; no FX conversion,https://api.btcturk.com/api/v2/orderbook,"{""limit"": 100, ""pairSymbol"": ""USDTTRY""}",sell_stablecoin_base_hit_bids,btcturk_usdttry_raw.json,10c0df374b6f91bdcdbf9a7824ec7f370d7d04c351bb3c88f7a485713bc26840,100,49.1215,49.121,49.122,396561.47999999975,396561.47999999975,19435283.74662999,True,False,96,documented_exchange_clock
native_l2,20261004T230923847566Z_818260fe,recorded,data/exact_l2/2026-10-04/runs/20261004T230923847566Z_818260fe,append_only_run,recorded,data/exact_l2/2026-10-04/runs/20261004T230923847566Z_818260fe/manifest.json,130ba325f62fd705a72a5965621cba5bcc66e9be7f843dae6253741a47b096e5,data/exact_l2/2026-10-04/runs/20261004T230923847566Z_818260fe/threshold_depth.csv,c0f9c4faaa483e9ac1978b4a09377ae4684f231314b54e13815952be9f073a67,data/exact_l2/2026-10-04/runs/20261004T230923847566Z_818260fe/btcturk_usdttry_raw.json,10c0df374b6f91bdcdbf9a7824ec7f370d7d04c351bb3c88f7a485713bc26840,sha256_verified,[],2026-10-04,20261004T230923847566Z_818260fe,2026-10-04T23:09:23.850348+00:00,2026-10-04T23:09:24.216318+00:00,2026-10-04T23:09:24.130000+00:00,provided,btcturk,USDTTRY,TRY,USDT,USDT,TRY,TRY per USDT,USDT,1 stablecoin token = 1 USD; no FX conversion,https://api.btcturk.com/api/v2/orderbook,"{""limit"": 100, ""pairSymbol"": ""USDTTRY""}",sell_stablecoin_base_hit_bids,btcturk_usdttry_raw.json,10c0df374b6f91bdcdbf9a7824ec7f370d7d04c351bb3c88f7a485713bc26840,200,49.1215,49.121,49.122,398139.27999999974,398139.27999999974,19511964.29380999,False,True,100,documented_exchange_clock
native_l2,20261004T230923847566Z_818260fe,recorded,data/exact_l2/2026-10-04/runs/20261004T230923847566Z_818260fe,append_only_run,recorded,data/exact_l2/2026-10-04/runs/20261004T230923847566Z_818260fe/manifest.json,130ba325f62fd705a72a5965621cba5bcc66e9be7f843dae6253741a47b096e5,data/exact_l2/2026-10-04/runs/20261004T230923847566Z_818260fe/threshold_depth.csv,c0f9c4faaa483e9ac1978b4a09377ae4684f231314b54e13815952be9f073a67,data/exact_l2/2026-10-04/runs/20261004T230923847566Z_818260fe/mercadobitcoin_usdt-brl_raw.json,e73361b119cfd2432ee0da9d20910db3d82c0512f0163f7f649272e1e17d6689,sha256_verified,[],2026-10-04,20261004T230923847566Z_818260fe,2026-10-04T23:09:24.217306+00:00,2026-10-04T23:09:24.428631+00:00,2026-10-04T23:09:24.391985+00:00,provided,mercadobitcoin,USDT-BRL,BRL,USDT,USDT,BRL,BRL per USDT,USDT,1 stablecoin token = 1 USD; no FX conversion,https://api.mercadobitcoin.net/api/v4/USDT-BRL/orderbook,"{""limit"": 100}",sell_stablecoin_base_hit_bids,mercadobitcoin_usdt-brl_raw.json,e73361b119cfd2432ee0da9d20910db3d82c0512f0163f7f649272e1e17d6689,10,5.24425,5.2442,5.2443,22727.140600000002,22727.140600000002,119102.29075469999,True,False,13,epoch_nanoseconds_inferred_by_magnitude
native_l2,20261004T230923847566Z_818260fe,recorded,data/exact_l2/2026-10-04/runs/20261004T230923847566Z_818260fe,append_only_run,recorded,data/exact_l2/2026-10-04/runs/20261004T230923847566Z_818260fe/manifest.json,130ba325f62fd705a72a5965621cba5bcc66e9be7f843dae6253741a47b096e5,data/exact_l2/2026-10-04/runs/20261004T230923847566Z_818260fe/threshold_depth.csv,c0f9c4faaa483e9ac1978b4a09377ae4684f231314b54e13815952be9f073a67,data/exact_l2/2026-10-04/runs/20261004T230923847566Z_818260fe/mercadobitcoin_usdt-brl_raw.json,e73361b119cfd2432ee0da9d20910db3d82c0512f0163f7f649272e1e17d6689,sha256_verified,[],2026-10-04,20261004T230923847566Z_818260fe,2026-10-04T23:09:24.217306+00:00,2026-10-04T23:09:24.428631+00:00,2026-10-04T23:09:24.391985+00:00,provided,mercadobitcoin,USDT-BRL,BRL,USDT,USDT,BRL,BRL per USDT,USDT,1 stablecoin token = 1 USD; no FX conversion,https://api.mercadobitcoin.net/api/v4/USDT-BRL/orderbook,"{""limit"": 100}",sell_stablecoin_base_hit_bids,mercadobitcoin_usdt-brl_raw.json,e73361b119cfd2432ee0da9d20910db3d82c0512f0163f7f649272e1e17d6689,50,5.24425,5.2442,5.2443,53834.5874,53834.5874,281897.38920322,True,False,19,epoch_nanoseconds_inferred_by_magnitude
native_l2,20261004T230923847566Z_818260fe,recorded,data/exact_l2/2026-10-04/runs/20261004T230923847566Z_818260fe,append_only_run,recorded,data/exact_l2/2026-10-04/runs/20261004T230923847566Z_818260fe/manifest.json,130ba325f62fd705a72a5965621cba5bcc66e9be7f843dae6253741a47b096e5,data/exact_l2/2026-10-04/runs/20261004T230923847566Z_818260fe/threshold_depth.csv,c0f9c4faaa483e9ac1978b4a09377ae4684f231314b54e13815952be9f073a67,data/exact_l2/2026-10-04/runs/20261004T230923847566Z_818260fe/mercadobitcoin_usdt-brl_raw.json,e73361b119cfd2432ee0da9d20910db3d82c0512f0163f7f649272e1e17d6689,sha256_verified,[],2026-10-04,20261004T230923847566Z_818260fe,2026-10-04T23:09:24.217306+00:00,2026-10-04T23:09:24.428631+00:00,2026-10-04T23:09:24.391985+00:00,provided,mercadobitcoin,USDT-BRL,BRL,USDT,USDT,BRL,BRL per USDT,USDT,1 stablecoin token = 1 USD; no FX conversion,https://api.mercadobitcoin.net/api/v4/USDT-BRL/orderbook,"{""limit"": 100}",sell_stablecoin_base_hit_bids,mercadobitcoin_usdt-brl_raw.json,e73361b119cfd2432ee0da9d20910db3d82c0512f0163f7f649272e1e17d6689,100,5.24425,5.2442,5.2443,74963.615,74963.615,391820.60552181,True,False,25,epoch_nanoseconds_inferred_by_magnitude
native_l2,20261004T230923847566Z_818260fe,recorded,data/exact_l2/2026-10-04/runs/20261004T230923847566Z_818260fe,append_only_run,recorded,data/exact_l2/2026-10-04/runs/20261004T230923847566Z_818260fe/manifest.json,130ba325f62fd705a72a5965621cba5bcc66e9be7f843dae6253741a47b096e5,data/exact_l2/2026-10-04/runs/20261004T230923847566Z_818260fe/threshold_depth.csv,c0f9c4faaa483e9ac1978b4a09377ae4684f231314b54e13815952be9f073a67,data/exact_l2/2026-10-04/runs/20261004T230923847566Z_818260fe/mercadobitcoin_usdt-brl_raw.json,e73361b119cfd2432ee0da9d20910db3d82c0512f0163f7f649272e1e17d6689,sha256_verified,[],2026-10-04,20261004T230923847566Z_818260fe,2026-10-04T23:09:24.217306+00:00,2026-10-04T23:09:24.428631+00:00,2026-10-04T23:09:24.391985+00:00,provided,mercadobitcoin,USDT-BRL,BRL,USDT,USDT,BRL,BRL per USDT,USDT,1 stablecoin token = 1 USD; no FX conversion,https://api.mercadobitcoin.net/api/v4/USDT-BRL/orderbook,"{""limit"": 100}",sell_stablecoin_base_hit_bids,mercadobitcoin_usdt-brl_raw.json,e73361b119cfd2432ee0da9d20910db3d82c0512f0163f7f649272e1e17d6689,200,5.24425,5.2442,5.2443,131342.85450000002,131342.85450000002,683561.4954230102,True,False,51,epoch_nanoseconds_inferred_by_magnitude
native_l2,20261004T230923847566Z_818260fe,recorded,data/exact_l2/2026-10-04/runs/20261004T230923847566Z_818260fe,append_only_run,recorded,data/exact_l2/2026-10-04/runs/20261004T230923847566Z_818260fe/manifest.json,130ba325f62fd705a72a5965621cba5bcc66e9be7f843dae6253741a47b096e5,data/exact_l2/2026-10-04/runs/20261004T230923847566Z_818260fe/threshold_depth.csv,c0f9c4faaa483e9ac1978b4a09377ae4684f231314b54e13815952be9f073a67,data/exact_l2/2026-10-04/runs/20261004T230923847566Z_818260fe/indodax_usdtidr_raw.json,1ecb421071da4d4af1bfe99d5ce63faa6a63f53b085895e920d1d925b6114847,sha256_verified,"[""exchange_timestamp_utc""]",2026-10-04,20261004T230923847566Z_818260fe,2026-10-04T23:09:24.429580+00:00,2026-10-04T23:09:25.448906+00:00,,unavailable,indodax,usdtidr,IDR,USDT,USDT,IDR,IDR per USDT,USDT,1 stablecoin token = 1 USD; no FX conversion,https://indodax.com/api/depth/usdtidr,{},sell_stablecoin_base_hit_bids,indodax_usdtidr_raw.json,1ecb421071da4d4af1bfe99d5ce63faa6a63f53b085895e920d1d925b6114847,10,17832.5,17832.0,17833.0,105287.31072796998,105287.31072796998,1877293279.3284512,True,False,16,unavailable
native_l2,20261004T230923847566Z_818260fe,recorded,data/exact_l2/2026-10-04/runs/20261004T230923847566Z_818260fe,append_only_run,recorded,data/exact_l2/2026-10-04/runs/20261004T230923847566Z_818260fe/manifest.json,130ba325f62fd705a72a5965621cba5bcc66e9be7f843dae6253741a47b096e5,data/exact_l2/2026-10-04/runs/20261004T230923847566Z_818260fe/threshold_depth.csv,c0f9c4faaa483e9ac1978b4a09377ae4684f231314b54e13815952be9f073a67,data/exact_l2/2026-10-04/runs/20261004T230923847566Z_818260fe/indodax_usdtidr_raw.json,1ecb421071da4d4af1bfe99d5ce63faa6a63f53b085895e920d1d925b6114847,sha256_verified,"[""exchange_timestamp_utc""]",2026-10-04,20261004T230923847566Z_818260fe,2026-10-04T23:09:24.429580+00:00,2026-10-04T23:09:25.448906+00:00,,unavailable,indodax,usdtidr,IDR,USDT,USDT,IDR,IDR per USDT,USDT,1 stablecoin token = 1 USD; no FX conversion,https://indodax.com/api/depth/usdtidr,{},sell_stablecoin_base_hit_bids,indodax_usdtidr_raw.json,1ecb421071da4d4af1bfe99d5ce63faa6a63f53b085895e920d1d925b6114847,50,17832.5,17832.0,17833.0,902096.0672755698,902096.0672755698,16067734066.813818,True,False,42,unavailable
native_l2,20261004T230923847566Z_818260fe,recorded,data/exact_l2/2026-10-04/runs/20261004T230923847566Z_818260fe,append_only_run,recorded,data/exact_l2/2026-10-04/runs/20261004T230923847566Z_818260fe/manifest.json,130ba325f62fd705a72a5965621cba5bcc66e9be7f843dae6253741a47b096e5,data/exact_l2/2026-10-04/runs/20261004T230923847566Z_818260fe/threshold_depth.csv,c0f9c4faaa483e9ac1978b4a09377ae4684f231314b54e13815952be9f073a67,data/exact_l2/2026-10-04/runs/20261004T230923847566Z_818260fe/indodax_usdtidr_raw.json,1ecb421071da4d4af1bfe99d5ce63faa6a63f53b085895e920d1d925b6114847,sha256_verified,"[""exchange_timestamp_utc""]",2026-10-04,20261004T230923847566Z_818260fe,2026-10-04T23:09:24.429580+00:00,2026-10-04T23:09:25.448906+00:00,,unavailable,indodax,usdtidr,IDR,USDT,USDT,IDR,IDR per USDT,USDT,1 stablecoin token = 1 USD; no FX conversion,https://indodax.com/api/depth/usdtidr,{},sell_stablecoin_base_hit_bids,indodax_usdtidr_raw.json,1ecb421071da4d4af1bfe99d5ce63faa6a63f53b085895e920d1d925b6114847,100,17832.5,17832.0,17833.0,2544595.073942209,2544595.073942209,45183055330.63959,True,False,75,unavailable
native_l2,20261004T230923847566Z_818260fe,recorded,data/exact_l2/2026-10-04/runs/20261004T230923847566Z_818260fe,append_only_run,recorded,data/exact_l2/2026-10-04/runs/20261004T230923847566Z_818260fe/manifest.json,130ba325f62fd705a72a5965621cba5bcc66e9be7f843dae6253741a47b096e5,data/exact_l2/2026-10-04/runs/20261004T230923847566Z_818260fe/threshold_depth.csv,c0f9c4faaa483e9ac1978b4a09377ae4684f231314b54e13815952be9f073a67,data/exact_l2/2026-10-04/runs/20261004T230923847566Z_818260fe/indodax_usdtidr_raw.json,1ecb421071da4d4af1bfe99d5ce63faa6a63f53b085895e920d1d925b6114847,sha256_verified,"[""exchange_timestamp_utc""]",2026-10-04,20261004T230923847566Z_818260fe,2026-10-04T23:09:24.429580+00:00,2026-10-04T23:09:25.448906+00:00,,unavailable,indodax,usdtidr,IDR,USDT,USDT,IDR,IDR per USDT,USDT,1 stablecoin token = 1 USD; no FX conversion,https://indodax.com/api/depth/usdtidr,{},sell_stablecoin_base_hit_bids,indodax_usdtidr_raw.json,1ecb421071da4d4af1bfe99d5ce63faa6a63f53b085895e920d1d925b6114847,200,17832.5,17832.0,17833.0,2759125.7342063696,2759125.7342063696,48950383776.98292,True,False,145,unavailable
native_l2,20261004T230923847566Z_818260fe,recorded,data/exact_l2/2026-10-04/runs/20261004T230923847566Z_818260fe,append_only_run,recorded,data/exact_l2/2026-10-04/runs/20261004T230923847566Z_818260fe/manifest.json,130ba325f62fd705a72a5965621cba5bcc66e9be7f843dae6253741a47b096e5,data/exact_l2/2026-10-04/runs/20261004T230923847566Z_818260fe/threshold_depth.csv,c0f9c4faaa483e9ac1978b4a09377ae4684f231314b54e13815952be9f073a67,data/exact_l2/2026-10-04/runs/20261004T230923847566Z_818260fe/valr_usdtzar_raw.json,7a6813a2dac6040efdcab480fa0347025c60a0bfca7b36b236196ed5aeaf8de1,sha256_verified,"[""exchange_timestamp_utc""]",2026-10-04,20261004T230923847566Z_818260fe,2026-10-04T23:09:25.450021+00:00,2026-10-04T23:09:25.845523+00:00,,unavailable,valr,USDTZAR,ZAR,USDT,USDT,ZAR,ZAR per USDT,USDT,1 stablecoin token = 1 USD; no FX conversion,https://api.valr.com/v1/public/USDTZAR/orderbook/full,{},sell_stablecoin_base_hit_bids,valr_usdtzar_raw.json,7a6813a2dac6040efdcab480fa0347025c60a0bfca7b36b236196ed5aeaf8de1,10,16.716450000000002,16.7164,16.7165,151878.9285,151878.9285,2536854.28970679,True,False,7,unavailable
native_l2,20261004T230923847566Z_818260fe,recorded,data/exact_l2/2026-10-04/runs/20261004T230923847566Z_818260fe,append_only_run,recorded,data/exact_l2/2026-10-04/runs/20261004T230923847566Z_818260fe/manifest.json,130ba325f62fd705a72a5965621cba5bcc66e9be7f843dae6253741a47b096e5,data/exact_l2/2026-10-04/runs/20261004T230923847566Z_818260fe/threshold_depth.csv,c0f9c4faaa483e9ac1978b4a09377ae4684f231314b54e13815952be9f073a67,data/exact_l2/2026-10-04/runs/20261004T230923847566Z_818260fe/valr_usdtzar_raw.json,7a6813a2dac6040efdcab480fa0347025c60a0bfca7b36b236196ed5aeaf8de1,sha256_verified,"[""exchange_timestamp_utc""]",2026-10-04,20261004T230923847566Z_818260fe,2026-10-04T23:09:25.450021+00:00,2026-10-04T23:09:25.845523+00:00,,unavailable,valr,USDTZAR,ZAR,USDT,USDT,ZAR,ZAR per USDT,USDT,1 stablecoin token = 1 USD; no FX conversion,https://api.valr.com/v1/public/USDTZAR/orderbook/full,{},sell_stablecoin_base_hit_bids,valr_usdtzar_raw.json,7a6813a2dac6040efdcab480fa0347025c60a0bfca7b36b236196ed5aeaf8de1,50,16.716450000000002,16.7164,16.7165,1388744.7986,1388744.7986,23150404.822266947,True,False,28,unavailable
native_l2,20261004T230923847566Z_818260fe,recorded,data/exact_l2/2026-10-04/runs/20261004T230923847566Z_818260fe,append_only_run,recorded,data/exact_l2/2026-10-04/runs/20261004T230923847566Z_818260fe/manifest.json,130ba325f62fd705a72a5965621cba5bcc66e9be7f843dae6253741a47b096e5,data/exact_l2/2026-10-04/runs/20261004T230923847566Z_818260fe/threshold_depth.csv,c0f9c4faaa483e9ac1978b4a09377ae4684f231314b54e13815952be9f073a67,data/exact_l2/2026-10-04/runs/20261004T230923847566Z_818260fe/valr_usdtzar_raw.json,7a6813a2dac6040efdcab480fa0347025c60a0bfca7b36b236196ed5aeaf8de1,sha256_verified,"[""exchange_timestamp_utc""]",2026-10-04,20261004T230923847566Z_818260fe,2026-10-04T23:09:25.450021+00:00,2026-10-04T23:09:25.845523+00:00,,unavailable,valr,USDTZAR,ZAR,USDT,USDT,ZAR,ZAR per USDT,USDT,1 stablecoin token = 1 USD; no FX conversion,https://api.valr.com/v1/public/USDTZAR/orderbook/full,{},sell_stablecoin_base_hit_bids,valr_usdtzar_raw.json,7a6813a2dac6040efdcab480fa0347025c60a0bfca7b36b236196ed5aeaf8de1,100,16.716450000000002,16.7164,16.7165,1409034.1806,1409034.1806,23487465.399128973,True,False,42,unavailable
native_l2,20261004T230923847566Z_818260fe,recorded,data/exact_l2/2026-10-04/runs/20261004T230923847566Z_818260fe,append_only_run,recorded,data/exact_l2/2026-10-04/runs/20261004T230923847566Z_818260fe/manifest.json,130ba325f62fd705a72a5965621cba5bcc66e9be7f843dae6253741a47b096e5,data/exact_l2/2026-10-04/runs/20261004T230923847566Z_818260fe/threshold_depth.csv,c0f9c4faaa483e9ac1978b4a09377ae4684f231314b54e13815952be9f073a67,data/exact_l2/2026-10-04/runs/20261004T230923847566Z_818260fe/valr_usdtzar_raw.json,7a6813a2dac6040efdcab480fa0347025c60a0bfca7b36b236196ed5aeaf8de1,sha256_verified,"[""exchange_timestamp_utc""]",2026-10-04,20261004T230923847566Z_818260fe,2026-10-04T23:09:25.450021+00:00,2026-10-04T23:09:25.845523+00:00,,unavailable,valr,USDTZAR,ZAR,USDT,USDT,ZAR,ZAR per USDT,USDT,1 stablecoin token = 1 USD; no FX conversion,https://api.valr.com/v1/public/USDTZAR/orderbook/full,{},sell_stablecoin_base_hit_bids,valr_usdtzar_raw.json,7a6813a2dac6040efdcab480fa0347025c60a0bfca7b36b236196ed5aeaf8de1,200,16.716450000000002,16.7164,16.7165,1551765.271499999,1551765.271499999,25837071.62297334,True,False,75,unavailable
native_l2,20261004T230923847566Z_818260fe,recorded,data/exact_l2/2026-10-04/runs/20261004T230923847566Z_818260fe,append_only_run,recorded,data/exact_l2/2026-10-04/runs/20261004T230923847566Z_818260fe/manifest.json,130ba325f62fd705a72a5965621cba5bcc66e9be7f843dae6253741a47b096e5,data/exact_l2/2026-10-04/runs/20261004T230923847566Z_818260fe/threshold_depth.csv,c0f9c4faaa483e9ac1978b4a09377ae4684f231314b54e13815952be9f073a67,data/exact_l2/2026-10-04/runs/20261004T230923847566Z_818260fe/bitkub_usdt_thb_raw.json,9ac0fd5308e976c4f11c4dbccdf4dbd01d9d43681bfa1dc25729fddbebaf6366,sha256_verified,"[""exchange_timestamp_utc""]",2026-10-04,20261004T230923847566Z_818260fe,2026-10-04T23:09:25.848811+00:00,2026-10-04T23:09:26.618405+00:00,,unavailable,bitkub,usdt_thb,THB,USDT,USDT,THB,THB per USDT,USDT,1 stablecoin token = 1 USD; no FX conversion,https://api.bitkub.com/api/v3/market/depth,"{""lmt"": 1000, ""sym"": ""usdt_thb""}",sell_stablecoin_base_hit_bids,bitkub_usdt_thb_raw.json,9ac0fd5308e976c4f11c4dbccdf4dbd01d9d43681bfa1dc25729fddbebaf6366,10,33.525000000000006,33.52,33.53,421288.88,421288.88,14117862.9592,True,False,3,unavailable
native_l2,20261004T230923847566Z_818260fe,recorded,data/exact_l2/2026-10-04/runs/20261004T230923847566Z_818260fe,append_only_run,recorded,data/exact_l2/2026-10-04/runs/20261004T230923847566Z_818260fe/manifest.json,130ba325f62fd705a72a5965621cba5bcc66e9be7f843dae6253741a47b096e5,data/exact_l2/2026-10-04/runs/20261004T230923847566Z_818260fe/threshold_depth.csv,c0f9c4faaa483e9ac1978b4a09377ae4684f231314b54e13815952be9f073a67,data/exact_l2/2026-10-04/runs/20261004T230923847566Z_818260fe/bitkub_usdt_thb_raw.json,9ac0fd5308e976c4f11c4dbccdf4dbd01d9d43681bfa1dc25729fddbebaf6366,sha256_verified,"[""exchange_timestamp_utc""]",2026-10-04,20261004T230923847566Z_818260fe,2026-10-04T23:09:25.848811+00:00,2026-10-04T23:09:26.618405+00:00,,unavailable,bitkub,usdt_thb,THB,USDT,USDT,THB,THB per USDT,USDT,1 stablecoin token = 1 USD; no FX conversion,https://api.bitkub.com/api/v3/market/depth,"{""lmt"": 1000, ""sym"": ""usdt_thb""}",sell_stablecoin_base_hit_bids,bitkub_usdt_thb_raw.json,9ac0fd5308e976c4f11c4dbccdf4dbd01d9d43681bfa1dc25729fddbebaf6366,50,33.525000000000006,33.52,33.53,533633.67,533633.67,17874223.2978,True,False,15,unavailable
native_l2,20261004T230923847566Z_818260fe,recorded,data/exact_l2/2026-10-04/runs/20261004T230923847566Z_818260fe,append_only_run,recorded,data/exact_l2/2026-10-04/runs/20261004T230923847566Z_818260fe/manifest.json,130ba325f62fd705a72a5965621cba5bcc66e9be7f843dae6253741a47b096e5,data/exact_l2/2026-10-04/runs/20261004T230923847566Z_818260fe/threshold_depth.csv,c0f9c4faaa483e9ac1978b4a09377ae4684f231314b54e13815952be9f073a67,data/exact_l2/2026-10-04/runs/20261004T230923847566Z_818260fe/bitkub_usdt_thb_raw.json,9ac0fd5308e976c4f11c4dbccdf4dbd01d9d43681bfa1dc25729fddbebaf6366,sha256_verified,"[""exchange_timestamp_utc""]",2026-10-04,20261004T230923847566Z_818260fe,2026-10-04T23:09:25.848811+00:00,2026-10-04T23:09:26.618405+00:00,,unavailable,bitkub,usdt_thb,THB,USDT,USDT,THB,THB per USDT,USDT,1 stablecoin token = 1 USD; no FX conversion,https://api.bitkub.com/api/v3/market/depth,"{""lmt"": 1000, ""sym"": ""usdt_thb""}",sell_stablecoin_base_hit_bids,bitkub_usdt_thb_raw.json,9ac0fd5308e976c4f11c4dbccdf4dbd01d9d43681bfa1dc25729fddbebaf6366,100,33.525000000000006,33.52,33.53,607990.52,607990.52,20346238.566600002,True,False,23,unavailable
native_l2,20261004T230923847566Z_818260fe,recorded,data/exact_l2/2026-10-04/runs/20261004T230923847566Z_818260fe,append_only_run,recorded,data/exact_l2/2026-10-04/runs/20261004T230923847566Z_818260fe/manifest.json,130ba325f62fd705a72a5965621cba5bcc66e9be7f843dae6253741a47b096e5,data/exact_l2/2026-10-04/runs/20261004T230923847566Z_818260fe/threshold_depth.csv,c0f9c4faaa483e9ac1978b4a09377ae4684f231314b54e13815952be9f073a67,data/exact_l2/2026-10-04/runs/20261004T230923847566Z_818260fe/bitkub_usdt_thb_raw.json,9ac0fd5308e976c4f11c4dbccdf4dbd01d9d43681bfa1dc25729fddbebaf6366,sha256_verified,"[""exchange_timestamp_utc""]",2026-10-04,20261004T230923847566Z_818260fe,2026-10-04T23:09:25.848811+00:00,2026-10-04T23:09:26.618405+00:00,,unavailable,bitkub,usdt_thb,THB,USDT,USDT,THB,THB per USDT,USDT,1 stablecoin token = 1 USD; no FX conversion,https://api.bitkub.com/api/v3/market/depth,"{""lmt"": 1000, ""sym"": ""usdt_thb""}",sell_stablecoin_base_hit_bids,bitkub_usdt_thb_raw.json,9ac0fd5308e976c4f11c4dbccdf4dbd01d9d43681bfa1dc25729fddbebaf6366,200,33.525000000000006,33.52,33.53,821659.7199999997,821659.7199999997,27411802.644199997,True,False,45,unavailable
native_l2,20261005T123740202287Z_ad4c0b67,recorded,data/exact_l2/2026-10-05/runs/20261005T123740202287Z_ad4c0b67,append_only_run,recorded,data/exact_l2/2026-10-05/runs/20261005T123740202287Z_ad4c0b67/manifest.json,ec540ac0fcb890d7cb9958df812a00c4aa1bb5ba0807d1f61155b5c4f7374c6d,data/exact_l2/2026-10-05/runs/20261005T123740202287Z_ad4c0b67/threshold_depth.csv,39e71534111d9e9975945eac742f27865e44eee85c7f5aefd84069d40c9bea95,data/exact_l2/2026-10-05/runs/20261005T123740202287Z_ad4c0b67/btcturk_usdttry_raw.json,748724f76e38ee41c12d0c00a1c7ec8891b029cf10eec568006650c34285eb19,sha256_verified,[],2026-10-05,20261005T123740202287Z_ad4c0b67,2026-10-05T12:37:40.205575+00:00,2026-10-05T12:37:40.482629+00:00,2026-10-05T12:37:40.416000+00:00,provided,btcturk,USDTTRY,TRY,USDT,USDT,TRY,TRY per USDT,USDT,1 stablecoin token = 1 USD; no FX conversion,https://api.btcturk.com/api/v2/orderbook,"{""limit"": 100, ""pairSymbol"": ""USDTTRY""}",sell_stablecoin_base_hit_bids,btcturk_usdttry_raw.json,748724f76e38ee41c12d0c00a1c7ec8891b029cf10eec568006650c34285eb19,10,49.0925,49.086,49.099,145636.29,145636.29,7146825.610839999,True,False,10,documented_exchange_clock
native_l2,20261005T123740202287Z_ad4c0b67,recorded,data/exact_l2/2026-10-05/runs/20261005T123740202287Z_ad4c0b67,append_only_run,recorded,data/exact_l2/2026-10-05/runs/20261005T123740202287Z_ad4c0b67/manifest.json,ec540ac0fcb890d7cb9958df812a00c4aa1bb5ba0807d1f61155b5c4f7374c6d,data/exact_l2/2026-10-05/runs/20261005T123740202287Z_ad4c0b67/threshold_depth.csv,39e71534111d9e9975945eac742f27865e44eee85c7f5aefd84069d40c9bea95,data/exact_l2/2026-10-05/runs/20261005T123740202287Z_ad4c0b67/btcturk_usdttry_raw.json,748724f76e38ee41c12d0c00a1c7ec8891b029cf10eec568006650c34285eb19,sha256_verified,[],2026-10-05,20261005T123740202287Z_ad4c0b67,2026-10-05T12:37:40.205575+00:00,2026-10-05T12:37:40.482629+00:00,2026-10-05T12:37:40.416000+00:00,provided,btcturk,USDTTRY,TRY,USDT,USDT,TRY,TRY per USDT,USDT,1 stablecoin token = 1 USD; no FX conversion,https://api.btcturk.com/api/v2/orderbook,"{""limit"": 100, ""pairSymbol"": ""USDTTRY""}",sell_stablecoin_base_hit_bids,btcturk_usdttry_raw.json,748724f76e38ee41c12d0c00a1c7ec8891b029cf10eec568006650c34285eb19,50,49.0925,49.086,49.099,233070.04999999993,233070.04999999993,11429350.84963,True,False,58,documented_exchange_clock
native_l2,20261005T123740202287Z_ad4c0b67,recorded,data/exact_l2/2026-10-05/runs/20261005T123740202287Z_ad4c0b67,append_only_run,recorded,data/exact_l2/2026-10-05/runs/20261005T123740202287Z_ad4c0b67/manifest.json,ec540ac0fcb890d7cb9958df812a00c4aa1bb5ba0807d1f61155b5c4f7374c6d,data/exact_l2/2026-10-05/runs/20261005T123740202287Z_ad4c0b67/threshold_depth.csv,39e71534111d9e9975945eac742f27865e44eee85c7f5aefd84069d40c9bea95,data/exact_l2/2026-10-05/runs/20261005T123740202287Z_ad4c0b67/btcturk_usdttry_raw.json,748724f76e38ee41c12d0c00a1c7ec8891b029cf10eec568006650c34285eb19,sha256_verified,[],2026-10-05,20261005T123740202287Z_ad4c0b67,2026-10-05T12:37:40.205575+00:00,2026-10-05T12:37:40.482629+00:00,2026-10-05T12:37:40.416000+00:00,provided,btcturk,USDTTRY,TRY,USDT,USDT,TRY,TRY per USDT,USDT,1 stablecoin token = 1 USD; no FX conversion,https://api.btcturk.com/api/v2/orderbook,"{""limit"": 100, ""pairSymbol"": ""USDTTRY""}",sell_stablecoin_base_hit_bids,btcturk_usdttry_raw.json,748724f76e38ee41c12d0c00a1c7ec8891b029cf10eec568006650c34285eb19,100,49.0925,49.086,49.099,373077.98999999993,373077.98999999993,18241278.886049997,True,False,89,documented_exchange_clock
native_l2,20261005T123740202287Z_ad4c0b67,recorded,data/exact_l2/2026-10-05/runs/20261005T123740202287Z_ad4c0b67,append_only_run,recorded,data/exact_l2/2026-10-05/runs/20261005T123740202287Z_ad4c0b67/manifest.json,ec540ac0fcb890d7cb9958df812a00c4aa1bb5ba0807d1f61155b5c4f7374c6d,data/exact_l2/2026-10-05/runs/20261005T123740202287Z_ad4c0b67/threshold_depth.csv,39e71534111d9e9975945eac742f27865e44eee85c7f5aefd84069d40c9bea95,data/exact_l2/2026-10-05/runs/20261005T123740202287Z_ad4c0b67/btcturk_usdttry_raw.json,748724f76e38ee41c12d0c00a1c7ec8891b029cf10eec568006650c34285eb19,sha256_verified,[],2026-10-05,20261005T123740202287Z_ad4c0b67,2026-10-05T12:37:40.205575+00:00,2026-10-05T12:37:40.482629+00:00,2026-10-05T12:37:40.416000+00:00,provided,btcturk,USDTTRY,TRY,USDT,USDT,TRY,TRY per USDT,USDT,1 stablecoin token = 1 USD; no FX conversion,https://api.btcturk.com/api/v2/orderbook,"{""limit"": 100, ""pairSymbol"": ""USDTTRY""}",sell_stablecoin_base_hit_bids,btcturk_usdttry_raw.json,748724f76e38ee41c12d0c00a1c7ec8891b029cf10eec568006650c34285eb19,200,49.0925,49.086,49.099,376941.15,376941.15,18428922.654659998,False,True,100,documented_exchange_clock
native_l2,20261005T123740202287Z_ad4c0b67,recorded,data/exact_l2/2026-10-05/runs/20261005T123740202287Z_ad4c0b67,append_only_run,recorded,data/exact_l2/2026-10-05/runs/20261005T123740202287Z_ad4c0b67/manifest.json,ec540ac0fcb890d7cb9958df812a00c4aa1bb5ba0807d1f61155b5c4f7374c6d,data/exact_l2/2026-10-05/runs/20261005T123740202287Z_ad4c0b67/threshold_depth.csv,39e71534111d9e9975945eac742f27865e44eee85c7f5aefd84069d40c9bea95,data/exact_l2/2026-10-05/runs/20261005T123740202287Z_ad4c0b67/mercadobitcoin_usdt-brl_raw.json,1519667d5d15fb56a995ea083b55bc2d099f0f1c538acc6fd4dc1f37838c8246,sha256_verified,[],2026-10-05,20261005T123740202287Z_ad4c0b67,2026-10-05T12:37:40.483786+00:00,2026-10-05T12:37:40.576173+00:00,2026-10-05T12:37:40.565492+00:00,provided,mercadobitcoin,USDT-BRL,BRL,USDT,USDT,BRL,BRL per USDT,USDT,1 stablecoin token = 1 USD; no FX conversion,https://api.mercadobitcoin.net/api/v4/USDT-BRL/orderbook,"{""limit"": 100}",sell_stablecoin_base_hit_bids,mercadobitcoin_usdt-brl_raw.json,1519667d5d15fb56a995ea083b55bc2d099f0f1c538acc6fd4dc1f37838c8246,10,5.03965,5.0394,5.0399,3973.6553000000004,3973.6553000000004,20016.6729932,True,False,7,epoch_nanoseconds_inferred_by_magnitude
native_l2,20261005T123740202287Z_ad4c0b67,recorded,data/exact_l2/2026-10-05/runs/20261005T123740202287Z_ad4c0b67,append_only_run,recorded,data/exact_l2/2026-10-05/runs/20261005T123740202287Z_ad4c0b67/manifest.json,ec540ac0fcb890d7cb9958df812a00c4aa1bb5ba0807d1f61155b5c4f7374c6d,data/exact_l2/2026-10-05/runs/20261005T123740202287Z_ad4c0b67/threshold_depth.csv,39e71534111d9e9975945eac742f27865e44eee85c7f5aefd84069d40c9bea95,data/exact_l2/2026-10-05/runs/20261005T123740202287Z_ad4c0b67/mercadobitcoin_usdt-brl_raw.json,1519667d5d15fb56a995ea083b55bc2d099f0f1c538acc6fd4dc1f37838c8246,sha256_verified,[],2026-10-05,20261005T123740202287Z_ad4c0b67,2026-10-05T12:37:40.483786+00:00,2026-10-05T12:37:40.576173+00:00,2026-10-05T12:37:40.565492+00:00,provided,mercadobitcoin,USDT-BRL,BRL,USDT,USDT,BRL,BRL per USDT,USDT,1 stablecoin token = 1 USD; no FX conversion,https://api.mercadobitcoin.net/api/v4/USDT-BRL/orderbook,"{""limit"": 100}",sell_stablecoin_base_hit_bids,mercadobitcoin_usdt-brl_raw.json,1519667d5d15fb56a995ea083b55bc2d099f0f1c538acc6fd4dc1f37838c8246,50,5.03965,5.0394,5.0399,63649.9137,63649.9137,320012.8170557,True,False,20,epoch_nanoseconds_inferred_by_magnitude
native_l2,20261005T123740202287Z_ad4c0b67,recorded,data/exact_l2/2026-10-05/runs/20261005T123740202287Z_ad4c0b67,append_only_run,recorded,data/exact_l2/2026-10-05/runs/20261005T123740202287Z_ad4c0b67/manifest.json,ec540ac0fcb890d7cb9958df812a00c4aa1bb5ba0807d1f61155b5c4f7374c6d,data/exact_l2/2026-10-05/runs/20261005T123740202287Z_ad4c0b67/threshold_depth.csv,39e71534111d9e9975945eac742f27865e44eee85c7f5aefd84069d40c9bea95,data/exact_l2/2026-10-05/runs/20261005T123740202287Z_ad4c0b67/mercadobitcoin_usdt-brl_raw.json,1519667d5d15fb56a995ea083b55bc2d099f0f1c538acc6fd4dc1f37838c8246,sha256_verified,[],2026-10-05,20261005T123740202287Z_ad4c0b67,2026-10-05T12:37:40.483786+00:00,2026-10-05T12:37:40.576173+00:00,2026-10-05T12:37:40.565492+00:00,provided,mercadobitcoin,USDT-BRL,BRL,USDT,USDT,BRL,BRL per USDT,USDT,1 stablecoin token = 1 USD; no FX conversion,https://api.mercadobitcoin.net/api/v4/USDT-BRL/orderbook,"{""limit"": 100}",sell_stablecoin_base_hit_bids,mercadobitcoin_usdt-brl_raw.json,1519667d5d15fb56a995ea083b55bc2d099f0f1c538acc6fd4dc1f37838c8246,100,5.03965,5.0394,5.0399,78762.4403,78762.4403,395489.21038027,True,False,31,epoch_nanoseconds_inferred_by_magnitude
native_l2,20261005T123740202287Z_ad4c0b67,recorded,data/exact_l2/2026-10-05/runs/20261005T123740202287Z_ad4c0b67,append_only_run,recorded,data/exact_l2/2026-10-05/runs/20261005T123740202287Z_ad4c0b67/manifest.json,ec540ac0fcb890d7cb9958df812a00c4aa1bb5ba0807d1f61155b5c4f7374c6d,data/exact_l2/2026-10-05/runs/20261005T123740202287Z_ad4c0b67/threshold_depth.csv,39e71534111d9e9975945eac742f27865e44eee85c7f5aefd84069d40c9bea95,data/exact_l2/2026-10-05/runs/20261005T123740202287Z_ad4c0b67/mercadobitcoin_usdt-brl_raw.json,1519667d5d15fb56a995ea083b55bc2d099f0f1c538acc6fd4dc1f37838c8246,sha256_verified,[],2026-10-05,20261005T123740202287Z_ad4c0b67,2026-10-05T12:37:40.483786+00:00,2026-10-05T12:37:40.576173+00:00,2026-10-05T12:37:40.565492+00:00,provided,mercadobitcoin,USDT-BRL,BRL,USDT,USDT,BRL,BRL per USDT,USDT,1 stablecoin token = 1 USD; no FX conversion,https://api.mercadobitcoin.net/api/v4/USDT-BRL/orderbook,"{""limit"": 100}",sell_stablecoin_base_hit_bids,mercadobitcoin_usdt-brl_raw.json,1519667d5d15fb56a995ea083b55bc2d099f0f1c538acc6fd4dc1f37838c8246,200,5.03965,5.0394,5.0399,161969.28100000002,161969.28100000002,807822.0812006099,True,False,45,epoch_nanoseconds_inferred_by_magnitude
native_l2,20261005T123740202287Z_ad4c0b67,recorded,data/exact_l2/2026-10-05/runs/20261005T123740202287Z_ad4c0b67,append_only_run,recorded,data/exact_l2/2026-10-05/runs/20261005T123740202287Z_ad4c0b67/manifest.json,ec540ac0fcb890d7cb9958df812a00c4aa1bb5ba0807d1f61155b5c4f7374c6d,data/exact_l2/2026-10-05/runs/20261005T123740202287Z_ad4c0b67/threshold_depth.csv,39e71534111d9e9975945eac742f27865e44eee85c7f5aefd84069d40c9bea95,data/exact_l2/2026-10-05/runs/20261005T123740202287Z_ad4c0b67/indodax_usdtidr_raw.json,dee1149f8a6dcfbcbf5a7d3721d16c9edab24cf48ad6bdf2651278d8469b800f,sha256_verified,"[""exchange_timestamp_utc""]",2026-10-05,20261005T123740202287Z_ad4c0b67,2026-10-05T12:37:40.577317+00:00,2026-10-05T12:37:41.374670+00:00,,unavailable,indodax,usdtidr,IDR,USDT,USDT,IDR,IDR per USDT,USDT,1 stablecoin token = 1 USD; no FX conversion,https://indodax.com/api/depth/usdtidr,{},sell_stablecoin_base_hit_bids,indodax_usdtidr_raw.json,dee1149f8a6dcfbcbf5a7d3721d16c9edab24cf48ad6bdf2651278d8469b800f,10,17868.5,17868.0,17869.0,156988.30024004,156988.30024004,2804912045.4276924,True,False,4,unavailable
native_l2,20261005T123740202287Z_ad4c0b67,recorded,data/exact_l2/2026-10-05/runs/20261005T123740202287Z_ad4c0b67,append_only_run,recorded,data/exact_l2/2026-10-05/runs/20261005T123740202287Z_ad4c0b67/manifest.json,ec540ac0fcb890d7cb9958df812a00c4aa1bb5ba0807d1f61155b5c4f7374c6d,data/exact_l2/2026-10-05/runs/20261005T123740202287Z_ad4c0b67/threshold_depth.csv,39e71534111d9e9975945eac742f27865e44eee85c7f5aefd84069d40c9bea95,data/exact_l2/2026-10-05/runs/20261005T123740202287Z_ad4c0b67/indodax_usdtidr_raw.json,dee1149f8a6dcfbcbf5a7d3721d16c9edab24cf48ad6bdf2651278d8469b800f,sha256_verified,"[""exchange_timestamp_utc""]",2026-10-05,20261005T123740202287Z_ad4c0b67,2026-10-05T12:37:40.577317+00:00,2026-10-05T12:37:41.374670+00:00,,unavailable,indodax,usdtidr,IDR,USDT,USDT,IDR,IDR per USDT,USDT,1 stablecoin token = 1 USD; no FX conversion,https://indodax.com/api/depth/usdtidr,{},sell_stablecoin_base_hit_bids,indodax_usdtidr_raw.json,dee1149f8a6dcfbcbf5a7d3721d16c9edab24cf48ad6bdf2651278d8469b800f,50,17868.5,17868.0,17869.0,1776451.5246443695,1776451.5246443695,31687486939.03372,True,False,38,unavailable
native_l2,20261005T123740202287Z_ad4c0b67,recorded,data/exact_l2/2026-10-05/runs/20261005T123740202287Z_ad4c0b67,append_only_run,recorded,data/exact_l2/2026-10-05/runs/20261005T123740202287Z_ad4c0b67/manifest.json,ec540ac0fcb890d7cb9958df812a00c4aa1bb5ba0807d1f61155b5c4f7374c6d,data/exact_l2/2026-10-05/runs/20261005T123740202287Z_ad4c0b67/threshold_depth.csv,39e71534111d9e9975945eac742f27865e44eee85c7f5aefd84069d40c9bea95,data/exact_l2/2026-10-05/runs/20261005T123740202287Z_ad4c0b67/indodax_usdtidr_raw.json,dee1149f8a6dcfbcbf5a7d3721d16c9edab24cf48ad6bdf2651278d8469b800f,sha256_verified,"[""exchange_timestamp_utc""]",2026-10-05,20261005T123740202287Z_ad4c0b67,2026-10-05T12:37:40.577317+00:00,2026-10-05T12:37:41.374670+00:00,,unavailable,indodax,usdtidr,IDR,USDT,USDT,IDR,IDR per USDT,USDT,1 stablecoin token = 1 USD; no FX conversion,https://indodax.com/api/depth/usdtidr,{},sell_stablecoin_base_hit_bids,indodax_usdtidr_raw.json,dee1149f8a6dcfbcbf5a7d3721d16c9edab24cf48ad6bdf2651278d8469b800f,100,17868.5,17868.0,17869.0,1975017.2074093893,1975017.2074093893,35208403165.98936,True,False,76,unavailable
native_l2,20261005T123740202287Z_ad4c0b67,recorded,data/exact_l2/2026-10-05/runs/20261005T123740202287Z_ad4c0b67,append_only_run,recorded,data/exact_l2/2026-10-05/runs/20261005T123740202287Z_ad4c0b67/manifest.json,ec540ac0fcb890d7cb9958df812a00c4aa1bb5ba0807d1f61155b5c4f7374c6d,data/exact_l2/2026-10-05/runs/20261005T123740202287Z_ad4c0b67/threshold_depth.csv,39e71534111d9e9975945eac742f27865e44eee85c7f5aefd84069d40c9bea95,data/exact_l2/2026-10-05/runs/20261005T123740202287Z_ad4c0b67/indodax_usdtidr_raw.json,dee1149f8a6dcfbcbf5a7d3721d16c9edab24cf48ad6bdf2651278d8469b800f,sha256_verified,"[""exchange_timestamp_utc""]",2026-10-05,20261005T123740202287Z_ad4c0b67,2026-10-05T12:37:40.577317+00:00,2026-10-05T12:37:41.374670+00:00,,unavailable,indodax,usdtidr,IDR,USDT,USDT,IDR,IDR per USDT,USDT,1 stablecoin token = 1 USD; no FX conversion,https://indodax.com/api/depth/usdtidr,{},sell_stablecoin_base_hit_bids,indodax_usdtidr_raw.json,dee1149f8a6dcfbcbf5a7d3721d16c9edab24cf48ad6bdf2651278d8469b800f,200,17868.5,17868.0,17869.0,2125098.8176844385,2125098.8176844385,37848961188.932,True,False,136,unavailable
native_l2,20261005T123740202287Z_ad4c0b67,recorded,data/exact_l2/2026-10-05/runs/20261005T123740202287Z_ad4c0b67,append_only_run,recorded,data/exact_l2/2026-10-05/runs/20261005T123740202287Z_ad4c0b67/manifest.json,ec540ac0fcb890d7cb9958df812a00c4aa1bb5ba0807d1f61155b5c4f7374c6d,data/exact_l2/2026-10-05/runs/20261005T123740202287Z_ad4c0b67/threshold_depth.csv,39e71534111d9e9975945eac742f27865e44eee85c7f5aefd84069d40c9bea95,data/exact_l2/2026-10-05/runs/20261005T123740202287Z_ad4c0b67/valr_usdtzar_raw.json,c650e181559a6b8bdeb825dd99fde3d4157e55e7c9922a12fe41e1b5ea253c76,sha256_verified,"[""exchange_timestamp_utc""]",2026-10-05,20261005T123740202287Z_ad4c0b67,2026-10-05T12:37:41.376035+00:00,2026-10-05T12:37:41.593775+00:00,,unavailable,valr,USDTZAR,ZAR,USDT,USDT,ZAR,ZAR per USDT,USDT,1 stablecoin token = 1 USD; no FX conversion,https://api.valr.com/v1/public/USDTZAR/orderbook/full,{},sell_stablecoin_base_hit_bids,valr_usdtzar_raw.json,c650e181559a6b8bdeb825dd99fde3d4157e55e7c9922a12fe41e1b5ea253c76,10,16.707050000000002,16.707,16.7071,258783.21879999997,258783.21879999997,4321575.62172305,True,False,11,unavailable
native_l2,20261005T123740202287Z_ad4c0b67,recorded,data/exact_l2/2026-10-05/runs/20261005T123740202287Z_ad4c0b67,append_only_run,recorded,data/exact_l2/2026-10-05/runs/20261005T123740202287Z_ad4c0b67/manifest.json,ec540ac0fcb890d7cb9958df812a00c4aa1bb5ba0807d1f61155b5c4f7374c6d,data/exact_l2/2026-10-05/runs/20261005T123740202287Z_ad4c0b67/threshold_depth.csv,39e71534111d9e9975945eac742f27865e44eee85c7f5aefd84069d40c9bea95,data/exact_l2/2026-10-05/runs/20261005T123740202287Z_ad4c0b67/valr_usdtzar_raw.json,c650e181559a6b8bdeb825dd99fde3d4157e55e7c9922a12fe41e1b5ea253c76,sha256_verified,"[""exchange_timestamp_utc""]",2026-10-05,20261005T123740202287Z_ad4c0b67,2026-10-05T12:37:41.376035+00:00,2026-10-05T12:37:41.593775+00:00,,unavailable,valr,USDTZAR,ZAR,USDT,USDT,ZAR,ZAR per USDT,USDT,1 stablecoin token = 1 USD; no FX conversion,https://api.valr.com/v1/public/USDTZAR/orderbook/full,{},sell_stablecoin_base_hit_bids,valr_usdtzar_raw.json,c650e181559a6b8bdeb825dd99fde3d4157e55e7c9922a12fe41e1b5ea253c76,50,16.707050000000002,16.707,16.7071,623735.0393000001,623735.0393000001,10405074.28024641,True,False,29,unavailable
native_l2,20261005T123740202287Z_ad4c0b67,recorded,data/exact_l2/2026-10-05/runs/20261005T123740202287Z_ad4c0b67,append_only_run,recorded,data/exact_l2/2026-10-05/runs/20261005T123740202287Z_ad4c0b67/manifest.json,ec540ac0fcb890d7cb9958df812a00c4aa1bb5ba0807d1f61155b5c4f7374c6d,data/exact_l2/2026-10-05/runs/20261005T123740202287Z_ad4c0b67/threshold_depth.csv,39e71534111d9e9975945eac742f27865e44eee85c7f5aefd84069d40c9bea95,data/exact_l2/2026-10-05/runs/20261005T123740202287Z_ad4c0b67/valr_usdtzar_raw.json,c650e181559a6b8bdeb825dd99fde3d4157e55e7c9922a12fe41e1b5ea253c76,sha256_verified,"[""exchange_timestamp_utc""]",2026-10-05,20261005T123740202287Z_ad4c0b67,2026-10-05T12:37:41.376035+00:00,2026-10-05T12:37:41.593775+00:00,,unavailable,valr,USDTZAR,ZAR,USDT,USDT,ZAR,ZAR per USDT,USDT,1 stablecoin token = 1 USD; no FX conversion,https://api.valr.com/v1/public/USDTZAR/orderbook/full,{},sell_stablecoin_base_hit_bids,valr_usdtzar_raw.json,c650e181559a6b8bdeb825dd99fde3d4157e55e7c9922a12fe41e1b5ea253c76,100,16.707050000000002,16.707,16.7071,638327.1704,638327.1704,10647351.360909725,True,False,44,unavailable
native_l2,20261005T123740202287Z_ad4c0b67,recorded,data/exact_l2/2026-10-05/runs/20261005T123740202287Z_ad4c0b67,append_only_run,recorded,data/exact_l2/2026-10-05/runs/20261005T123740202287Z_ad4c0b67/manifest.json,ec540ac0fcb890d7cb9958df812a00c4aa1bb5ba0807d1f61155b5c4f7374c6d,data/exact_l2/2026-10-05/runs/20261005T123740202287Z_ad4c0b67/threshold_depth.csv,39e71534111d9e9975945eac742f27865e44eee85c7f5aefd84069d40c9bea95,data/exact_l2/2026-10-05/runs/20261005T123740202287Z_ad4c0b67/valr_usdtzar_raw.json,c650e181559a6b8bdeb825dd99fde3d4157e55e7c9922a12fe41e1b5ea253c76,sha256_verified,"[""exchange_timestamp_utc""]",2026-10-05,20261005T123740202287Z_ad4c0b67,2026-10-05T12:37:41.376035+00:00,2026-10-05T12:37:41.593775+00:00,,unavailable,valr,USDTZAR,ZAR,USDT,USDT,ZAR,ZAR per USDT,USDT,1 stablecoin token = 1 USD; no FX conversion,https://api.valr.com/v1/public/USDTZAR/orderbook/full,{},sell_stablecoin_base_hit_bids,valr_usdtzar_raw.json,c650e181559a6b8bdeb825dd99fde3d4157e55e7c9922a12fe41e1b5ea253c76,200,16.707050000000002,16.707,16.7071,699342.6282000002,699342.6282000002,11650232.086430937,True,False,76,unavailable
native_l2,20261005T123740202287Z_ad4c0b67,recorded,data/exact_l2/2026-10-05/runs/20261005T123740202287Z_ad4c0b67,append_only_run,recorded,data/exact_l2/2026-10-05/runs/20261005T123740202287Z_ad4c0b67/manifest.json,ec540ac0fcb890d7cb9958df812a00c4aa1bb5ba0807d1f61155b5c4f7374c6d,data/exact_l2/2026-10-05/runs/20261005T123740202287Z_ad4c0b67/threshold_depth.csv,39e71534111d9e9975945eac742f27865e44eee85c7f5aefd84069d40c9bea95,data/exact_l2/2026-10-05/runs/20261005T123740202287Z_ad4c0b67/bitkub_usdt_thb_raw.json,128a20abe92c82b4c70ed19533352530c46e011aded78eff3124c0c59052fb98,sha256_verified,"[""exchange_timestamp_utc""]",2026-10-05,20261005T123740202287Z_ad4c0b67,2026-10-05T12:37:41.597873+00:00,2026-10-05T12:37:42.343693+00:00,,unavailable,bitkub,usdt_thb,THB,USDT,USDT,THB,THB per USDT,USDT,1 stablecoin token = 1 USD; no FX conversion,https://api.bitkub.com/api/v3/market/depth,"{""lmt"": 1000, ""sym"": ""usdt_thb""}",sell_stablecoin_base_hit_bids,bitkub_usdt_thb_raw.json,128a20abe92c82b4c70ed19533352530c46e011aded78eff3124c0c59052fb98,10,33.635000000000005,33.63,33.64,178988.16999999998,178988.16999999998,6016783.728700001,True,False,3,unavailable
native_l2,20261005T123740202287Z_ad4c0b67,recorded,data/exact_l2/2026-10-05/runs/20261005T123740202287Z_ad4c0b67,append_only_run,recorded,data/exact_l2/2026-10-05/runs/20261005T123740202287Z_ad4c0b67/manifest.json,ec540ac0fcb890d7cb9958df812a00c4aa1bb5ba0807d1f61155b5c4f7374c6d,data/exact_l2/2026-10-05/runs/20261005T123740202287Z_ad4c0b67/threshold_depth.csv,39e71534111d9e9975945eac742f27865e44eee85c7f5aefd84069d40c9bea95,data/exact_l2/2026-10-05/runs/20261005T123740202287Z_ad4c0b67/bitkub_usdt_thb_raw.json,128a20abe92c82b4c70ed19533352530c46e011aded78eff3124c0c59052fb98,sha256_verified,"[""exchange_timestamp_utc""]",2026-10-05,20261005T123740202287Z_ad4c0b67,2026-10-05T12:37:41.597873+00:00,2026-10-05T12:37:42.343693+00:00,,unavailable,bitkub,usdt_thb,THB,USDT,USDT,THB,THB per USDT,USDT,1 stablecoin token = 1 USD; no FX conversion,https://api.bitkub.com/api/v3/market/depth,"{""lmt"": 1000, ""sym"": ""usdt_thb""}",sell_stablecoin_base_hit_bids,bitkub_usdt_thb_raw.json,128a20abe92c82b4c70ed19533352530c46e011aded78eff3124c0c59052fb98,50,33.635000000000005,33.63,33.64,330199.30999999994,330199.30999999994,11088918.622700002,True,False,17,unavailable
native_l2,20261005T123740202287Z_ad4c0b67,recorded,data/exact_l2/2026-10-05/runs/20261005T123740202287Z_ad4c0b67,append_only_run,recorded,data/exact_l2/2026-10-05/runs/20261005T123740202287Z_ad4c0b67/manifest.json,ec540ac0fcb890d7cb9958df812a00c4aa1bb5ba0807d1f61155b5c4f7374c6d,data/exact_l2/2026-10-05/runs/20261005T123740202287Z_ad4c0b67/threshold_depth.csv,39e71534111d9e9975945eac742f27865e44eee85c7f5aefd84069d40c9bea95,data/exact_l2/2026-10-05/runs/20261005T123740202287Z_ad4c0b67/bitkub_usdt_thb_raw.json,128a20abe92c82b4c70ed19533352530c46e011aded78eff3124c0c59052fb98,sha256_verified,"[""exchange_timestamp_utc""]",2026-10-05,20261005T123740202287Z_ad4c0b67,2026-10-05T12:37:41.597873+00:00,2026-10-05T12:37:42.343693+00:00,,unavailable,bitkub,usdt_thb,THB,USDT,USDT,THB,THB per USDT,USDT,1 stablecoin token = 1 USD; no FX conversion,https://api.bitkub.com/api/v3/market/depth,"{""lmt"": 1000, ""sym"": ""usdt_thb""}",sell_stablecoin_base_hit_bids,bitkub_usdt_thb_raw.json,128a20abe92c82b4c70ed19533352530c46e011aded78eff3124c0c59052fb98,100,33.635000000000005,33.63,33.64,374460.35999999987,374460.35999999987,12563192.700400006,True,False,27,unavailable
native_l2,20261005T123740202287Z_ad4c0b67,recorded,data/exact_l2/2026-10-05/runs/20261005T123740202287Z_ad4c0b67,append_only_run,recorded,data/exact_l2/2026-10-05/runs/20261005T123740202287Z_ad4c0b67/manifest.json,ec540ac0fcb890d7cb9958df812a00c4aa1bb5ba0807d1f61155b5c4f7374c6d,data/exact_l2/2026-10-05/runs/20261005T123740202287Z_ad4c0b67/threshold_depth.csv,39e71534111d9e9975945eac742f27865e44eee85c7f5aefd84069d40c9bea95,data/exact_l2/2026-10-05/runs/20261005T123740202287Z_ad4c0b67/bitkub_usdt_thb_raw.json,128a20abe92c82b4c70ed19533352530c46e011aded78eff3124c0c59052fb98,sha256_verified,"[""exchange_timestamp_utc""]",2026-10-05,20261005T123740202287Z_ad4c0b67,2026-10-05T12:37:41.597873+00:00,2026-10-05T12:37:42.343693+00:00,,unavailable,bitkub,usdt_thb,THB,USDT,USDT,THB,THB per USDT,USDT,1 stablecoin token = 1 USD; no FX conversion,https://api.bitkub.com/api/v3/market/depth,"{""lmt"": 1000, ""sym"": ""usdt_thb""}",sell_stablecoin_base_hit_bids,bitkub_usdt_thb_raw.json,128a20abe92c82b4c70ed19533352530c46e011aded78eff3124c0c59052fb98,200,33.635000000000005,33.63,33.64,555391.0799999998,555391.0799999998,18548456.073600005,True,False,48,unavailable
native_l2,20261006T121339873373Z_80559161,recorded,data/exact_l2/2026-10-06/runs/20261006T121339873373Z_80559161,append_only_run,recorded,data/exact_l2/2026-10-06/runs/20261006T121339873373Z_80559161/manifest.json,732967246ab65adc94f14a03f68e3d5f25bac78a1bde20eaf344c7af1ec86ab8,data/exact_l2/2026-10-06/runs/20261006T121339873373Z_80559161/threshold_depth.csv,3e850991d250f8481ee1d57451d76a001de7939212a6a62aab71ff41a9356b70,data/exact_l2/2026-10-06/runs/20261006T121339873373Z_80559161/btcturk_usdttry_raw.json,04826f6ca9685a9b2707595cf3f75709a2d38e0df6127a50f966daab2985124a,sha256_verified,[],2026-10-06,20261006T121339873373Z_80559161,2026-10-06T12:13:39.876630+00:00,2026-10-06T12:13:40.251682+00:00,2026-10-06T12:13:40.168000+00:00,provided,btcturk,USDTTRY,TRY,USDT,USDT,TRY,TRY per USDT,USDT,1 stablecoin token = 1 USD; no FX conversion,https://api.btcturk.com/api/v2/orderbook,"{""limit"": 100, ""pairSymbol"": ""USDTTRY""}",sell_stablecoin_base_hit_bids,btcturk_usdttry_raw.json,04826f6ca9685a9b2707595cf3f75709a2d38e0df6127a50f966daab2985124a,10,49.1135,49.113,49.114,93878.1,93878.1,4609745.231980001,True,False,14,documented_exchange_clock
native_l2,20261006T121339873373Z_80559161,recorded,data/exact_l2/2026-10-06/runs/20261006T121339873373Z_80559161,append_only_run,recorded,data/exact_l2/2026-10-06/runs/20261006T121339873373Z_80559161/manifest.json,732967246ab65adc94f14a03f68e3d5f25bac78a1bde20eaf344c7af1ec86ab8,data/exact_l2/2026-10-06/runs/20261006T121339873373Z_80559161/threshold_depth.csv,3e850991d250f8481ee1d57451d76a001de7939212a6a62aab71ff41a9356b70,data/exact_l2/2026-10-06/runs/20261006T121339873373Z_80559161/btcturk_usdttry_raw.json,04826f6ca9685a9b2707595cf3f75709a2d38e0df6127a50f966daab2985124a,sha256_verified,[],2026-10-06,20261006T121339873373Z_80559161,2026-10-06T12:13:39.876630+00:00,2026-10-06T12:13:40.251682+00:00,2026-10-06T12:13:40.168000+00:00,provided,btcturk,USDTTRY,TRY,USDT,USDT,TRY,TRY per USDT,USDT,1 stablecoin token = 1 USD; no FX conversion,https://api.btcturk.com/api/v2/orderbook,"{""limit"": 100, ""pairSymbol"": ""USDTTRY""}",sell_stablecoin_base_hit_bids,btcturk_usdttry_raw.json,04826f6ca9685a9b2707595cf3f75709a2d38e0df6127a50f966daab2985124a,50,49.1135,49.113,49.114,174274.74999999997,174274.74999999997,8550739.63881,True,False,47,documented_exchange_clock
native_l2,20261006T121339873373Z_80559161,recorded,data/exact_l2/2026-10-06/runs/20261006T121339873373Z_80559161,append_only_run,recorded,data/exact_l2/2026-10-06/runs/20261006T121339873373Z_80559161/manifest.json,732967246ab65adc94f14a03f68e3d5f25bac78a1bde20eaf344c7af1ec86ab8,data/exact_l2/2026-10-06/runs/20261006T121339873373Z_80559161/threshold_depth.csv,3e850991d250f8481ee1d57451d76a001de7939212a6a62aab71ff41a9356b70,data/exact_l2/2026-10-06/runs/20261006T121339873373Z_80559161/btcturk_usdttry_raw.json,04826f6ca9685a9b2707595cf3f75709a2d38e0df6127a50f966daab2985124a,sha256_verified,[],2026-10-06,20261006T121339873373Z_80559161,2026-10-06T12:13:39.876630+00:00,2026-10-06T12:13:40.251682+00:00,2026-10-06T12:13:40.168000+00:00,provided,btcturk,USDTTRY,TRY,USDT,USDT,TRY,TRY per USDT,USDT,1 stablecoin token = 1 USD; no FX conversion,https://api.btcturk.com/api/v2/orderbook,"{""limit"": 100, ""pairSymbol"": ""USDTTRY""}",sell_stablecoin_base_hit_bids,btcturk_usdttry_raw.json,04826f6ca9685a9b2707595cf3f75709a2d38e0df6127a50f966daab2985124a,100,49.1135,49.113,49.114,205668.33,205668.33,10078586.404779999,True,False,70,documented_exchange_clock
native_l2,20261006T121339873373Z_80559161,recorded,data/exact_l2/2026-10-06/runs/20261006T121339873373Z_80559161,append_only_run,recorded,data/exact_l2/2026-10-06/runs/20261006T121339873373Z_80559161/manifest.json,732967246ab65adc94f14a03f68e3d5f25bac78a1bde20eaf344c7af1ec86ab8,data/exact_l2/2026-10-06/runs/20261006T121339873373Z_80559161/threshold_depth.csv,3e850991d250f8481ee1d57451d76a001de7939212a6a62aab71ff41a9356b70,data/exact_l2/2026-10-06/runs/20261006T121339873373Z_80559161/btcturk_usdttry_raw.json,04826f6ca9685a9b2707595cf3f75709a2d38e0df6127a50f966daab2985124a,sha256_verified,[],2026-10-06,20261006T121339873373Z_80559161,2026-10-06T12:13:39.876630+00:00,2026-10-06T12:13:40.251682+00:00,2026-10-06T12:13:40.168000+00:00,provided,btcturk,USDTTRY,TRY,USDT,USDT,TRY,TRY per USDT,USDT,1 stablecoin token = 1 USD; no FX conversion,https://api.btcturk.com/api/v2/orderbook,"{""limit"": 100, ""pairSymbol"": ""USDTTRY""}",sell_stablecoin_base_hit_bids,btcturk_usdttry_raw.json,04826f6ca9685a9b2707595cf3f75709a2d38e0df6127a50f966daab2985124a,200,49.1135,49.113,49.114,214098.4799999999,214098.4799999999,10487158.944099998,False,True,100,documented_exchange_clock
native_l2,20261006T121339873373Z_80559161,recorded,data/exact_l2/2026-10-06/runs/20261006T121339873373Z_80559161,append_only_run,recorded,data/exact_l2/2026-10-06/runs/20261006T121339873373Z_80559161/manifest.json,732967246ab65adc94f14a03f68e3d5f25bac78a1bde20eaf344c7af1ec86ab8,data/exact_l2/2026-10-06/runs/20261006T121339873373Z_80559161/threshold_depth.csv,3e850991d250f8481ee1d57451d76a001de7939212a6a62aab71ff41a9356b70,data/exact_l2/2026-10-06/runs/20261006T121339873373Z_80559161/mercadobitcoin_usdt-brl_raw.json,36ee773518faf267a1347ed53856c5d0da1e10c8b98e9d832fddc2d1f86e3e61,sha256_verified,[],2026-10-06,20261006T121339873373Z_80559161,2026-10-06T12:13:40.252791+00:00,2026-10-06T12:13:40.464392+00:00,2026-10-06T12:13:40.437733+00:00,provided,mercadobitcoin,USDT-BRL,BRL,USDT,USDT,BRL,BRL per USDT,USDT,1 stablecoin token = 1 USD; no FX conversion,https://api.mercadobitcoin.net/api/v4/USDT-BRL/orderbook,"{""limit"": 100}",sell_stablecoin_base_hit_bids,mercadobitcoin_usdt-brl_raw.json,36ee773518faf267a1347ed53856c5d0da1e10c8b98e9d832fddc2d1f86e3e61,10,4.99375,4.9937,4.9938,15229.945800000001,15229.945800000001,76010.73188974,True,False,9,epoch_nanoseconds_inferred_by_magnitude
native_l2,20261006T121339873373Z_80559161,recorded,data/exact_l2/2026-10-06/runs/20261006T121339873373Z_80559161,append_only_run,recorded,data/exact_l2/2026-10-06/runs/20261006T121339873373Z_80559161/manifest.json,732967246ab65adc94f14a03f68e3d5f25bac78a1bde20eaf344c7af1ec86ab8,data/exact_l2/2026-10-06/runs/20261006T121339873373Z_80559161/threshold_depth.csv,3e850991d250f8481ee1d57451d76a001de7939212a6a62aab71ff41a9356b70,data/exact_l2/2026-10-06/runs/20261006T121339873373Z_80559161/mercadobitcoin_usdt-brl_raw.json,36ee773518faf267a1347ed53856c5d0da1e10c8b98e9d832fddc2d1f86e3e61,sha256_verified,[],2026-10-06,20261006T121339873373Z_80559161,2026-10-06T12:13:40.252791+00:00,2026-10-06T12:13:40.464392+00:00,2026-10-06T12:13:40.437733+00:00,provided,mercadobitcoin,USDT-BRL,BRL,USDT,USDT,BRL,BRL per USDT,USDT,1 stablecoin token = 1 USD; no FX conversion,https://api.mercadobitcoin.net/api/v4/USDT-BRL/orderbook,"{""limit"": 100}",sell_stablecoin_base_hit_bids,mercadobitcoin_usdt-brl_raw.json,36ee773518faf267a1347ed53856c5d0da1e10c8b98e9d832fddc2d1f86e3e61,50,4.99375,4.9937,4.9938,111964.66940000001,111964.66940000001,557869.83796308,True,False,20,epoch_nanoseconds_inferred_by_magnitude
native_l2,20261006T121339873373Z_80559161,recorded,data/exact_l2/2026-10-06/runs/20261006T121339873373Z_80559161,append_only_run,recorded,data/exact_l2/2026-10-06/runs/20261006T121339873373Z_80559161/manifest.json,732967246ab65adc94f14a03f68e3d5f25bac78a1bde20eaf344c7af1ec86ab8,data/exact_l2/2026-10-06/runs/20261006T121339873373Z_80559161/threshold_depth.csv,3e850991d250f8481ee1d57451d76a001de7939212a6a62aab71ff41a9356b70,data/exact_l2/2026-10-06/runs/20261006T121339873373Z_80559161/mercadobitcoin_usdt-brl_raw.json,36ee773518faf267a1347ed53856c5d0da1e10c8b98e9d832fddc2d1f86e3e61,sha256_verified,[],2026-10-06,20261006T121339873373Z_80559161,2026-10-06T12:13:40.252791+00:00,2026-10-06T12:13:40.464392+00:00,2026-10-06T12:13:40.437733+00:00,provided,mercadobitcoin,USDT-BRL,BRL,USDT,USDT,BRL,BRL per USDT,USDT,1 stablecoin token = 1 USD; no FX conversion,https://api.mercadobitcoin.net/api/v4/USDT-BRL/orderbook,"{""limit"": 100}",sell_stablecoin_base_hit_bids,mercadobitcoin_usdt-brl_raw.json,36ee773518faf267a1347ed53856c5d0da1e10c8b98e9d832fddc2d1f86e3e61,100,4.99375,4.9937,4.9938,136733.58140000002,136733.58140000002,680525.7213363101,True,False,31,epoch_nanoseconds_inferred_by_magnitude
native_l2,20261006T121339873373Z_80559161,recorded,data/exact_l2/2026-10-06/runs/20261006T121339873373Z_80559161,append_only_run,recorded,data/exact_l2/2026-10-06/runs/20261006T121339873373Z_80559161/manifest.json,732967246ab65adc94f14a03f68e3d5f25bac78a1bde20eaf344c7af1ec86ab8,data/exact_l2/2026-10-06/runs/20261006T121339873373Z_80559161/threshold_depth.csv,3e850991d250f8481ee1d57451d76a001de7939212a6a62aab71ff41a9356b70,data/exact_l2/2026-10-06/runs/20261006T121339873373Z_80559161/mercadobitcoin_usdt-brl_raw.json,36ee773518faf267a1347ed53856c5d0da1e10c8b98e9d832fddc2d1f86e3e61,sha256_verified,[],2026-10-06,20261006T121339873373Z_80559161,2026-10-06T12:13:40.252791+00:00,2026-10-06T12:13:40.464392+00:00,2026-10-06T12:13:40.437733+00:00,provided,mercadobitcoin,USDT-BRL,BRL,USDT,USDT,BRL,BRL per USDT,USDT,1 stablecoin token = 1 USD; no FX conversion,https://api.mercadobitcoin.net/api/v4/USDT-BRL/orderbook,"{""limit"": 100}",sell_stablecoin_base_hit_bids,mercadobitcoin_usdt-brl_raw.json,36ee773518faf267a1347ed53856c5d0da1e10c8b98e9d832fddc2d1f86e3e61,200,4.99375,4.9937,4.9938,241931.24160000004,241931.24160000004,1198469.0192974303,True,False,41,epoch_nanoseconds_inferred_by_magnitude
native_l2,20261006T121339873373Z_80559161,recorded,data/exact_l2/2026-10-06/runs/20261006T121339873373Z_80559161,append_only_run,recorded,data/exact_l2/2026-10-06/runs/20261006T121339873373Z_80559161/manifest.json,732967246ab65adc94f14a03f68e3d5f25bac78a1bde20eaf344c7af1ec86ab8,data/exact_l2/2026-10-06/runs/20261006T121339873373Z_80559161/threshold_depth.csv,3e850991d250f8481ee1d57451d76a001de7939212a6a62aab71ff41a9356b70,data/exact_l2/2026-10-06/runs/20261006T121339873373Z_80559161/indodax_usdtidr_raw.json,f71831c677326a65d5c7e39fdda2156f4798819f664bfde56e0e1c40c9436728,sha256_verified,"[""exchange_timestamp_utc""]",2026-10-06,20261006T121339873373Z_80559161,2026-10-06T12:13:40.465431+00:00,2026-10-06T12:13:41.378744+00:00,,unavailable,indodax,usdtidr,IDR,USDT,USDT,IDR,IDR per USDT,USDT,1 stablecoin token = 1 USD; no FX conversion,https://indodax.com/api/depth/usdtidr,{},sell_stablecoin_base_hit_bids,indodax_usdtidr_raw.json,f71831c677326a65d5c7e39fdda2156f4798819f664bfde56e0e1c40c9436728,10,17857.0,17854.0,17860.0,1055929.16277507,1055929.16277507,18844486954.220238,True,False,13,unavailable
native_l2,20261006T121339873373Z_80559161,recorded,data/exact_l2/2026-10-06/runs/20261006T121339873373Z_80559161,append_only_run,recorded,data/exact_l2/2026-10-06/runs/20261006T121339873373Z_80559161/manifest.json,732967246ab65adc94f14a03f68e3d5f25bac78a1bde20eaf344c7af1ec86ab8,data/exact_l2/2026-10-06/runs/20261006T121339873373Z_80559161/threshold_depth.csv,3e850991d250f8481ee1d57451d76a001de7939212a6a62aab71ff41a9356b70,data/exact_l2/2026-10-06/runs/20261006T121339873373Z_80559161/indodax_usdtidr_raw.json,f71831c677326a65d5c7e39fdda2156f4798819f664bfde56e0e1c40c9436728,sha256_verified,"[""exchange_timestamp_utc""]",2026-10-06,20261006T121339873373Z_80559161,2026-10-06T12:13:40.465431+00:00,2026-10-06T12:13:41.378744+00:00,,unavailable,indodax,usdtidr,IDR,USDT,USDT,IDR,IDR per USDT,USDT,1 stablecoin token = 1 USD; no FX conversion,https://indodax.com/api/depth/usdtidr,{},sell_stablecoin_base_hit_bids,indodax_usdtidr_raw.json,f71831c677326a65d5c7e39fdda2156f4798819f664bfde56e0e1c40c9436728,50,17857.0,17854.0,17860.0,1170765.9265940401,1170765.9265940401,20887581903.52591,True,False,52,unavailable
native_l2,20261006T121339873373Z_80559161,recorded,data/exact_l2/2026-10-06/runs/20261006T121339873373Z_80559161,append_only_run,recorded,data/exact_l2/2026-10-06/runs/20261006T121339873373Z_80559161/manifest.json,732967246ab65adc94f14a03f68e3d5f25bac78a1bde20eaf344c7af1ec86ab8,data/exact_l2/2026-10-06/runs/20261006T121339873373Z_80559161/threshold_depth.csv,3e850991d250f8481ee1d57451d76a001de7939212a6a62aab71ff41a9356b70,data/exact_l2/2026-10-06/runs/20261006T121339873373Z_80559161/indodax_usdtidr_raw.json,f71831c677326a65d5c7e39fdda2156f4798819f664bfde56e0e1c40c9436728,sha256_verified,"[""exchange_timestamp_utc""]",2026-10-06,20261006T121339873373Z_80559161,2026-10-06T12:13:40.465431+00:00,2026-10-06T12:13:41.378744+00:00,,unavailable,indodax,usdtidr,IDR,USDT,USDT,IDR,IDR per USDT,USDT,1 stablecoin token = 1 USD; no FX conversion,https://indodax.com/api/depth/usdtidr,{},sell_stablecoin_base_hit_bids,indodax_usdtidr_raw.json,f71831c677326a65d5c7e39fdda2156f4798819f664bfde56e0e1c40c9436728,100,17857.0,17854.0,17860.0,3148406.7336871605,3148406.7336871605,55946503242.135735,True,False,90,unavailable
native_l2,20261006T121339873373Z_80559161,recorded,data/exact_l2/2026-10-06/runs/20261006T121339873373Z_80559161,append_only_run,recorded,data/exact_l2/2026-10-06/runs/20261006T121339873373Z_80559161/manifest.json,732967246ab65adc94f14a03f68e3d5f25bac78a1bde20eaf344c7af1ec86ab8,data/exact_l2/2026-10-06/runs/20261006T121339873373Z_80559161/threshold_depth.csv,3e850991d250f8481ee1d57451d76a001de7939212a6a62aab71ff41a9356b70,data/exact_l2/2026-10-06/runs/20261006T121339873373Z_80559161/indodax_usdtidr_raw.json,f71831c677326a65d5c7e39fdda2156f4798819f664bfde56e0e1c40c9436728,sha256_verified,"[""exchange_timestamp_utc""]",2026-10-06,20261006T121339873373Z_80559161,2026-10-06T12:13:40.465431+00:00,2026-10-06T12:13:41.378744+00:00,,unavailable,indodax,usdtidr,IDR,USDT,USDT,IDR,IDR per USDT,USDT,1 stablecoin token = 1 USD; no FX conversion,https://indodax.com/api/depth/usdtidr,{},sell_stablecoin_base_hit_bids,indodax_usdtidr_raw.json,f71831c677326a65d5c7e39fdda2156f4798819f664bfde56e0e1c40c9436728,200,17857.0,17854.0,17860.0,3262329.553498829,3262329.553498829,57949725377.640594,False,True,150,unavailable
native_l2,20261006T121339873373Z_80559161,recorded,data/exact_l2/2026-10-06/runs/20261006T121339873373Z_80559161,append_only_run,recorded,data/exact_l2/2026-10-06/runs/20261006T121339873373Z_80559161/manifest.json,732967246ab65adc94f14a03f68e3d5f25bac78a1bde20eaf344c7af1ec86ab8,data/exact_l2/2026-10-06/runs/20261006T121339873373Z_80559161/threshold_depth.csv,3e850991d250f8481ee1d57451d76a001de7939212a6a62aab71ff41a9356b70,data/exact_l2/2026-10-06/runs/20261006T121339873373Z_80559161/valr_usdtzar_raw.json,1db665e21390b00226c91c0df2ca49375b4b3bef8fcfd1a50d92de1853340611,sha256_verified,"[""exchange_timestamp_utc""]",2026-10-06,20261006T121339873373Z_80559161,2026-10-06T12:13:41.380106+00:00,2026-10-06T12:13:41.658301+00:00,,unavailable,valr,USDTZAR,ZAR,USDT,USDT,ZAR,ZAR per USDT,USDT,1 stablecoin token = 1 USD; no FX conversion,https://api.valr.com/v1/public/USDTZAR/orderbook/full,{},sell_stablecoin_base_hit_bids,valr_usdtzar_raw.json,1db665e21390b00226c91c0df2ca49375b4b3bef8fcfd1a50d92de1853340611,10,16.56015,16.5601,16.5602,913357.6601,913357.6601,15117242.32355262,True,False,14,unavailable
native_l2,20261006T121339873373Z_80559161,recorded,data/exact_l2/2026-10-06/runs/20261006T121339873373Z_80559161,append_only_run,recorded,data/exact_l2/2026-10-06/runs/20261006T121339873373Z_80559161/manifest.json,732967246ab65adc94f14a03f68e3d5f25bac78a1bde20eaf344c7af1ec86ab8,data/exact_l2/2026-10-06/runs/20261006T121339873373Z_80559161/threshold_depth.csv,3e850991d250f8481ee1d57451d76a001de7939212a6a62aab71ff41a9356b70,data/exact_l2/2026-10-06/runs/20261006T121339873373Z_80559161/valr_usdtzar_raw.json,1db665e21390b00226c91c0df2ca49375b4b3bef8fcfd1a50d92de1853340611,sha256_verified,"[""exchange_timestamp_utc""]",2026-10-06,20261006T121339873373Z_80559161,2026-10-06T12:13:41.380106+00:00,2026-10-06T12:13:41.658301+00:00,,unavailable,valr,USDTZAR,ZAR,USDT,USDT,ZAR,ZAR per USDT,USDT,1 stablecoin token = 1 USD; no FX conversion,https://api.valr.com/v1/public/USDTZAR/orderbook/full,{},sell_stablecoin_base_hit_bids,valr_usdtzar_raw.json,1db665e21390b00226c91c0df2ca49375b4b3bef8fcfd1a50d92de1853340611,50,16.56015,16.5601,16.5602,1210697.8045999997,1210697.8045999997,20033829.90545227,True,False,33,unavailable
native_l2,20261006T121339873373Z_80559161,recorded,data/exact_l2/2026-10-06/runs/20261006T121339873373Z_80559161,append_only_run,recorded,data/exact_l2/2026-10-06/runs/20261006T121339873373Z_80559161/manifest.json,732967246ab65adc94f14a03f68e3d5f25bac78a1bde20eaf344c7af1ec86ab8,data/exact_l2/2026-10-06/runs/20261006T121339873373Z_80559161/threshold_depth.csv,3e850991d250f8481ee1d57451d76a001de7939212a6a62aab71ff41a9356b70,data/exact_l2/2026-10-06/runs/20261006T121339873373Z_80559161/valr_usdtzar_raw.json,1db665e21390b00226c91c0df2ca49375b4b3bef8fcfd1a50d92de1853340611,sha256_verified,"[""exchange_timestamp_utc""]",2026-10-06,20261006T121339873373Z_80559161,2026-10-06T12:13:41.380106+00:00,2026-10-06T12:13:41.658301+00:00,,unavailable,valr,USDTZAR,ZAR,USDT,USDT,ZAR,ZAR per USDT,USDT,1 stablecoin token = 1 USD; no FX conversion,https://api.valr.com/v1/public/USDTZAR/orderbook/full,{},sell_stablecoin_base_hit_bids,valr_usdtzar_raw.json,1db665e21390b00226c91c0df2ca49375b4b3bef8fcfd1a50d92de1853340611,100,16.56015,16.5601,16.5602,1275170.7218999993,1275170.7218999993,21093506.359591648,True,False,51,unavailable
native_l2,20261006T121339873373Z_80559161,recorded,data/exact_l2/2026-10-06/runs/20261006T121339873373Z_80559161,append_only_run,recorded,data/exact_l2/2026-10-06/runs/20261006T121339873373Z_80559161/manifest.json,732967246ab65adc94f14a03f68e3d5f25bac78a1bde20eaf344c7af1ec86ab8,data/exact_l2/2026-10-06/runs/20261006T121339873373Z_80559161/threshold_depth.csv,3e850991d250f8481ee1d57451d76a001de7939212a6a62aab71ff41a9356b70,data/exact_l2/2026-10-06/runs/20261006T121339873373Z_80559161/valr_usdtzar_raw.json,1db665e21390b00226c91c0df2ca49375b4b3bef8fcfd1a50d92de1853340611,sha256_verified,"[""exchange_timestamp_utc""]",2026-10-06,20261006T121339873373Z_80559161,2026-10-06T12:13:41.380106+00:00,2026-10-06T12:13:41.658301+00:00,,unavailable,valr,USDTZAR,ZAR,USDT,USDT,ZAR,ZAR per USDT,USDT,1 stablecoin token = 1 USD; no FX conversion,https://api.valr.com/v1/public/USDTZAR/orderbook/full,{},sell_stablecoin_base_hit_bids,valr_usdtzar_raw.json,1db665e21390b00226c91c0df2ca49375b4b3bef8fcfd1a50d92de1853340611,200,16.56015,16.5601,16.5602,1388750.2736999993,1388750.2736999993,22943612.681732126,True,False,122,unavailable
native_l2,20261006T121339873373Z_80559161,recorded,data/exact_l2/2026-10-06/runs/20261006T121339873373Z_80559161,append_only_run,recorded,data/exact_l2/2026-10-06/runs/20261006T121339873373Z_80559161/manifest.json,732967246ab65adc94f14a03f68e3d5f25bac78a1bde20eaf344c7af1ec86ab8,data/exact_l2/2026-10-06/runs/20261006T121339873373Z_80559161/threshold_depth.csv,3e850991d250f8481ee1d57451d76a001de7939212a6a62aab71ff41a9356b70,data/exact_l2/2026-10-06/runs/20261006T121339873373Z_80559161/bitkub_usdt_thb_raw.json,bbf6018aab41875c218ed50540243033bc4d93932fb90a756f3b96133eabdda5,sha256_verified,"[""exchange_timestamp_utc""]",2026-10-06,20261006T121339873373Z_80559161,2026-10-06T12:13:41.662306+00:00,2026-10-06T12:13:42.395708+00:00,,unavailable,bitkub,usdt_thb,THB,USDT,USDT,THB,THB per USDT,USDT,1 stablecoin token = 1 USD; no FX conversion,https://api.bitkub.com/api/v3/market/depth,"{""lmt"": 1000, ""sym"": ""usdt_thb""}",sell_stablecoin_base_hit_bids,bitkub_usdt_thb_raw.json,bbf6018aab41875c218ed50540243033bc4d93932fb90a756f3b96133eabdda5,10,33.545,33.54,33.55,411033.59,411033.59,13785644.6644,True,False,3,unavailable
native_l2,20261006T121339873373Z_80559161,recorded,data/exact_l2/2026-10-06/runs/20261006T121339873373Z_80559161,append_only_run,recorded,data/exact_l2/2026-10-06/runs/20261006T121339873373Z_80559161/manifest.json,732967246ab65adc94f14a03f68e3d5f25bac78a1bde20eaf344c7af1ec86ab8,data/exact_l2/2026-10-06/runs/20261006T121339873373Z_80559161/threshold_depth.csv,3e850991d250f8481ee1d57451d76a001de7939212a6a62aab71ff41a9356b70,data/exact_l2/2026-10-06/runs/20261006T121339873373Z_80559161/bitkub_usdt_thb_raw.json,bbf6018aab41875c218ed50540243033bc4d93932fb90a756f3b96133eabdda5,sha256_verified,"[""exchange_timestamp_utc""]",2026-10-06,20261006T121339873373Z_80559161,2026-10-06T12:13:41.662306+00:00,2026-10-06T12:13:42.395708+00:00,,unavailable,bitkub,usdt_thb,THB,USDT,USDT,THB,THB per USDT,USDT,1 stablecoin token = 1 USD; no FX conversion,https://api.bitkub.com/api/v3/market/depth,"{""lmt"": 1000, ""sym"": ""usdt_thb""}",sell_stablecoin_base_hit_bids,bitkub_usdt_thb_raw.json,bbf6018aab41875c218ed50540243033bc4d93932fb90a756f3b96133eabdda5,50,33.545,33.54,33.55,526633.7999999999,526633.7999999999,17655553.924000002,True,False,14,unavailable
native_l2,20261006T121339873373Z_80559161,recorded,data/exact_l2/2026-10-06/runs/20261006T121339873373Z_80559161,append_only_run,recorded,data/exact_l2/2026-10-06/runs/20261006T121339873373Z_80559161/manifest.json,732967246ab65adc94f14a03f68e3d5f25bac78a1bde20eaf344c7af1ec86ab8,data/exact_l2/2026-10-06/runs/20261006T121339873373Z_80559161/threshold_depth.csv,3e850991d250f8481ee1d57451d76a001de7939212a6a62aab71ff41a9356b70,data/exact_l2/2026-10-06/runs/20261006T121339873373Z_80559161/bitkub_usdt_thb_raw.json,bbf6018aab41875c218ed50540243033bc4d93932fb90a756f3b96133eabdda5,sha256_verified,"[""exchange_timestamp_utc""]",2026-10-06,20261006T121339873373Z_80559161,2026-10-06T12:13:41.662306+00:00,2026-10-06T12:13:42.395708+00:00,,unavailable,bitkub,usdt_thb,THB,USDT,USDT,THB,THB per USDT,USDT,1 stablecoin token = 1 USD; no FX conversion,https://api.bitkub.com/api/v3/market/depth,"{""lmt"": 1000, ""sym"": ""usdt_thb""}",sell_stablecoin_base_hit_bids,bitkub_usdt_thb_raw.json,bbf6018aab41875c218ed50540243033bc4d93932fb90a756f3b96133eabdda5,100,33.545,33.54,33.55,567239.9199999999,567239.9199999999,19007759.633200005,True,False,24,unavailable
native_l2,20261006T121339873373Z_80559161,recorded,data/exact_l2/2026-10-06/runs/20261006T121339873373Z_80559161,append_only_run,recorded,data/exact_l2/2026-10-06/runs/20261006T121339873373Z_80559161/manifest.json,732967246ab65adc94f14a03f68e3d5f25bac78a1bde20eaf344c7af1ec86ab8,data/exact_l2/2026-10-06/runs/20261006T121339873373Z_80559161/threshold_depth.csv,3e850991d250f8481ee1d57451d76a001de7939212a6a62aab71ff41a9356b70,data/exact_l2/2026-10-06/runs/20261006T121339873373Z_80559161/bitkub_usdt_thb_raw.json,bbf6018aab41875c218ed50540243033bc4d93932fb90a756f3b96133eabdda5,sha256_verified,"[""exchange_timestamp_utc""]",2026-10-06,20261006T121339873373Z_80559161,2026-10-06T12:13:41.662306+00:00,2026-10-06T12:13:42.395708+00:00,,unavailable,bitkub,usdt_thb,THB,USDT,USDT,THB,THB per USDT,USDT,1 stablecoin token = 1 USD; no FX conversion,https://api.bitkub.com/api/v3/market/depth,"{""lmt"": 1000, ""sym"": ""usdt_thb""}",sell_stablecoin_base_hit_bids,bitkub_usdt_thb_raw.json,bbf6018aab41875c218ed50540243033bc4d93932fb90a756f3b96133eabdda5,200,33.545,33.54,33.55,795305.3499999997,795305.3499999997,26554041.2148,True,False,48,unavailable
