source_type,source_snapshot_id,source_snapshot_id_status,source_snapshot_dir,source_snapshot_layout,source_metadata_status,source_manifest_path,source_manifest_sha256,source_csv_path,source_csv_sha256,source_raw_path,source_raw_sha256,provenance_status,metadata_missing_fields,date,snapshot_id,collected_utc,received_utc,exchange_timestamp_utc,exchange_timestamp_status,venue,pair,corridor,stablecoin,base_asset,quote_asset,price_unit,quantity_unit,usd_conversion_assumption,source_url,source_params_json,off_ramp_action,raw_file,raw_sha256,requested_stablecoin_units,requested_stablecoin_usd,filled_stablecoin_units,filled_stablecoin_usd,fill_rate,quote_proceeds,vwap_quote_per_stablecoin,average_slippage_bps,terminal_impact_bps,levels_used,book_exhausted,exchange_timestamp_encoding
native_l2,legacy:2026-08-04,legacy_directory_identifier,data/exact_l2/2026-08-04,legacy_day_root,legacy,data/exact_l2/2026-08-04/manifest.json,950a16514da174e521497cba3a0ee0c3b8fdc5b51086ecd6bbccd7fb2a4a84ce,data/exact_l2/2026-08-04/execution_curves.csv,b1a875f9b6a66b454f176edd65f508cb7281d6f483051070e539eb052eeff885,data/exact_l2/2026-08-04/valr_usdtzar_raw.json,d72f0e6d143fca46e71e26b795074db531d174237abe604c14c4ea2d84e8e3b5,sha256_verified,"[""base_asset"",""quote_asset"",""received_utc"",""exchange_timestamp_utc"",""source_url"",""source_params_json""]",2026-08-04,,2026-08-04T05:14:07.120178+00:00,,,legacy_unavailable,valr,USDTZAR,ZAR,USDT,,,,stablecoin_tokens,1 stablecoin token = 1 USD; no FX conversion,,,sell_stablecoin_base_hit_bids,valr_usdtzar_raw.json,d72f0e6d143fca46e71e26b795074db531d174237abe604c14c4ea2d84e8e3b5,1000,1000,1000.0,1000.0,1.0,16596.800000000003,16.5968,0.7531005148186942,0.7531005148186942,1,False,
native_l2,legacy:2026-08-04,legacy_directory_identifier,data/exact_l2/2026-08-04,legacy_day_root,legacy,data/exact_l2/2026-08-04/manifest.json,950a16514da174e521497cba3a0ee0c3b8fdc5b51086ecd6bbccd7fb2a4a84ce,data/exact_l2/2026-08-04/execution_curves.csv,b1a875f9b6a66b454f176edd65f508cb7281d6f483051070e539eb052eeff885,data/exact_l2/2026-08-04/valr_usdtzar_raw.json,d72f0e6d143fca46e71e26b795074db531d174237abe604c14c4ea2d84e8e3b5,sha256_verified,"[""base_asset"",""quote_asset"",""received_utc"",""exchange_timestamp_utc"",""source_url"",""source_params_json""]",2026-08-04,,2026-08-04T05:14:07.120178+00:00,,,legacy_unavailable,valr,USDTZAR,ZAR,USDT,,,,stablecoin_tokens,1 stablecoin token = 1 USD; no FX conversion,,,sell_stablecoin_base_hit_bids,valr_usdtzar_raw.json,d72f0e6d143fca46e71e26b795074db531d174237abe604c14c4ea2d84e8e3b5,5000,5000,5000.0,5000.0,1.0,82984.00000000001,16.5968,0.7531005148186942,0.7531005148186942,1,False,
native_l2,legacy:2026-08-04,legacy_directory_identifier,data/exact_l2/2026-08-04,legacy_day_root,legacy,data/exact_l2/2026-08-04/manifest.json,950a16514da174e521497cba3a0ee0c3b8fdc5b51086ecd6bbccd7fb2a4a84ce,data/exact_l2/2026-08-04/execution_curves.csv,b1a875f9b6a66b454f176edd65f508cb7281d6f483051070e539eb052eeff885,data/exact_l2/2026-08-04/valr_usdtzar_raw.json,d72f0e6d143fca46e71e26b795074db531d174237abe604c14c4ea2d84e8e3b5,sha256_verified,"[""base_asset"",""quote_asset"",""received_utc"",""exchange_timestamp_utc"",""source_url"",""source_params_json""]",2026-08-04,,2026-08-04T05:14:07.120178+00:00,,,legacy_unavailable,valr,USDTZAR,ZAR,USDT,,,,stablecoin_tokens,1 stablecoin token = 1 USD; no FX conversion,,,sell_stablecoin_base_hit_bids,valr_usdtzar_raw.json,d72f0e6d143fca46e71e26b795074db531d174237abe604c14c4ea2d84e8e3b5,10000,10000,10000.0,10000.0,1.0,165968.00000000003,16.5968,0.7531005148186942,0.7531005148186942,1,False,
native_l2,legacy:2026-08-04,legacy_directory_identifier,data/exact_l2/2026-08-04,legacy_day_root,legacy,data/exact_l2/2026-08-04/manifest.json,950a16514da174e521497cba3a0ee0c3b8fdc5b51086ecd6bbccd7fb2a4a84ce,data/exact_l2/2026-08-04/execution_curves.csv,b1a875f9b6a66b454f176edd65f508cb7281d6f483051070e539eb052eeff885,data/exact_l2/2026-08-04/valr_usdtzar_raw.json,d72f0e6d143fca46e71e26b795074db531d174237abe604c14c4ea2d84e8e3b5,sha256_verified,"[""base_asset"",""quote_asset"",""received_utc"",""exchange_timestamp_utc"",""source_url"",""source_params_json""]",2026-08-04,,2026-08-04T05:14:07.120178+00:00,,,legacy_unavailable,valr,USDTZAR,ZAR,USDT,,,,stablecoin_tokens,1 stablecoin token = 1 USD; no FX conversion,,,sell_stablecoin_base_hit_bids,valr_usdtzar_raw.json,d72f0e6d143fca46e71e26b795074db531d174237abe604c14c4ea2d84e8e3b5,25000,25000,25000.0,25000.0,1.0,414911.846,16.59647384,0.9496055259494707,2.379797626829161,3,False,
native_l2,legacy:2026-08-04,legacy_directory_identifier,data/exact_l2/2026-08-04,legacy_day_root,legacy,data/exact_l2/2026-08-04/manifest.json,950a16514da174e521497cba3a0ee0c3b8fdc5b51086ecd6bbccd7fb2a4a84ce,data/exact_l2/2026-08-04/execution_curves.csv,b1a875f9b6a66b454f176edd65f508cb7281d6f483051070e539eb052eeff885,data/exact_l2/2026-08-04/valr_usdtzar_raw.json,d72f0e6d143fca46e71e26b795074db531d174237abe604c14c4ea2d84e8e3b5,sha256_verified,"[""base_asset"",""quote_asset"",""received_utc"",""exchange_timestamp_utc"",""source_url"",""source_params_json""]",2026-08-04,,2026-08-04T05:14:07.120178+00:00,,,legacy_unavailable,valr,USDTZAR,ZAR,USDT,,,,stablecoin_tokens,1 stablecoin token = 1 USD; no FX conversion,,,sell_stablecoin_base_hit_bids,valr_usdtzar_raw.json,d72f0e6d143fca46e71e26b795074db531d174237abe604c14c4ea2d84e8e3b5,50000,50000,50000.0,50000.0,1.0,829764.3460000001,16.595286920000003,1.6647015763882056,2.379797626829161,3,False,
native_l2,legacy:2026-08-04,legacy_directory_identifier,data/exact_l2/2026-08-04,legacy_day_root,legacy,data/exact_l2/2026-08-04/manifest.json,950a16514da174e521497cba3a0ee0c3b8fdc5b51086ecd6bbccd7fb2a4a84ce,data/exact_l2/2026-08-04/execution_curves.csv,b1a875f9b6a66b454f176edd65f508cb7281d6f483051070e539eb052eeff885,data/exact_l2/2026-08-04/valr_usdtzar_raw.json,d72f0e6d143fca46e71e26b795074db531d174237abe604c14c4ea2d84e8e3b5,sha256_verified,"[""base_asset"",""quote_asset"",""received_utc"",""exchange_timestamp_utc"",""source_url"",""source_params_json""]",2026-08-04,,2026-08-04T05:14:07.120178+00:00,,,legacy_unavailable,valr,USDTZAR,ZAR,USDT,,,,stablecoin_tokens,1 stablecoin token = 1 USD; no FX conversion,,,sell_stablecoin_base_hit_bids,valr_usdtzar_raw.json,d72f0e6d143fca46e71e26b795074db531d174237abe604c14c4ea2d84e8e3b5,100000,100000,100000.0,100000.0,1.0,1659469.3460000001,16.594693460000002,2.0222496016086833,2.379797626829161,3,False,
native_l2,legacy:2026-08-04,legacy_directory_identifier,data/exact_l2/2026-08-04,legacy_day_root,legacy,data/exact_l2/2026-08-04/manifest.json,950a16514da174e521497cba3a0ee0c3b8fdc5b51086ecd6bbccd7fb2a4a84ce,data/exact_l2/2026-08-04/execution_curves.csv,b1a875f9b6a66b454f176edd65f508cb7281d6f483051070e539eb052eeff885,data/exact_l2/2026-08-04/bitkub_usdt_thb_raw.json,5ed1620c3cdfcded47d23793b70cce5061c592cddc03c419eb533f7e4255126c,sha256_verified,"[""base_asset"",""quote_asset"",""received_utc"",""exchange_timestamp_utc"",""source_url"",""source_params_json""]",2026-08-04,,2026-08-04T05:14:07.384498+00:00,,,legacy_unavailable,bitkub,usdt_thb,THB,USDT,,,,stablecoin_tokens,1 stablecoin token = 1 USD; no FX conversion,,,sell_stablecoin_base_hit_bids,bitkub_usdt_thb_raw.json,5ed1620c3cdfcded47d23793b70cce5061c592cddc03c419eb533f7e4255126c,1000,1000,1000.0,1000.0,1.0,33360.0,33.36,1.49857635246331,1.49857635246331,1,False,
native_l2,legacy:2026-08-04,legacy_directory_identifier,data/exact_l2/2026-08-04,legacy_day_root,legacy,data/exact_l2/2026-08-04/manifest.json,950a16514da174e521497cba3a0ee0c3b8fdc5b51086ecd6bbccd7fb2a4a84ce,data/exact_l2/2026-08-04/execution_curves.csv,b1a875f9b6a66b454f176edd65f508cb7281d6f483051070e539eb052eeff885,data/exact_l2/2026-08-04/bitkub_usdt_thb_raw.json,5ed1620c3cdfcded47d23793b70cce5061c592cddc03c419eb533f7e4255126c,sha256_verified,"[""base_asset"",""quote_asset"",""received_utc"",""exchange_timestamp_utc"",""source_url"",""source_params_json""]",2026-08-04,,2026-08-04T05:14:07.384498+00:00,,,legacy_unavailable,bitkub,usdt_thb,THB,USDT,,,,stablecoin_tokens,1 stablecoin token = 1 USD; no FX conversion,,,sell_stablecoin_base_hit_bids,bitkub_usdt_thb_raw.json,5ed1620c3cdfcded47d23793b70cce5061c592cddc03c419eb533f7e4255126c,5000,5000,5000.0,5000.0,1.0,166800.0,33.36,1.49857635246331,1.49857635246331,1,False,
native_l2,legacy:2026-08-04,legacy_directory_identifier,data/exact_l2/2026-08-04,legacy_day_root,legacy,data/exact_l2/2026-08-04/manifest.json,950a16514da174e521497cba3a0ee0c3b8fdc5b51086ecd6bbccd7fb2a4a84ce,data/exact_l2/2026-08-04/execution_curves.csv,b1a875f9b6a66b454f176edd65f508cb7281d6f483051070e539eb052eeff885,data/exact_l2/2026-08-04/bitkub_usdt_thb_raw.json,5ed1620c3cdfcded47d23793b70cce5061c592cddc03c419eb533f7e4255126c,sha256_verified,"[""base_asset"",""quote_asset"",""received_utc"",""exchange_timestamp_utc"",""source_url"",""source_params_json""]",2026-08-04,,2026-08-04T05:14:07.384498+00:00,,,legacy_unavailable,bitkub,usdt_thb,THB,USDT,,,,stablecoin_tokens,1 stablecoin token = 1 USD; no FX conversion,,,sell_stablecoin_base_hit_bids,bitkub_usdt_thb_raw.json,5ed1620c3cdfcded47d23793b70cce5061c592cddc03c419eb533f7e4255126c,10000,10000,10000.0,10000.0,1.0,333600.0,33.36,1.49857635246331,1.49857635246331,1,False,
native_l2,legacy:2026-08-04,legacy_directory_identifier,data/exact_l2/2026-08-04,legacy_day_root,legacy,data/exact_l2/2026-08-04/manifest.json,950a16514da174e521497cba3a0ee0c3b8fdc5b51086ecd6bbccd7fb2a4a84ce,data/exact_l2/2026-08-04/execution_curves.csv,b1a875f9b6a66b454f176edd65f508cb7281d6f483051070e539eb052eeff885,data/exact_l2/2026-08-04/bitkub_usdt_thb_raw.json,5ed1620c3cdfcded47d23793b70cce5061c592cddc03c419eb533f7e4255126c,sha256_verified,"[""base_asset"",""quote_asset"",""received_utc"",""exchange_timestamp_utc"",""source_url"",""source_params_json""]",2026-08-04,,2026-08-04T05:14:07.384498+00:00,,,legacy_unavailable,bitkub,usdt_thb,THB,USDT,,,,stablecoin_tokens,1 stablecoin token = 1 USD; no FX conversion,,,sell_stablecoin_base_hit_bids,bitkub_usdt_thb_raw.json,5ed1620c3cdfcded47d23793b70cce5061c592cddc03c419eb533f7e4255126c,25000,25000,25000.0,25000.0,1.0,834000.0,33.36,1.49857635246331,1.49857635246331,1,False,
native_l2,legacy:2026-08-04,legacy_directory_identifier,data/exact_l2/2026-08-04,legacy_day_root,legacy,data/exact_l2/2026-08-04/manifest.json,950a16514da174e521497cba3a0ee0c3b8fdc5b51086ecd6bbccd7fb2a4a84ce,data/exact_l2/2026-08-04/execution_curves.csv,b1a875f9b6a66b454f176edd65f508cb7281d6f483051070e539eb052eeff885,data/exact_l2/2026-08-04/bitkub_usdt_thb_raw.json,5ed1620c3cdfcded47d23793b70cce5061c592cddc03c419eb533f7e4255126c,sha256_verified,"[""base_asset"",""quote_asset"",""received_utc"",""exchange_timestamp_utc"",""source_url"",""source_params_json""]",2026-08-04,,2026-08-04T05:14:07.384498+00:00,,,legacy_unavailable,bitkub,usdt_thb,THB,USDT,,,,stablecoin_tokens,1 stablecoin token = 1 USD; no FX conversion,,,sell_stablecoin_base_hit_bids,bitkub_usdt_thb_raw.json,5ed1620c3cdfcded47d23793b70cce5061c592cddc03c419eb533f7e4255126c,50000,50000,50000.0,50000.0,1.0,1668000.0,33.36,1.49857635246331,1.49857635246331,1,False,
native_l2,legacy:2026-08-04,legacy_directory_identifier,data/exact_l2/2026-08-04,legacy_day_root,legacy,data/exact_l2/2026-08-04/manifest.json,950a16514da174e521497cba3a0ee0c3b8fdc5b51086ecd6bbccd7fb2a4a84ce,data/exact_l2/2026-08-04/execution_curves.csv,b1a875f9b6a66b454f176edd65f508cb7281d6f483051070e539eb052eeff885,data/exact_l2/2026-08-04/bitkub_usdt_thb_raw.json,5ed1620c3cdfcded47d23793b70cce5061c592cddc03c419eb533f7e4255126c,sha256_verified,"[""base_asset"",""quote_asset"",""received_utc"",""exchange_timestamp_utc"",""source_url"",""source_params_json""]",2026-08-04,,2026-08-04T05:14:07.384498+00:00,,,legacy_unavailable,bitkub,usdt_thb,THB,USDT,,,,stablecoin_tokens,1 stablecoin token = 1 USD; no FX conversion,,,sell_stablecoin_base_hit_bids,bitkub_usdt_thb_raw.json,5ed1620c3cdfcded47d23793b70cce5061c592cddc03c419eb533f7e4255126c,100000,100000,100000.0,100000.0,1.0,3336000.0,33.36,1.49857635246331,1.49857635246331,1,False,
native_l2,legacy:2026-08-05,legacy_directory_identifier,data/exact_l2/2026-08-05,legacy_day_root,legacy,data/exact_l2/2026-08-05/manifest.json,2ef3f23b31591da2b5024dbbab6e6cc46c1ffed5c026929b94339f6406461558,data/exact_l2/2026-08-05/execution_curves.csv,886c5c1e10ae7fcd6c0b29f0b959e48a1d16a68772a9e0cf188999917ebd2c48,data/exact_l2/2026-08-05/valr_usdtzar_raw.json,7045ddc385fe5dc43acfe4bfcf00133894e65e24d78d608544b94d39785135fb,sha256_verified,"[""base_asset"",""quote_asset"",""received_utc"",""exchange_timestamp_utc"",""source_url"",""source_params_json""]",2026-08-05,,2026-08-05T08:17:15.096007+00:00,,,legacy_unavailable,valr,USDTZAR,ZAR,USDT,,,,stablecoin_tokens,1 stablecoin token = 1 USD; no FX conversion,,,sell_stablecoin_base_hit_bids,valr_usdtzar_raw.json,7045ddc385fe5dc43acfe4bfcf00133894e65e24d78d608544b94d39785135fb,1000,1000,1000.0,1000.0,1.0,16522.9,16.5229,0.030260940087067922,0.030260940087067922,1,False,
native_l2,legacy:2026-08-05,legacy_directory_identifier,data/exact_l2/2026-08-05,legacy_day_root,legacy,data/exact_l2/2026-08-05/manifest.json,2ef3f23b31591da2b5024dbbab6e6cc46c1ffed5c026929b94339f6406461558,data/exact_l2/2026-08-05/execution_curves.csv,886c5c1e10ae7fcd6c0b29f0b959e48a1d16a68772a9e0cf188999917ebd2c48,data/exact_l2/2026-08-05/valr_usdtzar_raw.json,7045ddc385fe5dc43acfe4bfcf00133894e65e24d78d608544b94d39785135fb,sha256_verified,"[""base_asset"",""quote_asset"",""received_utc"",""exchange_timestamp_utc"",""source_url"",""source_params_json""]",2026-08-05,,2026-08-05T08:17:15.096007+00:00,,,legacy_unavailable,valr,USDTZAR,ZAR,USDT,,,,stablecoin_tokens,1 stablecoin token = 1 USD; no FX conversion,,,sell_stablecoin_base_hit_bids,valr_usdtzar_raw.json,7045ddc385fe5dc43acfe4bfcf00133894e65e24d78d608544b94d39785135fb,5000,5000,5000.0,5000.0,1.0,82614.5,16.5229,0.030260940087067922,0.030260940087067922,1,False,
native_l2,legacy:2026-08-05,legacy_directory_identifier,data/exact_l2/2026-08-05,legacy_day_root,legacy,data/exact_l2/2026-08-05/manifest.json,2ef3f23b31591da2b5024dbbab6e6cc46c1ffed5c026929b94339f6406461558,data/exact_l2/2026-08-05/execution_curves.csv,886c5c1e10ae7fcd6c0b29f0b959e48a1d16a68772a9e0cf188999917ebd2c48,data/exact_l2/2026-08-05/valr_usdtzar_raw.json,7045ddc385fe5dc43acfe4bfcf00133894e65e24d78d608544b94d39785135fb,sha256_verified,"[""base_asset"",""quote_asset"",""received_utc"",""exchange_timestamp_utc"",""source_url"",""source_params_json""]",2026-08-05,,2026-08-05T08:17:15.096007+00:00,,,legacy_unavailable,valr,USDTZAR,ZAR,USDT,,,,stablecoin_tokens,1 stablecoin token = 1 USD; no FX conversion,,,sell_stablecoin_base_hit_bids,valr_usdtzar_raw.json,7045ddc385fe5dc43acfe4bfcf00133894e65e24d78d608544b94d39785135fb,10000,10000,10000.0,10000.0,1.0,165229.0,16.5229,0.030260940087067922,0.030260940087067922,1,False,
native_l2,legacy:2026-08-05,legacy_directory_identifier,data/exact_l2/2026-08-05,legacy_day_root,legacy,data/exact_l2/2026-08-05/manifest.json,2ef3f23b31591da2b5024dbbab6e6cc46c1ffed5c026929b94339f6406461558,data/exact_l2/2026-08-05/execution_curves.csv,886c5c1e10ae7fcd6c0b29f0b959e48a1d16a68772a9e0cf188999917ebd2c48,data/exact_l2/2026-08-05/valr_usdtzar_raw.json,7045ddc385fe5dc43acfe4bfcf00133894e65e24d78d608544b94d39785135fb,sha256_verified,"[""base_asset"",""quote_asset"",""received_utc"",""exchange_timestamp_utc"",""source_url"",""source_params_json""]",2026-08-05,,2026-08-05T08:17:15.096007+00:00,,,legacy_unavailable,valr,USDTZAR,ZAR,USDT,,,,stablecoin_tokens,1 stablecoin token = 1 USD; no FX conversion,,,sell_stablecoin_base_hit_bids,valr_usdtzar_raw.json,7045ddc385fe5dc43acfe4bfcf00133894e65e24d78d608544b94d39785135fb,25000,25000,25000.0,25000.0,1.0,413072.5,16.5229,0.030260940087067922,0.030260940087067922,1,False,
native_l2,legacy:2026-08-05,legacy_directory_identifier,data/exact_l2/2026-08-05,legacy_day_root,legacy,data/exact_l2/2026-08-05/manifest.json,2ef3f23b31591da2b5024dbbab6e6cc46c1ffed5c026929b94339f6406461558,data/exact_l2/2026-08-05/execution_curves.csv,886c5c1e10ae7fcd6c0b29f0b959e48a1d16a68772a9e0cf188999917ebd2c48,data/exact_l2/2026-08-05/valr_usdtzar_raw.json,7045ddc385fe5dc43acfe4bfcf00133894e65e24d78d608544b94d39785135fb,sha256_verified,"[""base_asset"",""quote_asset"",""received_utc"",""exchange_timestamp_utc"",""source_url"",""source_params_json""]",2026-08-05,,2026-08-05T08:17:15.096007+00:00,,,legacy_unavailable,valr,USDTZAR,ZAR,USDT,,,,stablecoin_tokens,1 stablecoin token = 1 USD; no FX conversion,,,sell_stablecoin_base_hit_bids,valr_usdtzar_raw.json,7045ddc385fe5dc43acfe4bfcf00133894e65e24d78d608544b94d39785135fb,50000,50000,50000.0,50000.0,1.0,826094.5457886,16.521890915772,0.6409776873983475,1.966961105615006,3,False,
native_l2,legacy:2026-08-05,legacy_directory_identifier,data/exact_l2/2026-08-05,legacy_day_root,legacy,data/exact_l2/2026-08-05/manifest.json,2ef3f23b31591da2b5024dbbab6e6cc46c1ffed5c026929b94339f6406461558,data/exact_l2/2026-08-05/execution_curves.csv,886c5c1e10ae7fcd6c0b29f0b959e48a1d16a68772a9e0cf188999917ebd2c48,data/exact_l2/2026-08-05/valr_usdtzar_raw.json,7045ddc385fe5dc43acfe4bfcf00133894e65e24d78d608544b94d39785135fb,sha256_verified,"[""base_asset"",""quote_asset"",""received_utc"",""exchange_timestamp_utc"",""source_url"",""source_params_json""]",2026-08-05,,2026-08-05T08:17:15.096007+00:00,,,legacy_unavailable,valr,USDTZAR,ZAR,USDT,,,,stablecoin_tokens,1 stablecoin token = 1 USD; no FX conversion,,,sell_stablecoin_base_hit_bids,valr_usdtzar_raw.json,7045ddc385fe5dc43acfe4bfcf00133894e65e24d78d608544b94d39785135fb,100000,100000,100000.0,100000.0,1.0,1652045.385692,16.52045385692,1.5107127238189744,2.572179907343042,4,False,
native_l2,legacy:2026-08-05,legacy_directory_identifier,data/exact_l2/2026-08-05,legacy_day_root,legacy,data/exact_l2/2026-08-05/manifest.json,2ef3f23b31591da2b5024dbbab6e6cc46c1ffed5c026929b94339f6406461558,data/exact_l2/2026-08-05/execution_curves.csv,886c5c1e10ae7fcd6c0b29f0b959e48a1d16a68772a9e0cf188999917ebd2c48,data/exact_l2/2026-08-05/bitkub_usdt_thb_raw.json,5ac5b95a39b9e5cef643fd89b1f258248bd07f843b603c1c15cf3abe09541cc6,sha256_verified,"[""base_asset"",""quote_asset"",""received_utc"",""exchange_timestamp_utc"",""source_url"",""source_params_json""]",2026-08-05,,2026-08-05T08:17:15.337528+00:00,,,legacy_unavailable,bitkub,usdt_thb,THB,USDT,,,,stablecoin_tokens,1 stablecoin token = 1 USD; no FX conversion,,,sell_stablecoin_base_hit_bids,bitkub_usdt_thb_raw.json,5ac5b95a39b9e5cef643fd89b1f258248bd07f843b603c1c15cf3abe09541cc6,1000,1000,1000.0,1000.0,1.0,33170.0,33.17,1.5071590052739836,1.5071590052739836,1,False,
native_l2,legacy:2026-08-05,legacy_directory_identifier,data/exact_l2/2026-08-05,legacy_day_root,legacy,data/exact_l2/2026-08-05/manifest.json,2ef3f23b31591da2b5024dbbab6e6cc46c1ffed5c026929b94339f6406461558,data/exact_l2/2026-08-05/execution_curves.csv,886c5c1e10ae7fcd6c0b29f0b959e48a1d16a68772a9e0cf188999917ebd2c48,data/exact_l2/2026-08-05/bitkub_usdt_thb_raw.json,5ac5b95a39b9e5cef643fd89b1f258248bd07f843b603c1c15cf3abe09541cc6,sha256_verified,"[""base_asset"",""quote_asset"",""received_utc"",""exchange_timestamp_utc"",""source_url"",""source_params_json""]",2026-08-05,,2026-08-05T08:17:15.337528+00:00,,,legacy_unavailable,bitkub,usdt_thb,THB,USDT,,,,stablecoin_tokens,1 stablecoin token = 1 USD; no FX conversion,,,sell_stablecoin_base_hit_bids,bitkub_usdt_thb_raw.json,5ac5b95a39b9e5cef643fd89b1f258248bd07f843b603c1c15cf3abe09541cc6,5000,5000,5000.0,5000.0,1.0,165850.0,33.17,1.5071590052739836,1.5071590052739836,1,False,
native_l2,legacy:2026-08-05,legacy_directory_identifier,data/exact_l2/2026-08-05,legacy_day_root,legacy,data/exact_l2/2026-08-05/manifest.json,2ef3f23b31591da2b5024dbbab6e6cc46c1ffed5c026929b94339f6406461558,data/exact_l2/2026-08-05/execution_curves.csv,886c5c1e10ae7fcd6c0b29f0b959e48a1d16a68772a9e0cf188999917ebd2c48,data/exact_l2/2026-08-05/bitkub_usdt_thb_raw.json,5ac5b95a39b9e5cef643fd89b1f258248bd07f843b603c1c15cf3abe09541cc6,sha256_verified,"[""base_asset"",""quote_asset"",""received_utc"",""exchange_timestamp_utc"",""source_url"",""source_params_json""]",2026-08-05,,2026-08-05T08:17:15.337528+00:00,,,legacy_unavailable,bitkub,usdt_thb,THB,USDT,,,,stablecoin_tokens,1 stablecoin token = 1 USD; no FX conversion,,,sell_stablecoin_base_hit_bids,bitkub_usdt_thb_raw.json,5ac5b95a39b9e5cef643fd89b1f258248bd07f843b603c1c15cf3abe09541cc6,10000,10000,10000.0,10000.0,1.0,331700.0,33.17,1.5071590052739836,1.5071590052739836,1,False,
native_l2,legacy:2026-08-05,legacy_directory_identifier,data/exact_l2/2026-08-05,legacy_day_root,legacy,data/exact_l2/2026-08-05/manifest.json,2ef3f23b31591da2b5024dbbab6e6cc46c1ffed5c026929b94339f6406461558,data/exact_l2/2026-08-05/execution_curves.csv,886c5c1e10ae7fcd6c0b29f0b959e48a1d16a68772a9e0cf188999917ebd2c48,data/exact_l2/2026-08-05/bitkub_usdt_thb_raw.json,5ac5b95a39b9e5cef643fd89b1f258248bd07f843b603c1c15cf3abe09541cc6,sha256_verified,"[""base_asset"",""quote_asset"",""received_utc"",""exchange_timestamp_utc"",""source_url"",""source_params_json""]",2026-08-05,,2026-08-05T08:17:15.337528+00:00,,,legacy_unavailable,bitkub,usdt_thb,THB,USDT,,,,stablecoin_tokens,1 stablecoin token = 1 USD; no FX conversion,,,sell_stablecoin_base_hit_bids,bitkub_usdt_thb_raw.json,5ac5b95a39b9e5cef643fd89b1f258248bd07f843b603c1c15cf3abe09541cc6,25000,25000,25000.0,25000.0,1.0,829250.0,33.17,1.5071590052739836,1.5071590052739836,1,False,
native_l2,legacy:2026-08-05,legacy_directory_identifier,data/exact_l2/2026-08-05,legacy_day_root,legacy,data/exact_l2/2026-08-05/manifest.json,2ef3f23b31591da2b5024dbbab6e6cc46c1ffed5c026929b94339f6406461558,data/exact_l2/2026-08-05/execution_curves.csv,886c5c1e10ae7fcd6c0b29f0b959e48a1d16a68772a9e0cf188999917ebd2c48,data/exact_l2/2026-08-05/bitkub_usdt_thb_raw.json,5ac5b95a39b9e5cef643fd89b1f258248bd07f843b603c1c15cf3abe09541cc6,sha256_verified,"[""base_asset"",""quote_asset"",""received_utc"",""exchange_timestamp_utc"",""source_url"",""source_params_json""]",2026-08-05,,2026-08-05T08:17:15.337528+00:00,,,legacy_unavailable,bitkub,usdt_thb,THB,USDT,,,,stablecoin_tokens,1 stablecoin token = 1 USD; no FX conversion,,,sell_stablecoin_base_hit_bids,bitkub_usdt_thb_raw.json,5ac5b95a39b9e5cef643fd89b1f258248bd07f843b603c1c15cf3abe09541cc6,50000,50000,50000.0,50000.0,1.0,1658500.0,33.17,1.5071590052739836,1.5071590052739836,1,False,
native_l2,legacy:2026-08-05,legacy_directory_identifier,data/exact_l2/2026-08-05,legacy_day_root,legacy,data/exact_l2/2026-08-05/manifest.json,2ef3f23b31591da2b5024dbbab6e6cc46c1ffed5c026929b94339f6406461558,data/exact_l2/2026-08-05/execution_curves.csv,886c5c1e10ae7fcd6c0b29f0b959e48a1d16a68772a9e0cf188999917ebd2c48,data/exact_l2/2026-08-05/bitkub_usdt_thb_raw.json,5ac5b95a39b9e5cef643fd89b1f258248bd07f843b603c1c15cf3abe09541cc6,sha256_verified,"[""base_asset"",""quote_asset"",""received_utc"",""exchange_timestamp_utc"",""source_url"",""source_params_json""]",2026-08-05,,2026-08-05T08:17:15.337528+00:00,,,legacy_unavailable,bitkub,usdt_thb,THB,USDT,,,,stablecoin_tokens,1 stablecoin token = 1 USD; no FX conversion,,,sell_stablecoin_base_hit_bids,bitkub_usdt_thb_raw.json,5ac5b95a39b9e5cef643fd89b1f258248bd07f843b603c1c15cf3abe09541cc6,100000,100000,100000.0,100000.0,1.0,3317000.0,33.17,1.5071590052739836,1.5071590052739836,1,False,
native_l2,legacy:2026-08-06,legacy_directory_identifier,data/exact_l2/2026-08-06,legacy_day_root,legacy,data/exact_l2/2026-08-06/manifest.json,701e14822f85514cb0b7a61edf1d1669ef7a56334cbfb2204718528649a8df20,data/exact_l2/2026-08-06/execution_curves.csv,d960c1464f361fdd205c7008f0c778952f04727074acbffff04a04a24d80b689,data/exact_l2/2026-08-06/valr_usdtzar_raw.json,786a0de0ec4c415bafb329b8bbcc7fe6d4bdbfeda9d8e8fd7d74490b5e962652,sha256_verified,"[""base_asset"",""quote_asset"",""received_utc"",""exchange_timestamp_utc"",""source_url"",""source_params_json""]",2026-08-06,,2026-08-06T08:15:02.723859+00:00,,,legacy_unavailable,valr,USDTZAR,ZAR,USDT,,,,stablecoin_tokens,1 stablecoin token = 1 USD; no FX conversion,,,sell_stablecoin_base_hit_bids,valr_usdtzar_raw.json,786a0de0ec4c415bafb329b8bbcc7fe6d4bdbfeda9d8e8fd7d74490b5e962652,1000,1000,1000.0,1000.0,1.0,16491.800000000003,16.4918,0.21222217843064328,0.21222217843064328,1,False,
native_l2,legacy:2026-08-06,legacy_directory_identifier,data/exact_l2/2026-08-06,legacy_day_root,legacy,data/exact_l2/2026-08-06/manifest.json,701e14822f85514cb0b7a61edf1d1669ef7a56334cbfb2204718528649a8df20,data/exact_l2/2026-08-06/execution_curves.csv,d960c1464f361fdd205c7008f0c778952f04727074acbffff04a04a24d80b689,data/exact_l2/2026-08-06/valr_usdtzar_raw.json,786a0de0ec4c415bafb329b8bbcc7fe6d4bdbfeda9d8e8fd7d74490b5e962652,sha256_verified,"[""base_asset"",""quote_asset"",""received_utc"",""exchange_timestamp_utc"",""source_url"",""source_params_json""]",2026-08-06,,2026-08-06T08:15:02.723859+00:00,,,legacy_unavailable,valr,USDTZAR,ZAR,USDT,,,,stablecoin_tokens,1 stablecoin token = 1 USD; no FX conversion,,,sell_stablecoin_base_hit_bids,valr_usdtzar_raw.json,786a0de0ec4c415bafb329b8bbcc7fe6d4bdbfeda9d8e8fd7d74490b5e962652,5000,5000,5000.0,5000.0,1.0,82459.0,16.4918,0.21222217843064328,0.21222217843064328,1,False,
native_l2,legacy:2026-08-06,legacy_directory_identifier,data/exact_l2/2026-08-06,legacy_day_root,legacy,data/exact_l2/2026-08-06/manifest.json,701e14822f85514cb0b7a61edf1d1669ef7a56334cbfb2204718528649a8df20,data/exact_l2/2026-08-06/execution_curves.csv,d960c1464f361fdd205c7008f0c778952f04727074acbffff04a04a24d80b689,data/exact_l2/2026-08-06/valr_usdtzar_raw.json,786a0de0ec4c415bafb329b8bbcc7fe6d4bdbfeda9d8e8fd7d74490b5e962652,sha256_verified,"[""base_asset"",""quote_asset"",""received_utc"",""exchange_timestamp_utc"",""source_url"",""source_params_json""]",2026-08-06,,2026-08-06T08:15:02.723859+00:00,,,legacy_unavailable,valr,USDTZAR,ZAR,USDT,,,,stablecoin_tokens,1 stablecoin token = 1 USD; no FX conversion,,,sell_stablecoin_base_hit_bids,valr_usdtzar_raw.json,786a0de0ec4c415bafb329b8bbcc7fe6d4bdbfeda9d8e8fd7d74490b5e962652,10000,10000,10000.0,10000.0,1.0,164918.0,16.4918,0.21222217843064328,0.21222217843064328,1,False,
native_l2,legacy:2026-08-06,legacy_directory_identifier,data/exact_l2/2026-08-06,legacy_day_root,legacy,data/exact_l2/2026-08-06/manifest.json,701e14822f85514cb0b7a61edf1d1669ef7a56334cbfb2204718528649a8df20,data/exact_l2/2026-08-06/execution_curves.csv,d960c1464f361fdd205c7008f0c778952f04727074acbffff04a04a24d80b689,data/exact_l2/2026-08-06/valr_usdtzar_raw.json,786a0de0ec4c415bafb329b8bbcc7fe6d4bdbfeda9d8e8fd7d74490b5e962652,sha256_verified,"[""base_asset"",""quote_asset"",""received_utc"",""exchange_timestamp_utc"",""source_url"",""source_params_json""]",2026-08-06,,2026-08-06T08:15:02.723859+00:00,,,legacy_unavailable,valr,USDTZAR,ZAR,USDT,,,,stablecoin_tokens,1 stablecoin token = 1 USD; no FX conversion,,,sell_stablecoin_base_hit_bids,valr_usdtzar_raw.json,786a0de0ec4c415bafb329b8bbcc7fe6d4bdbfeda9d8e8fd7d74490b5e962652,25000,25000,25000.0,25000.0,1.0,412293.6962551,16.491747850204,0.24384315932324263,0.2728570865540014,2,False,
native_l2,legacy:2026-08-06,legacy_directory_identifier,data/exact_l2/2026-08-06,legacy_day_root,legacy,data/exact_l2/2026-08-06/manifest.json,701e14822f85514cb0b7a61edf1d1669ef7a56334cbfb2204718528649a8df20,data/exact_l2/2026-08-06/execution_curves.csv,d960c1464f361fdd205c7008f0c778952f04727074acbffff04a04a24d80b689,data/exact_l2/2026-08-06/valr_usdtzar_raw.json,786a0de0ec4c415bafb329b8bbcc7fe6d4bdbfeda9d8e8fd7d74490b5e962652,sha256_verified,"[""base_asset"",""quote_asset"",""received_utc"",""exchange_timestamp_utc"",""source_url"",""source_params_json""]",2026-08-06,,2026-08-06T08:15:02.723859+00:00,,,legacy_unavailable,valr,USDTZAR,ZAR,USDT,,,,stablecoin_tokens,1 stablecoin token = 1 USD; no FX conversion,,,sell_stablecoin_base_hit_bids,valr_usdtzar_raw.json,786a0de0ec4c415bafb329b8bbcc7fe6d4bdbfeda9d8e8fd7d74490b5e962652,50000,50000,50000.0,50000.0,1.0,824581.9088061,16.491638176122,0.3103439381790807,0.8792061677842522,3,False,
native_l2,legacy:2026-08-06,legacy_directory_identifier,data/exact_l2/2026-08-06,legacy_day_root,legacy,data/exact_l2/2026-08-06/manifest.json,701e14822f85514cb0b7a61edf1d1669ef7a56334cbfb2204718528649a8df20,data/exact_l2/2026-08-06/execution_curves.csv,d960c1464f361fdd205c7008f0c778952f04727074acbffff04a04a24d80b689,data/exact_l2/2026-08-06/valr_usdtzar_raw.json,786a0de0ec4c415bafb329b8bbcc7fe6d4bdbfeda9d8e8fd7d74490b5e962652,sha256_verified,"[""base_asset"",""quote_asset"",""received_utc"",""exchange_timestamp_utc"",""source_url"",""source_params_json""]",2026-08-06,,2026-08-06T08:15:02.723859+00:00,,,legacy_unavailable,valr,USDTZAR,ZAR,USDT,,,,stablecoin_tokens,1 stablecoin token = 1 USD; no FX conversion,,,sell_stablecoin_base_hit_bids,valr_usdtzar_raw.json,786a0de0ec4c415bafb329b8bbcc7fe6d4bdbfeda9d8e8fd7d74490b5e962652,100000,100000,100000.0,100000.0,1.0,1649034.6189285,16.490346189285,1.0937389697540656,2.334443962735966,4,False,
native_l2,legacy:2026-08-06,legacy_directory_identifier,data/exact_l2/2026-08-06,legacy_day_root,legacy,data/exact_l2/2026-08-06/manifest.json,701e14822f85514cb0b7a61edf1d1669ef7a56334cbfb2204718528649a8df20,data/exact_l2/2026-08-06/execution_curves.csv,d960c1464f361fdd205c7008f0c778952f04727074acbffff04a04a24d80b689,data/exact_l2/2026-08-06/bitkub_usdt_thb_raw.json,7ec5e41683b90a5c3b90581410f22b18d13c0b3c1ef666707f5aa4e734c502cb,sha256_verified,"[""base_asset"",""quote_asset"",""received_utc"",""exchange_timestamp_utc"",""source_url"",""source_params_json""]",2026-08-06,,2026-08-06T08:15:02.931157+00:00,,,legacy_unavailable,bitkub,usdt_thb,THB,USDT,,,,stablecoin_tokens,1 stablecoin token = 1 USD; no FX conversion,,,sell_stablecoin_base_hit_bids,bitkub_usdt_thb_raw.json,7ec5e41683b90a5c3b90581410f22b18d13c0b3c1ef666707f5aa4e734c502cb,1000,1000,1000.0,1000.0,1.0,33010.0,33.01,1.5144631228236616,1.5144631228236616,1,False,
native_l2,legacy:2026-08-06,legacy_directory_identifier,data/exact_l2/2026-08-06,legacy_day_root,legacy,data/exact_l2/2026-08-06/manifest.json,701e14822f85514cb0b7a61edf1d1669ef7a56334cbfb2204718528649a8df20,data/exact_l2/2026-08-06/execution_curves.csv,d960c1464f361fdd205c7008f0c778952f04727074acbffff04a04a24d80b689,data/exact_l2/2026-08-06/bitkub_usdt_thb_raw.json,7ec5e41683b90a5c3b90581410f22b18d13c0b3c1ef666707f5aa4e734c502cb,sha256_verified,"[""base_asset"",""quote_asset"",""received_utc"",""exchange_timestamp_utc"",""source_url"",""source_params_json""]",2026-08-06,,2026-08-06T08:15:02.931157+00:00,,,legacy_unavailable,bitkub,usdt_thb,THB,USDT,,,,stablecoin_tokens,1 stablecoin token = 1 USD; no FX conversion,,,sell_stablecoin_base_hit_bids,bitkub_usdt_thb_raw.json,7ec5e41683b90a5c3b90581410f22b18d13c0b3c1ef666707f5aa4e734c502cb,5000,5000,5000.0,5000.0,1.0,165050.0,33.01,1.5144631228236616,1.5144631228236616,1,False,
native_l2,legacy:2026-08-06,legacy_directory_identifier,data/exact_l2/2026-08-06,legacy_day_root,legacy,data/exact_l2/2026-08-06/manifest.json,701e14822f85514cb0b7a61edf1d1669ef7a56334cbfb2204718528649a8df20,data/exact_l2/2026-08-06/execution_curves.csv,d960c1464f361fdd205c7008f0c778952f04727074acbffff04a04a24d80b689,data/exact_l2/2026-08-06/bitkub_usdt_thb_raw.json,7ec5e41683b90a5c3b90581410f22b18d13c0b3c1ef666707f5aa4e734c502cb,sha256_verified,"[""base_asset"",""quote_asset"",""received_utc"",""exchange_timestamp_utc"",""source_url"",""source_params_json""]",2026-08-06,,2026-08-06T08:15:02.931157+00:00,,,legacy_unavailable,bitkub,usdt_thb,THB,USDT,,,,stablecoin_tokens,1 stablecoin token = 1 USD; no FX conversion,,,sell_stablecoin_base_hit_bids,bitkub_usdt_thb_raw.json,7ec5e41683b90a5c3b90581410f22b18d13c0b3c1ef666707f5aa4e734c502cb,10000,10000,10000.0,10000.0,1.0,330100.0,33.01,1.5144631228236616,1.5144631228236616,1,False,
native_l2,legacy:2026-08-06,legacy_directory_identifier,data/exact_l2/2026-08-06,legacy_day_root,legacy,data/exact_l2/2026-08-06/manifest.json,701e14822f85514cb0b7a61edf1d1669ef7a56334cbfb2204718528649a8df20,data/exact_l2/2026-08-06/execution_curves.csv,d960c1464f361fdd205c7008f0c778952f04727074acbffff04a04a24d80b689,data/exact_l2/2026-08-06/bitkub_usdt_thb_raw.json,7ec5e41683b90a5c3b90581410f22b18d13c0b3c1ef666707f5aa4e734c502cb,sha256_verified,"[""base_asset"",""quote_asset"",""received_utc"",""exchange_timestamp_utc"",""source_url"",""source_params_json""]",2026-08-06,,2026-08-06T08:15:02.931157+00:00,,,legacy_unavailable,bitkub,usdt_thb,THB,USDT,,,,stablecoin_tokens,1 stablecoin token = 1 USD; no FX conversion,,,sell_stablecoin_base_hit_bids,bitkub_usdt_thb_raw.json,7ec5e41683b90a5c3b90581410f22b18d13c0b3c1ef666707f5aa4e734c502cb,25000,25000,25000.0,25000.0,1.0,825250.0,33.01,1.5144631228236616,1.5144631228236616,1,False,
native_l2,legacy:2026-08-06,legacy_directory_identifier,data/exact_l2/2026-08-06,legacy_day_root,legacy,data/exact_l2/2026-08-06/manifest.json,701e14822f85514cb0b7a61edf1d1669ef7a56334cbfb2204718528649a8df20,data/exact_l2/2026-08-06/execution_curves.csv,d960c1464f361fdd205c7008f0c778952f04727074acbffff04a04a24d80b689,data/exact_l2/2026-08-06/bitkub_usdt_thb_raw.json,7ec5e41683b90a5c3b90581410f22b18d13c0b3c1ef666707f5aa4e734c502cb,sha256_verified,"[""base_asset"",""quote_asset"",""received_utc"",""exchange_timestamp_utc"",""source_url"",""source_params_json""]",2026-08-06,,2026-08-06T08:15:02.931157+00:00,,,legacy_unavailable,bitkub,usdt_thb,THB,USDT,,,,stablecoin_tokens,1 stablecoin token = 1 USD; no FX conversion,,,sell_stablecoin_base_hit_bids,bitkub_usdt_thb_raw.json,7ec5e41683b90a5c3b90581410f22b18d13c0b3c1ef666707f5aa4e734c502cb,50000,50000,50000.0,50000.0,1.0,1650500.0,33.01,1.5144631228236616,1.5144631228236616,1,False,
native_l2,legacy:2026-08-06,legacy_directory_identifier,data/exact_l2/2026-08-06,legacy_day_root,legacy,data/exact_l2/2026-08-06/manifest.json,701e14822f85514cb0b7a61edf1d1669ef7a56334cbfb2204718528649a8df20,data/exact_l2/2026-08-06/execution_curves.csv,d960c1464f361fdd205c7008f0c778952f04727074acbffff04a04a24d80b689,data/exact_l2/2026-08-06/bitkub_usdt_thb_raw.json,7ec5e41683b90a5c3b90581410f22b18d13c0b3c1ef666707f5aa4e734c502cb,sha256_verified,"[""base_asset"",""quote_asset"",""received_utc"",""exchange_timestamp_utc"",""source_url"",""source_params_json""]",2026-08-06,,2026-08-06T08:15:02.931157+00:00,,,legacy_unavailable,bitkub,usdt_thb,THB,USDT,,,,stablecoin_tokens,1 stablecoin token = 1 USD; no FX conversion,,,sell_stablecoin_base_hit_bids,bitkub_usdt_thb_raw.json,7ec5e41683b90a5c3b90581410f22b18d13c0b3c1ef666707f5aa4e734c502cb,100000,100000,100000.0,100000.0,1.0,3301000.0,33.01,1.5144631228236616,1.5144631228236616,1,False,
native_l2,legacy:2026-08-07,legacy_directory_identifier,data/exact_l2/2026-08-07,legacy_day_root,legacy,data/exact_l2/2026-08-07/manifest.json,384e86cedb0fd595e437dfbc23383ca419aac524b06c3b2e430464bc807674d5,data/exact_l2/2026-08-07/execution_curves.csv,c0a5704c30c75a3347dcbac71472a1e52f4dc5d9a68e631761a15769b23f391e,data/exact_l2/2026-08-07/valr_usdtzar_raw.json,5377c8ba4943cf8b682f614b4feb8cd7ef9202fe1067b0d787d901cc6a18d849,sha256_verified,"[""base_asset"",""quote_asset"",""received_utc"",""exchange_timestamp_utc"",""source_url"",""source_params_json""]",2026-08-07,,2026-08-07T07:01:59.070933+00:00,,,legacy_unavailable,valr,USDTZAR,ZAR,USDT,,,,stablecoin_tokens,1 stablecoin token = 1 USD; no FX conversion,,,sell_stablecoin_base_hit_bids,valr_usdtzar_raw.json,5377c8ba4943cf8b682f614b4feb8cd7ef9202fe1067b0d787d901cc6a18d849,1000,1000,1000.0,1000.0,1.0,16463.100000000002,16.4631,0.03037085855250865,0.03037085855250865,1,False,
native_l2,legacy:2026-08-07,legacy_directory_identifier,data/exact_l2/2026-08-07,legacy_day_root,legacy,data/exact_l2/2026-08-07/manifest.json,384e86cedb0fd595e437dfbc23383ca419aac524b06c3b2e430464bc807674d5,data/exact_l2/2026-08-07/execution_curves.csv,c0a5704c30c75a3347dcbac71472a1e52f4dc5d9a68e631761a15769b23f391e,data/exact_l2/2026-08-07/valr_usdtzar_raw.json,5377c8ba4943cf8b682f614b4feb8cd7ef9202fe1067b0d787d901cc6a18d849,sha256_verified,"[""base_asset"",""quote_asset"",""received_utc"",""exchange_timestamp_utc"",""source_url"",""source_params_json""]",2026-08-07,,2026-08-07T07:01:59.070933+00:00,,,legacy_unavailable,valr,USDTZAR,ZAR,USDT,,,,stablecoin_tokens,1 stablecoin token = 1 USD; no FX conversion,,,sell_stablecoin_base_hit_bids,valr_usdtzar_raw.json,5377c8ba4943cf8b682f614b4feb8cd7ef9202fe1067b0d787d901cc6a18d849,5000,5000,5000.0,5000.0,1.0,82315.5,16.4631,0.03037085855250865,0.03037085855250865,1,False,
native_l2,legacy:2026-08-07,legacy_directory_identifier,data/exact_l2/2026-08-07,legacy_day_root,legacy,data/exact_l2/2026-08-07/manifest.json,384e86cedb0fd595e437dfbc23383ca419aac524b06c3b2e430464bc807674d5,data/exact_l2/2026-08-07/execution_curves.csv,c0a5704c30c75a3347dcbac71472a1e52f4dc5d9a68e631761a15769b23f391e,data/exact_l2/2026-08-07/valr_usdtzar_raw.json,5377c8ba4943cf8b682f614b4feb8cd7ef9202fe1067b0d787d901cc6a18d849,sha256_verified,"[""base_asset"",""quote_asset"",""received_utc"",""exchange_timestamp_utc"",""source_url"",""source_params_json""]",2026-08-07,,2026-08-07T07:01:59.070933+00:00,,,legacy_unavailable,valr,USDTZAR,ZAR,USDT,,,,stablecoin_tokens,1 stablecoin token = 1 USD; no FX conversion,,,sell_stablecoin_base_hit_bids,valr_usdtzar_raw.json,5377c8ba4943cf8b682f614b4feb8cd7ef9202fe1067b0d787d901cc6a18d849,10000,10000,10000.0,10000.0,1.0,164631.0,16.4631,0.03037085855250865,0.03037085855250865,1,False,
native_l2,legacy:2026-08-07,legacy_directory_identifier,data/exact_l2/2026-08-07,legacy_day_root,legacy,data/exact_l2/2026-08-07/manifest.json,384e86cedb0fd595e437dfbc23383ca419aac524b06c3b2e430464bc807674d5,data/exact_l2/2026-08-07/execution_curves.csv,c0a5704c30c75a3347dcbac71472a1e52f4dc5d9a68e631761a15769b23f391e,data/exact_l2/2026-08-07/valr_usdtzar_raw.json,5377c8ba4943cf8b682f614b4feb8cd7ef9202fe1067b0d787d901cc6a18d849,sha256_verified,"[""base_asset"",""quote_asset"",""received_utc"",""exchange_timestamp_utc"",""source_url"",""source_params_json""]",2026-08-07,,2026-08-07T07:01:59.070933+00:00,,,legacy_unavailable,valr,USDTZAR,ZAR,USDT,,,,stablecoin_tokens,1 stablecoin token = 1 USD; no FX conversion,,,sell_stablecoin_base_hit_bids,valr_usdtzar_raw.json,5377c8ba4943cf8b682f614b4feb8cd7ef9202fe1067b0d787d901cc6a18d849,25000,25000,25000.0,25000.0,1.0,411577.5,16.4631,0.03037085855250865,0.03037085855250865,1,False,
native_l2,legacy:2026-08-07,legacy_directory_identifier,data/exact_l2/2026-08-07,legacy_day_root,legacy,data/exact_l2/2026-08-07/manifest.json,384e86cedb0fd595e437dfbc23383ca419aac524b06c3b2e430464bc807674d5,data/exact_l2/2026-08-07/execution_curves.csv,c0a5704c30c75a3347dcbac71472a1e52f4dc5d9a68e631761a15769b23f391e,data/exact_l2/2026-08-07/valr_usdtzar_raw.json,5377c8ba4943cf8b682f614b4feb8cd7ef9202fe1067b0d787d901cc6a18d849,sha256_verified,"[""base_asset"",""quote_asset"",""received_utc"",""exchange_timestamp_utc"",""source_url"",""source_params_json""]",2026-08-07,,2026-08-07T07:01:59.070933+00:00,,,legacy_unavailable,valr,USDTZAR,ZAR,USDT,,,,stablecoin_tokens,1 stablecoin token = 1 USD; no FX conversion,,,sell_stablecoin_base_hit_bids,valr_usdtzar_raw.json,5377c8ba4943cf8b682f614b4feb8cd7ef9202fe1067b0d787d901cc6a18d849,50000,50000,50000.0,50000.0,1.0,823155.0,16.4631,0.03037085855250865,0.03037085855250865,2,False,
native_l2,legacy:2026-08-07,legacy_directory_identifier,data/exact_l2/2026-08-07,legacy_day_root,legacy,data/exact_l2/2026-08-07/manifest.json,384e86cedb0fd595e437dfbc23383ca419aac524b06c3b2e430464bc807674d5,data/exact_l2/2026-08-07/execution_curves.csv,c0a5704c30c75a3347dcbac71472a1e52f4dc5d9a68e631761a15769b23f391e,data/exact_l2/2026-08-07/valr_usdtzar_raw.json,5377c8ba4943cf8b682f614b4feb8cd7ef9202fe1067b0d787d901cc6a18d849,sha256_verified,"[""base_asset"",""quote_asset"",""received_utc"",""exchange_timestamp_utc"",""source_url"",""source_params_json""]",2026-08-07,,2026-08-07T07:01:59.070933+00:00,,,legacy_unavailable,valr,USDTZAR,ZAR,USDT,,,,stablecoin_tokens,1 stablecoin token = 1 USD; no FX conversion,,,sell_stablecoin_base_hit_bids,valr_usdtzar_raw.json,5377c8ba4943cf8b682f614b4feb8cd7ef9202fe1067b0d787d901cc6a18d849,100000,100000,100000.0,100000.0,1.0,1646220.83750808,16.462208375080802,0.5719591446329275,1.4881720691362066,4,False,
native_l2,legacy:2026-08-07,legacy_directory_identifier,data/exact_l2/2026-08-07,legacy_day_root,legacy,data/exact_l2/2026-08-07/manifest.json,384e86cedb0fd595e437dfbc23383ca419aac524b06c3b2e430464bc807674d5,data/exact_l2/2026-08-07/execution_curves.csv,c0a5704c30c75a3347dcbac71472a1e52f4dc5d9a68e631761a15769b23f391e,data/exact_l2/2026-08-07/bitkub_usdt_thb_raw.json,eec1609bea32ba5ba89e6e39736a95c68b5f2e08ff61b619f35e6c7c8a03aa1e,sha256_verified,"[""base_asset"",""quote_asset"",""received_utc"",""exchange_timestamp_utc"",""source_url"",""source_params_json""]",2026-08-07,,2026-08-07T07:01:59.291610+00:00,,,legacy_unavailable,bitkub,usdt_thb,THB,USDT,,,,stablecoin_tokens,1 stablecoin token = 1 USD; no FX conversion,,,sell_stablecoin_base_hit_bids,bitkub_usdt_thb_raw.json,eec1609bea32ba5ba89e6e39736a95c68b5f2e08ff61b619f35e6c7c8a03aa1e,1000,1000,1000.0,1000.0,1.0,33060.0,33.06,1.5121729925893224,1.5121729925893224,1,False,
native_l2,legacy:2026-08-07,legacy_directory_identifier,data/exact_l2/2026-08-07,legacy_day_root,legacy,data/exact_l2/2026-08-07/manifest.json,384e86cedb0fd595e437dfbc23383ca419aac524b06c3b2e430464bc807674d5,data/exact_l2/2026-08-07/execution_curves.csv,c0a5704c30c75a3347dcbac71472a1e52f4dc5d9a68e631761a15769b23f391e,data/exact_l2/2026-08-07/bitkub_usdt_thb_raw.json,eec1609bea32ba5ba89e6e39736a95c68b5f2e08ff61b619f35e6c7c8a03aa1e,sha256_verified,"[""base_asset"",""quote_asset"",""received_utc"",""exchange_timestamp_utc"",""source_url"",""source_params_json""]",2026-08-07,,2026-08-07T07:01:59.291610+00:00,,,legacy_unavailable,bitkub,usdt_thb,THB,USDT,,,,stablecoin_tokens,1 stablecoin token = 1 USD; no FX conversion,,,sell_stablecoin_base_hit_bids,bitkub_usdt_thb_raw.json,eec1609bea32ba5ba89e6e39736a95c68b5f2e08ff61b619f35e6c7c8a03aa1e,5000,5000,5000.0,5000.0,1.0,165300.0,33.06,1.5121729925893224,1.5121729925893224,1,False,
native_l2,legacy:2026-08-07,legacy_directory_identifier,data/exact_l2/2026-08-07,legacy_day_root,legacy,data/exact_l2/2026-08-07/manifest.json,384e86cedb0fd595e437dfbc23383ca419aac524b06c3b2e430464bc807674d5,data/exact_l2/2026-08-07/execution_curves.csv,c0a5704c30c75a3347dcbac71472a1e52f4dc5d9a68e631761a15769b23f391e,data/exact_l2/2026-08-07/bitkub_usdt_thb_raw.json,eec1609bea32ba5ba89e6e39736a95c68b5f2e08ff61b619f35e6c7c8a03aa1e,sha256_verified,"[""base_asset"",""quote_asset"",""received_utc"",""exchange_timestamp_utc"",""source_url"",""source_params_json""]",2026-08-07,,2026-08-07T07:01:59.291610+00:00,,,legacy_unavailable,bitkub,usdt_thb,THB,USDT,,,,stablecoin_tokens,1 stablecoin token = 1 USD; no FX conversion,,,sell_stablecoin_base_hit_bids,bitkub_usdt_thb_raw.json,eec1609bea32ba5ba89e6e39736a95c68b5f2e08ff61b619f35e6c7c8a03aa1e,10000,10000,10000.0,10000.0,1.0,330600.0,33.06,1.5121729925893224,1.5121729925893224,1,False,
native_l2,legacy:2026-08-07,legacy_directory_identifier,data/exact_l2/2026-08-07,legacy_day_root,legacy,data/exact_l2/2026-08-07/manifest.json,384e86cedb0fd595e437dfbc23383ca419aac524b06c3b2e430464bc807674d5,data/exact_l2/2026-08-07/execution_curves.csv,c0a5704c30c75a3347dcbac71472a1e52f4dc5d9a68e631761a15769b23f391e,data/exact_l2/2026-08-07/bitkub_usdt_thb_raw.json,eec1609bea32ba5ba89e6e39736a95c68b5f2e08ff61b619f35e6c7c8a03aa1e,sha256_verified,"[""base_asset"",""quote_asset"",""received_utc"",""exchange_timestamp_utc"",""source_url"",""source_params_json""]",2026-08-07,,2026-08-07T07:01:59.291610+00:00,,,legacy_unavailable,bitkub,usdt_thb,THB,USDT,,,,stablecoin_tokens,1 stablecoin token = 1 USD; no FX conversion,,,sell_stablecoin_base_hit_bids,bitkub_usdt_thb_raw.json,eec1609bea32ba5ba89e6e39736a95c68b5f2e08ff61b619f35e6c7c8a03aa1e,25000,25000,25000.0,25000.0,1.0,826500.0,33.06,1.5121729925893224,1.5121729925893224,1,False,
native_l2,legacy:2026-08-07,legacy_directory_identifier,data/exact_l2/2026-08-07,legacy_day_root,legacy,data/exact_l2/2026-08-07/manifest.json,384e86cedb0fd595e437dfbc23383ca419aac524b06c3b2e430464bc807674d5,data/exact_l2/2026-08-07/execution_curves.csv,c0a5704c30c75a3347dcbac71472a1e52f4dc5d9a68e631761a15769b23f391e,data/exact_l2/2026-08-07/bitkub_usdt_thb_raw.json,eec1609bea32ba5ba89e6e39736a95c68b5f2e08ff61b619f35e6c7c8a03aa1e,sha256_verified,"[""base_asset"",""quote_asset"",""received_utc"",""exchange_timestamp_utc"",""source_url"",""source_params_json""]",2026-08-07,,2026-08-07T07:01:59.291610+00:00,,,legacy_unavailable,bitkub,usdt_thb,THB,USDT,,,,stablecoin_tokens,1 stablecoin token = 1 USD; no FX conversion,,,sell_stablecoin_base_hit_bids,bitkub_usdt_thb_raw.json,eec1609bea32ba5ba89e6e39736a95c68b5f2e08ff61b619f35e6c7c8a03aa1e,50000,50000,50000.0,50000.0,1.0,1653000.0,33.06,1.5121729925893224,1.5121729925893224,1,False,
native_l2,legacy:2026-08-07,legacy_directory_identifier,data/exact_l2/2026-08-07,legacy_day_root,legacy,data/exact_l2/2026-08-07/manifest.json,384e86cedb0fd595e437dfbc23383ca419aac524b06c3b2e430464bc807674d5,data/exact_l2/2026-08-07/execution_curves.csv,c0a5704c30c75a3347dcbac71472a1e52f4dc5d9a68e631761a15769b23f391e,data/exact_l2/2026-08-07/bitkub_usdt_thb_raw.json,eec1609bea32ba5ba89e6e39736a95c68b5f2e08ff61b619f35e6c7c8a03aa1e,sha256_verified,"[""base_asset"",""quote_asset"",""received_utc"",""exchange_timestamp_utc"",""source_url"",""source_params_json""]",2026-08-07,,2026-08-07T07:01:59.291610+00:00,,,legacy_unavailable,bitkub,usdt_thb,THB,USDT,,,,stablecoin_tokens,1 stablecoin token = 1 USD; no FX conversion,,,sell_stablecoin_base_hit_bids,bitkub_usdt_thb_raw.json,eec1609bea32ba5ba89e6e39736a95c68b5f2e08ff61b619f35e6c7c8a03aa1e,100000,100000,100000.0,100000.0,1.0,3306000.0,33.06,1.5121729925893224,1.5121729925893224,1,False,
native_l2,legacy:2026-08-08,legacy_directory_identifier,data/exact_l2/2026-08-08,legacy_day_root,legacy,data/exact_l2/2026-08-08/manifest.json,2366440e700eaa4e5c9f74cfbfa8c870007c5e650442ce058ebf167f57e780ce,data/exact_l2/2026-08-08/execution_curves.csv,a8fdffc09eabcb39234e2eccf36bb491d11caff53d7c98261bf75407c760d612,data/exact_l2/2026-08-08/valr_usdtzar_raw.json,3a094db5dcc47380ac35ca36b9c91c3a59fcc32399d0b01888219151edca95e5,sha256_verified,"[""base_asset"",""quote_asset"",""received_utc"",""exchange_timestamp_utc"",""source_url"",""source_params_json""]",2026-08-08,,2026-08-08T06:34:04.860671+00:00,,,legacy_unavailable,valr,USDTZAR,ZAR,USDT,,,,stablecoin_tokens,1 stablecoin token = 1 USD; no FX conversion,,,sell_stablecoin_base_hit_bids,valr_usdtzar_raw.json,3a094db5dcc47380ac35ca36b9c91c3a59fcc32399d0b01888219151edca95e5,1000,1000,1000.0,1000.0,1.0,16328.600000000002,16.3286,0.03062102500894781,0.03062102500894781,1,False,
native_l2,legacy:2026-08-08,legacy_directory_identifier,data/exact_l2/2026-08-08,legacy_day_root,legacy,data/exact_l2/2026-08-08/manifest.json,2366440e700eaa4e5c9f74cfbfa8c870007c5e650442ce058ebf167f57e780ce,data/exact_l2/2026-08-08/execution_curves.csv,a8fdffc09eabcb39234e2eccf36bb491d11caff53d7c98261bf75407c760d612,data/exact_l2/2026-08-08/valr_usdtzar_raw.json,3a094db5dcc47380ac35ca36b9c91c3a59fcc32399d0b01888219151edca95e5,sha256_verified,"[""base_asset"",""quote_asset"",""received_utc"",""exchange_timestamp_utc"",""source_url"",""source_params_json""]",2026-08-08,,2026-08-08T06:34:04.860671+00:00,,,legacy_unavailable,valr,USDTZAR,ZAR,USDT,,,,stablecoin_tokens,1 stablecoin token = 1 USD; no FX conversion,,,sell_stablecoin_base_hit_bids,valr_usdtzar_raw.json,3a094db5dcc47380ac35ca36b9c91c3a59fcc32399d0b01888219151edca95e5,5000,5000,5000.0,5000.0,1.0,81643.00000000001,16.3286,0.03062102500894781,0.03062102500894781,1,False,
native_l2,legacy:2026-08-08,legacy_directory_identifier,data/exact_l2/2026-08-08,legacy_day_root,legacy,data/exact_l2/2026-08-08/manifest.json,2366440e700eaa4e5c9f74cfbfa8c870007c5e650442ce058ebf167f57e780ce,data/exact_l2/2026-08-08/execution_curves.csv,a8fdffc09eabcb39234e2eccf36bb491d11caff53d7c98261bf75407c760d612,data/exact_l2/2026-08-08/valr_usdtzar_raw.json,3a094db5dcc47380ac35ca36b9c91c3a59fcc32399d0b01888219151edca95e5,sha256_verified,"[""base_asset"",""quote_asset"",""received_utc"",""exchange_timestamp_utc"",""source_url"",""source_params_json""]",2026-08-08,,2026-08-08T06:34:04.860671+00:00,,,legacy_unavailable,valr,USDTZAR,ZAR,USDT,,,,stablecoin_tokens,1 stablecoin token = 1 USD; no FX conversion,,,sell_stablecoin_base_hit_bids,valr_usdtzar_raw.json,3a094db5dcc47380ac35ca36b9c91c3a59fcc32399d0b01888219151edca95e5,10000,10000,10000.0,10000.0,1.0,163286.00000000003,16.3286,0.03062102500894781,0.03062102500894781,1,False,
native_l2,legacy:2026-08-08,legacy_directory_identifier,data/exact_l2/2026-08-08,legacy_day_root,legacy,data/exact_l2/2026-08-08/manifest.json,2366440e700eaa4e5c9f74cfbfa8c870007c5e650442ce058ebf167f57e780ce,data/exact_l2/2026-08-08/execution_curves.csv,a8fdffc09eabcb39234e2eccf36bb491d11caff53d7c98261bf75407c760d612,data/exact_l2/2026-08-08/valr_usdtzar_raw.json,3a094db5dcc47380ac35ca36b9c91c3a59fcc32399d0b01888219151edca95e5,sha256_verified,"[""base_asset"",""quote_asset"",""received_utc"",""exchange_timestamp_utc"",""source_url"",""source_params_json""]",2026-08-08,,2026-08-08T06:34:04.860671+00:00,,,legacy_unavailable,valr,USDTZAR,ZAR,USDT,,,,stablecoin_tokens,1 stablecoin token = 1 USD; no FX conversion,,,sell_stablecoin_base_hit_bids,valr_usdtzar_raw.json,3a094db5dcc47380ac35ca36b9c91c3a59fcc32399d0b01888219151edca95e5,25000,25000,25000.0,25000.0,1.0,408215.00000000006,16.3286,0.03062102500894781,0.03062102500894781,2,False,
native_l2,legacy:2026-08-08,legacy_directory_identifier,data/exact_l2/2026-08-08,legacy_day_root,legacy,data/exact_l2/2026-08-08/manifest.json,2366440e700eaa4e5c9f74cfbfa8c870007c5e650442ce058ebf167f57e780ce,data/exact_l2/2026-08-08/execution_curves.csv,a8fdffc09eabcb39234e2eccf36bb491d11caff53d7c98261bf75407c760d612,data/exact_l2/2026-08-08/valr_usdtzar_raw.json,3a094db5dcc47380ac35ca36b9c91c3a59fcc32399d0b01888219151edca95e5,sha256_verified,"[""base_asset"",""quote_asset"",""received_utc"",""exchange_timestamp_utc"",""source_url"",""source_params_json""]",2026-08-08,,2026-08-08T06:34:04.860671+00:00,,,legacy_unavailable,valr,USDTZAR,ZAR,USDT,,,,stablecoin_tokens,1 stablecoin token = 1 USD; no FX conversion,,,sell_stablecoin_base_hit_bids,valr_usdtzar_raw.json,3a094db5dcc47380ac35ca36b9c91c3a59fcc32399d0b01888219151edca95e5,50000,50000,50000.0,50000.0,1.0,816430.0000000001,16.3286,0.03062102500894781,0.03062102500894781,4,False,
native_l2,legacy:2026-08-08,legacy_directory_identifier,data/exact_l2/2026-08-08,legacy_day_root,legacy,data/exact_l2/2026-08-08/manifest.json,2366440e700eaa4e5c9f74cfbfa8c870007c5e650442ce058ebf167f57e780ce,data/exact_l2/2026-08-08/execution_curves.csv,a8fdffc09eabcb39234e2eccf36bb491d11caff53d7c98261bf75407c760d612,data/exact_l2/2026-08-08/valr_usdtzar_raw.json,3a094db5dcc47380ac35ca36b9c91c3a59fcc32399d0b01888219151edca95e5,sha256_verified,"[""base_asset"",""quote_asset"",""received_utc"",""exchange_timestamp_utc"",""source_url"",""source_params_json""]",2026-08-08,,2026-08-08T06:34:04.860671+00:00,,,legacy_unavailable,valr,USDTZAR,ZAR,USDT,,,,stablecoin_tokens,1 stablecoin token = 1 USD; no FX conversion,,,sell_stablecoin_base_hit_bids,valr_usdtzar_raw.json,3a094db5dcc47380ac35ca36b9c91c3a59fcc32399d0b01888219151edca95e5,100000,100000,100000.00000000001,100000.00000000001,1.0000000000000002,1632642.5952727902,16.3264259527279,1.362052142770409,4.991227076337479,11,False,
native_l2,legacy:2026-08-08,legacy_directory_identifier,data/exact_l2/2026-08-08,legacy_day_root,legacy,data/exact_l2/2026-08-08/manifest.json,2366440e700eaa4e5c9f74cfbfa8c870007c5e650442ce058ebf167f57e780ce,data/exact_l2/2026-08-08/execution_curves.csv,a8fdffc09eabcb39234e2eccf36bb491d11caff53d7c98261bf75407c760d612,data/exact_l2/2026-08-08/bitkub_usdt_thb_raw.json,182bc24c1f415f427766073e52fd4c53c34b03d96f1985f1af4b5ca2413800e7,sha256_verified,"[""base_asset"",""quote_asset"",""received_utc"",""exchange_timestamp_utc"",""source_url"",""source_params_json""]",2026-08-08,,2026-08-08T06:34:05.092220+00:00,,,legacy_unavailable,bitkub,usdt_thb,THB,USDT,,,,stablecoin_tokens,1 stablecoin token = 1 USD; no FX conversion,,,sell_stablecoin_base_hit_bids,bitkub_usdt_thb_raw.json,182bc24c1f415f427766073e52fd4c53c34b03d96f1985f1af4b5ca2413800e7,1000,1000,1000.0,1000.0,1.0,33080.0,33.08,1.5112588786470038,1.5112588786470038,1,False,
native_l2,legacy:2026-08-08,legacy_directory_identifier,data/exact_l2/2026-08-08,legacy_day_root,legacy,data/exact_l2/2026-08-08/manifest.json,2366440e700eaa4e5c9f74cfbfa8c870007c5e650442ce058ebf167f57e780ce,data/exact_l2/2026-08-08/execution_curves.csv,a8fdffc09eabcb39234e2eccf36bb491d11caff53d7c98261bf75407c760d612,data/exact_l2/2026-08-08/bitkub_usdt_thb_raw.json,182bc24c1f415f427766073e52fd4c53c34b03d96f1985f1af4b5ca2413800e7,sha256_verified,"[""base_asset"",""quote_asset"",""received_utc"",""exchange_timestamp_utc"",""source_url"",""source_params_json""]",2026-08-08,,2026-08-08T06:34:05.092220+00:00,,,legacy_unavailable,bitkub,usdt_thb,THB,USDT,,,,stablecoin_tokens,1 stablecoin token = 1 USD; no FX conversion,,,sell_stablecoin_base_hit_bids,bitkub_usdt_thb_raw.json,182bc24c1f415f427766073e52fd4c53c34b03d96f1985f1af4b5ca2413800e7,5000,5000,5000.0,5000.0,1.0,165400.0,33.08,1.5112588786470038,1.5112588786470038,1,False,
native_l2,legacy:2026-08-08,legacy_directory_identifier,data/exact_l2/2026-08-08,legacy_day_root,legacy,data/exact_l2/2026-08-08/manifest.json,2366440e700eaa4e5c9f74cfbfa8c870007c5e650442ce058ebf167f57e780ce,data/exact_l2/2026-08-08/execution_curves.csv,a8fdffc09eabcb39234e2eccf36bb491d11caff53d7c98261bf75407c760d612,data/exact_l2/2026-08-08/bitkub_usdt_thb_raw.json,182bc24c1f415f427766073e52fd4c53c34b03d96f1985f1af4b5ca2413800e7,sha256_verified,"[""base_asset"",""quote_asset"",""received_utc"",""exchange_timestamp_utc"",""source_url"",""source_params_json""]",2026-08-08,,2026-08-08T06:34:05.092220+00:00,,,legacy_unavailable,bitkub,usdt_thb,THB,USDT,,,,stablecoin_tokens,1 stablecoin token = 1 USD; no FX conversion,,,sell_stablecoin_base_hit_bids,bitkub_usdt_thb_raw.json,182bc24c1f415f427766073e52fd4c53c34b03d96f1985f1af4b5ca2413800e7,10000,10000,10000.0,10000.0,1.0,330800.0,33.08,1.5112588786470038,1.5112588786470038,1,False,
native_l2,legacy:2026-08-08,legacy_directory_identifier,data/exact_l2/2026-08-08,legacy_day_root,legacy,data/exact_l2/2026-08-08/manifest.json,2366440e700eaa4e5c9f74cfbfa8c870007c5e650442ce058ebf167f57e780ce,data/exact_l2/2026-08-08/execution_curves.csv,a8fdffc09eabcb39234e2eccf36bb491d11caff53d7c98261bf75407c760d612,data/exact_l2/2026-08-08/bitkub_usdt_thb_raw.json,182bc24c1f415f427766073e52fd4c53c34b03d96f1985f1af4b5ca2413800e7,sha256_verified,"[""base_asset"",""quote_asset"",""received_utc"",""exchange_timestamp_utc"",""source_url"",""source_params_json""]",2026-08-08,,2026-08-08T06:34:05.092220+00:00,,,legacy_unavailable,bitkub,usdt_thb,THB,USDT,,,,stablecoin_tokens,1 stablecoin token = 1 USD; no FX conversion,,,sell_stablecoin_base_hit_bids,bitkub_usdt_thb_raw.json,182bc24c1f415f427766073e52fd4c53c34b03d96f1985f1af4b5ca2413800e7,25000,25000,25000.0,25000.0,1.0,827000.0,33.08,1.5112588786470038,1.5112588786470038,1,False,
native_l2,legacy:2026-08-08,legacy_directory_identifier,data/exact_l2/2026-08-08,legacy_day_root,legacy,data/exact_l2/2026-08-08/manifest.json,2366440e700eaa4e5c9f74cfbfa8c870007c5e650442ce058ebf167f57e780ce,data/exact_l2/2026-08-08/execution_curves.csv,a8fdffc09eabcb39234e2eccf36bb491d11caff53d7c98261bf75407c760d612,data/exact_l2/2026-08-08/bitkub_usdt_thb_raw.json,182bc24c1f415f427766073e52fd4c53c34b03d96f1985f1af4b5ca2413800e7,sha256_verified,"[""base_asset"",""quote_asset"",""received_utc"",""exchange_timestamp_utc"",""source_url"",""source_params_json""]",2026-08-08,,2026-08-08T06:34:05.092220+00:00,,,legacy_unavailable,bitkub,usdt_thb,THB,USDT,,,,stablecoin_tokens,1 stablecoin token = 1 USD; no FX conversion,,,sell_stablecoin_base_hit_bids,bitkub_usdt_thb_raw.json,182bc24c1f415f427766073e52fd4c53c34b03d96f1985f1af4b5ca2413800e7,50000,50000,50000.0,50000.0,1.0,1654000.0,33.08,1.5112588786470038,1.5112588786470038,1,False,
native_l2,legacy:2026-08-08,legacy_directory_identifier,data/exact_l2/2026-08-08,legacy_day_root,legacy,data/exact_l2/2026-08-08/manifest.json,2366440e700eaa4e5c9f74cfbfa8c870007c5e650442ce058ebf167f57e780ce,data/exact_l2/2026-08-08/execution_curves.csv,a8fdffc09eabcb39234e2eccf36bb491d11caff53d7c98261bf75407c760d612,data/exact_l2/2026-08-08/bitkub_usdt_thb_raw.json,182bc24c1f415f427766073e52fd4c53c34b03d96f1985f1af4b5ca2413800e7,sha256_verified,"[""base_asset"",""quote_asset"",""received_utc"",""exchange_timestamp_utc"",""source_url"",""source_params_json""]",2026-08-08,,2026-08-08T06:34:05.092220+00:00,,,legacy_unavailable,bitkub,usdt_thb,THB,USDT,,,,stablecoin_tokens,1 stablecoin token = 1 USD; no FX conversion,,,sell_stablecoin_base_hit_bids,bitkub_usdt_thb_raw.json,182bc24c1f415f427766073e52fd4c53c34b03d96f1985f1af4b5ca2413800e7,100000,100000,100000.0,100000.0,1.0,3308000.0,33.08,1.5112588786470038,1.5112588786470038,1,False,
native_l2,legacy:2026-08-09,legacy_directory_identifier,data/exact_l2/2026-08-09,legacy_day_root,legacy,data/exact_l2/2026-08-09/manifest.json,d951789f2f040f3bff8013ce988b1e0902ba797af979c1332f8242440fdaeeb6,data/exact_l2/2026-08-09/execution_curves.csv,435deadd2eb2ee52a368b6d729ed0547ac1ae4bd5142e466affa9c03cf866be4,data/exact_l2/2026-08-09/valr_usdtzar_raw.json,0d826cb8d3df5c7c7de147e4214edc3d60ca8388bcfb9df68965dba95b58d018,sha256_verified,"[""base_asset"",""quote_asset"",""received_utc"",""exchange_timestamp_utc"",""source_url"",""source_params_json""]",2026-08-09,,2026-08-09T06:36:55.932087+00:00,,,legacy_unavailable,valr,USDTZAR,ZAR,USDT,,,,stablecoin_tokens,1 stablecoin token = 1 USD; no FX conversion,,,sell_stablecoin_base_hit_bids,valr_usdtzar_raw.json,0d826cb8d3df5c7c7de147e4214edc3d60ca8388bcfb9df68965dba95b58d018,1000,1000,1000.0,1000.0,1.0,16366.599999999999,16.3666,0.030549929277423615,0.030549929277423615,1,False,
native_l2,legacy:2026-08-09,legacy_directory_identifier,data/exact_l2/2026-08-09,legacy_day_root,legacy,data/exact_l2/2026-08-09/manifest.json,d951789f2f040f3bff8013ce988b1e0902ba797af979c1332f8242440fdaeeb6,data/exact_l2/2026-08-09/execution_curves.csv,435deadd2eb2ee52a368b6d729ed0547ac1ae4bd5142e466affa9c03cf866be4,data/exact_l2/2026-08-09/valr_usdtzar_raw.json,0d826cb8d3df5c7c7de147e4214edc3d60ca8388bcfb9df68965dba95b58d018,sha256_verified,"[""base_asset"",""quote_asset"",""received_utc"",""exchange_timestamp_utc"",""source_url"",""source_params_json""]",2026-08-09,,2026-08-09T06:36:55.932087+00:00,,,legacy_unavailable,valr,USDTZAR,ZAR,USDT,,,,stablecoin_tokens,1 stablecoin token = 1 USD; no FX conversion,,,sell_stablecoin_base_hit_bids,valr_usdtzar_raw.json,0d826cb8d3df5c7c7de147e4214edc3d60ca8388bcfb9df68965dba95b58d018,5000,5000,5000.0,5000.0,1.0,81832.99999999999,16.3666,0.030549929277423615,0.030549929277423615,1,False,
native_l2,legacy:2026-08-09,legacy_directory_identifier,data/exact_l2/2026-08-09,legacy_day_root,legacy,data/exact_l2/2026-08-09/manifest.json,d951789f2f040f3bff8013ce988b1e0902ba797af979c1332f8242440fdaeeb6,data/exact_l2/2026-08-09/execution_curves.csv,435deadd2eb2ee52a368b6d729ed0547ac1ae4bd5142e466affa9c03cf866be4,data/exact_l2/2026-08-09/valr_usdtzar_raw.json,0d826cb8d3df5c7c7de147e4214edc3d60ca8388bcfb9df68965dba95b58d018,sha256_verified,"[""base_asset"",""quote_asset"",""received_utc"",""exchange_timestamp_utc"",""source_url"",""source_params_json""]",2026-08-09,,2026-08-09T06:36:55.932087+00:00,,,legacy_unavailable,valr,USDTZAR,ZAR,USDT,,,,stablecoin_tokens,1 stablecoin token = 1 USD; no FX conversion,,,sell_stablecoin_base_hit_bids,valr_usdtzar_raw.json,0d826cb8d3df5c7c7de147e4214edc3d60ca8388bcfb9df68965dba95b58d018,10000,10000,10000.0,10000.0,1.0,163663.38569227,16.366338569227,0.190283761796195,1.252547100353274,4,False,
native_l2,legacy:2026-08-09,legacy_directory_identifier,data/exact_l2/2026-08-09,legacy_day_root,legacy,data/exact_l2/2026-08-09/manifest.json,d951789f2f040f3bff8013ce988b1e0902ba797af979c1332f8242440fdaeeb6,data/exact_l2/2026-08-09/execution_curves.csv,435deadd2eb2ee52a368b6d729ed0547ac1ae4bd5142e466affa9c03cf866be4,data/exact_l2/2026-08-09/valr_usdtzar_raw.json,0d826cb8d3df5c7c7de147e4214edc3d60ca8388bcfb9df68965dba95b58d018,sha256_verified,"[""base_asset"",""quote_asset"",""received_utc"",""exchange_timestamp_utc"",""source_url"",""source_params_json""]",2026-08-09,,2026-08-09T06:36:55.932087+00:00,,,legacy_unavailable,valr,USDTZAR,ZAR,USDT,,,,stablecoin_tokens,1 stablecoin token = 1 USD; no FX conversion,,,sell_stablecoin_base_hit_bids,valr_usdtzar_raw.json,0d826cb8d3df5c7c7de147e4214edc3d60ca8388bcfb9df68965dba95b58d018,25000,25000,25000.0,25000.0,1.0,409131.97526099,16.3652790104396,0.8376726821923697,1.313646958907011,5,False,
native_l2,legacy:2026-08-09,legacy_directory_identifier,data/exact_l2/2026-08-09,legacy_day_root,legacy,data/exact_l2/2026-08-09/manifest.json,d951789f2f040f3bff8013ce988b1e0902ba797af979c1332f8242440fdaeeb6,data/exact_l2/2026-08-09/execution_curves.csv,435deadd2eb2ee52a368b6d729ed0547ac1ae4bd5142e466affa9c03cf866be4,data/exact_l2/2026-08-09/valr_usdtzar_raw.json,0d826cb8d3df5c7c7de147e4214edc3d60ca8388bcfb9df68965dba95b58d018,sha256_verified,"[""base_asset"",""quote_asset"",""received_utc"",""exchange_timestamp_utc"",""source_url"",""source_params_json""]",2026-08-09,,2026-08-09T06:36:55.932087+00:00,,,legacy_unavailable,valr,USDTZAR,ZAR,USDT,,,,stablecoin_tokens,1 stablecoin token = 1 USD; no FX conversion,,,sell_stablecoin_base_hit_bids,valr_usdtzar_raw.json,0d826cb8d3df5c7c7de147e4214edc3d60ca8388bcfb9df68965dba95b58d018,50000,50000,50000.0,50000.0,1.0,818207.86250103,16.3641572500206,1.5230667115140317,2.4134444128764976,8,False,
native_l2,legacy:2026-08-09,legacy_directory_identifier,data/exact_l2/2026-08-09,legacy_day_root,legacy,data/exact_l2/2026-08-09/manifest.json,d951789f2f040f3bff8013ce988b1e0902ba797af979c1332f8242440fdaeeb6,data/exact_l2/2026-08-09/execution_curves.csv,435deadd2eb2ee52a368b6d729ed0547ac1ae4bd5142e466affa9c03cf866be4,data/exact_l2/2026-08-09/valr_usdtzar_raw.json,0d826cb8d3df5c7c7de147e4214edc3d60ca8388bcfb9df68965dba95b58d018,sha256_verified,"[""base_asset"",""quote_asset"",""received_utc"",""exchange_timestamp_utc"",""source_url"",""source_params_json""]",2026-08-09,,2026-08-09T06:36:55.932087+00:00,,,legacy_unavailable,valr,USDTZAR,ZAR,USDT,,,,stablecoin_tokens,1 stablecoin token = 1 USD; no FX conversion,,,sell_stablecoin_base_hit_bids,valr_usdtzar_raw.json,0d826cb8d3df5c7c7de147e4214edc3d60ca8388bcfb9df68965dba95b58d018,100000,100000,99999.99999999999,99999.99999999999,0.9999999999999999,1635984.4764665598,16.3598447646656,4.157989163573461,7.0570336629671715,11,False,
native_l2,legacy:2026-08-09,legacy_directory_identifier,data/exact_l2/2026-08-09,legacy_day_root,legacy,data/exact_l2/2026-08-09/manifest.json,d951789f2f040f3bff8013ce988b1e0902ba797af979c1332f8242440fdaeeb6,data/exact_l2/2026-08-09/execution_curves.csv,435deadd2eb2ee52a368b6d729ed0547ac1ae4bd5142e466affa9c03cf866be4,data/exact_l2/2026-08-09/bitkub_usdt_thb_raw.json,792a080b2aea4c8e57f1b50e107f83a40c7344293b53e627b22fb1fb815249c8,sha256_verified,"[""base_asset"",""quote_asset"",""received_utc"",""exchange_timestamp_utc"",""source_url"",""source_params_json""]",2026-08-09,,2026-08-09T06:36:56.179197+00:00,,,legacy_unavailable,bitkub,usdt_thb,THB,USDT,,,,stablecoin_tokens,1 stablecoin token = 1 USD; no FX conversion,,,sell_stablecoin_base_hit_bids,bitkub_usdt_thb_raw.json,792a080b2aea4c8e57f1b50e107f83a40c7344293b53e627b22fb1fb815249c8,1000,1000,1000.0,1000.0,1.0,33130.0,33.13,1.5089784216093527,1.5089784216093527,1,False,
native_l2,legacy:2026-08-09,legacy_directory_identifier,data/exact_l2/2026-08-09,legacy_day_root,legacy,data/exact_l2/2026-08-09/manifest.json,d951789f2f040f3bff8013ce988b1e0902ba797af979c1332f8242440fdaeeb6,data/exact_l2/2026-08-09/execution_curves.csv,435deadd2eb2ee52a368b6d729ed0547ac1ae4bd5142e466affa9c03cf866be4,data/exact_l2/2026-08-09/bitkub_usdt_thb_raw.json,792a080b2aea4c8e57f1b50e107f83a40c7344293b53e627b22fb1fb815249c8,sha256_verified,"[""base_asset"",""quote_asset"",""received_utc"",""exchange_timestamp_utc"",""source_url"",""source_params_json""]",2026-08-09,,2026-08-09T06:36:56.179197+00:00,,,legacy_unavailable,bitkub,usdt_thb,THB,USDT,,,,stablecoin_tokens,1 stablecoin token = 1 USD; no FX conversion,,,sell_stablecoin_base_hit_bids,bitkub_usdt_thb_raw.json,792a080b2aea4c8e57f1b50e107f83a40c7344293b53e627b22fb1fb815249c8,5000,5000,5000.0,5000.0,1.0,165650.0,33.13,1.5089784216093527,1.5089784216093527,1,False,
native_l2,legacy:2026-08-09,legacy_directory_identifier,data/exact_l2/2026-08-09,legacy_day_root,legacy,data/exact_l2/2026-08-09/manifest.json,d951789f2f040f3bff8013ce988b1e0902ba797af979c1332f8242440fdaeeb6,data/exact_l2/2026-08-09/execution_curves.csv,435deadd2eb2ee52a368b6d729ed0547ac1ae4bd5142e466affa9c03cf866be4,data/exact_l2/2026-08-09/bitkub_usdt_thb_raw.json,792a080b2aea4c8e57f1b50e107f83a40c7344293b53e627b22fb1fb815249c8,sha256_verified,"[""base_asset"",""quote_asset"",""received_utc"",""exchange_timestamp_utc"",""source_url"",""source_params_json""]",2026-08-09,,2026-08-09T06:36:56.179197+00:00,,,legacy_unavailable,bitkub,usdt_thb,THB,USDT,,,,stablecoin_tokens,1 stablecoin token = 1 USD; no FX conversion,,,sell_stablecoin_base_hit_bids,bitkub_usdt_thb_raw.json,792a080b2aea4c8e57f1b50e107f83a40c7344293b53e627b22fb1fb815249c8,10000,10000,10000.0,10000.0,1.0,331300.0,33.13,1.5089784216093527,1.5089784216093527,1,False,
native_l2,legacy:2026-08-09,legacy_directory_identifier,data/exact_l2/2026-08-09,legacy_day_root,legacy,data/exact_l2/2026-08-09/manifest.json,d951789f2f040f3bff8013ce988b1e0902ba797af979c1332f8242440fdaeeb6,data/exact_l2/2026-08-09/execution_curves.csv,435deadd2eb2ee52a368b6d729ed0547ac1ae4bd5142e466affa9c03cf866be4,data/exact_l2/2026-08-09/bitkub_usdt_thb_raw.json,792a080b2aea4c8e57f1b50e107f83a40c7344293b53e627b22fb1fb815249c8,sha256_verified,"[""base_asset"",""quote_asset"",""received_utc"",""exchange_timestamp_utc"",""source_url"",""source_params_json""]",2026-08-09,,2026-08-09T06:36:56.179197+00:00,,,legacy_unavailable,bitkub,usdt_thb,THB,USDT,,,,stablecoin_tokens,1 stablecoin token = 1 USD; no FX conversion,,,sell_stablecoin_base_hit_bids,bitkub_usdt_thb_raw.json,792a080b2aea4c8e57f1b50e107f83a40c7344293b53e627b22fb1fb815249c8,25000,25000,25000.0,25000.0,1.0,828250.0000000001,33.13,1.5089784216093527,1.5089784216093527,1,False,
native_l2,legacy:2026-08-09,legacy_directory_identifier,data/exact_l2/2026-08-09,legacy_day_root,legacy,data/exact_l2/2026-08-09/manifest.json,d951789f2f040f3bff8013ce988b1e0902ba797af979c1332f8242440fdaeeb6,data/exact_l2/2026-08-09/execution_curves.csv,435deadd2eb2ee52a368b6d729ed0547ac1ae4bd5142e466affa9c03cf866be4,data/exact_l2/2026-08-09/bitkub_usdt_thb_raw.json,792a080b2aea4c8e57f1b50e107f83a40c7344293b53e627b22fb1fb815249c8,sha256_verified,"[""base_asset"",""quote_asset"",""received_utc"",""exchange_timestamp_utc"",""source_url"",""source_params_json""]",2026-08-09,,2026-08-09T06:36:56.179197+00:00,,,legacy_unavailable,bitkub,usdt_thb,THB,USDT,,,,stablecoin_tokens,1 stablecoin token = 1 USD; no FX conversion,,,sell_stablecoin_base_hit_bids,bitkub_usdt_thb_raw.json,792a080b2aea4c8e57f1b50e107f83a40c7344293b53e627b22fb1fb815249c8,50000,50000,50000.0,50000.0,1.0,1656500.0000000002,33.13,1.5089784216093527,1.5089784216093527,1,False,
native_l2,legacy:2026-08-09,legacy_directory_identifier,data/exact_l2/2026-08-09,legacy_day_root,legacy,data/exact_l2/2026-08-09/manifest.json,d951789f2f040f3bff8013ce988b1e0902ba797af979c1332f8242440fdaeeb6,data/exact_l2/2026-08-09/execution_curves.csv,435deadd2eb2ee52a368b6d729ed0547ac1ae4bd5142e466affa9c03cf866be4,data/exact_l2/2026-08-09/bitkub_usdt_thb_raw.json,792a080b2aea4c8e57f1b50e107f83a40c7344293b53e627b22fb1fb815249c8,sha256_verified,"[""base_asset"",""quote_asset"",""received_utc"",""exchange_timestamp_utc"",""source_url"",""source_params_json""]",2026-08-09,,2026-08-09T06:36:56.179197+00:00,,,legacy_unavailable,bitkub,usdt_thb,THB,USDT,,,,stablecoin_tokens,1 stablecoin token = 1 USD; no FX conversion,,,sell_stablecoin_base_hit_bids,bitkub_usdt_thb_raw.json,792a080b2aea4c8e57f1b50e107f83a40c7344293b53e627b22fb1fb815249c8,100000,100000,100000.0,100000.0,1.0,3313000.0000000005,33.13,1.5089784216093527,1.5089784216093527,1,False,
native_l2,legacy:2026-08-10,legacy_directory_identifier,data/exact_l2/2026-08-10,legacy_day_root,legacy,data/exact_l2/2026-08-10/manifest.json,472e00fde63842ff93dac81ef0841ef8433d943b89201a16d2f87fb87cfdc308,data/exact_l2/2026-08-10/execution_curves.csv,7bdaae7182fcd4282b0efd6c88b18168a17f0702e5f693f78f7ea3bda8e0fd6d,data/exact_l2/2026-08-10/valr_usdtzar_raw.json,fff126b97dabc784fc14e6f0bad6b915828cd9ba4fd694a42c68052c60fd473a,sha256_verified,"[""base_asset"",""quote_asset"",""received_utc"",""exchange_timestamp_utc"",""source_url"",""source_params_json""]",2026-08-10,,2026-08-10T07:05:15.550981+00:00,,,legacy_unavailable,valr,USDTZAR,ZAR,USDT,,,,stablecoin_tokens,1 stablecoin token = 1 USD; no FX conversion,,,sell_stablecoin_base_hit_bids,valr_usdtzar_raw.json,fff126b97dabc784fc14e6f0bad6b915828cd9ba4fd694a42c68052c60fd473a,1000,1000,1000.0,1000.0,1.0,16346.499999999998,16.3465,1.039869832764051,1.039869832764051,1,False,
native_l2,legacy:2026-08-10,legacy_directory_identifier,data/exact_l2/2026-08-10,legacy_day_root,legacy,data/exact_l2/2026-08-10/manifest.json,472e00fde63842ff93dac81ef0841ef8433d943b89201a16d2f87fb87cfdc308,data/exact_l2/2026-08-10/execution_curves.csv,7bdaae7182fcd4282b0efd6c88b18168a17f0702e5f693f78f7ea3bda8e0fd6d,data/exact_l2/2026-08-10/valr_usdtzar_raw.json,fff126b97dabc784fc14e6f0bad6b915828cd9ba4fd694a42c68052c60fd473a,sha256_verified,"[""base_asset"",""quote_asset"",""received_utc"",""exchange_timestamp_utc"",""source_url"",""source_params_json""]",2026-08-10,,2026-08-10T07:05:15.550981+00:00,,,legacy_unavailable,valr,USDTZAR,ZAR,USDT,,,,stablecoin_tokens,1 stablecoin token = 1 USD; no FX conversion,,,sell_stablecoin_base_hit_bids,valr_usdtzar_raw.json,fff126b97dabc784fc14e6f0bad6b915828cd9ba4fd694a42c68052c60fd473a,5000,5000,5000.0,5000.0,1.0,81732.5,16.3465,1.039869832764051,1.039869832764051,1,False,
native_l2,legacy:2026-08-10,legacy_directory_identifier,data/exact_l2/2026-08-10,legacy_day_root,legacy,data/exact_l2/2026-08-10/manifest.json,472e00fde63842ff93dac81ef0841ef8433d943b89201a16d2f87fb87cfdc308,data/exact_l2/2026-08-10/execution_curves.csv,7bdaae7182fcd4282b0efd6c88b18168a17f0702e5f693f78f7ea3bda8e0fd6d,data/exact_l2/2026-08-10/valr_usdtzar_raw.json,fff126b97dabc784fc14e6f0bad6b915828cd9ba4fd694a42c68052c60fd473a,sha256_verified,"[""base_asset"",""quote_asset"",""received_utc"",""exchange_timestamp_utc"",""source_url"",""source_params_json""]",2026-08-10,,2026-08-10T07:05:15.550981+00:00,,,legacy_unavailable,valr,USDTZAR,ZAR,USDT,,,,stablecoin_tokens,1 stablecoin token = 1 USD; no FX conversion,,,sell_stablecoin_base_hit_bids,valr_usdtzar_raw.json,fff126b97dabc784fc14e6f0bad6b915828cd9ba4fd694a42c68052c60fd473a,10000,10000,10000.0,10000.0,1.0,163465.0,16.3465,1.039869832764051,1.039869832764051,1,False,
native_l2,legacy:2026-08-10,legacy_directory_identifier,data/exact_l2/2026-08-10,legacy_day_root,legacy,data/exact_l2/2026-08-10/manifest.json,472e00fde63842ff93dac81ef0841ef8433d943b89201a16d2f87fb87cfdc308,data/exact_l2/2026-08-10/execution_curves.csv,7bdaae7182fcd4282b0efd6c88b18168a17f0702e5f693f78f7ea3bda8e0fd6d,data/exact_l2/2026-08-10/valr_usdtzar_raw.json,fff126b97dabc784fc14e6f0bad6b915828cd9ba4fd694a42c68052c60fd473a,sha256_verified,"[""base_asset"",""quote_asset"",""received_utc"",""exchange_timestamp_utc"",""source_url"",""source_params_json""]",2026-08-10,,2026-08-10T07:05:15.550981+00:00,,,legacy_unavailable,valr,USDTZAR,ZAR,USDT,,,,stablecoin_tokens,1 stablecoin token = 1 USD; no FX conversion,,,sell_stablecoin_base_hit_bids,valr_usdtzar_raw.json,fff126b97dabc784fc14e6f0bad6b915828cd9ba4fd694a42c68052c60fd473a,25000,25000,25000.0,25000.0,1.0,408662.5,16.3465,1.039869832764051,1.039869832764051,1,False,
native_l2,legacy:2026-08-10,legacy_directory_identifier,data/exact_l2/2026-08-10,legacy_day_root,legacy,data/exact_l2/2026-08-10/manifest.json,472e00fde63842ff93dac81ef0841ef8433d943b89201a16d2f87fb87cfdc308,data/exact_l2/2026-08-10/execution_curves.csv,7bdaae7182fcd4282b0efd6c88b18168a17f0702e5f693f78f7ea3bda8e0fd6d,data/exact_l2/2026-08-10/valr_usdtzar_raw.json,fff126b97dabc784fc14e6f0bad6b915828cd9ba4fd694a42c68052c60fd473a,sha256_verified,"[""base_asset"",""quote_asset"",""received_utc"",""exchange_timestamp_utc"",""source_url"",""source_params_json""]",2026-08-10,,2026-08-10T07:05:15.550981+00:00,,,legacy_unavailable,valr,USDTZAR,ZAR,USDT,,,,stablecoin_tokens,1 stablecoin token = 1 USD; no FX conversion,,,sell_stablecoin_base_hit_bids,valr_usdtzar_raw.json,fff126b97dabc784fc14e6f0bad6b915828cd9ba4fd694a42c68052c60fd473a,50000,50000,50000.0,50000.0,1.0,817321.7,16.346434,1.080241249801217,1.284545087532063,3,False,
native_l2,legacy:2026-08-10,legacy_directory_identifier,data/exact_l2/2026-08-10,legacy_day_root,legacy,data/exact_l2/2026-08-10/manifest.json,472e00fde63842ff93dac81ef0841ef8433d943b89201a16d2f87fb87cfdc308,data/exact_l2/2026-08-10/execution_curves.csv,7bdaae7182fcd4282b0efd6c88b18168a17f0702e5f693f78f7ea3bda8e0fd6d,data/exact_l2/2026-08-10/valr_usdtzar_raw.json,fff126b97dabc784fc14e6f0bad6b915828cd9ba4fd694a42c68052c60fd473a,sha256_verified,"[""base_asset"",""quote_asset"",""received_utc"",""exchange_timestamp_utc"",""source_url"",""source_params_json""]",2026-08-10,,2026-08-10T07:05:15.550981+00:00,,,legacy_unavailable,valr,USDTZAR,ZAR,USDT,,,,stablecoin_tokens,1 stablecoin token = 1 USD; no FX conversion,,,sell_stablecoin_base_hit_bids,valr_usdtzar_raw.json,fff126b97dabc784fc14e6f0bad6b915828cd9ba4fd694a42c68052c60fd473a,100000,100000,100000.0,100000.0,1.0,1634617.03290795,16.3461703290795,1.2415256239217687,1.5903891559909678,4,False,
native_l2,legacy:2026-08-10,legacy_directory_identifier,data/exact_l2/2026-08-10,legacy_day_root,legacy,data/exact_l2/2026-08-10/manifest.json,472e00fde63842ff93dac81ef0841ef8433d943b89201a16d2f87fb87cfdc308,data/exact_l2/2026-08-10/execution_curves.csv,7bdaae7182fcd4282b0efd6c88b18168a17f0702e5f693f78f7ea3bda8e0fd6d,data/exact_l2/2026-08-10/bitkub_usdt_thb_raw.json,614473346043bec1ecbef4f7cf8bbc5c688d2327e9d246688011250f494771d4,sha256_verified,"[""base_asset"",""quote_asset"",""received_utc"",""exchange_timestamp_utc"",""source_url"",""source_params_json""]",2026-08-10,,2026-08-10T07:05:15.772091+00:00,,,legacy_unavailable,bitkub,usdt_thb,THB,USDT,,,,stablecoin_tokens,1 stablecoin token = 1 USD; no FX conversion,,,sell_stablecoin_base_hit_bids,bitkub_usdt_thb_raw.json,614473346043bec1ecbef4f7cf8bbc5c688d2327e9d246688011250f494771d4,1000,1000,1000.0,1000.0,1.0,32960.0,32.96,1.5167602002130742,1.5167602002130742,1,False,
native_l2,legacy:2026-08-10,legacy_directory_identifier,data/exact_l2/2026-08-10,legacy_day_root,legacy,data/exact_l2/2026-08-10/manifest.json,472e00fde63842ff93dac81ef0841ef8433d943b89201a16d2f87fb87cfdc308,data/exact_l2/2026-08-10/execution_curves.csv,7bdaae7182fcd4282b0efd6c88b18168a17f0702e5f693f78f7ea3bda8e0fd6d,data/exact_l2/2026-08-10/bitkub_usdt_thb_raw.json,614473346043bec1ecbef4f7cf8bbc5c688d2327e9d246688011250f494771d4,sha256_verified,"[""base_asset"",""quote_asset"",""received_utc"",""exchange_timestamp_utc"",""source_url"",""source_params_json""]",2026-08-10,,2026-08-10T07:05:15.772091+00:00,,,legacy_unavailable,bitkub,usdt_thb,THB,USDT,,,,stablecoin_tokens,1 stablecoin token = 1 USD; no FX conversion,,,sell_stablecoin_base_hit_bids,bitkub_usdt_thb_raw.json,614473346043bec1ecbef4f7cf8bbc5c688d2327e9d246688011250f494771d4,5000,5000,5000.0,5000.0,1.0,164800.0,32.96,1.5167602002130742,1.5167602002130742,1,False,
native_l2,legacy:2026-08-10,legacy_directory_identifier,data/exact_l2/2026-08-10,legacy_day_root,legacy,data/exact_l2/2026-08-10/manifest.json,472e00fde63842ff93dac81ef0841ef8433d943b89201a16d2f87fb87cfdc308,data/exact_l2/2026-08-10/execution_curves.csv,7bdaae7182fcd4282b0efd6c88b18168a17f0702e5f693f78f7ea3bda8e0fd6d,data/exact_l2/2026-08-10/bitkub_usdt_thb_raw.json,614473346043bec1ecbef4f7cf8bbc5c688d2327e9d246688011250f494771d4,sha256_verified,"[""base_asset"",""quote_asset"",""received_utc"",""exchange_timestamp_utc"",""source_url"",""source_params_json""]",2026-08-10,,2026-08-10T07:05:15.772091+00:00,,,legacy_unavailable,bitkub,usdt_thb,THB,USDT,,,,stablecoin_tokens,1 stablecoin token = 1 USD; no FX conversion,,,sell_stablecoin_base_hit_bids,bitkub_usdt_thb_raw.json,614473346043bec1ecbef4f7cf8bbc5c688d2327e9d246688011250f494771d4,10000,10000,10000.0,10000.0,1.0,329600.0,32.96,1.5167602002130742,1.5167602002130742,1,False,
native_l2,legacy:2026-08-10,legacy_directory_identifier,data/exact_l2/2026-08-10,legacy_day_root,legacy,data/exact_l2/2026-08-10/manifest.json,472e00fde63842ff93dac81ef0841ef8433d943b89201a16d2f87fb87cfdc308,data/exact_l2/2026-08-10/execution_curves.csv,7bdaae7182fcd4282b0efd6c88b18168a17f0702e5f693f78f7ea3bda8e0fd6d,data/exact_l2/2026-08-10/bitkub_usdt_thb_raw.json,614473346043bec1ecbef4f7cf8bbc5c688d2327e9d246688011250f494771d4,sha256_verified,"[""base_asset"",""quote_asset"",""received_utc"",""exchange_timestamp_utc"",""source_url"",""source_params_json""]",2026-08-10,,2026-08-10T07:05:15.772091+00:00,,,legacy_unavailable,bitkub,usdt_thb,THB,USDT,,,,stablecoin_tokens,1 stablecoin token = 1 USD; no FX conversion,,,sell_stablecoin_base_hit_bids,bitkub_usdt_thb_raw.json,614473346043bec1ecbef4f7cf8bbc5c688d2327e9d246688011250f494771d4,25000,25000,25000.0,25000.0,1.0,824000.0,32.96,1.5167602002130742,1.5167602002130742,1,False,
native_l2,legacy:2026-08-10,legacy_directory_identifier,data/exact_l2/2026-08-10,legacy_day_root,legacy,data/exact_l2/2026-08-10/manifest.json,472e00fde63842ff93dac81ef0841ef8433d943b89201a16d2f87fb87cfdc308,data/exact_l2/2026-08-10/execution_curves.csv,7bdaae7182fcd4282b0efd6c88b18168a17f0702e5f693f78f7ea3bda8e0fd6d,data/exact_l2/2026-08-10/bitkub_usdt_thb_raw.json,614473346043bec1ecbef4f7cf8bbc5c688d2327e9d246688011250f494771d4,sha256_verified,"[""base_asset"",""quote_asset"",""received_utc"",""exchange_timestamp_utc"",""source_url"",""source_params_json""]",2026-08-10,,2026-08-10T07:05:15.772091+00:00,,,legacy_unavailable,bitkub,usdt_thb,THB,USDT,,,,stablecoin_tokens,1 stablecoin token = 1 USD; no FX conversion,,,sell_stablecoin_base_hit_bids,bitkub_usdt_thb_raw.json,614473346043bec1ecbef4f7cf8bbc5c688d2327e9d246688011250f494771d4,50000,50000,50000.0,50000.0,1.0,1648000.0,32.96,1.5167602002130742,1.5167602002130742,1,False,
native_l2,legacy:2026-08-10,legacy_directory_identifier,data/exact_l2/2026-08-10,legacy_day_root,legacy,data/exact_l2/2026-08-10/manifest.json,472e00fde63842ff93dac81ef0841ef8433d943b89201a16d2f87fb87cfdc308,data/exact_l2/2026-08-10/execution_curves.csv,7bdaae7182fcd4282b0efd6c88b18168a17f0702e5f693f78f7ea3bda8e0fd6d,data/exact_l2/2026-08-10/bitkub_usdt_thb_raw.json,614473346043bec1ecbef4f7cf8bbc5c688d2327e9d246688011250f494771d4,sha256_verified,"[""base_asset"",""quote_asset"",""received_utc"",""exchange_timestamp_utc"",""source_url"",""source_params_json""]",2026-08-10,,2026-08-10T07:05:15.772091+00:00,,,legacy_unavailable,bitkub,usdt_thb,THB,USDT,,,,stablecoin_tokens,1 stablecoin token = 1 USD; no FX conversion,,,sell_stablecoin_base_hit_bids,bitkub_usdt_thb_raw.json,614473346043bec1ecbef4f7cf8bbc5c688d2327e9d246688011250f494771d4,100000,100000,100000.0,100000.0,1.0,3296000.0,32.96,1.5167602002130742,1.5167602002130742,1,False,
native_l2,legacy:2026-08-11,legacy_directory_identifier,data/exact_l2/2026-08-11,legacy_day_root,legacy,data/exact_l2/2026-08-11/manifest.json,418cb5b6a4c39e0c8acbc6e8a03b858d10e3d7f91945599486fb8b5d952064b5,data/exact_l2/2026-08-11/execution_curves.csv,b3810847f3340d5de26c6a1e82cabedc13df686a901f92452b8fe06a6da0c1b4,data/exact_l2/2026-08-11/valr_usdtzar_raw.json,1b5ef14b01e6ee7376cbbfd32fb566c773aaa8fb64c0c18438d9d08656d68284,sha256_verified,"[""base_asset"",""quote_asset"",""received_utc"",""exchange_timestamp_utc"",""source_url"",""source_params_json""]",2026-08-11,,2026-08-11T06:43:32.547275+00:00,,,legacy_unavailable,valr,USDTZAR,ZAR,USDT,,,,stablecoin_tokens,1 stablecoin token = 1 USD; no FX conversion,,,sell_stablecoin_base_hit_bids,valr_usdtzar_raw.json,1b5ef14b01e6ee7376cbbfd32fb566c773aaa8fb64c0c18438d9d08656d68284,1000,1000,1000.0,1000.0,1.0,16347.4,16.3474,0.4587675058032037,0.4587675058032037,1,False,
native_l2,legacy:2026-08-11,legacy_directory_identifier,data/exact_l2/2026-08-11,legacy_day_root,legacy,data/exact_l2/2026-08-11/manifest.json,418cb5b6a4c39e0c8acbc6e8a03b858d10e3d7f91945599486fb8b5d952064b5,data/exact_l2/2026-08-11/execution_curves.csv,b3810847f3340d5de26c6a1e82cabedc13df686a901f92452b8fe06a6da0c1b4,data/exact_l2/2026-08-11/valr_usdtzar_raw.json,1b5ef14b01e6ee7376cbbfd32fb566c773aaa8fb64c0c18438d9d08656d68284,sha256_verified,"[""base_asset"",""quote_asset"",""received_utc"",""exchange_timestamp_utc"",""source_url"",""source_params_json""]",2026-08-11,,2026-08-11T06:43:32.547275+00:00,,,legacy_unavailable,valr,USDTZAR,ZAR,USDT,,,,stablecoin_tokens,1 stablecoin token = 1 USD; no FX conversion,,,sell_stablecoin_base_hit_bids,valr_usdtzar_raw.json,1b5ef14b01e6ee7376cbbfd32fb566c773aaa8fb64c0c18438d9d08656d68284,5000,5000,5000.0,5000.0,1.0,81737.0,16.3474,0.4587675058032037,0.4587675058032037,1,False,
native_l2,legacy:2026-08-11,legacy_directory_identifier,data/exact_l2/2026-08-11,legacy_day_root,legacy,data/exact_l2/2026-08-11/manifest.json,418cb5b6a4c39e0c8acbc6e8a03b858d10e3d7f91945599486fb8b5d952064b5,data/exact_l2/2026-08-11/execution_curves.csv,b3810847f3340d5de26c6a1e82cabedc13df686a901f92452b8fe06a6da0c1b4,data/exact_l2/2026-08-11/valr_usdtzar_raw.json,1b5ef14b01e6ee7376cbbfd32fb566c773aaa8fb64c0c18438d9d08656d68284,sha256_verified,"[""base_asset"",""quote_asset"",""received_utc"",""exchange_timestamp_utc"",""source_url"",""source_params_json""]",2026-08-11,,2026-08-11T06:43:32.547275+00:00,,,legacy_unavailable,valr,USDTZAR,ZAR,USDT,,,,stablecoin_tokens,1 stablecoin token = 1 USD; no FX conversion,,,sell_stablecoin_base_hit_bids,valr_usdtzar_raw.json,1b5ef14b01e6ee7376cbbfd32fb566c773aaa8fb64c0c18438d9d08656d68284,10000,10000,10000.0,10000.0,1.0,163474.0,16.3474,0.4587675058032037,0.4587675058032037,1,False,
native_l2,legacy:2026-08-11,legacy_directory_identifier,data/exact_l2/2026-08-11,legacy_day_root,legacy,data/exact_l2/2026-08-11/manifest.json,418cb5b6a4c39e0c8acbc6e8a03b858d10e3d7f91945599486fb8b5d952064b5,data/exact_l2/2026-08-11/execution_curves.csv,b3810847f3340d5de26c6a1e82cabedc13df686a901f92452b8fe06a6da0c1b4,data/exact_l2/2026-08-11/valr_usdtzar_raw.json,1b5ef14b01e6ee7376cbbfd32fb566c773aaa8fb64c0c18438d9d08656d68284,sha256_verified,"[""base_asset"",""quote_asset"",""received_utc"",""exchange_timestamp_utc"",""source_url"",""source_params_json""]",2026-08-11,,2026-08-11T06:43:32.547275+00:00,,,legacy_unavailable,valr,USDTZAR,ZAR,USDT,,,,stablecoin_tokens,1 stablecoin token = 1 USD; no FX conversion,,,sell_stablecoin_base_hit_bids,valr_usdtzar_raw.json,1b5ef14b01e6ee7376cbbfd32fb566c773aaa8fb64c0c18438d9d08656d68284,25000,25000,25000.0,25000.0,1.0,408683.69955466,16.3473479821864,0.49058628260767456,0.5199365065766681,2,False,
native_l2,legacy:2026-08-11,legacy_directory_identifier,data/exact_l2/2026-08-11,legacy_day_root,legacy,data/exact_l2/2026-08-11/manifest.json,418cb5b6a4c39e0c8acbc6e8a03b858d10e3d7f91945599486fb8b5d952064b5,data/exact_l2/2026-08-11/execution_curves.csv,b3810847f3340d5de26c6a1e82cabedc13df686a901f92452b8fe06a6da0c1b4,data/exact_l2/2026-08-11/valr_usdtzar_raw.json,1b5ef14b01e6ee7376cbbfd32fb566c773aaa8fb64c0c18438d9d08656d68284,sha256_verified,"[""base_asset"",""quote_asset"",""received_utc"",""exchange_timestamp_utc"",""source_url"",""source_params_json""]",2026-08-11,,2026-08-11T06:43:32.547275+00:00,,,legacy_unavailable,valr,USDTZAR,ZAR,USDT,,,,stablecoin_tokens,1 stablecoin token = 1 USD; no FX conversion,,,sell_stablecoin_base_hit_bids,valr_usdtzar_raw.json,1b5ef14b01e6ee7376cbbfd32fb566c773aaa8fb64c0c18438d9d08656d68284,50000,50000,50000.0,50000.0,1.0,817364.39910932,16.3472879821864,0.527287683070865,0.5811055073512428,3,False,
native_l2,legacy:2026-08-11,legacy_directory_identifier,data/exact_l2/2026-08-11,legacy_day_root,legacy,data/exact_l2/2026-08-11/manifest.json,418cb5b6a4c39e0c8acbc6e8a03b858d10e3d7f91945599486fb8b5d952064b5,data/exact_l2/2026-08-11/execution_curves.csv,b3810847f3340d5de26c6a1e82cabedc13df686a901f92452b8fe06a6da0c1b4,data/exact_l2/2026-08-11/valr_usdtzar_raw.json,1b5ef14b01e6ee7376cbbfd32fb566c773aaa8fb64c0c18438d9d08656d68284,sha256_verified,"[""base_asset"",""quote_asset"",""received_utc"",""exchange_timestamp_utc"",""source_url"",""source_params_json""]",2026-08-11,,2026-08-11T06:43:32.547275+00:00,,,legacy_unavailable,valr,USDTZAR,ZAR,USDT,,,,stablecoin_tokens,1 stablecoin token = 1 USD; no FX conversion,,,sell_stablecoin_base_hit_bids,valr_usdtzar_raw.json,1b5ef14b01e6ee7376cbbfd32fb566c773aaa8fb64c0c18438d9d08656d68284,100000,100000,100000.0,100000.0,1.0,1634723.04302142,16.3472304302142,0.5624916493918164,0.6422745081247072,4,False,
native_l2,legacy:2026-08-11,legacy_directory_identifier,data/exact_l2/2026-08-11,legacy_day_root,legacy,data/exact_l2/2026-08-11/manifest.json,418cb5b6a4c39e0c8acbc6e8a03b858d10e3d7f91945599486fb8b5d952064b5,data/exact_l2/2026-08-11/execution_curves.csv,b3810847f3340d5de26c6a1e82cabedc13df686a901f92452b8fe06a6da0c1b4,data/exact_l2/2026-08-11/bitkub_usdt_thb_raw.json,4b0f339d6762295b05ee0ed905e1501258655cbe5f8151bc1900450269a3b939,sha256_verified,"[""base_asset"",""quote_asset"",""received_utc"",""exchange_timestamp_utc"",""source_url"",""source_params_json""]",2026-08-11,,2026-08-11T06:43:32.802557+00:00,,,legacy_unavailable,bitkub,usdt_thb,THB,USDT,,,,stablecoin_tokens,1 stablecoin token = 1 USD; no FX conversion,,,sell_stablecoin_base_hit_bids,bitkub_usdt_thb_raw.json,4b0f339d6762295b05ee0ed905e1501258655cbe5f8151bc1900450269a3b939,1000,1000,1000.0,1000.0,1.0,33100.0,33.1,1.5103458692045102,1.5103458692045102,1,False,
native_l2,legacy:2026-08-11,legacy_directory_identifier,data/exact_l2/2026-08-11,legacy_day_root,legacy,data/exact_l2/2026-08-11/manifest.json,418cb5b6a4c39e0c8acbc6e8a03b858d10e3d7f91945599486fb8b5d952064b5,data/exact_l2/2026-08-11/execution_curves.csv,b3810847f3340d5de26c6a1e82cabedc13df686a901f92452b8fe06a6da0c1b4,data/exact_l2/2026-08-11/bitkub_usdt_thb_raw.json,4b0f339d6762295b05ee0ed905e1501258655cbe5f8151bc1900450269a3b939,sha256_verified,"[""base_asset"",""quote_asset"",""received_utc"",""exchange_timestamp_utc"",""source_url"",""source_params_json""]",2026-08-11,,2026-08-11T06:43:32.802557+00:00,,,legacy_unavailable,bitkub,usdt_thb,THB,USDT,,,,stablecoin_tokens,1 stablecoin token = 1 USD; no FX conversion,,,sell_stablecoin_base_hit_bids,bitkub_usdt_thb_raw.json,4b0f339d6762295b05ee0ed905e1501258655cbe5f8151bc1900450269a3b939,5000,5000,5000.0,5000.0,1.0,165500.0,33.1,1.5103458692045102,1.5103458692045102,1,False,
native_l2,legacy:2026-08-11,legacy_directory_identifier,data/exact_l2/2026-08-11,legacy_day_root,legacy,data/exact_l2/2026-08-11/manifest.json,418cb5b6a4c39e0c8acbc6e8a03b858d10e3d7f91945599486fb8b5d952064b5,data/exact_l2/2026-08-11/execution_curves.csv,b3810847f3340d5de26c6a1e82cabedc13df686a901f92452b8fe06a6da0c1b4,data/exact_l2/2026-08-11/bitkub_usdt_thb_raw.json,4b0f339d6762295b05ee0ed905e1501258655cbe5f8151bc1900450269a3b939,sha256_verified,"[""base_asset"",""quote_asset"",""received_utc"",""exchange_timestamp_utc"",""source_url"",""source_params_json""]",2026-08-11,,2026-08-11T06:43:32.802557+00:00,,,legacy_unavailable,bitkub,usdt_thb,THB,USDT,,,,stablecoin_tokens,1 stablecoin token = 1 USD; no FX conversion,,,sell_stablecoin_base_hit_bids,bitkub_usdt_thb_raw.json,4b0f339d6762295b05ee0ed905e1501258655cbe5f8151bc1900450269a3b939,10000,10000,10000.0,10000.0,1.0,331000.0,33.1,1.5103458692045102,1.5103458692045102,1,False,
native_l2,legacy:2026-08-11,legacy_directory_identifier,data/exact_l2/2026-08-11,legacy_day_root,legacy,data/exact_l2/2026-08-11/manifest.json,418cb5b6a4c39e0c8acbc6e8a03b858d10e3d7f91945599486fb8b5d952064b5,data/exact_l2/2026-08-11/execution_curves.csv,b3810847f3340d5de26c6a1e82cabedc13df686a901f92452b8fe06a6da0c1b4,data/exact_l2/2026-08-11/bitkub_usdt_thb_raw.json,4b0f339d6762295b05ee0ed905e1501258655cbe5f8151bc1900450269a3b939,sha256_verified,"[""base_asset"",""quote_asset"",""received_utc"",""exchange_timestamp_utc"",""source_url"",""source_params_json""]",2026-08-11,,2026-08-11T06:43:32.802557+00:00,,,legacy_unavailable,bitkub,usdt_thb,THB,USDT,,,,stablecoin_tokens,1 stablecoin token = 1 USD; no FX conversion,,,sell_stablecoin_base_hit_bids,bitkub_usdt_thb_raw.json,4b0f339d6762295b05ee0ed905e1501258655cbe5f8151bc1900450269a3b939,25000,25000,25000.0,25000.0,1.0,827500.0,33.1,1.5103458692045102,1.5103458692045102,1,False,
native_l2,legacy:2026-08-11,legacy_directory_identifier,data/exact_l2/2026-08-11,legacy_day_root,legacy,data/exact_l2/2026-08-11/manifest.json,418cb5b6a4c39e0c8acbc6e8a03b858d10e3d7f91945599486fb8b5d952064b5,data/exact_l2/2026-08-11/execution_curves.csv,b3810847f3340d5de26c6a1e82cabedc13df686a901f92452b8fe06a6da0c1b4,data/exact_l2/2026-08-11/bitkub_usdt_thb_raw.json,4b0f339d6762295b05ee0ed905e1501258655cbe5f8151bc1900450269a3b939,sha256_verified,"[""base_asset"",""quote_asset"",""received_utc"",""exchange_timestamp_utc"",""source_url"",""source_params_json""]",2026-08-11,,2026-08-11T06:43:32.802557+00:00,,,legacy_unavailable,bitkub,usdt_thb,THB,USDT,,,,stablecoin_tokens,1 stablecoin token = 1 USD; no FX conversion,,,sell_stablecoin_base_hit_bids,bitkub_usdt_thb_raw.json,4b0f339d6762295b05ee0ed905e1501258655cbe5f8151bc1900450269a3b939,50000,50000,50000.0,50000.0,1.0,1655000.0,33.1,1.5103458692045102,1.5103458692045102,1,False,
native_l2,legacy:2026-08-11,legacy_directory_identifier,data/exact_l2/2026-08-11,legacy_day_root,legacy,data/exact_l2/2026-08-11/manifest.json,418cb5b6a4c39e0c8acbc6e8a03b858d10e3d7f91945599486fb8b5d952064b5,data/exact_l2/2026-08-11/execution_curves.csv,b3810847f3340d5de26c6a1e82cabedc13df686a901f92452b8fe06a6da0c1b4,data/exact_l2/2026-08-11/bitkub_usdt_thb_raw.json,4b0f339d6762295b05ee0ed905e1501258655cbe5f8151bc1900450269a3b939,sha256_verified,"[""base_asset"",""quote_asset"",""received_utc"",""exchange_timestamp_utc"",""source_url"",""source_params_json""]",2026-08-11,,2026-08-11T06:43:32.802557+00:00,,,legacy_unavailable,bitkub,usdt_thb,THB,USDT,,,,stablecoin_tokens,1 stablecoin token = 1 USD; no FX conversion,,,sell_stablecoin_base_hit_bids,bitkub_usdt_thb_raw.json,4b0f339d6762295b05ee0ed905e1501258655cbe5f8151bc1900450269a3b939,100000,100000,100000.0,100000.0,1.0,3310000.0,33.1,1.5103458692045102,1.5103458692045102,1,False,
native_l2,legacy:2026-08-12,legacy_directory_identifier,data/exact_l2/2026-08-12,legacy_day_root,legacy,data/exact_l2/2026-08-12/manifest.json,8c513fd5e2f6aa406c283b5085f1c7cbfe8cbd95b0075a0ac5931161b3edcedd,data/exact_l2/2026-08-12/execution_curves.csv,a1153b56ab0b666b66dea42b0bd76a563da75b80026df690a4814b7d19cc49f3,data/exact_l2/2026-08-12/valr_usdtzar_raw.json,f99168cf0a9c7055f46fb1ca5d9a38d48eb3bd5941bc867e2e9167c93af82ad5,sha256_verified,"[""base_asset"",""quote_asset"",""received_utc"",""exchange_timestamp_utc"",""source_url"",""source_params_json""]",2026-08-12,,2026-08-12T07:07:36.553821+00:00,,,legacy_unavailable,valr,USDTZAR,ZAR,USDT,,,,stablecoin_tokens,1 stablecoin token = 1 USD; no FX conversion,,,sell_stablecoin_base_hit_bids,valr_usdtzar_raw.json,f99168cf0a9c7055f46fb1ca5d9a38d48eb3bd5941bc867e2e9167c93af82ad5,1000,1000,1000.0,1000.0,1.0,16326.8,16.3268,0.030624400910728156,0.030624400910728156,1,False,
native_l2,legacy:2026-08-12,legacy_directory_identifier,data/exact_l2/2026-08-12,legacy_day_root,legacy,data/exact_l2/2026-08-12/manifest.json,8c513fd5e2f6aa406c283b5085f1c7cbfe8cbd95b0075a0ac5931161b3edcedd,data/exact_l2/2026-08-12/execution_curves.csv,a1153b56ab0b666b66dea42b0bd76a563da75b80026df690a4814b7d19cc49f3,data/exact_l2/2026-08-12/valr_usdtzar_raw.json,f99168cf0a9c7055f46fb1ca5d9a38d48eb3bd5941bc867e2e9167c93af82ad5,sha256_verified,"[""base_asset"",""quote_asset"",""received_utc"",""exchange_timestamp_utc"",""source_url"",""source_params_json""]",2026-08-12,,2026-08-12T07:07:36.553821+00:00,,,legacy_unavailable,valr,USDTZAR,ZAR,USDT,,,,stablecoin_tokens,1 stablecoin token = 1 USD; no FX conversion,,,sell_stablecoin_base_hit_bids,valr_usdtzar_raw.json,f99168cf0a9c7055f46fb1ca5d9a38d48eb3bd5941bc867e2e9167c93af82ad5,5000,5000,5000.0,5000.0,1.0,81634.0,16.3268,0.030624400910728156,0.030624400910728156,1,False,
native_l2,legacy:2026-08-12,legacy_directory_identifier,data/exact_l2/2026-08-12,legacy_day_root,legacy,data/exact_l2/2026-08-12/manifest.json,8c513fd5e2f6aa406c283b5085f1c7cbfe8cbd95b0075a0ac5931161b3edcedd,data/exact_l2/2026-08-12/execution_curves.csv,a1153b56ab0b666b66dea42b0bd76a563da75b80026df690a4814b7d19cc49f3,data/exact_l2/2026-08-12/valr_usdtzar_raw.json,f99168cf0a9c7055f46fb1ca5d9a38d48eb3bd5941bc867e2e9167c93af82ad5,sha256_verified,"[""base_asset"",""quote_asset"",""received_utc"",""exchange_timestamp_utc"",""source_url"",""source_params_json""]",2026-08-12,,2026-08-12T07:07:36.553821+00:00,,,legacy_unavailable,valr,USDTZAR,ZAR,USDT,,,,stablecoin_tokens,1 stablecoin token = 1 USD; no FX conversion,,,sell_stablecoin_base_hit_bids,valr_usdtzar_raw.json,f99168cf0a9c7055f46fb1ca5d9a38d48eb3bd5941bc867e2e9167c93af82ad5,10000,10000,10000.0,10000.0,1.0,163268.0,16.3268,0.030624400910728156,0.030624400910728156,1,False,
native_l2,legacy:2026-08-12,legacy_directory_identifier,data/exact_l2/2026-08-12,legacy_day_root,legacy,data/exact_l2/2026-08-12/manifest.json,8c513fd5e2f6aa406c283b5085f1c7cbfe8cbd95b0075a0ac5931161b3edcedd,data/exact_l2/2026-08-12/execution_curves.csv,a1153b56ab0b666b66dea42b0bd76a563da75b80026df690a4814b7d19cc49f3,data/exact_l2/2026-08-12/valr_usdtzar_raw.json,f99168cf0a9c7055f46fb1ca5d9a38d48eb3bd5941bc867e2e9167c93af82ad5,sha256_verified,"[""base_asset"",""quote_asset"",""received_utc"",""exchange_timestamp_utc"",""source_url"",""source_params_json""]",2026-08-12,,2026-08-12T07:07:36.553821+00:00,,,legacy_unavailable,valr,USDTZAR,ZAR,USDT,,,,stablecoin_tokens,1 stablecoin token = 1 USD; no FX conversion,,,sell_stablecoin_base_hit_bids,valr_usdtzar_raw.json,f99168cf0a9c7055f46fb1ca5d9a38d48eb3bd5941bc867e2e9167c93af82ad5,25000,25000,25000.0,25000.0,1.0,408169.99999999994,16.3268,0.030624400910728156,0.030624400910728156,1,False,
native_l2,legacy:2026-08-12,legacy_directory_identifier,data/exact_l2/2026-08-12,legacy_day_root,legacy,data/exact_l2/2026-08-12/manifest.json,8c513fd5e2f6aa406c283b5085f1c7cbfe8cbd95b0075a0ac5931161b3edcedd,data/exact_l2/2026-08-12/execution_curves.csv,a1153b56ab0b666b66dea42b0bd76a563da75b80026df690a4814b7d19cc49f3,data/exact_l2/2026-08-12/valr_usdtzar_raw.json,f99168cf0a9c7055f46fb1ca5d9a38d48eb3bd5941bc867e2e9167c93af82ad5,sha256_verified,"[""base_asset"",""quote_asset"",""received_utc"",""exchange_timestamp_utc"",""source_url"",""source_params_json""]",2026-08-12,,2026-08-12T07:07:36.553821+00:00,,,legacy_unavailable,valr,USDTZAR,ZAR,USDT,,,,stablecoin_tokens,1 stablecoin token = 1 USD; no FX conversion,,,sell_stablecoin_base_hit_bids,valr_usdtzar_raw.json,f99168cf0a9c7055f46fb1ca5d9a38d48eb3bd5941bc867e2e9167c93af82ad5,50000,50000,50000.0,50000.0,1.0,816339.9999999999,16.3268,0.030624400910728156,0.030624400910728156,1,False,
native_l2,legacy:2026-08-12,legacy_directory_identifier,data/exact_l2/2026-08-12,legacy_day_root,legacy,data/exact_l2/2026-08-12/manifest.json,8c513fd5e2f6aa406c283b5085f1c7cbfe8cbd95b0075a0ac5931161b3edcedd,data/exact_l2/2026-08-12/execution_curves.csv,a1153b56ab0b666b66dea42b0bd76a563da75b80026df690a4814b7d19cc49f3,data/exact_l2/2026-08-12/valr_usdtzar_raw.json,f99168cf0a9c7055f46fb1ca5d9a38d48eb3bd5941bc867e2e9167c93af82ad5,sha256_verified,"[""base_asset"",""quote_asset"",""received_utc"",""exchange_timestamp_utc"",""source_url"",""source_params_json""]",2026-08-12,,2026-08-12T07:07:36.553821+00:00,,,legacy_unavailable,valr,USDTZAR,ZAR,USDT,,,,stablecoin_tokens,1 stablecoin token = 1 USD; no FX conversion,,,sell_stablecoin_base_hit_bids,valr_usdtzar_raw.json,f99168cf0a9c7055f46fb1ca5d9a38d48eb3bd5941bc867e2e9167c93af82ad5,100000,100000,100000.0,100000.0,1.0,1632679.9999999998,16.3268,0.030624400910728156,0.030624400910728156,1,False,
native_l2,legacy:2026-08-12,legacy_directory_identifier,data/exact_l2/2026-08-12,legacy_day_root,legacy,data/exact_l2/2026-08-12/manifest.json,8c513fd5e2f6aa406c283b5085f1c7cbfe8cbd95b0075a0ac5931161b3edcedd,data/exact_l2/2026-08-12/execution_curves.csv,a1153b56ab0b666b66dea42b0bd76a563da75b80026df690a4814b7d19cc49f3,data/exact_l2/2026-08-12/bitkub_usdt_thb_raw.json,ce95f79cc270e775a6787d8e2dd39781219561cbcf500068ba2e05754fb3992f,sha256_verified,"[""base_asset"",""quote_asset"",""received_utc"",""exchange_timestamp_utc"",""source_url"",""source_params_json""]",2026-08-12,,2026-08-12T07:07:36.773765+00:00,,,legacy_unavailable,bitkub,usdt_thb,THB,USDT,,,,stablecoin_tokens,1 stablecoin token = 1 USD; no FX conversion,,,sell_stablecoin_base_hit_bids,bitkub_usdt_thb_raw.json,ce95f79cc270e775a6787d8e2dd39781219561cbcf500068ba2e05754fb3992f,1000,1000,1000.0,1000.0,1.0,33070.0,33.07,1.5117157974309237,1.5117157974309237,1,False,
native_l2,legacy:2026-08-12,legacy_directory_identifier,data/exact_l2/2026-08-12,legacy_day_root,legacy,data/exact_l2/2026-08-12/manifest.json,8c513fd5e2f6aa406c283b5085f1c7cbfe8cbd95b0075a0ac5931161b3edcedd,data/exact_l2/2026-08-12/execution_curves.csv,a1153b56ab0b666b66dea42b0bd76a563da75b80026df690a4814b7d19cc49f3,data/exact_l2/2026-08-12/bitkub_usdt_thb_raw.json,ce95f79cc270e775a6787d8e2dd39781219561cbcf500068ba2e05754fb3992f,sha256_verified,"[""base_asset"",""quote_asset"",""received_utc"",""exchange_timestamp_utc"",""source_url"",""source_params_json""]",2026-08-12,,2026-08-12T07:07:36.773765+00:00,,,legacy_unavailable,bitkub,usdt_thb,THB,USDT,,,,stablecoin_tokens,1 stablecoin token = 1 USD; no FX conversion,,,sell_stablecoin_base_hit_bids,bitkub_usdt_thb_raw.json,ce95f79cc270e775a6787d8e2dd39781219561cbcf500068ba2e05754fb3992f,5000,5000,5000.0,5000.0,1.0,165350.0,33.07,1.5117157974309237,1.5117157974309237,1,False,
native_l2,legacy:2026-08-12,legacy_directory_identifier,data/exact_l2/2026-08-12,legacy_day_root,legacy,data/exact_l2/2026-08-12/manifest.json,8c513fd5e2f6aa406c283b5085f1c7cbfe8cbd95b0075a0ac5931161b3edcedd,data/exact_l2/2026-08-12/execution_curves.csv,a1153b56ab0b666b66dea42b0bd76a563da75b80026df690a4814b7d19cc49f3,data/exact_l2/2026-08-12/bitkub_usdt_thb_raw.json,ce95f79cc270e775a6787d8e2dd39781219561cbcf500068ba2e05754fb3992f,sha256_verified,"[""base_asset"",""quote_asset"",""received_utc"",""exchange_timestamp_utc"",""source_url"",""source_params_json""]",2026-08-12,,2026-08-12T07:07:36.773765+00:00,,,legacy_unavailable,bitkub,usdt_thb,THB,USDT,,,,stablecoin_tokens,1 stablecoin token = 1 USD; no FX conversion,,,sell_stablecoin_base_hit_bids,bitkub_usdt_thb_raw.json,ce95f79cc270e775a6787d8e2dd39781219561cbcf500068ba2e05754fb3992f,10000,10000,10000.0,10000.0,1.0,330700.0,33.07,1.5117157974309237,1.5117157974309237,1,False,
native_l2,legacy:2026-08-12,legacy_directory_identifier,data/exact_l2/2026-08-12,legacy_day_root,legacy,data/exact_l2/2026-08-12/manifest.json,8c513fd5e2f6aa406c283b5085f1c7cbfe8cbd95b0075a0ac5931161b3edcedd,data/exact_l2/2026-08-12/execution_curves.csv,a1153b56ab0b666b66dea42b0bd76a563da75b80026df690a4814b7d19cc49f3,data/exact_l2/2026-08-12/bitkub_usdt_thb_raw.json,ce95f79cc270e775a6787d8e2dd39781219561cbcf500068ba2e05754fb3992f,sha256_verified,"[""base_asset"",""quote_asset"",""received_utc"",""exchange_timestamp_utc"",""source_url"",""source_params_json""]",2026-08-12,,2026-08-12T07:07:36.773765+00:00,,,legacy_unavailable,bitkub,usdt_thb,THB,USDT,,,,stablecoin_tokens,1 stablecoin token = 1 USD; no FX conversion,,,sell_stablecoin_base_hit_bids,bitkub_usdt_thb_raw.json,ce95f79cc270e775a6787d8e2dd39781219561cbcf500068ba2e05754fb3992f,25000,25000,25000.0,25000.0,1.0,826750.0,33.07,1.5117157974309237,1.5117157974309237,1,False,
native_l2,legacy:2026-08-12,legacy_directory_identifier,data/exact_l2/2026-08-12,legacy_day_root,legacy,data/exact_l2/2026-08-12/manifest.json,8c513fd5e2f6aa406c283b5085f1c7cbfe8cbd95b0075a0ac5931161b3edcedd,data/exact_l2/2026-08-12/execution_curves.csv,a1153b56ab0b666b66dea42b0bd76a563da75b80026df690a4814b7d19cc49f3,data/exact_l2/2026-08-12/bitkub_usdt_thb_raw.json,ce95f79cc270e775a6787d8e2dd39781219561cbcf500068ba2e05754fb3992f,sha256_verified,"[""base_asset"",""quote_asset"",""received_utc"",""exchange_timestamp_utc"",""source_url"",""source_params_json""]",2026-08-12,,2026-08-12T07:07:36.773765+00:00,,,legacy_unavailable,bitkub,usdt_thb,THB,USDT,,,,stablecoin_tokens,1 stablecoin token = 1 USD; no FX conversion,,,sell_stablecoin_base_hit_bids,bitkub_usdt_thb_raw.json,ce95f79cc270e775a6787d8e2dd39781219561cbcf500068ba2e05754fb3992f,50000,50000,50000.0,50000.0,1.0,1653500.0,33.07,1.5117157974309237,1.5117157974309237,1,False,
native_l2,legacy:2026-08-12,legacy_directory_identifier,data/exact_l2/2026-08-12,legacy_day_root,legacy,data/exact_l2/2026-08-12/manifest.json,8c513fd5e2f6aa406c283b5085f1c7cbfe8cbd95b0075a0ac5931161b3edcedd,data/exact_l2/2026-08-12/execution_curves.csv,a1153b56ab0b666b66dea42b0bd76a563da75b80026df690a4814b7d19cc49f3,data/exact_l2/2026-08-12/bitkub_usdt_thb_raw.json,ce95f79cc270e775a6787d8e2dd39781219561cbcf500068ba2e05754fb3992f,sha256_verified,"[""base_asset"",""quote_asset"",""received_utc"",""exchange_timestamp_utc"",""source_url"",""source_params_json""]",2026-08-12,,2026-08-12T07:07:36.773765+00:00,,,legacy_unavailable,bitkub,usdt_thb,THB,USDT,,,,stablecoin_tokens,1 stablecoin token = 1 USD; no FX conversion,,,sell_stablecoin_base_hit_bids,bitkub_usdt_thb_raw.json,ce95f79cc270e775a6787d8e2dd39781219561cbcf500068ba2e05754fb3992f,100000,100000,100000.0,100000.0,1.0,3307000.0,33.07,1.5117157974309237,1.5117157974309237,1,False,
native_l2,legacy:2026-08-13,legacy_directory_identifier,data/exact_l2/2026-08-13,legacy_day_root,legacy,data/exact_l2/2026-08-13/manifest.json,15181f93ceefc44853ceba539c59212144fa3a0e684fd0a6fbac1cce08f2e09e,data/exact_l2/2026-08-13/execution_curves.csv,9ad791d2874c42c7d14e036f5d3b42730a6ba1c47acaad25e05ae96178670e6b,data/exact_l2/2026-08-13/valr_usdtzar_raw.json,eca8f21a29807aa45349a09132751e37984951537c2f20ef93a260f7a7965112,sha256_verified,"[""base_asset"",""quote_asset"",""received_utc"",""exchange_timestamp_utc"",""source_url"",""source_params_json""]",2026-08-13,,2026-08-13T07:11:47.611420+00:00,,,legacy_unavailable,valr,USDTZAR,ZAR,USDT,,,,stablecoin_tokens,1 stablecoin token = 1 USD; no FX conversion,,,sell_stablecoin_base_hit_bids,valr_usdtzar_raw.json,eca8f21a29807aa45349a09132751e37984951537c2f20ef93a260f7a7965112,1000,1000,1000.0,1000.0,1.0,16287.7,16.2877,0.03069791714715997,0.03069791714715997,1,False,
native_l2,legacy:2026-08-13,legacy_directory_identifier,data/exact_l2/2026-08-13,legacy_day_root,legacy,data/exact_l2/2026-08-13/manifest.json,15181f93ceefc44853ceba539c59212144fa3a0e684fd0a6fbac1cce08f2e09e,data/exact_l2/2026-08-13/execution_curves.csv,9ad791d2874c42c7d14e036f5d3b42730a6ba1c47acaad25e05ae96178670e6b,data/exact_l2/2026-08-13/valr_usdtzar_raw.json,eca8f21a29807aa45349a09132751e37984951537c2f20ef93a260f7a7965112,sha256_verified,"[""base_asset"",""quote_asset"",""received_utc"",""exchange_timestamp_utc"",""source_url"",""source_params_json""]",2026-08-13,,2026-08-13T07:11:47.611420+00:00,,,legacy_unavailable,valr,USDTZAR,ZAR,USDT,,,,stablecoin_tokens,1 stablecoin token = 1 USD; no FX conversion,,,sell_stablecoin_base_hit_bids,valr_usdtzar_raw.json,eca8f21a29807aa45349a09132751e37984951537c2f20ef93a260f7a7965112,5000,5000,5000.0,5000.0,1.0,81438.5,16.2877,0.03069791714715997,0.03069791714715997,1,False,
native_l2,legacy:2026-08-13,legacy_directory_identifier,data/exact_l2/2026-08-13,legacy_day_root,legacy,data/exact_l2/2026-08-13/manifest.json,15181f93ceefc44853ceba539c59212144fa3a0e684fd0a6fbac1cce08f2e09e,data/exact_l2/2026-08-13/execution_curves.csv,9ad791d2874c42c7d14e036f5d3b42730a6ba1c47acaad25e05ae96178670e6b,data/exact_l2/2026-08-13/valr_usdtzar_raw.json,eca8f21a29807aa45349a09132751e37984951537c2f20ef93a260f7a7965112,sha256_verified,"[""base_asset"",""quote_asset"",""received_utc"",""exchange_timestamp_utc"",""source_url"",""source_params_json""]",2026-08-13,,2026-08-13T07:11:47.611420+00:00,,,legacy_unavailable,valr,USDTZAR,ZAR,USDT,,,,stablecoin_tokens,1 stablecoin token = 1 USD; no FX conversion,,,sell_stablecoin_base_hit_bids,valr_usdtzar_raw.json,eca8f21a29807aa45349a09132751e37984951537c2f20ef93a260f7a7965112,10000,10000,10000.0,10000.0,1.0,162877.0,16.2877,0.03069791714715997,0.03069791714715997,1,False,
native_l2,legacy:2026-08-13,legacy_directory_identifier,data/exact_l2/2026-08-13,legacy_day_root,legacy,data/exact_l2/2026-08-13/manifest.json,15181f93ceefc44853ceba539c59212144fa3a0e684fd0a6fbac1cce08f2e09e,data/exact_l2/2026-08-13/execution_curves.csv,9ad791d2874c42c7d14e036f5d3b42730a6ba1c47acaad25e05ae96178670e6b,data/exact_l2/2026-08-13/valr_usdtzar_raw.json,eca8f21a29807aa45349a09132751e37984951537c2f20ef93a260f7a7965112,sha256_verified,"[""base_asset"",""quote_asset"",""received_utc"",""exchange_timestamp_utc"",""source_url"",""source_params_json""]",2026-08-13,,2026-08-13T07:11:47.611420+00:00,,,legacy_unavailable,valr,USDTZAR,ZAR,USDT,,,,stablecoin_tokens,1 stablecoin token = 1 USD; no FX conversion,,,sell_stablecoin_base_hit_bids,valr_usdtzar_raw.json,eca8f21a29807aa45349a09132751e37984951537c2f20ef93a260f7a7965112,25000,25000,25000.0,25000.0,1.0,407192.5,16.2877,0.03069791714715997,0.03069791714715997,1,False,
native_l2,legacy:2026-08-13,legacy_directory_identifier,data/exact_l2/2026-08-13,legacy_day_root,legacy,data/exact_l2/2026-08-13/manifest.json,15181f93ceefc44853ceba539c59212144fa3a0e684fd0a6fbac1cce08f2e09e,data/exact_l2/2026-08-13/execution_curves.csv,9ad791d2874c42c7d14e036f5d3b42730a6ba1c47acaad25e05ae96178670e6b,data/exact_l2/2026-08-13/valr_usdtzar_raw.json,eca8f21a29807aa45349a09132751e37984951537c2f20ef93a260f7a7965112,sha256_verified,"[""base_asset"",""quote_asset"",""received_utc"",""exchange_timestamp_utc"",""source_url"",""source_params_json""]",2026-08-13,,2026-08-13T07:11:47.611420+00:00,,,legacy_unavailable,valr,USDTZAR,ZAR,USDT,,,,stablecoin_tokens,1 stablecoin token = 1 USD; no FX conversion,,,sell_stablecoin_base_hit_bids,valr_usdtzar_raw.json,eca8f21a29807aa45349a09132751e37984951537c2f20ef93a260f7a7965112,50000,50000,50000.0,50000.0,1.0,814385.0,16.2877,0.03069791714715997,0.03069791714715997,2,False,
native_l2,legacy:2026-08-13,legacy_directory_identifier,data/exact_l2/2026-08-13,legacy_day_root,legacy,data/exact_l2/2026-08-13/manifest.json,15181f93ceefc44853ceba539c59212144fa3a0e684fd0a6fbac1cce08f2e09e,data/exact_l2/2026-08-13/execution_curves.csv,9ad791d2874c42c7d14e036f5d3b42730a6ba1c47acaad25e05ae96178670e6b,data/exact_l2/2026-08-13/valr_usdtzar_raw.json,eca8f21a29807aa45349a09132751e37984951537c2f20ef93a260f7a7965112,sha256_verified,"[""base_asset"",""quote_asset"",""received_utc"",""exchange_timestamp_utc"",""source_url"",""source_params_json""]",2026-08-13,,2026-08-13T07:11:47.611420+00:00,,,legacy_unavailable,valr,USDTZAR,ZAR,USDT,,,,stablecoin_tokens,1 stablecoin token = 1 USD; no FX conversion,,,sell_stablecoin_base_hit_bids,valr_usdtzar_raw.json,eca8f21a29807aa45349a09132751e37984951537c2f20ef93a260f7a7965112,100000,100000,100000.0,100000.0,1.0,1628766.5739169703,16.287665739169704,0.05173263974422859,0.09209375144036969,4,False,
native_l2,legacy:2026-08-13,legacy_directory_identifier,data/exact_l2/2026-08-13,legacy_day_root,legacy,data/exact_l2/2026-08-13/manifest.json,15181f93ceefc44853ceba539c59212144fa3a0e684fd0a6fbac1cce08f2e09e,data/exact_l2/2026-08-13/execution_curves.csv,9ad791d2874c42c7d14e036f5d3b42730a6ba1c47acaad25e05ae96178670e6b,data/exact_l2/2026-08-13/bitkub_usdt_thb_raw.json,e3460eddeebba9b9c6a0dd3f86ff85979633c7c466a46e18e64e8667c5713ecc,sha256_verified,"[""base_asset"",""quote_asset"",""received_utc"",""exchange_timestamp_utc"",""source_url"",""source_params_json""]",2026-08-13,,2026-08-13T07:11:47.870006+00:00,,,legacy_unavailable,bitkub,usdt_thb,THB,USDT,,,,stablecoin_tokens,1 stablecoin token = 1 USD; no FX conversion,,,sell_stablecoin_base_hit_bids,bitkub_usdt_thb_raw.json,e3460eddeebba9b9c6a0dd3f86ff85979633c7c466a46e18e64e8667c5713ecc,1000,1000,1000.0,1000.0,1.0,33080.0,33.08,1.5112588786470038,1.5112588786470038,1,False,
native_l2,legacy:2026-08-13,legacy_directory_identifier,data/exact_l2/2026-08-13,legacy_day_root,legacy,data/exact_l2/2026-08-13/manifest.json,15181f93ceefc44853ceba539c59212144fa3a0e684fd0a6fbac1cce08f2e09e,data/exact_l2/2026-08-13/execution_curves.csv,9ad791d2874c42c7d14e036f5d3b42730a6ba1c47acaad25e05ae96178670e6b,data/exact_l2/2026-08-13/bitkub_usdt_thb_raw.json,e3460eddeebba9b9c6a0dd3f86ff85979633c7c466a46e18e64e8667c5713ecc,sha256_verified,"[""base_asset"",""quote_asset"",""received_utc"",""exchange_timestamp_utc"",""source_url"",""source_params_json""]",2026-08-13,,2026-08-13T07:11:47.870006+00:00,,,legacy_unavailable,bitkub,usdt_thb,THB,USDT,,,,stablecoin_tokens,1 stablecoin token = 1 USD; no FX conversion,,,sell_stablecoin_base_hit_bids,bitkub_usdt_thb_raw.json,e3460eddeebba9b9c6a0dd3f86ff85979633c7c466a46e18e64e8667c5713ecc,5000,5000,5000.0,5000.0,1.0,165400.0,33.08,1.5112588786470038,1.5112588786470038,1,False,
native_l2,legacy:2026-08-13,legacy_directory_identifier,data/exact_l2/2026-08-13,legacy_day_root,legacy,data/exact_l2/2026-08-13/manifest.json,15181f93ceefc44853ceba539c59212144fa3a0e684fd0a6fbac1cce08f2e09e,data/exact_l2/2026-08-13/execution_curves.csv,9ad791d2874c42c7d14e036f5d3b42730a6ba1c47acaad25e05ae96178670e6b,data/exact_l2/2026-08-13/bitkub_usdt_thb_raw.json,e3460eddeebba9b9c6a0dd3f86ff85979633c7c466a46e18e64e8667c5713ecc,sha256_verified,"[""base_asset"",""quote_asset"",""received_utc"",""exchange_timestamp_utc"",""source_url"",""source_params_json""]",2026-08-13,,2026-08-13T07:11:47.870006+00:00,,,legacy_unavailable,bitkub,usdt_thb,THB,USDT,,,,stablecoin_tokens,1 stablecoin token = 1 USD; no FX conversion,,,sell_stablecoin_base_hit_bids,bitkub_usdt_thb_raw.json,e3460eddeebba9b9c6a0dd3f86ff85979633c7c466a46e18e64e8667c5713ecc,10000,10000,10000.0,10000.0,1.0,330800.0,33.08,1.5112588786470038,1.5112588786470038,1,False,
native_l2,legacy:2026-08-13,legacy_directory_identifier,data/exact_l2/2026-08-13,legacy_day_root,legacy,data/exact_l2/2026-08-13/manifest.json,15181f93ceefc44853ceba539c59212144fa3a0e684fd0a6fbac1cce08f2e09e,data/exact_l2/2026-08-13/execution_curves.csv,9ad791d2874c42c7d14e036f5d3b42730a6ba1c47acaad25e05ae96178670e6b,data/exact_l2/2026-08-13/bitkub_usdt_thb_raw.json,e3460eddeebba9b9c6a0dd3f86ff85979633c7c466a46e18e64e8667c5713ecc,sha256_verified,"[""base_asset"",""quote_asset"",""received_utc"",""exchange_timestamp_utc"",""source_url"",""source_params_json""]",2026-08-13,,2026-08-13T07:11:47.870006+00:00,,,legacy_unavailable,bitkub,usdt_thb,THB,USDT,,,,stablecoin_tokens,1 stablecoin token = 1 USD; no FX conversion,,,sell_stablecoin_base_hit_bids,bitkub_usdt_thb_raw.json,e3460eddeebba9b9c6a0dd3f86ff85979633c7c466a46e18e64e8667c5713ecc,25000,25000,25000.0,25000.0,1.0,827000.0,33.08,1.5112588786470038,1.5112588786470038,1,False,
native_l2,legacy:2026-08-13,legacy_directory_identifier,data/exact_l2/2026-08-13,legacy_day_root,legacy,data/exact_l2/2026-08-13/manifest.json,15181f93ceefc44853ceba539c59212144fa3a0e684fd0a6fbac1cce08f2e09e,data/exact_l2/2026-08-13/execution_curves.csv,9ad791d2874c42c7d14e036f5d3b42730a6ba1c47acaad25e05ae96178670e6b,data/exact_l2/2026-08-13/bitkub_usdt_thb_raw.json,e3460eddeebba9b9c6a0dd3f86ff85979633c7c466a46e18e64e8667c5713ecc,sha256_verified,"[""base_asset"",""quote_asset"",""received_utc"",""exchange_timestamp_utc"",""source_url"",""source_params_json""]",2026-08-13,,2026-08-13T07:11:47.870006+00:00,,,legacy_unavailable,bitkub,usdt_thb,THB,USDT,,,,stablecoin_tokens,1 stablecoin token = 1 USD; no FX conversion,,,sell_stablecoin_base_hit_bids,bitkub_usdt_thb_raw.json,e3460eddeebba9b9c6a0dd3f86ff85979633c7c466a46e18e64e8667c5713ecc,50000,50000,50000.0,50000.0,1.0,1654000.0,33.08,1.5112588786470038,1.5112588786470038,1,False,
native_l2,legacy:2026-08-13,legacy_directory_identifier,data/exact_l2/2026-08-13,legacy_day_root,legacy,data/exact_l2/2026-08-13/manifest.json,15181f93ceefc44853ceba539c59212144fa3a0e684fd0a6fbac1cce08f2e09e,data/exact_l2/2026-08-13/execution_curves.csv,9ad791d2874c42c7d14e036f5d3b42730a6ba1c47acaad25e05ae96178670e6b,data/exact_l2/2026-08-13/bitkub_usdt_thb_raw.json,e3460eddeebba9b9c6a0dd3f86ff85979633c7c466a46e18e64e8667c5713ecc,sha256_verified,"[""base_asset"",""quote_asset"",""received_utc"",""exchange_timestamp_utc"",""source_url"",""source_params_json""]",2026-08-13,,2026-08-13T07:11:47.870006+00:00,,,legacy_unavailable,bitkub,usdt_thb,THB,USDT,,,,stablecoin_tokens,1 stablecoin token = 1 USD; no FX conversion,,,sell_stablecoin_base_hit_bids,bitkub_usdt_thb_raw.json,e3460eddeebba9b9c6a0dd3f86ff85979633c7c466a46e18e64e8667c5713ecc,100000,100000,100000.0,100000.0,1.0,3308000.0,33.08,1.5112588786470038,1.5112588786470038,1,False,
native_l2,legacy:2026-08-14,legacy_directory_identifier,data/exact_l2/2026-08-14,legacy_day_root,legacy,data/exact_l2/2026-08-14/manifest.json,5f1cc4d8e80cb5fccfcd7056b055ddbde7f7dea63baae43ec714a2ad04fedda2,data/exact_l2/2026-08-14/execution_curves.csv,fc83c69403dd109a54b43bd48ebf5b6cfd7369e9bd1affcac743ae83c685bdd3,data/exact_l2/2026-08-14/valr_usdtzar_raw.json,1bf1a7c6563243ee734fa12bbbb0ad22ca813f4a20d1e778de196a951209da44,sha256_verified,"[""base_asset"",""quote_asset"",""received_utc"",""exchange_timestamp_utc"",""source_url"",""source_params_json""]",2026-08-14,,2026-08-14T07:08:50.176476+00:00,,,legacy_unavailable,valr,USDTZAR,ZAR,USDT,,,,stablecoin_tokens,1 stablecoin token = 1 USD; no FX conversion,,,sell_stablecoin_base_hit_bids,valr_usdtzar_raw.json,1bf1a7c6563243ee734fa12bbbb0ad22ca813f4a20d1e778de196a951209da44,1000,1000,1000.0,1000.0,1.0,16259.1,16.2591,0.03075191507440067,0.03075191507440067,1,False,
native_l2,legacy:2026-08-14,legacy_directory_identifier,data/exact_l2/2026-08-14,legacy_day_root,legacy,data/exact_l2/2026-08-14/manifest.json,5f1cc4d8e80cb5fccfcd7056b055ddbde7f7dea63baae43ec714a2ad04fedda2,data/exact_l2/2026-08-14/execution_curves.csv,fc83c69403dd109a54b43bd48ebf5b6cfd7369e9bd1affcac743ae83c685bdd3,data/exact_l2/2026-08-14/valr_usdtzar_raw.json,1bf1a7c6563243ee734fa12bbbb0ad22ca813f4a20d1e778de196a951209da44,sha256_verified,"[""base_asset"",""quote_asset"",""received_utc"",""exchange_timestamp_utc"",""source_url"",""source_params_json""]",2026-08-14,,2026-08-14T07:08:50.176476+00:00,,,legacy_unavailable,valr,USDTZAR,ZAR,USDT,,,,stablecoin_tokens,1 stablecoin token = 1 USD; no FX conversion,,,sell_stablecoin_base_hit_bids,valr_usdtzar_raw.json,1bf1a7c6563243ee734fa12bbbb0ad22ca813f4a20d1e778de196a951209da44,5000,5000,5000.0,5000.0,1.0,81295.5,16.2591,0.03075191507440067,0.03075191507440067,1,False,
native_l2,legacy:2026-08-14,legacy_directory_identifier,data/exact_l2/2026-08-14,legacy_day_root,legacy,data/exact_l2/2026-08-14/manifest.json,5f1cc4d8e80cb5fccfcd7056b055ddbde7f7dea63baae43ec714a2ad04fedda2,data/exact_l2/2026-08-14/execution_curves.csv,fc83c69403dd109a54b43bd48ebf5b6cfd7369e9bd1affcac743ae83c685bdd3,data/exact_l2/2026-08-14/valr_usdtzar_raw.json,1bf1a7c6563243ee734fa12bbbb0ad22ca813f4a20d1e778de196a951209da44,sha256_verified,"[""base_asset"",""quote_asset"",""received_utc"",""exchange_timestamp_utc"",""source_url"",""source_params_json""]",2026-08-14,,2026-08-14T07:08:50.176476+00:00,,,legacy_unavailable,valr,USDTZAR,ZAR,USDT,,,,stablecoin_tokens,1 stablecoin token = 1 USD; no FX conversion,,,sell_stablecoin_base_hit_bids,valr_usdtzar_raw.json,1bf1a7c6563243ee734fa12bbbb0ad22ca813f4a20d1e778de196a951209da44,10000,10000,10000.0,10000.0,1.0,162591.0,16.2591,0.03075191507440067,0.03075191507440067,1,False,
native_l2,legacy:2026-08-14,legacy_directory_identifier,data/exact_l2/2026-08-14,legacy_day_root,legacy,data/exact_l2/2026-08-14/manifest.json,5f1cc4d8e80cb5fccfcd7056b055ddbde7f7dea63baae43ec714a2ad04fedda2,data/exact_l2/2026-08-14/execution_curves.csv,fc83c69403dd109a54b43bd48ebf5b6cfd7369e9bd1affcac743ae83c685bdd3,data/exact_l2/2026-08-14/valr_usdtzar_raw.json,1bf1a7c6563243ee734fa12bbbb0ad22ca813f4a20d1e778de196a951209da44,sha256_verified,"[""base_asset"",""quote_asset"",""received_utc"",""exchange_timestamp_utc"",""source_url"",""source_params_json""]",2026-08-14,,2026-08-14T07:08:50.176476+00:00,,,legacy_unavailable,valr,USDTZAR,ZAR,USDT,,,,stablecoin_tokens,1 stablecoin token = 1 USD; no FX conversion,,,sell_stablecoin_base_hit_bids,valr_usdtzar_raw.json,1bf1a7c6563243ee734fa12bbbb0ad22ca813f4a20d1e778de196a951209da44,25000,25000,25000.0,25000.0,1.0,406477.5,16.2591,0.03075191507440067,0.03075191507440067,1,False,
native_l2,legacy:2026-08-14,legacy_directory_identifier,data/exact_l2/2026-08-14,legacy_day_root,legacy,data/exact_l2/2026-08-14/manifest.json,5f1cc4d8e80cb5fccfcd7056b055ddbde7f7dea63baae43ec714a2ad04fedda2,data/exact_l2/2026-08-14/execution_curves.csv,fc83c69403dd109a54b43bd48ebf5b6cfd7369e9bd1affcac743ae83c685bdd3,data/exact_l2/2026-08-14/valr_usdtzar_raw.json,1bf1a7c6563243ee734fa12bbbb0ad22ca813f4a20d1e778de196a951209da44,sha256_verified,"[""base_asset"",""quote_asset"",""received_utc"",""exchange_timestamp_utc"",""source_url"",""source_params_json""]",2026-08-14,,2026-08-14T07:08:50.176476+00:00,,,legacy_unavailable,valr,USDTZAR,ZAR,USDT,,,,stablecoin_tokens,1 stablecoin token = 1 USD; no FX conversion,,,sell_stablecoin_base_hit_bids,valr_usdtzar_raw.json,1bf1a7c6563243ee734fa12bbbb0ad22ca813f4a20d1e778de196a951209da44,50000,50000,50000.0,50000.0,1.0,812955.0,16.2591,0.03075191507440067,0.03075191507440067,1,False,
native_l2,legacy:2026-08-14,legacy_directory_identifier,data/exact_l2/2026-08-14,legacy_day_root,legacy,data/exact_l2/2026-08-14/manifest.json,5f1cc4d8e80cb5fccfcd7056b055ddbde7f7dea63baae43ec714a2ad04fedda2,data/exact_l2/2026-08-14/execution_curves.csv,fc83c69403dd109a54b43bd48ebf5b6cfd7369e9bd1affcac743ae83c685bdd3,data/exact_l2/2026-08-14/valr_usdtzar_raw.json,1bf1a7c6563243ee734fa12bbbb0ad22ca813f4a20d1e778de196a951209da44,sha256_verified,"[""base_asset"",""quote_asset"",""received_utc"",""exchange_timestamp_utc"",""source_url"",""source_params_json""]",2026-08-14,,2026-08-14T07:08:50.176476+00:00,,,legacy_unavailable,valr,USDTZAR,ZAR,USDT,,,,stablecoin_tokens,1 stablecoin token = 1 USD; no FX conversion,,,sell_stablecoin_base_hit_bids,valr_usdtzar_raw.json,1bf1a7c6563243ee734fa12bbbb0ad22ca813f4a20d1e778de196a951209da44,100000,100000,100000.0,100000.0,1.0,1625909.9999999998,16.259099999999997,0.030751915076621117,0.03075191507440067,3,False,
native_l2,legacy:2026-08-14,legacy_directory_identifier,data/exact_l2/2026-08-14,legacy_day_root,legacy,data/exact_l2/2026-08-14/manifest.json,5f1cc4d8e80cb5fccfcd7056b055ddbde7f7dea63baae43ec714a2ad04fedda2,data/exact_l2/2026-08-14/execution_curves.csv,fc83c69403dd109a54b43bd48ebf5b6cfd7369e9bd1affcac743ae83c685bdd3,data/exact_l2/2026-08-14/bitkub_usdt_thb_raw.json,d9000bbb1fec46113ed26a265efeba7491fc05ec0ea4bd4eff04d67f29725553,sha256_verified,"[""base_asset"",""quote_asset"",""received_utc"",""exchange_timestamp_utc"",""source_url"",""source_params_json""]",2026-08-14,,2026-08-14T07:08:50.410319+00:00,,,legacy_unavailable,bitkub,usdt_thb,THB,USDT,,,,stablecoin_tokens,1 stablecoin token = 1 USD; no FX conversion,,,sell_stablecoin_base_hit_bids,bitkub_usdt_thb_raw.json,d9000bbb1fec46113ed26a265efeba7491fc05ec0ea4bd4eff04d67f29725553,1000,1000,1000.0,1000.0,1.0,33120.0,33.12,1.5094339622645503,1.5094339622645503,1,False,
native_l2,legacy:2026-08-14,legacy_directory_identifier,data/exact_l2/2026-08-14,legacy_day_root,legacy,data/exact_l2/2026-08-14/manifest.json,5f1cc4d8e80cb5fccfcd7056b055ddbde7f7dea63baae43ec714a2ad04fedda2,data/exact_l2/2026-08-14/execution_curves.csv,fc83c69403dd109a54b43bd48ebf5b6cfd7369e9bd1affcac743ae83c685bdd3,data/exact_l2/2026-08-14/bitkub_usdt_thb_raw.json,d9000bbb1fec46113ed26a265efeba7491fc05ec0ea4bd4eff04d67f29725553,sha256_verified,"[""base_asset"",""quote_asset"",""received_utc"",""exchange_timestamp_utc"",""source_url"",""source_params_json""]",2026-08-14,,2026-08-14T07:08:50.410319+00:00,,,legacy_unavailable,bitkub,usdt_thb,THB,USDT,,,,stablecoin_tokens,1 stablecoin token = 1 USD; no FX conversion,,,sell_stablecoin_base_hit_bids,bitkub_usdt_thb_raw.json,d9000bbb1fec46113ed26a265efeba7491fc05ec0ea4bd4eff04d67f29725553,5000,5000,5000.0,5000.0,1.0,165600.0,33.12,1.5094339622645503,1.5094339622645503,1,False,
native_l2,legacy:2026-08-14,legacy_directory_identifier,data/exact_l2/2026-08-14,legacy_day_root,legacy,data/exact_l2/2026-08-14/manifest.json,5f1cc4d8e80cb5fccfcd7056b055ddbde7f7dea63baae43ec714a2ad04fedda2,data/exact_l2/2026-08-14/execution_curves.csv,fc83c69403dd109a54b43bd48ebf5b6cfd7369e9bd1affcac743ae83c685bdd3,data/exact_l2/2026-08-14/bitkub_usdt_thb_raw.json,d9000bbb1fec46113ed26a265efeba7491fc05ec0ea4bd4eff04d67f29725553,sha256_verified,"[""base_asset"",""quote_asset"",""received_utc"",""exchange_timestamp_utc"",""source_url"",""source_params_json""]",2026-08-14,,2026-08-14T07:08:50.410319+00:00,,,legacy_unavailable,bitkub,usdt_thb,THB,USDT,,,,stablecoin_tokens,1 stablecoin token = 1 USD; no FX conversion,,,sell_stablecoin_base_hit_bids,bitkub_usdt_thb_raw.json,d9000bbb1fec46113ed26a265efeba7491fc05ec0ea4bd4eff04d67f29725553,10000,10000,10000.0,10000.0,1.0,331200.0,33.12,1.5094339622645503,1.5094339622645503,1,False,
native_l2,legacy:2026-08-14,legacy_directory_identifier,data/exact_l2/2026-08-14,legacy_day_root,legacy,data/exact_l2/2026-08-14/manifest.json,5f1cc4d8e80cb5fccfcd7056b055ddbde7f7dea63baae43ec714a2ad04fedda2,data/exact_l2/2026-08-14/execution_curves.csv,fc83c69403dd109a54b43bd48ebf5b6cfd7369e9bd1affcac743ae83c685bdd3,data/exact_l2/2026-08-14/bitkub_usdt_thb_raw.json,d9000bbb1fec46113ed26a265efeba7491fc05ec0ea4bd4eff04d67f29725553,sha256_verified,"[""base_asset"",""quote_asset"",""received_utc"",""exchange_timestamp_utc"",""source_url"",""source_params_json""]",2026-08-14,,2026-08-14T07:08:50.410319+00:00,,,legacy_unavailable,bitkub,usdt_thb,THB,USDT,,,,stablecoin_tokens,1 stablecoin token = 1 USD; no FX conversion,,,sell_stablecoin_base_hit_bids,bitkub_usdt_thb_raw.json,d9000bbb1fec46113ed26a265efeba7491fc05ec0ea4bd4eff04d67f29725553,25000,25000,25000.0,25000.0,1.0,827999.9999999999,33.12,1.5094339622645503,1.5094339622645503,1,False,
native_l2,legacy:2026-08-14,legacy_directory_identifier,data/exact_l2/2026-08-14,legacy_day_root,legacy,data/exact_l2/2026-08-14/manifest.json,5f1cc4d8e80cb5fccfcd7056b055ddbde7f7dea63baae43ec714a2ad04fedda2,data/exact_l2/2026-08-14/execution_curves.csv,fc83c69403dd109a54b43bd48ebf5b6cfd7369e9bd1affcac743ae83c685bdd3,data/exact_l2/2026-08-14/bitkub_usdt_thb_raw.json,d9000bbb1fec46113ed26a265efeba7491fc05ec0ea4bd4eff04d67f29725553,sha256_verified,"[""base_asset"",""quote_asset"",""received_utc"",""exchange_timestamp_utc"",""source_url"",""source_params_json""]",2026-08-14,,2026-08-14T07:08:50.410319+00:00,,,legacy_unavailable,bitkub,usdt_thb,THB,USDT,,,,stablecoin_tokens,1 stablecoin token = 1 USD; no FX conversion,,,sell_stablecoin_base_hit_bids,bitkub_usdt_thb_raw.json,d9000bbb1fec46113ed26a265efeba7491fc05ec0ea4bd4eff04d67f29725553,50000,50000,50000.0,50000.0,1.0,1655999.9999999998,33.12,1.5094339622645503,1.5094339622645503,1,False,
native_l2,legacy:2026-08-14,legacy_directory_identifier,data/exact_l2/2026-08-14,legacy_day_root,legacy,data/exact_l2/2026-08-14/manifest.json,5f1cc4d8e80cb5fccfcd7056b055ddbde7f7dea63baae43ec714a2ad04fedda2,data/exact_l2/2026-08-14/execution_curves.csv,fc83c69403dd109a54b43bd48ebf5b6cfd7369e9bd1affcac743ae83c685bdd3,data/exact_l2/2026-08-14/bitkub_usdt_thb_raw.json,d9000bbb1fec46113ed26a265efeba7491fc05ec0ea4bd4eff04d67f29725553,sha256_verified,"[""base_asset"",""quote_asset"",""received_utc"",""exchange_timestamp_utc"",""source_url"",""source_params_json""]",2026-08-14,,2026-08-14T07:08:50.410319+00:00,,,legacy_unavailable,bitkub,usdt_thb,THB,USDT,,,,stablecoin_tokens,1 stablecoin token = 1 USD; no FX conversion,,,sell_stablecoin_base_hit_bids,bitkub_usdt_thb_raw.json,d9000bbb1fec46113ed26a265efeba7491fc05ec0ea4bd4eff04d67f29725553,100000,100000,100000.0,100000.0,1.0,3311999.9999999995,33.12,1.5094339622645503,1.5094339622645503,1,False,
native_l2,legacy:2026-08-15,legacy_directory_identifier,data/exact_l2/2026-08-15,legacy_day_root,legacy,data/exact_l2/2026-08-15/manifest.json,1faed7a8d014295cc729b7d0cedbf9ba8c27ec1e4a1fe86da116b49c3b8b045d,data/exact_l2/2026-08-15/execution_curves.csv,e3020fe347319f5cab816ce1f359e89b251daa53fd216a554a963e277ebef0e6,data/exact_l2/2026-08-15/valr_usdtzar_raw.json,32d82a8c0234b2a40351d01fc81d9d81a385f6895ff20297d161c7b6cf022b09,sha256_verified,"[""base_asset"",""quote_asset"",""received_utc"",""exchange_timestamp_utc"",""source_url"",""source_params_json""]",2026-08-15,,2026-08-15T06:09:04.657108+00:00,,,legacy_unavailable,valr,USDTZAR,ZAR,USDT,,,,stablecoin_tokens,1 stablecoin token = 1 USD; no FX conversion,,,sell_stablecoin_base_hit_bids,valr_usdtzar_raw.json,32d82a8c0234b2a40351d01fc81d9d81a385f6895ff20297d161c7b6cf022b09,1000,1000,1000.0,1000.0,1.0,16321.7,16.3217,0.03063397001068502,0.03063397001068502,1,False,
native_l2,legacy:2026-08-15,legacy_directory_identifier,data/exact_l2/2026-08-15,legacy_day_root,legacy,data/exact_l2/2026-08-15/manifest.json,1faed7a8d014295cc729b7d0cedbf9ba8c27ec1e4a1fe86da116b49c3b8b045d,data/exact_l2/2026-08-15/execution_curves.csv,e3020fe347319f5cab816ce1f359e89b251daa53fd216a554a963e277ebef0e6,data/exact_l2/2026-08-15/valr_usdtzar_raw.json,32d82a8c0234b2a40351d01fc81d9d81a385f6895ff20297d161c7b6cf022b09,sha256_verified,"[""base_asset"",""quote_asset"",""received_utc"",""exchange_timestamp_utc"",""source_url"",""source_params_json""]",2026-08-15,,2026-08-15T06:09:04.657108+00:00,,,legacy_unavailable,valr,USDTZAR,ZAR,USDT,,,,stablecoin_tokens,1 stablecoin token = 1 USD; no FX conversion,,,sell_stablecoin_base_hit_bids,valr_usdtzar_raw.json,32d82a8c0234b2a40351d01fc81d9d81a385f6895ff20297d161c7b6cf022b09,5000,5000,5000.0,5000.0,1.0,81608.5,16.3217,0.03063397001068502,0.03063397001068502,1,False,
native_l2,legacy:2026-08-15,legacy_directory_identifier,data/exact_l2/2026-08-15,legacy_day_root,legacy,data/exact_l2/2026-08-15/manifest.json,1faed7a8d014295cc729b7d0cedbf9ba8c27ec1e4a1fe86da116b49c3b8b045d,data/exact_l2/2026-08-15/execution_curves.csv,e3020fe347319f5cab816ce1f359e89b251daa53fd216a554a963e277ebef0e6,data/exact_l2/2026-08-15/valr_usdtzar_raw.json,32d82a8c0234b2a40351d01fc81d9d81a385f6895ff20297d161c7b6cf022b09,sha256_verified,"[""base_asset"",""quote_asset"",""received_utc"",""exchange_timestamp_utc"",""source_url"",""source_params_json""]",2026-08-15,,2026-08-15T06:09:04.657108+00:00,,,legacy_unavailable,valr,USDTZAR,ZAR,USDT,,,,stablecoin_tokens,1 stablecoin token = 1 USD; no FX conversion,,,sell_stablecoin_base_hit_bids,valr_usdtzar_raw.json,32d82a8c0234b2a40351d01fc81d9d81a385f6895ff20297d161c7b6cf022b09,10000,10000,10000.0,10000.0,1.0,163217.0,16.3217,0.03063397001068502,0.03063397001068502,1,False,
native_l2,legacy:2026-08-15,legacy_directory_identifier,data/exact_l2/2026-08-15,legacy_day_root,legacy,data/exact_l2/2026-08-15/manifest.json,1faed7a8d014295cc729b7d0cedbf9ba8c27ec1e4a1fe86da116b49c3b8b045d,data/exact_l2/2026-08-15/execution_curves.csv,e3020fe347319f5cab816ce1f359e89b251daa53fd216a554a963e277ebef0e6,data/exact_l2/2026-08-15/valr_usdtzar_raw.json,32d82a8c0234b2a40351d01fc81d9d81a385f6895ff20297d161c7b6cf022b09,sha256_verified,"[""base_asset"",""quote_asset"",""received_utc"",""exchange_timestamp_utc"",""source_url"",""source_params_json""]",2026-08-15,,2026-08-15T06:09:04.657108+00:00,,,legacy_unavailable,valr,USDTZAR,ZAR,USDT,,,,stablecoin_tokens,1 stablecoin token = 1 USD; no FX conversion,,,sell_stablecoin_base_hit_bids,valr_usdtzar_raw.json,32d82a8c0234b2a40351d01fc81d9d81a385f6895ff20297d161c7b6cf022b09,25000,25000,25000.0,25000.0,1.0,408038.7958674,16.321551834696,0.12141179959401782,0.45950955014029127,3,False,
native_l2,legacy:2026-08-15,legacy_directory_identifier,data/exact_l2/2026-08-15,legacy_day_root,legacy,data/exact_l2/2026-08-15/manifest.json,1faed7a8d014295cc729b7d0cedbf9ba8c27ec1e4a1fe86da116b49c3b8b045d,data/exact_l2/2026-08-15/execution_curves.csv,e3020fe347319f5cab816ce1f359e89b251daa53fd216a554a963e277ebef0e6,data/exact_l2/2026-08-15/valr_usdtzar_raw.json,32d82a8c0234b2a40351d01fc81d9d81a385f6895ff20297d161c7b6cf022b09,sha256_verified,"[""base_asset"",""quote_asset"",""received_utc"",""exchange_timestamp_utc"",""source_url"",""source_params_json""]",2026-08-15,,2026-08-15T06:09:04.657108+00:00,,,legacy_unavailable,valr,USDTZAR,ZAR,USDT,,,,stablecoin_tokens,1 stablecoin token = 1 USD; no FX conversion,,,sell_stablecoin_base_hit_bids,valr_usdtzar_raw.json,32d82a8c0234b2a40351d01fc81d9d81a385f6895ff20297d161c7b6cf022b09,50000,50000,50000.0,50000.0,1.0,815990.7253796001,16.319814507592003,1.1858363275984996,4.809533291467716,4,False,
native_l2,legacy:2026-08-15,legacy_directory_identifier,data/exact_l2/2026-08-15,legacy_day_root,legacy,data/exact_l2/2026-08-15/manifest.json,1faed7a8d014295cc729b7d0cedbf9ba8c27ec1e4a1fe86da116b49c3b8b045d,data/exact_l2/2026-08-15/execution_curves.csv,e3020fe347319f5cab816ce1f359e89b251daa53fd216a554a963e277ebef0e6,data/exact_l2/2026-08-15/valr_usdtzar_raw.json,32d82a8c0234b2a40351d01fc81d9d81a385f6895ff20297d161c7b6cf022b09,sha256_verified,"[""base_asset"",""quote_asset"",""received_utc"",""exchange_timestamp_utc"",""source_url"",""source_params_json""]",2026-08-15,,2026-08-15T06:09:04.657108+00:00,,,legacy_unavailable,valr,USDTZAR,ZAR,USDT,,,,stablecoin_tokens,1 stablecoin token = 1 USD; no FX conversion,,,sell_stablecoin_base_hit_bids,valr_usdtzar_raw.json,32d82a8c0234b2a40351d01fc81d9d81a385f6895ff20297d161c7b6cf022b09,100000,100000,100000.0,100000.0,1.0,1631676.85232382,16.316768523238203,3.05204819446403,5.177140931579283,5,False,
native_l2,legacy:2026-08-15,legacy_directory_identifier,data/exact_l2/2026-08-15,legacy_day_root,legacy,data/exact_l2/2026-08-15/manifest.json,1faed7a8d014295cc729b7d0cedbf9ba8c27ec1e4a1fe86da116b49c3b8b045d,data/exact_l2/2026-08-15/execution_curves.csv,e3020fe347319f5cab816ce1f359e89b251daa53fd216a554a963e277ebef0e6,data/exact_l2/2026-08-15/bitkub_usdt_thb_raw.json,9328dcd1104b8a7456c70e1a4a34c52cd082e5fafb473c0b36b9df2746ddcdd3,sha256_verified,"[""base_asset"",""quote_asset"",""received_utc"",""exchange_timestamp_utc"",""source_url"",""source_params_json""]",2026-08-15,,2026-08-15T06:09:04.907091+00:00,,,legacy_unavailable,bitkub,usdt_thb,THB,USDT,,,,stablecoin_tokens,1 stablecoin token = 1 USD; no FX conversion,,,sell_stablecoin_base_hit_bids,bitkub_usdt_thb_raw.json,9328dcd1104b8a7456c70e1a4a34c52cd082e5fafb473c0b36b9df2746ddcdd3,1000,1000,1000.0,1000.0,1.0,33110.0,33.11,1.5098897780452258,1.5098897780452258,1,False,
native_l2,legacy:2026-08-15,legacy_directory_identifier,data/exact_l2/2026-08-15,legacy_day_root,legacy,data/exact_l2/2026-08-15/manifest.json,1faed7a8d014295cc729b7d0cedbf9ba8c27ec1e4a1fe86da116b49c3b8b045d,data/exact_l2/2026-08-15/execution_curves.csv,e3020fe347319f5cab816ce1f359e89b251daa53fd216a554a963e277ebef0e6,data/exact_l2/2026-08-15/bitkub_usdt_thb_raw.json,9328dcd1104b8a7456c70e1a4a34c52cd082e5fafb473c0b36b9df2746ddcdd3,sha256_verified,"[""base_asset"",""quote_asset"",""received_utc"",""exchange_timestamp_utc"",""source_url"",""source_params_json""]",2026-08-15,,2026-08-15T06:09:04.907091+00:00,,,legacy_unavailable,bitkub,usdt_thb,THB,USDT,,,,stablecoin_tokens,1 stablecoin token = 1 USD; no FX conversion,,,sell_stablecoin_base_hit_bids,bitkub_usdt_thb_raw.json,9328dcd1104b8a7456c70e1a4a34c52cd082e5fafb473c0b36b9df2746ddcdd3,5000,5000,5000.0,5000.0,1.0,165550.0,33.11,1.5098897780452258,1.5098897780452258,1,False,
native_l2,legacy:2026-08-15,legacy_directory_identifier,data/exact_l2/2026-08-15,legacy_day_root,legacy,data/exact_l2/2026-08-15/manifest.json,1faed7a8d014295cc729b7d0cedbf9ba8c27ec1e4a1fe86da116b49c3b8b045d,data/exact_l2/2026-08-15/execution_curves.csv,e3020fe347319f5cab816ce1f359e89b251daa53fd216a554a963e277ebef0e6,data/exact_l2/2026-08-15/bitkub_usdt_thb_raw.json,9328dcd1104b8a7456c70e1a4a34c52cd082e5fafb473c0b36b9df2746ddcdd3,sha256_verified,"[""base_asset"",""quote_asset"",""received_utc"",""exchange_timestamp_utc"",""source_url"",""source_params_json""]",2026-08-15,,2026-08-15T06:09:04.907091+00:00,,,legacy_unavailable,bitkub,usdt_thb,THB,USDT,,,,stablecoin_tokens,1 stablecoin token = 1 USD; no FX conversion,,,sell_stablecoin_base_hit_bids,bitkub_usdt_thb_raw.json,9328dcd1104b8a7456c70e1a4a34c52cd082e5fafb473c0b36b9df2746ddcdd3,10000,10000,10000.0,10000.0,1.0,331100.0,33.11,1.5098897780452258,1.5098897780452258,1,False,
native_l2,legacy:2026-08-15,legacy_directory_identifier,data/exact_l2/2026-08-15,legacy_day_root,legacy,data/exact_l2/2026-08-15/manifest.json,1faed7a8d014295cc729b7d0cedbf9ba8c27ec1e4a1fe86da116b49c3b8b045d,data/exact_l2/2026-08-15/execution_curves.csv,e3020fe347319f5cab816ce1f359e89b251daa53fd216a554a963e277ebef0e6,data/exact_l2/2026-08-15/bitkub_usdt_thb_raw.json,9328dcd1104b8a7456c70e1a4a34c52cd082e5fafb473c0b36b9df2746ddcdd3,sha256_verified,"[""base_asset"",""quote_asset"",""received_utc"",""exchange_timestamp_utc"",""source_url"",""source_params_json""]",2026-08-15,,2026-08-15T06:09:04.907091+00:00,,,legacy_unavailable,bitkub,usdt_thb,THB,USDT,,,,stablecoin_tokens,1 stablecoin token = 1 USD; no FX conversion,,,sell_stablecoin_base_hit_bids,bitkub_usdt_thb_raw.json,9328dcd1104b8a7456c70e1a4a34c52cd082e5fafb473c0b36b9df2746ddcdd3,25000,25000,25000.0,25000.0,1.0,827750.0,33.11,1.5098897780452258,1.5098897780452258,1,False,
native_l2,legacy:2026-08-15,legacy_directory_identifier,data/exact_l2/2026-08-15,legacy_day_root,legacy,data/exact_l2/2026-08-15/manifest.json,1faed7a8d014295cc729b7d0cedbf9ba8c27ec1e4a1fe86da116b49c3b8b045d,data/exact_l2/2026-08-15/execution_curves.csv,e3020fe347319f5cab816ce1f359e89b251daa53fd216a554a963e277ebef0e6,data/exact_l2/2026-08-15/bitkub_usdt_thb_raw.json,9328dcd1104b8a7456c70e1a4a34c52cd082e5fafb473c0b36b9df2746ddcdd3,sha256_verified,"[""base_asset"",""quote_asset"",""received_utc"",""exchange_timestamp_utc"",""source_url"",""source_params_json""]",2026-08-15,,2026-08-15T06:09:04.907091+00:00,,,legacy_unavailable,bitkub,usdt_thb,THB,USDT,,,,stablecoin_tokens,1 stablecoin token = 1 USD; no FX conversion,,,sell_stablecoin_base_hit_bids,bitkub_usdt_thb_raw.json,9328dcd1104b8a7456c70e1a4a34c52cd082e5fafb473c0b36b9df2746ddcdd3,50000,50000,50000.0,50000.0,1.0,1655500.0,33.11,1.5098897780452258,1.5098897780452258,1,False,
native_l2,legacy:2026-08-15,legacy_directory_identifier,data/exact_l2/2026-08-15,legacy_day_root,legacy,data/exact_l2/2026-08-15/manifest.json,1faed7a8d014295cc729b7d0cedbf9ba8c27ec1e4a1fe86da116b49c3b8b045d,data/exact_l2/2026-08-15/execution_curves.csv,e3020fe347319f5cab816ce1f359e89b251daa53fd216a554a963e277ebef0e6,data/exact_l2/2026-08-15/bitkub_usdt_thb_raw.json,9328dcd1104b8a7456c70e1a4a34c52cd082e5fafb473c0b36b9df2746ddcdd3,sha256_verified,"[""base_asset"",""quote_asset"",""received_utc"",""exchange_timestamp_utc"",""source_url"",""source_params_json""]",2026-08-15,,2026-08-15T06:09:04.907091+00:00,,,legacy_unavailable,bitkub,usdt_thb,THB,USDT,,,,stablecoin_tokens,1 stablecoin token = 1 USD; no FX conversion,,,sell_stablecoin_base_hit_bids,bitkub_usdt_thb_raw.json,9328dcd1104b8a7456c70e1a4a34c52cd082e5fafb473c0b36b9df2746ddcdd3,100000,100000,100000.0,100000.0,1.0,3311000.0,33.11,1.5098897780452258,1.5098897780452258,1,False,
native_l2,legacy:2026-08-16,legacy_directory_identifier,data/exact_l2/2026-08-16,legacy_day_root,legacy,data/exact_l2/2026-08-16/manifest.json,17ba6b355bf474b06570186fa896802213c0560c324a6634843ace004bf23654,data/exact_l2/2026-08-16/execution_curves.csv,6864e30289cd32de9349f48218d799ed231ff87f5436f83e33c453842f03d02d,data/exact_l2/2026-08-16/valr_usdtzar_raw.json,625e57db4ce925ad8ecd13cf283eae881a5ccd41514db3f0b7b7f964327d97e2,sha256_verified,"[""base_asset"",""quote_asset"",""received_utc"",""exchange_timestamp_utc"",""source_url"",""source_params_json""]",2026-08-16,,2026-08-16T06:09:36.445259+00:00,,,legacy_unavailable,valr,USDTZAR,ZAR,USDT,,,,stablecoin_tokens,1 stablecoin token = 1 USD; no FX conversion,,,sell_stablecoin_base_hit_bids,valr_usdtzar_raw.json,625e57db4ce925ad8ecd13cf283eae881a5ccd41514db3f0b7b7f964327d97e2,1000,1000,1000.0,1000.0,1.0,16321.9,16.3219,0.030633594638729278,0.030633594638729278,1,False,
native_l2,legacy:2026-08-16,legacy_directory_identifier,data/exact_l2/2026-08-16,legacy_day_root,legacy,data/exact_l2/2026-08-16/manifest.json,17ba6b355bf474b06570186fa896802213c0560c324a6634843ace004bf23654,data/exact_l2/2026-08-16/execution_curves.csv,6864e30289cd32de9349f48218d799ed231ff87f5436f83e33c453842f03d02d,data/exact_l2/2026-08-16/valr_usdtzar_raw.json,625e57db4ce925ad8ecd13cf283eae881a5ccd41514db3f0b7b7f964327d97e2,sha256_verified,"[""base_asset"",""quote_asset"",""received_utc"",""exchange_timestamp_utc"",""source_url"",""source_params_json""]",2026-08-16,,2026-08-16T06:09:36.445259+00:00,,,legacy_unavailable,valr,USDTZAR,ZAR,USDT,,,,stablecoin_tokens,1 stablecoin token = 1 USD; no FX conversion,,,sell_stablecoin_base_hit_bids,valr_usdtzar_raw.json,625e57db4ce925ad8ecd13cf283eae881a5ccd41514db3f0b7b7f964327d97e2,5000,5000,5000.0,5000.0,1.0,81609.5,16.3219,0.030633594638729278,0.030633594638729278,1,False,
native_l2,legacy:2026-08-16,legacy_directory_identifier,data/exact_l2/2026-08-16,legacy_day_root,legacy,data/exact_l2/2026-08-16/manifest.json,17ba6b355bf474b06570186fa896802213c0560c324a6634843ace004bf23654,data/exact_l2/2026-08-16/execution_curves.csv,6864e30289cd32de9349f48218d799ed231ff87f5436f83e33c453842f03d02d,data/exact_l2/2026-08-16/valr_usdtzar_raw.json,625e57db4ce925ad8ecd13cf283eae881a5ccd41514db3f0b7b7f964327d97e2,sha256_verified,"[""base_asset"",""quote_asset"",""received_utc"",""exchange_timestamp_utc"",""source_url"",""source_params_json""]",2026-08-16,,2026-08-16T06:09:36.445259+00:00,,,legacy_unavailable,valr,USDTZAR,ZAR,USDT,,,,stablecoin_tokens,1 stablecoin token = 1 USD; no FX conversion,,,sell_stablecoin_base_hit_bids,valr_usdtzar_raw.json,625e57db4ce925ad8ecd13cf283eae881a5ccd41514db3f0b7b7f964327d97e2,10000,10000,10000.0,10000.0,1.0,163219.0,16.3219,0.030633594638729278,0.030633594638729278,3,False,
native_l2,legacy:2026-08-16,legacy_directory_identifier,data/exact_l2/2026-08-16,legacy_day_root,legacy,data/exact_l2/2026-08-16/manifest.json,17ba6b355bf474b06570186fa896802213c0560c324a6634843ace004bf23654,data/exact_l2/2026-08-16/execution_curves.csv,6864e30289cd32de9349f48218d799ed231ff87f5436f83e33c453842f03d02d,data/exact_l2/2026-08-16/valr_usdtzar_raw.json,625e57db4ce925ad8ecd13cf283eae881a5ccd41514db3f0b7b7f964327d97e2,sha256_verified,"[""base_asset"",""quote_asset"",""received_utc"",""exchange_timestamp_utc"",""source_url"",""source_params_json""]",2026-08-16,,2026-08-16T06:09:36.445259+00:00,,,legacy_unavailable,valr,USDTZAR,ZAR,USDT,,,,stablecoin_tokens,1 stablecoin token = 1 USD; no FX conversion,,,sell_stablecoin_base_hit_bids,valr_usdtzar_raw.json,625e57db4ce925ad8ecd13cf283eae881a5ccd41514db3f0b7b7f964327d97e2,25000,25000,25000.0,25000.0,1.0,407982.90211168,16.3193160844672,1.6137260148452182,2.7876571120499793,7,False,
native_l2,legacy:2026-08-16,legacy_directory_identifier,data/exact_l2/2026-08-16,legacy_day_root,legacy,data/exact_l2/2026-08-16/manifest.json,17ba6b355bf474b06570186fa896802213c0560c324a6634843ace004bf23654,data/exact_l2/2026-08-16/execution_curves.csv,6864e30289cd32de9349f48218d799ed231ff87f5436f83e33c453842f03d02d,data/exact_l2/2026-08-16/valr_usdtzar_raw.json,625e57db4ce925ad8ecd13cf283eae881a5ccd41514db3f0b7b7f964327d97e2,sha256_verified,"[""base_asset"",""quote_asset"",""received_utc"",""exchange_timestamp_utc"",""source_url"",""source_params_json""]",2026-08-16,,2026-08-16T06:09:36.445259+00:00,,,legacy_unavailable,valr,USDTZAR,ZAR,USDT,,,,stablecoin_tokens,1 stablecoin token = 1 USD; no FX conversion,,,sell_stablecoin_base_hit_bids,valr_usdtzar_raw.json,625e57db4ce925ad8ecd13cf283eae881a5ccd41514db3f0b7b7f964327d97e2,50000,50000,50000.0,50000.0,1.0,815917.90211168,16.3183580422336,2.2006915634464885,2.7876571120499793,7,False,
native_l2,legacy:2026-08-16,legacy_directory_identifier,data/exact_l2/2026-08-16,legacy_day_root,legacy,data/exact_l2/2026-08-16/manifest.json,17ba6b355bf474b06570186fa896802213c0560c324a6634843ace004bf23654,data/exact_l2/2026-08-16/execution_curves.csv,6864e30289cd32de9349f48218d799ed231ff87f5436f83e33c453842f03d02d,data/exact_l2/2026-08-16/valr_usdtzar_raw.json,625e57db4ce925ad8ecd13cf283eae881a5ccd41514db3f0b7b7f964327d97e2,sha256_verified,"[""base_asset"",""quote_asset"",""received_utc"",""exchange_timestamp_utc"",""source_url"",""source_params_json""]",2026-08-16,,2026-08-16T06:09:36.445259+00:00,,,legacy_unavailable,valr,USDTZAR,ZAR,USDT,,,,stablecoin_tokens,1 stablecoin token = 1 USD; no FX conversion,,,sell_stablecoin_base_hit_bids,valr_usdtzar_raw.json,625e57db4ce925ad8ecd13cf283eae881a5ccd41514db3f0b7b7f964327d97e2,100000,100000,100000.00000000004,100000.00000000004,1.0000000000000004,1631599.0082053905,16.315990082053897,3.6514742087212504,8.362971336146607,11,False,
native_l2,legacy:2026-08-16,legacy_directory_identifier,data/exact_l2/2026-08-16,legacy_day_root,legacy,data/exact_l2/2026-08-16/manifest.json,17ba6b355bf474b06570186fa896802213c0560c324a6634843ace004bf23654,data/exact_l2/2026-08-16/execution_curves.csv,6864e30289cd32de9349f48218d799ed231ff87f5436f83e33c453842f03d02d,data/exact_l2/2026-08-16/bitkub_usdt_thb_raw.json,62b49eb5829d9fea2f8c00a19bb1703c79fd6cd7749ac104e872dfc41136a100,sha256_verified,"[""base_asset"",""quote_asset"",""received_utc"",""exchange_timestamp_utc"",""source_url"",""source_params_json""]",2026-08-16,,2026-08-16T06:09:36.737255+00:00,,,legacy_unavailable,bitkub,usdt_thb,THB,USDT,,,,stablecoin_tokens,1 stablecoin token = 1 USD; no FX conversion,,,sell_stablecoin_base_hit_bids,bitkub_usdt_thb_raw.json,62b49eb5829d9fea2f8c00a19bb1703c79fd6cd7749ac104e872dfc41136a100,1000,1000,1000.0,1000.0,1.0,33090.0,33.09,1.5108022359855422,1.5108022359855422,1,False,
native_l2,legacy:2026-08-16,legacy_directory_identifier,data/exact_l2/2026-08-16,legacy_day_root,legacy,data/exact_l2/2026-08-16/manifest.json,17ba6b355bf474b06570186fa896802213c0560c324a6634843ace004bf23654,data/exact_l2/2026-08-16/execution_curves.csv,6864e30289cd32de9349f48218d799ed231ff87f5436f83e33c453842f03d02d,data/exact_l2/2026-08-16/bitkub_usdt_thb_raw.json,62b49eb5829d9fea2f8c00a19bb1703c79fd6cd7749ac104e872dfc41136a100,sha256_verified,"[""base_asset"",""quote_asset"",""received_utc"",""exchange_timestamp_utc"",""source_url"",""source_params_json""]",2026-08-16,,2026-08-16T06:09:36.737255+00:00,,,legacy_unavailable,bitkub,usdt_thb,THB,USDT,,,,stablecoin_tokens,1 stablecoin token = 1 USD; no FX conversion,,,sell_stablecoin_base_hit_bids,bitkub_usdt_thb_raw.json,62b49eb5829d9fea2f8c00a19bb1703c79fd6cd7749ac104e872dfc41136a100,5000,5000,5000.0,5000.0,1.0,165450.00000000003,33.09,1.5108022359855422,1.5108022359855422,1,False,
native_l2,legacy:2026-08-16,legacy_directory_identifier,data/exact_l2/2026-08-16,legacy_day_root,legacy,data/exact_l2/2026-08-16/manifest.json,17ba6b355bf474b06570186fa896802213c0560c324a6634843ace004bf23654,data/exact_l2/2026-08-16/execution_curves.csv,6864e30289cd32de9349f48218d799ed231ff87f5436f83e33c453842f03d02d,data/exact_l2/2026-08-16/bitkub_usdt_thb_raw.json,62b49eb5829d9fea2f8c00a19bb1703c79fd6cd7749ac104e872dfc41136a100,sha256_verified,"[""base_asset"",""quote_asset"",""received_utc"",""exchange_timestamp_utc"",""source_url"",""source_params_json""]",2026-08-16,,2026-08-16T06:09:36.737255+00:00,,,legacy_unavailable,bitkub,usdt_thb,THB,USDT,,,,stablecoin_tokens,1 stablecoin token = 1 USD; no FX conversion,,,sell_stablecoin_base_hit_bids,bitkub_usdt_thb_raw.json,62b49eb5829d9fea2f8c00a19bb1703c79fd6cd7749ac104e872dfc41136a100,10000,10000,10000.0,10000.0,1.0,330900.00000000006,33.09,1.5108022359855422,1.5108022359855422,1,False,
native_l2,legacy:2026-08-16,legacy_directory_identifier,data/exact_l2/2026-08-16,legacy_day_root,legacy,data/exact_l2/2026-08-16/manifest.json,17ba6b355bf474b06570186fa896802213c0560c324a6634843ace004bf23654,data/exact_l2/2026-08-16/execution_curves.csv,6864e30289cd32de9349f48218d799ed231ff87f5436f83e33c453842f03d02d,data/exact_l2/2026-08-16/bitkub_usdt_thb_raw.json,62b49eb5829d9fea2f8c00a19bb1703c79fd6cd7749ac104e872dfc41136a100,sha256_verified,"[""base_asset"",""quote_asset"",""received_utc"",""exchange_timestamp_utc"",""source_url"",""source_params_json""]",2026-08-16,,2026-08-16T06:09:36.737255+00:00,,,legacy_unavailable,bitkub,usdt_thb,THB,USDT,,,,stablecoin_tokens,1 stablecoin token = 1 USD; no FX conversion,,,sell_stablecoin_base_hit_bids,bitkub_usdt_thb_raw.json,62b49eb5829d9fea2f8c00a19bb1703c79fd6cd7749ac104e872dfc41136a100,25000,25000,25000.0,25000.0,1.0,827250.0000000001,33.09,1.5108022359855422,1.5108022359855422,1,False,
native_l2,legacy:2026-08-16,legacy_directory_identifier,data/exact_l2/2026-08-16,legacy_day_root,legacy,data/exact_l2/2026-08-16/manifest.json,17ba6b355bf474b06570186fa896802213c0560c324a6634843ace004bf23654,data/exact_l2/2026-08-16/execution_curves.csv,6864e30289cd32de9349f48218d799ed231ff87f5436f83e33c453842f03d02d,data/exact_l2/2026-08-16/bitkub_usdt_thb_raw.json,62b49eb5829d9fea2f8c00a19bb1703c79fd6cd7749ac104e872dfc41136a100,sha256_verified,"[""base_asset"",""quote_asset"",""received_utc"",""exchange_timestamp_utc"",""source_url"",""source_params_json""]",2026-08-16,,2026-08-16T06:09:36.737255+00:00,,,legacy_unavailable,bitkub,usdt_thb,THB,USDT,,,,stablecoin_tokens,1 stablecoin token = 1 USD; no FX conversion,,,sell_stablecoin_base_hit_bids,bitkub_usdt_thb_raw.json,62b49eb5829d9fea2f8c00a19bb1703c79fd6cd7749ac104e872dfc41136a100,50000,50000,50000.0,50000.0,1.0,1654500.0000000002,33.09,1.5108022359855422,1.5108022359855422,1,False,
native_l2,legacy:2026-08-16,legacy_directory_identifier,data/exact_l2/2026-08-16,legacy_day_root,legacy,data/exact_l2/2026-08-16/manifest.json,17ba6b355bf474b06570186fa896802213c0560c324a6634843ace004bf23654,data/exact_l2/2026-08-16/execution_curves.csv,6864e30289cd32de9349f48218d799ed231ff87f5436f83e33c453842f03d02d,data/exact_l2/2026-08-16/bitkub_usdt_thb_raw.json,62b49eb5829d9fea2f8c00a19bb1703c79fd6cd7749ac104e872dfc41136a100,sha256_verified,"[""base_asset"",""quote_asset"",""received_utc"",""exchange_timestamp_utc"",""source_url"",""source_params_json""]",2026-08-16,,2026-08-16T06:09:36.737255+00:00,,,legacy_unavailable,bitkub,usdt_thb,THB,USDT,,,,stablecoin_tokens,1 stablecoin token = 1 USD; no FX conversion,,,sell_stablecoin_base_hit_bids,bitkub_usdt_thb_raw.json,62b49eb5829d9fea2f8c00a19bb1703c79fd6cd7749ac104e872dfc41136a100,100000,100000,100000.0,100000.0,1.0,3309000.0000000005,33.09,1.5108022359855422,1.5108022359855422,1,False,
native_l2,legacy:2026-08-17,legacy_directory_identifier,data/exact_l2/2026-08-17,legacy_day_root,legacy,data/exact_l2/2026-08-17/manifest.json,01276274786e239972c04031ad47e4d12050c239de696f158d0071e0cb179069,data/exact_l2/2026-08-17/execution_curves.csv,e7a2c946ab48db17a765cbf91692416654a0d64e01238ccd492343ce6d8ca480,data/exact_l2/2026-08-17/valr_usdtzar_raw.json,3daae5d2e385142277029954c1b75a8c0361ccf209c9def76447131acdbac3b8,sha256_verified,"[""base_asset"",""quote_asset"",""received_utc"",""exchange_timestamp_utc"",""source_url"",""source_params_json""]",2026-08-17,,2026-08-17T06:14:18.006933+00:00,,,legacy_unavailable,valr,USDTZAR,ZAR,USDT,,,,stablecoin_tokens,1 stablecoin token = 1 USD; no FX conversion,,,sell_stablecoin_base_hit_bids,valr_usdtzar_raw.json,3daae5d2e385142277029954c1b75a8c0361ccf209c9def76447131acdbac3b8,1000,1000,1000.0,1000.0,1.0,16240.8,16.2408,0.6464780797754699,0.6464780797754699,1,False,
native_l2,legacy:2026-08-17,legacy_directory_identifier,data/exact_l2/2026-08-17,legacy_day_root,legacy,data/exact_l2/2026-08-17/manifest.json,01276274786e239972c04031ad47e4d12050c239de696f158d0071e0cb179069,data/exact_l2/2026-08-17/execution_curves.csv,e7a2c946ab48db17a765cbf91692416654a0d64e01238ccd492343ce6d8ca480,data/exact_l2/2026-08-17/valr_usdtzar_raw.json,3daae5d2e385142277029954c1b75a8c0361ccf209c9def76447131acdbac3b8,sha256_verified,"[""base_asset"",""quote_asset"",""received_utc"",""exchange_timestamp_utc"",""source_url"",""source_params_json""]",2026-08-17,,2026-08-17T06:14:18.006933+00:00,,,legacy_unavailable,valr,USDTZAR,ZAR,USDT,,,,stablecoin_tokens,1 stablecoin token = 1 USD; no FX conversion,,,sell_stablecoin_base_hit_bids,valr_usdtzar_raw.json,3daae5d2e385142277029954c1b75a8c0361ccf209c9def76447131acdbac3b8,5000,5000,5000.0,5000.0,1.0,81204.0,16.2408,0.6464780797754699,0.6464780797754699,1,False,
native_l2,legacy:2026-08-17,legacy_directory_identifier,data/exact_l2/2026-08-17,legacy_day_root,legacy,data/exact_l2/2026-08-17/manifest.json,01276274786e239972c04031ad47e4d12050c239de696f158d0071e0cb179069,data/exact_l2/2026-08-17/execution_curves.csv,e7a2c946ab48db17a765cbf91692416654a0d64e01238ccd492343ce6d8ca480,data/exact_l2/2026-08-17/valr_usdtzar_raw.json,3daae5d2e385142277029954c1b75a8c0361ccf209c9def76447131acdbac3b8,sha256_verified,"[""base_asset"",""quote_asset"",""received_utc"",""exchange_timestamp_utc"",""source_url"",""source_params_json""]",2026-08-17,,2026-08-17T06:14:18.006933+00:00,,,legacy_unavailable,valr,USDTZAR,ZAR,USDT,,,,stablecoin_tokens,1 stablecoin token = 1 USD; no FX conversion,,,sell_stablecoin_base_hit_bids,valr_usdtzar_raw.json,3daae5d2e385142277029954c1b75a8c0361ccf209c9def76447131acdbac3b8,10000,10000,10000.0,10000.0,1.0,162408.0,16.2408,0.6464780797754699,0.6464780797754699,1,False,
native_l2,legacy:2026-08-17,legacy_directory_identifier,data/exact_l2/2026-08-17,legacy_day_root,legacy,data/exact_l2/2026-08-17/manifest.json,01276274786e239972c04031ad47e4d12050c239de696f158d0071e0cb179069,data/exact_l2/2026-08-17/execution_curves.csv,e7a2c946ab48db17a765cbf91692416654a0d64e01238ccd492343ce6d8ca480,data/exact_l2/2026-08-17/valr_usdtzar_raw.json,3daae5d2e385142277029954c1b75a8c0361ccf209c9def76447131acdbac3b8,sha256_verified,"[""base_asset"",""quote_asset"",""received_utc"",""exchange_timestamp_utc"",""source_url"",""source_params_json""]",2026-08-17,,2026-08-17T06:14:18.006933+00:00,,,legacy_unavailable,valr,USDTZAR,ZAR,USDT,,,,stablecoin_tokens,1 stablecoin token = 1 USD; no FX conversion,,,sell_stablecoin_base_hit_bids,valr_usdtzar_raw.json,3daae5d2e385142277029954c1b75a8c0361ccf209c9def76447131acdbac3b8,25000,25000,25000.0,25000.0,1.0,406020.0,16.2408,0.6464780797754699,0.6464780797754699,1,False,
native_l2,legacy:2026-08-17,legacy_directory_identifier,data/exact_l2/2026-08-17,legacy_day_root,legacy,data/exact_l2/2026-08-17/manifest.json,01276274786e239972c04031ad47e4d12050c239de696f158d0071e0cb179069,data/exact_l2/2026-08-17/execution_curves.csv,e7a2c946ab48db17a765cbf91692416654a0d64e01238ccd492343ce6d8ca480,data/exact_l2/2026-08-17/valr_usdtzar_raw.json,3daae5d2e385142277029954c1b75a8c0361ccf209c9def76447131acdbac3b8,sha256_verified,"[""base_asset"",""quote_asset"",""received_utc"",""exchange_timestamp_utc"",""source_url"",""source_params_json""]",2026-08-17,,2026-08-17T06:14:18.006933+00:00,,,legacy_unavailable,valr,USDTZAR,ZAR,USDT,,,,stablecoin_tokens,1 stablecoin token = 1 USD; no FX conversion,,,sell_stablecoin_base_hit_bids,valr_usdtzar_raw.json,3daae5d2e385142277029954c1b75a8c0361ccf209c9def76447131acdbac3b8,50000,50000,50000.0,50000.0,1.0,812040.0,16.2408,0.6464780797754699,0.6464780797754699,1,False,
native_l2,legacy:2026-08-17,legacy_directory_identifier,data/exact_l2/2026-08-17,legacy_day_root,legacy,data/exact_l2/2026-08-17/manifest.json,01276274786e239972c04031ad47e4d12050c239de696f158d0071e0cb179069,data/exact_l2/2026-08-17/execution_curves.csv,e7a2c946ab48db17a765cbf91692416654a0d64e01238ccd492343ce6d8ca480,data/exact_l2/2026-08-17/valr_usdtzar_raw.json,3daae5d2e385142277029954c1b75a8c0361ccf209c9def76447131acdbac3b8,sha256_verified,"[""base_asset"",""quote_asset"",""received_utc"",""exchange_timestamp_utc"",""source_url"",""source_params_json""]",2026-08-17,,2026-08-17T06:14:18.006933+00:00,,,legacy_unavailable,valr,USDTZAR,ZAR,USDT,,,,stablecoin_tokens,1 stablecoin token = 1 USD; no FX conversion,,,sell_stablecoin_base_hit_bids,valr_usdtzar_raw.json,3daae5d2e385142277029954c1b75a8c0361ccf209c9def76447131acdbac3b8,100000,100000,100000.0,100000.0,1.0,1624080.0,16.2408,0.6464780797754699,0.6464780797754699,1,False,
native_l2,legacy:2026-08-17,legacy_directory_identifier,data/exact_l2/2026-08-17,legacy_day_root,legacy,data/exact_l2/2026-08-17/manifest.json,01276274786e239972c04031ad47e4d12050c239de696f158d0071e0cb179069,data/exact_l2/2026-08-17/execution_curves.csv,e7a2c946ab48db17a765cbf91692416654a0d64e01238ccd492343ce6d8ca480,data/exact_l2/2026-08-17/bitkub_usdt_thb_raw.json,2d7ac8ab905b5bfbbd70960e19d346af10f80396d747bf8ba4a0a70209a284e1,sha256_verified,"[""base_asset"",""quote_asset"",""received_utc"",""exchange_timestamp_utc"",""source_url"",""source_params_json""]",2026-08-17,,2026-08-17T06:14:18.247973+00:00,,,legacy_unavailable,bitkub,usdt_thb,THB,USDT,,,,stablecoin_tokens,1 stablecoin token = 1 USD; no FX conversion,,,sell_stablecoin_base_hit_bids,bitkub_usdt_thb_raw.json,2d7ac8ab905b5bfbbd70960e19d346af10f80396d747bf8ba4a0a70209a284e1,1000,1000,1000.0,1000.0,1.0,32970.0,32.97,1.5163002274432014,1.5163002274432014,1,False,
native_l2,legacy:2026-08-17,legacy_directory_identifier,data/exact_l2/2026-08-17,legacy_day_root,legacy,data/exact_l2/2026-08-17/manifest.json,01276274786e239972c04031ad47e4d12050c239de696f158d0071e0cb179069,data/exact_l2/2026-08-17/execution_curves.csv,e7a2c946ab48db17a765cbf91692416654a0d64e01238ccd492343ce6d8ca480,data/exact_l2/2026-08-17/bitkub_usdt_thb_raw.json,2d7ac8ab905b5bfbbd70960e19d346af10f80396d747bf8ba4a0a70209a284e1,sha256_verified,"[""base_asset"",""quote_asset"",""received_utc"",""exchange_timestamp_utc"",""source_url"",""source_params_json""]",2026-08-17,,2026-08-17T06:14:18.247973+00:00,,,legacy_unavailable,bitkub,usdt_thb,THB,USDT,,,,stablecoin_tokens,1 stablecoin token = 1 USD; no FX conversion,,,sell_stablecoin_base_hit_bids,bitkub_usdt_thb_raw.json,2d7ac8ab905b5bfbbd70960e19d346af10f80396d747bf8ba4a0a70209a284e1,5000,5000,5000.0,5000.0,1.0,164850.0,32.97,1.5163002274432014,1.5163002274432014,1,False,
native_l2,legacy:2026-08-17,legacy_directory_identifier,data/exact_l2/2026-08-17,legacy_day_root,legacy,data/exact_l2/2026-08-17/manifest.json,01276274786e239972c04031ad47e4d12050c239de696f158d0071e0cb179069,data/exact_l2/2026-08-17/execution_curves.csv,e7a2c946ab48db17a765cbf91692416654a0d64e01238ccd492343ce6d8ca480,data/exact_l2/2026-08-17/bitkub_usdt_thb_raw.json,2d7ac8ab905b5bfbbd70960e19d346af10f80396d747bf8ba4a0a70209a284e1,sha256_verified,"[""base_asset"",""quote_asset"",""received_utc"",""exchange_timestamp_utc"",""source_url"",""source_params_json""]",2026-08-17,,2026-08-17T06:14:18.247973+00:00,,,legacy_unavailable,bitkub,usdt_thb,THB,USDT,,,,stablecoin_tokens,1 stablecoin token = 1 USD; no FX conversion,,,sell_stablecoin_base_hit_bids,bitkub_usdt_thb_raw.json,2d7ac8ab905b5bfbbd70960e19d346af10f80396d747bf8ba4a0a70209a284e1,10000,10000,10000.0,10000.0,1.0,329700.0,32.97,1.5163002274432014,1.5163002274432014,1,False,
native_l2,legacy:2026-08-17,legacy_directory_identifier,data/exact_l2/2026-08-17,legacy_day_root,legacy,data/exact_l2/2026-08-17/manifest.json,01276274786e239972c04031ad47e4d12050c239de696f158d0071e0cb179069,data/exact_l2/2026-08-17/execution_curves.csv,e7a2c946ab48db17a765cbf91692416654a0d64e01238ccd492343ce6d8ca480,data/exact_l2/2026-08-17/bitkub_usdt_thb_raw.json,2d7ac8ab905b5bfbbd70960e19d346af10f80396d747bf8ba4a0a70209a284e1,sha256_verified,"[""base_asset"",""quote_asset"",""received_utc"",""exchange_timestamp_utc"",""source_url"",""source_params_json""]",2026-08-17,,2026-08-17T06:14:18.247973+00:00,,,legacy_unavailable,bitkub,usdt_thb,THB,USDT,,,,stablecoin_tokens,1 stablecoin token = 1 USD; no FX conversion,,,sell_stablecoin_base_hit_bids,bitkub_usdt_thb_raw.json,2d7ac8ab905b5bfbbd70960e19d346af10f80396d747bf8ba4a0a70209a284e1,25000,25000,25000.0,25000.0,1.0,824250.0,32.97,1.5163002274432014,1.5163002274432014,1,False,
native_l2,legacy:2026-08-17,legacy_directory_identifier,data/exact_l2/2026-08-17,legacy_day_root,legacy,data/exact_l2/2026-08-17/manifest.json,01276274786e239972c04031ad47e4d12050c239de696f158d0071e0cb179069,data/exact_l2/2026-08-17/execution_curves.csv,e7a2c946ab48db17a765cbf91692416654a0d64e01238ccd492343ce6d8ca480,data/exact_l2/2026-08-17/bitkub_usdt_thb_raw.json,2d7ac8ab905b5bfbbd70960e19d346af10f80396d747bf8ba4a0a70209a284e1,sha256_verified,"[""base_asset"",""quote_asset"",""received_utc"",""exchange_timestamp_utc"",""source_url"",""source_params_json""]",2026-08-17,,2026-08-17T06:14:18.247973+00:00,,,legacy_unavailable,bitkub,usdt_thb,THB,USDT,,,,stablecoin_tokens,1 stablecoin token = 1 USD; no FX conversion,,,sell_stablecoin_base_hit_bids,bitkub_usdt_thb_raw.json,2d7ac8ab905b5bfbbd70960e19d346af10f80396d747bf8ba4a0a70209a284e1,50000,50000,50000.0,50000.0,1.0,1648500.0,32.97,1.5163002274432014,1.5163002274432014,1,False,
native_l2,legacy:2026-08-17,legacy_directory_identifier,data/exact_l2/2026-08-17,legacy_day_root,legacy,data/exact_l2/2026-08-17/manifest.json,01276274786e239972c04031ad47e4d12050c239de696f158d0071e0cb179069,data/exact_l2/2026-08-17/execution_curves.csv,e7a2c946ab48db17a765cbf91692416654a0d64e01238ccd492343ce6d8ca480,data/exact_l2/2026-08-17/bitkub_usdt_thb_raw.json,2d7ac8ab905b5bfbbd70960e19d346af10f80396d747bf8ba4a0a70209a284e1,sha256_verified,"[""base_asset"",""quote_asset"",""received_utc"",""exchange_timestamp_utc"",""source_url"",""source_params_json""]",2026-08-17,,2026-08-17T06:14:18.247973+00:00,,,legacy_unavailable,bitkub,usdt_thb,THB,USDT,,,,stablecoin_tokens,1 stablecoin token = 1 USD; no FX conversion,,,sell_stablecoin_base_hit_bids,bitkub_usdt_thb_raw.json,2d7ac8ab905b5bfbbd70960e19d346af10f80396d747bf8ba4a0a70209a284e1,100000,100000,100000.0,100000.0,1.0,3296578.2763,32.965782763,2.795219711900776,4.548900682332935,2,False,
native_l2,legacy:2026-08-18,legacy_directory_identifier,data/exact_l2/2026-08-18,legacy_day_root,legacy,data/exact_l2/2026-08-18/manifest.json,80a0ee379411b54ea4fe3b1dfc1807ddd301a771a9187ffea08e9bc05ad1ba03,data/exact_l2/2026-08-18/execution_curves.csv,bf552da3ca69c902fbaee7f2e97d6df1ded26efdc6e1768508cb31b9ab3b6139,data/exact_l2/2026-08-18/valr_usdtzar_raw.json,e2ab835f5b62e477dd89a7663bbf250bb1ff32c0a0a18bf6e3cb4ee5fa35ed1d,sha256_verified,"[""base_asset"",""quote_asset"",""received_utc"",""exchange_timestamp_utc"",""source_url"",""source_params_json""]",2026-08-18,,2026-08-18T06:10:15.055867+00:00,,,legacy_unavailable,valr,USDTZAR,ZAR,USDT,,,,stablecoin_tokens,1 stablecoin token = 1 USD; no FX conversion,,,sell_stablecoin_base_hit_bids,valr_usdtzar_raw.json,e2ab835f5b62e477dd89a7663bbf250bb1ff32c0a0a18bf6e3cb4ee5fa35ed1d,1000,1000,1000.0,1000.0,1.0,16371.200000000003,16.3712,0.03054134534719033,0.03054134534719033,1,False,
native_l2,legacy:2026-08-18,legacy_directory_identifier,data/exact_l2/2026-08-18,legacy_day_root,legacy,data/exact_l2/2026-08-18/manifest.json,80a0ee379411b54ea4fe3b1dfc1807ddd301a771a9187ffea08e9bc05ad1ba03,data/exact_l2/2026-08-18/execution_curves.csv,bf552da3ca69c902fbaee7f2e97d6df1ded26efdc6e1768508cb31b9ab3b6139,data/exact_l2/2026-08-18/valr_usdtzar_raw.json,e2ab835f5b62e477dd89a7663bbf250bb1ff32c0a0a18bf6e3cb4ee5fa35ed1d,sha256_verified,"[""base_asset"",""quote_asset"",""received_utc"",""exchange_timestamp_utc"",""source_url"",""source_params_json""]",2026-08-18,,2026-08-18T06:10:15.055867+00:00,,,legacy_unavailable,valr,USDTZAR,ZAR,USDT,,,,stablecoin_tokens,1 stablecoin token = 1 USD; no FX conversion,,,sell_stablecoin_base_hit_bids,valr_usdtzar_raw.json,e2ab835f5b62e477dd89a7663bbf250bb1ff32c0a0a18bf6e3cb4ee5fa35ed1d,5000,5000,5000.0,5000.0,1.0,81856.00000000001,16.3712,0.03054134534719033,0.03054134534719033,1,False,
native_l2,legacy:2026-08-18,legacy_directory_identifier,data/exact_l2/2026-08-18,legacy_day_root,legacy,data/exact_l2/2026-08-18/manifest.json,80a0ee379411b54ea4fe3b1dfc1807ddd301a771a9187ffea08e9bc05ad1ba03,data/exact_l2/2026-08-18/execution_curves.csv,bf552da3ca69c902fbaee7f2e97d6df1ded26efdc6e1768508cb31b9ab3b6139,data/exact_l2/2026-08-18/valr_usdtzar_raw.json,e2ab835f5b62e477dd89a7663bbf250bb1ff32c0a0a18bf6e3cb4ee5fa35ed1d,sha256_verified,"[""base_asset"",""quote_asset"",""received_utc"",""exchange_timestamp_utc"",""source_url"",""source_params_json""]",2026-08-18,,2026-08-18T06:10:15.055867+00:00,,,legacy_unavailable,valr,USDTZAR,ZAR,USDT,,,,stablecoin_tokens,1 stablecoin token = 1 USD; no FX conversion,,,sell_stablecoin_base_hit_bids,valr_usdtzar_raw.json,e2ab835f5b62e477dd89a7663bbf250bb1ff32c0a0a18bf6e3cb4ee5fa35ed1d,10000,10000,10000.0,10000.0,1.0,163712.00000000003,16.3712,0.03054134534719033,0.03054134534719033,1,False,
native_l2,legacy:2026-08-18,legacy_directory_identifier,data/exact_l2/2026-08-18,legacy_day_root,legacy,data/exact_l2/2026-08-18/manifest.json,80a0ee379411b54ea4fe3b1dfc1807ddd301a771a9187ffea08e9bc05ad1ba03,data/exact_l2/2026-08-18/execution_curves.csv,bf552da3ca69c902fbaee7f2e97d6df1ded26efdc6e1768508cb31b9ab3b6139,data/exact_l2/2026-08-18/valr_usdtzar_raw.json,e2ab835f5b62e477dd89a7663bbf250bb1ff32c0a0a18bf6e3cb4ee5fa35ed1d,sha256_verified,"[""base_asset"",""quote_asset"",""received_utc"",""exchange_timestamp_utc"",""source_url"",""source_params_json""]",2026-08-18,,2026-08-18T06:10:15.055867+00:00,,,legacy_unavailable,valr,USDTZAR,ZAR,USDT,,,,stablecoin_tokens,1 stablecoin token = 1 USD; no FX conversion,,,sell_stablecoin_base_hit_bids,valr_usdtzar_raw.json,e2ab835f5b62e477dd89a7663bbf250bb1ff32c0a0a18bf6e3cb4ee5fa35ed1d,25000,25000,25000.0,25000.0,1.0,409275.08569096006,16.371003427638403,0.1506130329698152,1.3132778498914366,4,False,
native_l2,legacy:2026-08-18,legacy_directory_identifier,data/exact_l2/2026-08-18,legacy_day_root,legacy,data/exact_l2/2026-08-18/manifest.json,80a0ee379411b54ea4fe3b1dfc1807ddd301a771a9187ffea08e9bc05ad1ba03,data/exact_l2/2026-08-18/execution_curves.csv,bf552da3ca69c902fbaee7f2e97d6df1ded26efdc6e1768508cb31b9ab3b6139,data/exact_l2/2026-08-18/valr_usdtzar_raw.json,e2ab835f5b62e477dd89a7663bbf250bb1ff32c0a0a18bf6e3cb4ee5fa35ed1d,sha256_verified,"[""base_asset"",""quote_asset"",""received_utc"",""exchange_timestamp_utc"",""source_url"",""source_params_json""]",2026-08-18,,2026-08-18T06:10:15.055867+00:00,,,legacy_unavailable,valr,USDTZAR,ZAR,USDT,,,,stablecoin_tokens,1 stablecoin token = 1 USD; no FX conversion,,,sell_stablecoin_base_hit_bids,valr_usdtzar_raw.json,e2ab835f5b62e477dd89a7663bbf250bb1ff32c0a0a18bf6e3cb4ee5fa35ed1d,50000,50000,50000.0,50000.0,1.0,818502.58569096,16.3700517138192,0.731945441431181,1.3132778498914366,4,False,
native_l2,legacy:2026-08-18,legacy_directory_identifier,data/exact_l2/2026-08-18,legacy_day_root,legacy,data/exact_l2/2026-08-18/manifest.json,80a0ee379411b54ea4fe3b1dfc1807ddd301a771a9187ffea08e9bc05ad1ba03,data/exact_l2/2026-08-18/execution_curves.csv,bf552da3ca69c902fbaee7f2e97d6df1ded26efdc6e1768508cb31b9ab3b6139,data/exact_l2/2026-08-18/valr_usdtzar_raw.json,e2ab835f5b62e477dd89a7663bbf250bb1ff32c0a0a18bf6e3cb4ee5fa35ed1d,sha256_verified,"[""base_asset"",""quote_asset"",""received_utc"",""exchange_timestamp_utc"",""source_url"",""source_params_json""]",2026-08-18,,2026-08-18T06:10:15.055867+00:00,,,legacy_unavailable,valr,USDTZAR,ZAR,USDT,,,,stablecoin_tokens,1 stablecoin token = 1 USD; no FX conversion,,,sell_stablecoin_base_hit_bids,valr_usdtzar_raw.json,e2ab835f5b62e477dd89a7663bbf250bb1ff32c0a0a18bf6e3cb4ee5fa35ed1d,100000,100000,100000.0,100000.0,1.0,1636936.39959941,16.3693639959941,1.1520219933747189,2.1073528288950705,5,False,
native_l2,legacy:2026-08-18,legacy_directory_identifier,data/exact_l2/2026-08-18,legacy_day_root,legacy,data/exact_l2/2026-08-18/manifest.json,80a0ee379411b54ea4fe3b1dfc1807ddd301a771a9187ffea08e9bc05ad1ba03,data/exact_l2/2026-08-18/execution_curves.csv,bf552da3ca69c902fbaee7f2e97d6df1ded26efdc6e1768508cb31b9ab3b6139,data/exact_l2/2026-08-18/bitkub_usdt_thb_raw.json,e6bff44bce182e3174be2d1d6a902449ac1bad66b6a91747ce423ab7089ff83b,sha256_verified,"[""base_asset"",""quote_asset"",""received_utc"",""exchange_timestamp_utc"",""source_url"",""source_params_json""]",2026-08-18,,2026-08-18T06:10:15.306881+00:00,,,legacy_unavailable,bitkub,usdt_thb,THB,USDT,,,,stablecoin_tokens,1 stablecoin token = 1 USD; no FX conversion,,,sell_stablecoin_base_hit_bids,bitkub_usdt_thb_raw.json,e6bff44bce182e3174be2d1d6a902449ac1bad66b6a91747ce423ab7089ff83b,1000,1000,1000.0,1000.0,1.0,33020.0,33.02,1.5140045420147796,1.5140045420147796,1,False,
native_l2,legacy:2026-08-18,legacy_directory_identifier,data/exact_l2/2026-08-18,legacy_day_root,legacy,data/exact_l2/2026-08-18/manifest.json,80a0ee379411b54ea4fe3b1dfc1807ddd301a771a9187ffea08e9bc05ad1ba03,data/exact_l2/2026-08-18/execution_curves.csv,bf552da3ca69c902fbaee7f2e97d6df1ded26efdc6e1768508cb31b9ab3b6139,data/exact_l2/2026-08-18/bitkub_usdt_thb_raw.json,e6bff44bce182e3174be2d1d6a902449ac1bad66b6a91747ce423ab7089ff83b,sha256_verified,"[""base_asset"",""quote_asset"",""received_utc"",""exchange_timestamp_utc"",""source_url"",""source_params_json""]",2026-08-18,,2026-08-18T06:10:15.306881+00:00,,,legacy_unavailable,bitkub,usdt_thb,THB,USDT,,,,stablecoin_tokens,1 stablecoin token = 1 USD; no FX conversion,,,sell_stablecoin_base_hit_bids,bitkub_usdt_thb_raw.json,e6bff44bce182e3174be2d1d6a902449ac1bad66b6a91747ce423ab7089ff83b,5000,5000,5000.0,5000.0,1.0,165100.00000000003,33.02,1.5140045420147796,1.5140045420147796,1,False,
native_l2,legacy:2026-08-18,legacy_directory_identifier,data/exact_l2/2026-08-18,legacy_day_root,legacy,data/exact_l2/2026-08-18/manifest.json,80a0ee379411b54ea4fe3b1dfc1807ddd301a771a9187ffea08e9bc05ad1ba03,data/exact_l2/2026-08-18/execution_curves.csv,bf552da3ca69c902fbaee7f2e97d6df1ded26efdc6e1768508cb31b9ab3b6139,data/exact_l2/2026-08-18/bitkub_usdt_thb_raw.json,e6bff44bce182e3174be2d1d6a902449ac1bad66b6a91747ce423ab7089ff83b,sha256_verified,"[""base_asset"",""quote_asset"",""received_utc"",""exchange_timestamp_utc"",""source_url"",""source_params_json""]",2026-08-18,,2026-08-18T06:10:15.306881+00:00,,,legacy_unavailable,bitkub,usdt_thb,THB,USDT,,,,stablecoin_tokens,1 stablecoin token = 1 USD; no FX conversion,,,sell_stablecoin_base_hit_bids,bitkub_usdt_thb_raw.json,e6bff44bce182e3174be2d1d6a902449ac1bad66b6a91747ce423ab7089ff83b,10000,10000,10000.0,10000.0,1.0,330200.00000000006,33.02,1.5140045420147796,1.5140045420147796,1,False,
native_l2,legacy:2026-08-18,legacy_directory_identifier,data/exact_l2/2026-08-18,legacy_day_root,legacy,data/exact_l2/2026-08-18/manifest.json,80a0ee379411b54ea4fe3b1dfc1807ddd301a771a9187ffea08e9bc05ad1ba03,data/exact_l2/2026-08-18/execution_curves.csv,bf552da3ca69c902fbaee7f2e97d6df1ded26efdc6e1768508cb31b9ab3b6139,data/exact_l2/2026-08-18/bitkub_usdt_thb_raw.json,e6bff44bce182e3174be2d1d6a902449ac1bad66b6a91747ce423ab7089ff83b,sha256_verified,"[""base_asset"",""quote_asset"",""received_utc"",""exchange_timestamp_utc"",""source_url"",""source_params_json""]",2026-08-18,,2026-08-18T06:10:15.306881+00:00,,,legacy_unavailable,bitkub,usdt_thb,THB,USDT,,,,stablecoin_tokens,1 stablecoin token = 1 USD; no FX conversion,,,sell_stablecoin_base_hit_bids,bitkub_usdt_thb_raw.json,e6bff44bce182e3174be2d1d6a902449ac1bad66b6a91747ce423ab7089ff83b,25000,25000,25000.0,25000.0,1.0,825500.0000000001,33.02,1.5140045420147796,1.5140045420147796,1,False,
native_l2,legacy:2026-08-18,legacy_directory_identifier,data/exact_l2/2026-08-18,legacy_day_root,legacy,data/exact_l2/2026-08-18/manifest.json,80a0ee379411b54ea4fe3b1dfc1807ddd301a771a9187ffea08e9bc05ad1ba03,data/exact_l2/2026-08-18/execution_curves.csv,bf552da3ca69c902fbaee7f2e97d6df1ded26efdc6e1768508cb31b9ab3b6139,data/exact_l2/2026-08-18/bitkub_usdt_thb_raw.json,e6bff44bce182e3174be2d1d6a902449ac1bad66b6a91747ce423ab7089ff83b,sha256_verified,"[""base_asset"",""quote_asset"",""received_utc"",""exchange_timestamp_utc"",""source_url"",""source_params_json""]",2026-08-18,,2026-08-18T06:10:15.306881+00:00,,,legacy_unavailable,bitkub,usdt_thb,THB,USDT,,,,stablecoin_tokens,1 stablecoin token = 1 USD; no FX conversion,,,sell_stablecoin_base_hit_bids,bitkub_usdt_thb_raw.json,e6bff44bce182e3174be2d1d6a902449ac1bad66b6a91747ce423ab7089ff83b,50000,50000,50000.0,50000.0,1.0,1651000.0000000002,33.02,1.5140045420147796,1.5140045420147796,1,False,
native_l2,legacy:2026-08-18,legacy_directory_identifier,data/exact_l2/2026-08-18,legacy_day_root,legacy,data/exact_l2/2026-08-18/manifest.json,80a0ee379411b54ea4fe3b1dfc1807ddd301a771a9187ffea08e9bc05ad1ba03,data/exact_l2/2026-08-18/execution_curves.csv,bf552da3ca69c902fbaee7f2e97d6df1ded26efdc6e1768508cb31b9ab3b6139,data/exact_l2/2026-08-18/bitkub_usdt_thb_raw.json,e6bff44bce182e3174be2d1d6a902449ac1bad66b6a91747ce423ab7089ff83b,sha256_verified,"[""base_asset"",""quote_asset"",""received_utc"",""exchange_timestamp_utc"",""source_url"",""source_params_json""]",2026-08-18,,2026-08-18T06:10:15.306881+00:00,,,legacy_unavailable,bitkub,usdt_thb,THB,USDT,,,,stablecoin_tokens,1 stablecoin token = 1 USD; no FX conversion,,,sell_stablecoin_base_hit_bids,bitkub_usdt_thb_raw.json,e6bff44bce182e3174be2d1d6a902449ac1bad66b6a91747ce423ab7089ff83b,100000,100000,100000.0,100000.0,1.0,3302000.0000000005,33.02,1.5140045420147796,1.5140045420147796,1,False,
native_l2,legacy:2026-08-19,legacy_directory_identifier,data/exact_l2/2026-08-19,legacy_day_root,legacy,data/exact_l2/2026-08-19/manifest.json,95b7946debb94d93948d3a9af923a9bd0c35608e5d28002e131c5463b42033c5,data/exact_l2/2026-08-19/execution_curves.csv,124078dc6e0a27b077c9e5f9ee5c7af51e25dcae451c694fb5fb7b8f53c479f0,data/exact_l2/2026-08-19/valr_usdtzar_raw.json,7f1c008380bcf284624c694c3594ef9f5e6cb602425ae4e38c50442f60df7f26,sha256_verified,"[""base_asset"",""quote_asset"",""received_utc"",""exchange_timestamp_utc"",""source_url"",""source_params_json""]",2026-08-19,,2026-08-19T06:11:32.868441+00:00,,,legacy_unavailable,valr,USDTZAR,ZAR,USDT,,,,stablecoin_tokens,1 stablecoin token = 1 USD; no FX conversion,,,sell_stablecoin_base_hit_bids,valr_usdtzar_raw.json,7f1c008380bcf284624c694c3594ef9f5e6cb602425ae4e38c50442f60df7f26,1000,1000,1000.0,1000.0,1.0,16342.9,16.3429,0.03059423176465792,0.03059423176465792,1,False,
native_l2,legacy:2026-08-19,legacy_directory_identifier,data/exact_l2/2026-08-19,legacy_day_root,legacy,data/exact_l2/2026-08-19/manifest.json,95b7946debb94d93948d3a9af923a9bd0c35608e5d28002e131c5463b42033c5,data/exact_l2/2026-08-19/execution_curves.csv,124078dc6e0a27b077c9e5f9ee5c7af51e25dcae451c694fb5fb7b8f53c479f0,data/exact_l2/2026-08-19/valr_usdtzar_raw.json,7f1c008380bcf284624c694c3594ef9f5e6cb602425ae4e38c50442f60df7f26,sha256_verified,"[""base_asset"",""quote_asset"",""received_utc"",""exchange_timestamp_utc"",""source_url"",""source_params_json""]",2026-08-19,,2026-08-19T06:11:32.868441+00:00,,,legacy_unavailable,valr,USDTZAR,ZAR,USDT,,,,stablecoin_tokens,1 stablecoin token = 1 USD; no FX conversion,,,sell_stablecoin_base_hit_bids,valr_usdtzar_raw.json,7f1c008380bcf284624c694c3594ef9f5e6cb602425ae4e38c50442f60df7f26,5000,5000,5000.0,5000.0,1.0,81714.5,16.3429,0.03059423176465792,0.03059423176465792,1,False,
native_l2,legacy:2026-08-19,legacy_directory_identifier,data/exact_l2/2026-08-19,legacy_day_root,legacy,data/exact_l2/2026-08-19/manifest.json,95b7946debb94d93948d3a9af923a9bd0c35608e5d28002e131c5463b42033c5,data/exact_l2/2026-08-19/execution_curves.csv,124078dc6e0a27b077c9e5f9ee5c7af51e25dcae451c694fb5fb7b8f53c479f0,data/exact_l2/2026-08-19/valr_usdtzar_raw.json,7f1c008380bcf284624c694c3594ef9f5e6cb602425ae4e38c50442f60df7f26,sha256_verified,"[""base_asset"",""quote_asset"",""received_utc"",""exchange_timestamp_utc"",""source_url"",""source_params_json""]",2026-08-19,,2026-08-19T06:11:32.868441+00:00,,,legacy_unavailable,valr,USDTZAR,ZAR,USDT,,,,stablecoin_tokens,1 stablecoin token = 1 USD; no FX conversion,,,sell_stablecoin_base_hit_bids,valr_usdtzar_raw.json,7f1c008380bcf284624c694c3594ef9f5e6cb602425ae4e38c50442f60df7f26,10000,10000,10000.0,10000.0,1.0,163429.0,16.3429,0.03059423176465792,0.03059423176465792,1,False,
native_l2,legacy:2026-08-19,legacy_directory_identifier,data/exact_l2/2026-08-19,legacy_day_root,legacy,data/exact_l2/2026-08-19/manifest.json,95b7946debb94d93948d3a9af923a9bd0c35608e5d28002e131c5463b42033c5,data/exact_l2/2026-08-19/execution_curves.csv,124078dc6e0a27b077c9e5f9ee5c7af51e25dcae451c694fb5fb7b8f53c479f0,data/exact_l2/2026-08-19/valr_usdtzar_raw.json,7f1c008380bcf284624c694c3594ef9f5e6cb602425ae4e38c50442f60df7f26,sha256_verified,"[""base_asset"",""quote_asset"",""received_utc"",""exchange_timestamp_utc"",""source_url"",""source_params_json""]",2026-08-19,,2026-08-19T06:11:32.868441+00:00,,,legacy_unavailable,valr,USDTZAR,ZAR,USDT,,,,stablecoin_tokens,1 stablecoin token = 1 USD; no FX conversion,,,sell_stablecoin_base_hit_bids,valr_usdtzar_raw.json,7f1c008380bcf284624c694c3594ef9f5e6cb602425ae4e38c50442f60df7f26,25000,25000,25000.0,25000.0,1.0,408572.5,16.3429,0.03059423176465792,0.03059423176465792,1,False,
native_l2,legacy:2026-08-19,legacy_directory_identifier,data/exact_l2/2026-08-19,legacy_day_root,legacy,data/exact_l2/2026-08-19/manifest.json,95b7946debb94d93948d3a9af923a9bd0c35608e5d28002e131c5463b42033c5,data/exact_l2/2026-08-19/execution_curves.csv,124078dc6e0a27b077c9e5f9ee5c7af51e25dcae451c694fb5fb7b8f53c479f0,data/exact_l2/2026-08-19/valr_usdtzar_raw.json,7f1c008380bcf284624c694c3594ef9f5e6cb602425ae4e38c50442f60df7f26,sha256_verified,"[""base_asset"",""quote_asset"",""received_utc"",""exchange_timestamp_utc"",""source_url"",""source_params_json""]",2026-08-19,,2026-08-19T06:11:32.868441+00:00,,,legacy_unavailable,valr,USDTZAR,ZAR,USDT,,,,stablecoin_tokens,1 stablecoin token = 1 USD; no FX conversion,,,sell_stablecoin_base_hit_bids,valr_usdtzar_raw.json,7f1c008380bcf284624c694c3594ef9f5e6cb602425ae4e38c50442f60df7f26,50000,50000,50000.0,50000.0,1.0,817145.0,16.3429,0.03059423176465792,0.03059423176465792,1,False,
native_l2,legacy:2026-08-19,legacy_directory_identifier,data/exact_l2/2026-08-19,legacy_day_root,legacy,data/exact_l2/2026-08-19/manifest.json,95b7946debb94d93948d3a9af923a9bd0c35608e5d28002e131c5463b42033c5,data/exact_l2/2026-08-19/execution_curves.csv,124078dc6e0a27b077c9e5f9ee5c7af51e25dcae451c694fb5fb7b8f53c479f0,data/exact_l2/2026-08-19/valr_usdtzar_raw.json,7f1c008380bcf284624c694c3594ef9f5e6cb602425ae4e38c50442f60df7f26,sha256_verified,"[""base_asset"",""quote_asset"",""received_utc"",""exchange_timestamp_utc"",""source_url"",""source_params_json""]",2026-08-19,,2026-08-19T06:11:32.868441+00:00,,,legacy_unavailable,valr,USDTZAR,ZAR,USDT,,,,stablecoin_tokens,1 stablecoin token = 1 USD; no FX conversion,,,sell_stablecoin_base_hit_bids,valr_usdtzar_raw.json,7f1c008380bcf284624c694c3594ef9f5e6cb602425ae4e38c50442f60df7f26,100000,100000,100000.0,100000.0,1.0,1634290.0,16.3429,0.03059423176465792,0.03059423176465792,2,False,
native_l2,legacy:2026-08-19,legacy_directory_identifier,data/exact_l2/2026-08-19,legacy_day_root,legacy,data/exact_l2/2026-08-19/manifest.json,95b7946debb94d93948d3a9af923a9bd0c35608e5d28002e131c5463b42033c5,data/exact_l2/2026-08-19/execution_curves.csv,124078dc6e0a27b077c9e5f9ee5c7af51e25dcae451c694fb5fb7b8f53c479f0,data/exact_l2/2026-08-19/bitkub_usdt_thb_raw.json,4adaf60640916f5eb6b5783ff6d5e6733fb8905c7b5ed8cdf3edb0d833d22456,sha256_verified,"[""base_asset"",""quote_asset"",""received_utc"",""exchange_timestamp_utc"",""source_url"",""source_params_json""]",2026-08-19,,2026-08-19T06:11:33.082094+00:00,,,legacy_unavailable,bitkub,usdt_thb,THB,USDT,,,,stablecoin_tokens,1 stablecoin token = 1 USD; no FX conversion,,,sell_stablecoin_base_hit_bids,bitkub_usdt_thb_raw.json,4adaf60640916f5eb6b5783ff6d5e6733fb8905c7b5ed8cdf3edb0d833d22456,1000,1000,1000.0,1000.0,1.0,33060.0,33.06,1.5121729925893224,1.5121729925893224,1,False,
native_l2,legacy:2026-08-19,legacy_directory_identifier,data/exact_l2/2026-08-19,legacy_day_root,legacy,data/exact_l2/2026-08-19/manifest.json,95b7946debb94d93948d3a9af923a9bd0c35608e5d28002e131c5463b42033c5,data/exact_l2/2026-08-19/execution_curves.csv,124078dc6e0a27b077c9e5f9ee5c7af51e25dcae451c694fb5fb7b8f53c479f0,data/exact_l2/2026-08-19/bitkub_usdt_thb_raw.json,4adaf60640916f5eb6b5783ff6d5e6733fb8905c7b5ed8cdf3edb0d833d22456,sha256_verified,"[""base_asset"",""quote_asset"",""received_utc"",""exchange_timestamp_utc"",""source_url"",""source_params_json""]",2026-08-19,,2026-08-19T06:11:33.082094+00:00,,,legacy_unavailable,bitkub,usdt_thb,THB,USDT,,,,stablecoin_tokens,1 stablecoin token = 1 USD; no FX conversion,,,sell_stablecoin_base_hit_bids,bitkub_usdt_thb_raw.json,4adaf60640916f5eb6b5783ff6d5e6733fb8905c7b5ed8cdf3edb0d833d22456,5000,5000,5000.0,5000.0,1.0,165300.0,33.06,1.5121729925893224,1.5121729925893224,1,False,
native_l2,legacy:2026-08-19,legacy_directory_identifier,data/exact_l2/2026-08-19,legacy_day_root,legacy,data/exact_l2/2026-08-19/manifest.json,95b7946debb94d93948d3a9af923a9bd0c35608e5d28002e131c5463b42033c5,data/exact_l2/2026-08-19/execution_curves.csv,124078dc6e0a27b077c9e5f9ee5c7af51e25dcae451c694fb5fb7b8f53c479f0,data/exact_l2/2026-08-19/bitkub_usdt_thb_raw.json,4adaf60640916f5eb6b5783ff6d5e6733fb8905c7b5ed8cdf3edb0d833d22456,sha256_verified,"[""base_asset"",""quote_asset"",""received_utc"",""exchange_timestamp_utc"",""source_url"",""source_params_json""]",2026-08-19,,2026-08-19T06:11:33.082094+00:00,,,legacy_unavailable,bitkub,usdt_thb,THB,USDT,,,,stablecoin_tokens,1 stablecoin token = 1 USD; no FX conversion,,,sell_stablecoin_base_hit_bids,bitkub_usdt_thb_raw.json,4adaf60640916f5eb6b5783ff6d5e6733fb8905c7b5ed8cdf3edb0d833d22456,10000,10000,10000.0,10000.0,1.0,330600.0,33.06,1.5121729925893224,1.5121729925893224,1,False,
native_l2,legacy:2026-08-19,legacy_directory_identifier,data/exact_l2/2026-08-19,legacy_day_root,legacy,data/exact_l2/2026-08-19/manifest.json,95b7946debb94d93948d3a9af923a9bd0c35608e5d28002e131c5463b42033c5,data/exact_l2/2026-08-19/execution_curves.csv,124078dc6e0a27b077c9e5f9ee5c7af51e25dcae451c694fb5fb7b8f53c479f0,data/exact_l2/2026-08-19/bitkub_usdt_thb_raw.json,4adaf60640916f5eb6b5783ff6d5e6733fb8905c7b5ed8cdf3edb0d833d22456,sha256_verified,"[""base_asset"",""quote_asset"",""received_utc"",""exchange_timestamp_utc"",""source_url"",""source_params_json""]",2026-08-19,,2026-08-19T06:11:33.082094+00:00,,,legacy_unavailable,bitkub,usdt_thb,THB,USDT,,,,stablecoin_tokens,1 stablecoin token = 1 USD; no FX conversion,,,sell_stablecoin_base_hit_bids,bitkub_usdt_thb_raw.json,4adaf60640916f5eb6b5783ff6d5e6733fb8905c7b5ed8cdf3edb0d833d22456,25000,25000,25000.0,25000.0,1.0,826500.0,33.06,1.5121729925893224,1.5121729925893224,1,False,
native_l2,legacy:2026-08-19,legacy_directory_identifier,data/exact_l2/2026-08-19,legacy_day_root,legacy,data/exact_l2/2026-08-19/manifest.json,95b7946debb94d93948d3a9af923a9bd0c35608e5d28002e131c5463b42033c5,data/exact_l2/2026-08-19/execution_curves.csv,124078dc6e0a27b077c9e5f9ee5c7af51e25dcae451c694fb5fb7b8f53c479f0,data/exact_l2/2026-08-19/bitkub_usdt_thb_raw.json,4adaf60640916f5eb6b5783ff6d5e6733fb8905c7b5ed8cdf3edb0d833d22456,sha256_verified,"[""base_asset"",""quote_asset"",""received_utc"",""exchange_timestamp_utc"",""source_url"",""source_params_json""]",2026-08-19,,2026-08-19T06:11:33.082094+00:00,,,legacy_unavailable,bitkub,usdt_thb,THB,USDT,,,,stablecoin_tokens,1 stablecoin token = 1 USD; no FX conversion,,,sell_stablecoin_base_hit_bids,bitkub_usdt_thb_raw.json,4adaf60640916f5eb6b5783ff6d5e6733fb8905c7b5ed8cdf3edb0d833d22456,50000,50000,50000.0,50000.0,1.0,1653000.0,33.06,1.5121729925893224,1.5121729925893224,1,False,
native_l2,legacy:2026-08-19,legacy_directory_identifier,data/exact_l2/2026-08-19,legacy_day_root,legacy,data/exact_l2/2026-08-19/manifest.json,95b7946debb94d93948d3a9af923a9bd0c35608e5d28002e131c5463b42033c5,data/exact_l2/2026-08-19/execution_curves.csv,124078dc6e0a27b077c9e5f9ee5c7af51e25dcae451c694fb5fb7b8f53c479f0,data/exact_l2/2026-08-19/bitkub_usdt_thb_raw.json,4adaf60640916f5eb6b5783ff6d5e6733fb8905c7b5ed8cdf3edb0d833d22456,sha256_verified,"[""base_asset"",""quote_asset"",""received_utc"",""exchange_timestamp_utc"",""source_url"",""source_params_json""]",2026-08-19,,2026-08-19T06:11:33.082094+00:00,,,legacy_unavailable,bitkub,usdt_thb,THB,USDT,,,,stablecoin_tokens,1 stablecoin token = 1 USD; no FX conversion,,,sell_stablecoin_base_hit_bids,bitkub_usdt_thb_raw.json,4adaf60640916f5eb6b5783ff6d5e6733fb8905c7b5ed8cdf3edb0d833d22456,100000,100000,100000.0,100000.0,1.0,3306000.0,33.06,1.5121729925893224,1.5121729925893224,1,False,
native_l2,legacy:2026-08-20,legacy_directory_identifier,data/exact_l2/2026-08-20,legacy_day_root,legacy,data/exact_l2/2026-08-20/manifest.json,0f0432c975e06714d91f7bc7e39b2bf7b5aec3e41f525a67050141734a3b7417,data/exact_l2/2026-08-20/execution_curves.csv,ae93e9665a9ed1225bf4262749c612c3360b2f4b481205e0d6667eaf6a0bc53f,data/exact_l2/2026-08-20/valr_usdtzar_raw.json,e5e2ff6294f2544755d1da0c1e793e1048cb806b2bb56315cc04ea14ecbcd0d6,sha256_verified,"[""base_asset"",""quote_asset"",""received_utc"",""exchange_timestamp_utc"",""source_url"",""source_params_json""]",2026-08-20,,2026-08-20T06:11:52.653032+00:00,,,legacy_unavailable,valr,USDTZAR,ZAR,USDT,,,,stablecoin_tokens,1 stablecoin token = 1 USD; no FX conversion,,,sell_stablecoin_base_hit_bids,valr_usdtzar_raw.json,e5e2ff6294f2544755d1da0c1e793e1048cb806b2bb56315cc04ea14ecbcd0d6,1000,1000,1000.0,1000.0,1.0,16142.600000000002,16.1426,1.734240093154149,1.734240093154149,1,False,
native_l2,legacy:2026-08-20,legacy_directory_identifier,data/exact_l2/2026-08-20,legacy_day_root,legacy,data/exact_l2/2026-08-20/manifest.json,0f0432c975e06714d91f7bc7e39b2bf7b5aec3e41f525a67050141734a3b7417,data/exact_l2/2026-08-20/execution_curves.csv,ae93e9665a9ed1225bf4262749c612c3360b2f4b481205e0d6667eaf6a0bc53f,data/exact_l2/2026-08-20/valr_usdtzar_raw.json,e5e2ff6294f2544755d1da0c1e793e1048cb806b2bb56315cc04ea14ecbcd0d6,sha256_verified,"[""base_asset"",""quote_asset"",""received_utc"",""exchange_timestamp_utc"",""source_url"",""source_params_json""]",2026-08-20,,2026-08-20T06:11:52.653032+00:00,,,legacy_unavailable,valr,USDTZAR,ZAR,USDT,,,,stablecoin_tokens,1 stablecoin token = 1 USD; no FX conversion,,,sell_stablecoin_base_hit_bids,valr_usdtzar_raw.json,e5e2ff6294f2544755d1da0c1e793e1048cb806b2bb56315cc04ea14ecbcd0d6,5000,5000,5000.0,5000.0,1.0,80713.00000000001,16.1426,1.734240093154149,1.734240093154149,1,False,
native_l2,legacy:2026-08-20,legacy_directory_identifier,data/exact_l2/2026-08-20,legacy_day_root,legacy,data/exact_l2/2026-08-20/manifest.json,0f0432c975e06714d91f7bc7e39b2bf7b5aec3e41f525a67050141734a3b7417,data/exact_l2/2026-08-20/execution_curves.csv,ae93e9665a9ed1225bf4262749c612c3360b2f4b481205e0d6667eaf6a0bc53f,data/exact_l2/2026-08-20/valr_usdtzar_raw.json,e5e2ff6294f2544755d1da0c1e793e1048cb806b2bb56315cc04ea14ecbcd0d6,sha256_verified,"[""base_asset"",""quote_asset"",""received_utc"",""exchange_timestamp_utc"",""source_url"",""source_params_json""]",2026-08-20,,2026-08-20T06:11:52.653032+00:00,,,legacy_unavailable,valr,USDTZAR,ZAR,USDT,,,,stablecoin_tokens,1 stablecoin token = 1 USD; no FX conversion,,,sell_stablecoin_base_hit_bids,valr_usdtzar_raw.json,e5e2ff6294f2544755d1da0c1e793e1048cb806b2bb56315cc04ea14ecbcd0d6,10000,10000,10000.0,10000.0,1.0,161426.00000000003,16.1426,1.734240093154149,1.734240093154149,1,False,
native_l2,legacy:2026-08-20,legacy_directory_identifier,data/exact_l2/2026-08-20,legacy_day_root,legacy,data/exact_l2/2026-08-20/manifest.json,0f0432c975e06714d91f7bc7e39b2bf7b5aec3e41f525a67050141734a3b7417,data/exact_l2/2026-08-20/execution_curves.csv,ae93e9665a9ed1225bf4262749c612c3360b2f4b481205e0d6667eaf6a0bc53f,data/exact_l2/2026-08-20/valr_usdtzar_raw.json,e5e2ff6294f2544755d1da0c1e793e1048cb806b2bb56315cc04ea14ecbcd0d6,sha256_verified,"[""base_asset"",""quote_asset"",""received_utc"",""exchange_timestamp_utc"",""source_url"",""source_params_json""]",2026-08-20,,2026-08-20T06:11:52.653032+00:00,,,legacy_unavailable,valr,USDTZAR,ZAR,USDT,,,,stablecoin_tokens,1 stablecoin token = 1 USD; no FX conversion,,,sell_stablecoin_base_hit_bids,valr_usdtzar_raw.json,e5e2ff6294f2544755d1da0c1e793e1048cb806b2bb56315cc04ea14ecbcd0d6,25000,25000,25000.0,25000.0,1.0,403565.00000000006,16.1426,1.734240093154149,1.734240093154149,1,False,
native_l2,legacy:2026-08-20,legacy_directory_identifier,data/exact_l2/2026-08-20,legacy_day_root,legacy,data/exact_l2/2026-08-20/manifest.json,0f0432c975e06714d91f7bc7e39b2bf7b5aec3e41f525a67050141734a3b7417,data/exact_l2/2026-08-20/execution_curves.csv,ae93e9665a9ed1225bf4262749c612c3360b2f4b481205e0d6667eaf6a0bc53f,data/exact_l2/2026-08-20/valr_usdtzar_raw.json,e5e2ff6294f2544755d1da0c1e793e1048cb806b2bb56315cc04ea14ecbcd0d6,sha256_verified,"[""base_asset"",""quote_asset"",""received_utc"",""exchange_timestamp_utc"",""source_url"",""source_params_json""]",2026-08-20,,2026-08-20T06:11:52.653032+00:00,,,legacy_unavailable,valr,USDTZAR,ZAR,USDT,,,,stablecoin_tokens,1 stablecoin token = 1 USD; no FX conversion,,,sell_stablecoin_base_hit_bids,valr_usdtzar_raw.json,e5e2ff6294f2544755d1da0c1e793e1048cb806b2bb56315cc04ea14ecbcd0d6,50000,50000,50000.0,50000.0,1.0,807130.0000000001,16.1426,1.734240093154149,1.734240093154149,1,False,
native_l2,legacy:2026-08-20,legacy_directory_identifier,data/exact_l2/2026-08-20,legacy_day_root,legacy,data/exact_l2/2026-08-20/manifest.json,0f0432c975e06714d91f7bc7e39b2bf7b5aec3e41f525a67050141734a3b7417,data/exact_l2/2026-08-20/execution_curves.csv,ae93e9665a9ed1225bf4262749c612c3360b2f4b481205e0d6667eaf6a0bc53f,data/exact_l2/2026-08-20/valr_usdtzar_raw.json,e5e2ff6294f2544755d1da0c1e793e1048cb806b2bb56315cc04ea14ecbcd0d6,sha256_verified,"[""base_asset"",""quote_asset"",""received_utc"",""exchange_timestamp_utc"",""source_url"",""source_params_json""]",2026-08-20,,2026-08-20T06:11:52.653032+00:00,,,legacy_unavailable,valr,USDTZAR,ZAR,USDT,,,,stablecoin_tokens,1 stablecoin token = 1 USD; no FX conversion,,,sell_stablecoin_base_hit_bids,valr_usdtzar_raw.json,e5e2ff6294f2544755d1da0c1e793e1048cb806b2bb56315cc04ea14ecbcd0d6,100000,100000,100000.0,100000.0,1.0,1614260.0000000002,16.1426,1.734240093154149,1.734240093154149,1,False,
native_l2,legacy:2026-08-20,legacy_directory_identifier,data/exact_l2/2026-08-20,legacy_day_root,legacy,data/exact_l2/2026-08-20/manifest.json,0f0432c975e06714d91f7bc7e39b2bf7b5aec3e41f525a67050141734a3b7417,data/exact_l2/2026-08-20/execution_curves.csv,ae93e9665a9ed1225bf4262749c612c3360b2f4b481205e0d6667eaf6a0bc53f,data/exact_l2/2026-08-20/bitkub_usdt_thb_raw.json,a646237954bd9813823ce07297b494ddc923b61557ba4759b158a167ba53be1f,sha256_verified,"[""base_asset"",""quote_asset"",""received_utc"",""exchange_timestamp_utc"",""source_url"",""source_params_json""]",2026-08-20,,2026-08-20T06:11:52.852951+00:00,,,legacy_unavailable,bitkub,usdt_thb,THB,USDT,,,,stablecoin_tokens,1 stablecoin token = 1 USD; no FX conversion,,,sell_stablecoin_base_hit_bids,bitkub_usdt_thb_raw.json,a646237954bd9813823ce07297b494ddc923b61557ba4759b158a167ba53be1f,1000,1000,1000.0,1000.0,1.0,32810.0,32.81,1.5236934328799467,1.5236934328799467,1,False,
native_l2,legacy:2026-08-20,legacy_directory_identifier,data/exact_l2/2026-08-20,legacy_day_root,legacy,data/exact_l2/2026-08-20/manifest.json,0f0432c975e06714d91f7bc7e39b2bf7b5aec3e41f525a67050141734a3b7417,data/exact_l2/2026-08-20/execution_curves.csv,ae93e9665a9ed1225bf4262749c612c3360b2f4b481205e0d6667eaf6a0bc53f,data/exact_l2/2026-08-20/bitkub_usdt_thb_raw.json,a646237954bd9813823ce07297b494ddc923b61557ba4759b158a167ba53be1f,sha256_verified,"[""base_asset"",""quote_asset"",""received_utc"",""exchange_timestamp_utc"",""source_url"",""source_params_json""]",2026-08-20,,2026-08-20T06:11:52.852951+00:00,,,legacy_unavailable,bitkub,usdt_thb,THB,USDT,,,,stablecoin_tokens,1 stablecoin token = 1 USD; no FX conversion,,,sell_stablecoin_base_hit_bids,bitkub_usdt_thb_raw.json,a646237954bd9813823ce07297b494ddc923b61557ba4759b158a167ba53be1f,5000,5000,5000.0,5000.0,1.0,164050.0,32.81,1.5236934328799467,1.5236934328799467,1,False,
native_l2,legacy:2026-08-20,legacy_directory_identifier,data/exact_l2/2026-08-20,legacy_day_root,legacy,data/exact_l2/2026-08-20/manifest.json,0f0432c975e06714d91f7bc7e39b2bf7b5aec3e41f525a67050141734a3b7417,data/exact_l2/2026-08-20/execution_curves.csv,ae93e9665a9ed1225bf4262749c612c3360b2f4b481205e0d6667eaf6a0bc53f,data/exact_l2/2026-08-20/bitkub_usdt_thb_raw.json,a646237954bd9813823ce07297b494ddc923b61557ba4759b158a167ba53be1f,sha256_verified,"[""base_asset"",""quote_asset"",""received_utc"",""exchange_timestamp_utc"",""source_url"",""source_params_json""]",2026-08-20,,2026-08-20T06:11:52.852951+00:00,,,legacy_unavailable,bitkub,usdt_thb,THB,USDT,,,,stablecoin_tokens,1 stablecoin token = 1 USD; no FX conversion,,,sell_stablecoin_base_hit_bids,bitkub_usdt_thb_raw.json,a646237954bd9813823ce07297b494ddc923b61557ba4759b158a167ba53be1f,10000,10000,10000.0,10000.0,1.0,328100.0,32.81,1.5236934328799467,1.5236934328799467,1,False,
native_l2,legacy:2026-08-20,legacy_directory_identifier,data/exact_l2/2026-08-20,legacy_day_root,legacy,data/exact_l2/2026-08-20/manifest.json,0f0432c975e06714d91f7bc7e39b2bf7b5aec3e41f525a67050141734a3b7417,data/exact_l2/2026-08-20/execution_curves.csv,ae93e9665a9ed1225bf4262749c612c3360b2f4b481205e0d6667eaf6a0bc53f,data/exact_l2/2026-08-20/bitkub_usdt_thb_raw.json,a646237954bd9813823ce07297b494ddc923b61557ba4759b158a167ba53be1f,sha256_verified,"[""base_asset"",""quote_asset"",""received_utc"",""exchange_timestamp_utc"",""source_url"",""source_params_json""]",2026-08-20,,2026-08-20T06:11:52.852951+00:00,,,legacy_unavailable,bitkub,usdt_thb,THB,USDT,,,,stablecoin_tokens,1 stablecoin token = 1 USD; no FX conversion,,,sell_stablecoin_base_hit_bids,bitkub_usdt_thb_raw.json,a646237954bd9813823ce07297b494ddc923b61557ba4759b158a167ba53be1f,25000,25000,25000.0,25000.0,1.0,820250.0,32.81,1.5236934328799467,1.5236934328799467,1,False,
native_l2,legacy:2026-08-20,legacy_directory_identifier,data/exact_l2/2026-08-20,legacy_day_root,legacy,data/exact_l2/2026-08-20/manifest.json,0f0432c975e06714d91f7bc7e39b2bf7b5aec3e41f525a67050141734a3b7417,data/exact_l2/2026-08-20/execution_curves.csv,ae93e9665a9ed1225bf4262749c612c3360b2f4b481205e0d6667eaf6a0bc53f,data/exact_l2/2026-08-20/bitkub_usdt_thb_raw.json,a646237954bd9813823ce07297b494ddc923b61557ba4759b158a167ba53be1f,sha256_verified,"[""base_asset"",""quote_asset"",""received_utc"",""exchange_timestamp_utc"",""source_url"",""source_params_json""]",2026-08-20,,2026-08-20T06:11:52.852951+00:00,,,legacy_unavailable,bitkub,usdt_thb,THB,USDT,,,,stablecoin_tokens,1 stablecoin token = 1 USD; no FX conversion,,,sell_stablecoin_base_hit_bids,bitkub_usdt_thb_raw.json,a646237954bd9813823ce07297b494ddc923b61557ba4759b158a167ba53be1f,50000,50000,50000.0,50000.0,1.0,1640500.0,32.81,1.5236934328799467,1.5236934328799467,1,False,
native_l2,legacy:2026-08-20,legacy_directory_identifier,data/exact_l2/2026-08-20,legacy_day_root,legacy,data/exact_l2/2026-08-20/manifest.json,0f0432c975e06714d91f7bc7e39b2bf7b5aec3e41f525a67050141734a3b7417,data/exact_l2/2026-08-20/execution_curves.csv,ae93e9665a9ed1225bf4262749c612c3360b2f4b481205e0d6667eaf6a0bc53f,data/exact_l2/2026-08-20/bitkub_usdt_thb_raw.json,a646237954bd9813823ce07297b494ddc923b61557ba4759b158a167ba53be1f,sha256_verified,"[""base_asset"",""quote_asset"",""received_utc"",""exchange_timestamp_utc"",""source_url"",""source_params_json""]",2026-08-20,,2026-08-20T06:11:52.852951+00:00,,,legacy_unavailable,bitkub,usdt_thb,THB,USDT,,,,stablecoin_tokens,1 stablecoin token = 1 USD; no FX conversion,,,sell_stablecoin_base_hit_bids,bitkub_usdt_thb_raw.json,a646237954bd9813823ce07297b494ddc923b61557ba4759b158a167ba53be1f,100000,100000,100000.0,100000.0,1.0,3281000.0,32.81,1.5236934328799467,1.5236934328799467,1,False,
native_l2,legacy:2026-08-21,legacy_directory_identifier,data/exact_l2/2026-08-21,legacy_day_root,legacy,data/exact_l2/2026-08-21/manifest.json,6f538bd6ed380719b46db948ba0ca958b51c04e27493fb3228ff6e93e24c855f,data/exact_l2/2026-08-21/execution_curves.csv,a5724d2391efe0c0b1aa42dcddf47a0a26dcd1719bd57a9876883663ed6d597a,data/exact_l2/2026-08-21/valr_usdtzar_raw.json,89cbaff19456d71ec969b465bb5c223737f8d442bdd8da6ada29439db757acef,sha256_verified,"[""base_asset"",""quote_asset"",""received_utc"",""exchange_timestamp_utc"",""source_url"",""source_params_json""]",2026-08-21,,2026-08-21T06:13:50.198865+00:00,,,legacy_unavailable,valr,USDTZAR,ZAR,USDT,,,,stablecoin_tokens,1 stablecoin token = 1 USD; no FX conversion,,,sell_stablecoin_base_hit_bids,valr_usdtzar_raw.json,89cbaff19456d71ec969b465bb5c223737f8d442bdd8da6ada29439db757acef,1000,1000,1000.0,1000.0,1.0,16160.499999999998,16.1605,0.18563437453766873,0.18563437453766873,1,False,
native_l2,legacy:2026-08-21,legacy_directory_identifier,data/exact_l2/2026-08-21,legacy_day_root,legacy,data/exact_l2/2026-08-21/manifest.json,6f538bd6ed380719b46db948ba0ca958b51c04e27493fb3228ff6e93e24c855f,data/exact_l2/2026-08-21/execution_curves.csv,a5724d2391efe0c0b1aa42dcddf47a0a26dcd1719bd57a9876883663ed6d597a,data/exact_l2/2026-08-21/valr_usdtzar_raw.json,89cbaff19456d71ec969b465bb5c223737f8d442bdd8da6ada29439db757acef,sha256_verified,"[""base_asset"",""quote_asset"",""received_utc"",""exchange_timestamp_utc"",""source_url"",""source_params_json""]",2026-08-21,,2026-08-21T06:13:50.198865+00:00,,,legacy_unavailable,valr,USDTZAR,ZAR,USDT,,,,stablecoin_tokens,1 stablecoin token = 1 USD; no FX conversion,,,sell_stablecoin_base_hit_bids,valr_usdtzar_raw.json,89cbaff19456d71ec969b465bb5c223737f8d442bdd8da6ada29439db757acef,5000,5000,5000.0,5000.0,1.0,80802.5,16.1605,0.18563437453766873,0.18563437453766873,1,False,
native_l2,legacy:2026-08-21,legacy_directory_identifier,data/exact_l2/2026-08-21,legacy_day_root,legacy,data/exact_l2/2026-08-21/manifest.json,6f538bd6ed380719b46db948ba0ca958b51c04e27493fb3228ff6e93e24c855f,data/exact_l2/2026-08-21/execution_curves.csv,a5724d2391efe0c0b1aa42dcddf47a0a26dcd1719bd57a9876883663ed6d597a,data/exact_l2/2026-08-21/valr_usdtzar_raw.json,89cbaff19456d71ec969b465bb5c223737f8d442bdd8da6ada29439db757acef,sha256_verified,"[""base_asset"",""quote_asset"",""received_utc"",""exchange_timestamp_utc"",""source_url"",""source_params_json""]",2026-08-21,,2026-08-21T06:13:50.198865+00:00,,,legacy_unavailable,valr,USDTZAR,ZAR,USDT,,,,stablecoin_tokens,1 stablecoin token = 1 USD; no FX conversion,,,sell_stablecoin_base_hit_bids,valr_usdtzar_raw.json,89cbaff19456d71ec969b465bb5c223737f8d442bdd8da6ada29439db757acef,10000,10000,10000.0,10000.0,1.0,161605.0,16.1605,0.18563437453766873,0.18563437453766873,1,False,
native_l2,legacy:2026-08-21,legacy_directory_identifier,data/exact_l2/2026-08-21,legacy_day_root,legacy,data/exact_l2/2026-08-21/manifest.json,6f538bd6ed380719b46db948ba0ca958b51c04e27493fb3228ff6e93e24c855f,data/exact_l2/2026-08-21/execution_curves.csv,a5724d2391efe0c0b1aa42dcddf47a0a26dcd1719bd57a9876883663ed6d597a,data/exact_l2/2026-08-21/valr_usdtzar_raw.json,89cbaff19456d71ec969b465bb5c223737f8d442bdd8da6ada29439db757acef,sha256_verified,"[""base_asset"",""quote_asset"",""received_utc"",""exchange_timestamp_utc"",""source_url"",""source_params_json""]",2026-08-21,,2026-08-21T06:13:50.198865+00:00,,,legacy_unavailable,valr,USDTZAR,ZAR,USDT,,,,stablecoin_tokens,1 stablecoin token = 1 USD; no FX conversion,,,sell_stablecoin_base_hit_bids,valr_usdtzar_raw.json,89cbaff19456d71ec969b465bb5c223737f8d442bdd8da6ada29439db757acef,25000,25000,25000.0,25000.0,1.0,404012.5,16.1605,0.18563437453766873,0.18563437453766873,1,False,
native_l2,legacy:2026-08-21,legacy_directory_identifier,data/exact_l2/2026-08-21,legacy_day_root,legacy,data/exact_l2/2026-08-21/manifest.json,6f538bd6ed380719b46db948ba0ca958b51c04e27493fb3228ff6e93e24c855f,data/exact_l2/2026-08-21/execution_curves.csv,a5724d2391efe0c0b1aa42dcddf47a0a26dcd1719bd57a9876883663ed6d597a,data/exact_l2/2026-08-21/valr_usdtzar_raw.json,89cbaff19456d71ec969b465bb5c223737f8d442bdd8da6ada29439db757acef,sha256_verified,"[""base_asset"",""quote_asset"",""received_utc"",""exchange_timestamp_utc"",""source_url"",""source_params_json""]",2026-08-21,,2026-08-21T06:13:50.198865+00:00,,,legacy_unavailable,valr,USDTZAR,ZAR,USDT,,,,stablecoin_tokens,1 stablecoin token = 1 USD; no FX conversion,,,sell_stablecoin_base_hit_bids,valr_usdtzar_raw.json,89cbaff19456d71ec969b465bb5c223737f8d442bdd8da6ada29439db757acef,50000,50000,50000.0,50000.0,1.0,808025.0,16.1605,0.18563437453766873,0.18563437453766873,1,False,
native_l2,legacy:2026-08-21,legacy_directory_identifier,data/exact_l2/2026-08-21,legacy_day_root,legacy,data/exact_l2/2026-08-21/manifest.json,6f538bd6ed380719b46db948ba0ca958b51c04e27493fb3228ff6e93e24c855f,data/exact_l2/2026-08-21/execution_curves.csv,a5724d2391efe0c0b1aa42dcddf47a0a26dcd1719bd57a9876883663ed6d597a,data/exact_l2/2026-08-21/valr_usdtzar_raw.json,89cbaff19456d71ec969b465bb5c223737f8d442bdd8da6ada29439db757acef,sha256_verified,"[""base_asset"",""quote_asset"",""received_utc"",""exchange_timestamp_utc"",""source_url"",""source_params_json""]",2026-08-21,,2026-08-21T06:13:50.198865+00:00,,,legacy_unavailable,valr,USDTZAR,ZAR,USDT,,,,stablecoin_tokens,1 stablecoin token = 1 USD; no FX conversion,,,sell_stablecoin_base_hit_bids,valr_usdtzar_raw.json,89cbaff19456d71ec969b465bb5c223737f8d442bdd8da6ada29439db757acef,100000,100000,100000.0,100000.0,1.0,1616050.0,16.1605,0.18563437453766873,0.18563437453766873,1,False,
native_l2,legacy:2026-08-21,legacy_directory_identifier,data/exact_l2/2026-08-21,legacy_day_root,legacy,data/exact_l2/2026-08-21/manifest.json,6f538bd6ed380719b46db948ba0ca958b51c04e27493fb3228ff6e93e24c855f,data/exact_l2/2026-08-21/execution_curves.csv,a5724d2391efe0c0b1aa42dcddf47a0a26dcd1719bd57a9876883663ed6d597a,data/exact_l2/2026-08-21/bitkub_usdt_thb_raw.json,ffe707ed974a7b323f1cc59542123e7370ec7622622da4959e113474f4b5e2e2,sha256_verified,"[""base_asset"",""quote_asset"",""received_utc"",""exchange_timestamp_utc"",""source_url"",""source_params_json""]",2026-08-21,,2026-08-21T06:13:50.426910+00:00,,,legacy_unavailable,bitkub,usdt_thb,THB,USDT,,,,stablecoin_tokens,1 stablecoin token = 1 USD; no FX conversion,,,sell_stablecoin_base_hit_bids,bitkub_usdt_thb_raw.json,ffe707ed974a7b323f1cc59542123e7370ec7622622da4959e113474f4b5e2e2,1000,1000,1000.0,1000.0,1.0,32740.000000000004,32.74,1.5269506794934884,1.5269506794934884,1,False,
native_l2,legacy:2026-08-21,legacy_directory_identifier,data/exact_l2/2026-08-21,legacy_day_root,legacy,data/exact_l2/2026-08-21/manifest.json,6f538bd6ed380719b46db948ba0ca958b51c04e27493fb3228ff6e93e24c855f,data/exact_l2/2026-08-21/execution_curves.csv,a5724d2391efe0c0b1aa42dcddf47a0a26dcd1719bd57a9876883663ed6d597a,data/exact_l2/2026-08-21/bitkub_usdt_thb_raw.json,ffe707ed974a7b323f1cc59542123e7370ec7622622da4959e113474f4b5e2e2,sha256_verified,"[""base_asset"",""quote_asset"",""received_utc"",""exchange_timestamp_utc"",""source_url"",""source_params_json""]",2026-08-21,,2026-08-21T06:13:50.426910+00:00,,,legacy_unavailable,bitkub,usdt_thb,THB,USDT,,,,stablecoin_tokens,1 stablecoin token = 1 USD; no FX conversion,,,sell_stablecoin_base_hit_bids,bitkub_usdt_thb_raw.json,ffe707ed974a7b323f1cc59542123e7370ec7622622da4959e113474f4b5e2e2,5000,5000,5000.0,5000.0,1.0,163700.0,32.74,1.5269506794934884,1.5269506794934884,1,False,
native_l2,legacy:2026-08-21,legacy_directory_identifier,data/exact_l2/2026-08-21,legacy_day_root,legacy,data/exact_l2/2026-08-21/manifest.json,6f538bd6ed380719b46db948ba0ca958b51c04e27493fb3228ff6e93e24c855f,data/exact_l2/2026-08-21/execution_curves.csv,a5724d2391efe0c0b1aa42dcddf47a0a26dcd1719bd57a9876883663ed6d597a,data/exact_l2/2026-08-21/bitkub_usdt_thb_raw.json,ffe707ed974a7b323f1cc59542123e7370ec7622622da4959e113474f4b5e2e2,sha256_verified,"[""base_asset"",""quote_asset"",""received_utc"",""exchange_timestamp_utc"",""source_url"",""source_params_json""]",2026-08-21,,2026-08-21T06:13:50.426910+00:00,,,legacy_unavailable,bitkub,usdt_thb,THB,USDT,,,,stablecoin_tokens,1 stablecoin token = 1 USD; no FX conversion,,,sell_stablecoin_base_hit_bids,bitkub_usdt_thb_raw.json,ffe707ed974a7b323f1cc59542123e7370ec7622622da4959e113474f4b5e2e2,10000,10000,10000.0,10000.0,1.0,327400.0,32.74,1.5269506794934884,1.5269506794934884,1,False,
native_l2,legacy:2026-08-21,legacy_directory_identifier,data/exact_l2/2026-08-21,legacy_day_root,legacy,data/exact_l2/2026-08-21/manifest.json,6f538bd6ed380719b46db948ba0ca958b51c04e27493fb3228ff6e93e24c855f,data/exact_l2/2026-08-21/execution_curves.csv,a5724d2391efe0c0b1aa42dcddf47a0a26dcd1719bd57a9876883663ed6d597a,data/exact_l2/2026-08-21/bitkub_usdt_thb_raw.json,ffe707ed974a7b323f1cc59542123e7370ec7622622da4959e113474f4b5e2e2,sha256_verified,"[""base_asset"",""quote_asset"",""received_utc"",""exchange_timestamp_utc"",""source_url"",""source_params_json""]",2026-08-21,,2026-08-21T06:13:50.426910+00:00,,,legacy_unavailable,bitkub,usdt_thb,THB,USDT,,,,stablecoin_tokens,1 stablecoin token = 1 USD; no FX conversion,,,sell_stablecoin_base_hit_bids,bitkub_usdt_thb_raw.json,ffe707ed974a7b323f1cc59542123e7370ec7622622da4959e113474f4b5e2e2,25000,25000,25000.0,25000.0,1.0,818500.0,32.74,1.5269506794934884,1.5269506794934884,1,False,
native_l2,legacy:2026-08-21,legacy_directory_identifier,data/exact_l2/2026-08-21,legacy_day_root,legacy,data/exact_l2/2026-08-21/manifest.json,6f538bd6ed380719b46db948ba0ca958b51c04e27493fb3228ff6e93e24c855f,data/exact_l2/2026-08-21/execution_curves.csv,a5724d2391efe0c0b1aa42dcddf47a0a26dcd1719bd57a9876883663ed6d597a,data/exact_l2/2026-08-21/bitkub_usdt_thb_raw.json,ffe707ed974a7b323f1cc59542123e7370ec7622622da4959e113474f4b5e2e2,sha256_verified,"[""base_asset"",""quote_asset"",""received_utc"",""exchange_timestamp_utc"",""source_url"",""source_params_json""]",2026-08-21,,2026-08-21T06:13:50.426910+00:00,,,legacy_unavailable,bitkub,usdt_thb,THB,USDT,,,,stablecoin_tokens,1 stablecoin token = 1 USD; no FX conversion,,,sell_stablecoin_base_hit_bids,bitkub_usdt_thb_raw.json,ffe707ed974a7b323f1cc59542123e7370ec7622622da4959e113474f4b5e2e2,50000,50000,50000.0,50000.0,1.0,1637000.0,32.74,1.5269506794934884,1.5269506794934884,1,False,
native_l2,legacy:2026-08-21,legacy_directory_identifier,data/exact_l2/2026-08-21,legacy_day_root,legacy,data/exact_l2/2026-08-21/manifest.json,6f538bd6ed380719b46db948ba0ca958b51c04e27493fb3228ff6e93e24c855f,data/exact_l2/2026-08-21/execution_curves.csv,a5724d2391efe0c0b1aa42dcddf47a0a26dcd1719bd57a9876883663ed6d597a,data/exact_l2/2026-08-21/bitkub_usdt_thb_raw.json,ffe707ed974a7b323f1cc59542123e7370ec7622622da4959e113474f4b5e2e2,sha256_verified,"[""base_asset"",""quote_asset"",""received_utc"",""exchange_timestamp_utc"",""source_url"",""source_params_json""]",2026-08-21,,2026-08-21T06:13:50.426910+00:00,,,legacy_unavailable,bitkub,usdt_thb,THB,USDT,,,,stablecoin_tokens,1 stablecoin token = 1 USD; no FX conversion,,,sell_stablecoin_base_hit_bids,bitkub_usdt_thb_raw.json,ffe707ed974a7b323f1cc59542123e7370ec7622622da4959e113474f4b5e2e2,100000,100000,100000.0,100000.0,1.0,3274000.0,32.74,1.5269506794934884,1.5269506794934884,1,False,
native_l2,legacy:2026-08-22,legacy_directory_identifier,data/exact_l2/2026-08-22,legacy_day_root,legacy,data/exact_l2/2026-08-22/manifest.json,f4f768751a793b778b1162945fcd30e14c5048736b564578a92b3505ec6fcf0d,data/exact_l2/2026-08-22/execution_curves.csv,c7743555f345bd59e65e5d2ae24d322de9dd8ebc87478e1509973909afe74428,data/exact_l2/2026-08-22/valr_usdtzar_raw.json,c5ffcd9dbebb36d6e4115390fd9546fd45acc3949ae723068e1841141f61ef6c,sha256_verified,"[""base_asset"",""quote_asset"",""received_utc"",""exchange_timestamp_utc"",""source_url"",""source_params_json""]",2026-08-22,,2026-08-22T06:10:21.598897+00:00,,,legacy_unavailable,valr,USDTZAR,ZAR,USDT,,,,stablecoin_tokens,1 stablecoin token = 1 USD; no FX conversion,,,sell_stablecoin_base_hit_bids,valr_usdtzar_raw.json,c5ffcd9dbebb36d6e4115390fd9546fd45acc3949ae723068e1841141f61ef6c,1000,1000,1000.0,1000.0,1.0,16138.100000000002,16.1381,0.030982485601516174,0.030982485601516174,1,False,
native_l2,legacy:2026-08-22,legacy_directory_identifier,data/exact_l2/2026-08-22,legacy_day_root,legacy,data/exact_l2/2026-08-22/manifest.json,f4f768751a793b778b1162945fcd30e14c5048736b564578a92b3505ec6fcf0d,data/exact_l2/2026-08-22/execution_curves.csv,c7743555f345bd59e65e5d2ae24d322de9dd8ebc87478e1509973909afe74428,data/exact_l2/2026-08-22/valr_usdtzar_raw.json,c5ffcd9dbebb36d6e4115390fd9546fd45acc3949ae723068e1841141f61ef6c,sha256_verified,"[""base_asset"",""quote_asset"",""received_utc"",""exchange_timestamp_utc"",""source_url"",""source_params_json""]",2026-08-22,,2026-08-22T06:10:21.598897+00:00,,,legacy_unavailable,valr,USDTZAR,ZAR,USDT,,,,stablecoin_tokens,1 stablecoin token = 1 USD; no FX conversion,,,sell_stablecoin_base_hit_bids,valr_usdtzar_raw.json,c5ffcd9dbebb36d6e4115390fd9546fd45acc3949ae723068e1841141f61ef6c,5000,5000,5000.0,5000.0,1.0,80690.5,16.1381,0.030982485601516174,0.030982485601516174,1,False,
native_l2,legacy:2026-08-22,legacy_directory_identifier,data/exact_l2/2026-08-22,legacy_day_root,legacy,data/exact_l2/2026-08-22/manifest.json,f4f768751a793b778b1162945fcd30e14c5048736b564578a92b3505ec6fcf0d,data/exact_l2/2026-08-22/execution_curves.csv,c7743555f345bd59e65e5d2ae24d322de9dd8ebc87478e1509973909afe74428,data/exact_l2/2026-08-22/valr_usdtzar_raw.json,c5ffcd9dbebb36d6e4115390fd9546fd45acc3949ae723068e1841141f61ef6c,sha256_verified,"[""base_asset"",""quote_asset"",""received_utc"",""exchange_timestamp_utc"",""source_url"",""source_params_json""]",2026-08-22,,2026-08-22T06:10:21.598897+00:00,,,legacy_unavailable,valr,USDTZAR,ZAR,USDT,,,,stablecoin_tokens,1 stablecoin token = 1 USD; no FX conversion,,,sell_stablecoin_base_hit_bids,valr_usdtzar_raw.json,c5ffcd9dbebb36d6e4115390fd9546fd45acc3949ae723068e1841141f61ef6c,10000,10000,10000.0,10000.0,1.0,161378.05858105002,16.137805858105,0.213247426131824,0.4647372840160813,5,False,
native_l2,legacy:2026-08-22,legacy_directory_identifier,data/exact_l2/2026-08-22,legacy_day_root,legacy,data/exact_l2/2026-08-22/manifest.json,f4f768751a793b778b1162945fcd30e14c5048736b564578a92b3505ec6fcf0d,data/exact_l2/2026-08-22/execution_curves.csv,c7743555f345bd59e65e5d2ae24d322de9dd8ebc87478e1509973909afe74428,data/exact_l2/2026-08-22/valr_usdtzar_raw.json,c5ffcd9dbebb36d6e4115390fd9546fd45acc3949ae723068e1841141f61ef6c,sha256_verified,"[""base_asset"",""quote_asset"",""received_utc"",""exchange_timestamp_utc"",""source_url"",""source_params_json""]",2026-08-22,,2026-08-22T06:10:21.598897+00:00,,,legacy_unavailable,valr,USDTZAR,ZAR,USDT,,,,stablecoin_tokens,1 stablecoin token = 1 USD; no FX conversion,,,sell_stablecoin_base_hit_bids,valr_usdtzar_raw.json,c5ffcd9dbebb36d6e4115390fd9546fd45acc3949ae723068e1841141f61ef6c,25000,25000,25000.0,25000.0,1.0,403439.0585810501,16.137562343242003,0.364141340860602,0.4647372840160813,5,False,
native_l2,legacy:2026-08-22,legacy_directory_identifier,data/exact_l2/2026-08-22,legacy_day_root,legacy,data/exact_l2/2026-08-22/manifest.json,f4f768751a793b778b1162945fcd30e14c5048736b564578a92b3505ec6fcf0d,data/exact_l2/2026-08-22/execution_curves.csv,c7743555f345bd59e65e5d2ae24d322de9dd8ebc87478e1509973909afe74428,data/exact_l2/2026-08-22/valr_usdtzar_raw.json,c5ffcd9dbebb36d6e4115390fd9546fd45acc3949ae723068e1841141f61ef6c,sha256_verified,"[""base_asset"",""quote_asset"",""received_utc"",""exchange_timestamp_utc"",""source_url"",""source_params_json""]",2026-08-22,,2026-08-22T06:10:21.598897+00:00,,,legacy_unavailable,valr,USDTZAR,ZAR,USDT,,,,stablecoin_tokens,1 stablecoin token = 1 USD; no FX conversion,,,sell_stablecoin_base_hit_bids,valr_usdtzar_raw.json,c5ffcd9dbebb36d6e4115390fd9546fd45acc3949ae723068e1841141f61ef6c,50000,50000,49999.99999999999,49999.99999999999,0.9999999999999999,806874.0585810499,16.137481171621,0.41443931243834164,0.4647372840160813,5,False,
native_l2,legacy:2026-08-22,legacy_directory_identifier,data/exact_l2/2026-08-22,legacy_day_root,legacy,data/exact_l2/2026-08-22/manifest.json,f4f768751a793b778b1162945fcd30e14c5048736b564578a92b3505ec6fcf0d,data/exact_l2/2026-08-22/execution_curves.csv,c7743555f345bd59e65e5d2ae24d322de9dd8ebc87478e1509973909afe74428,data/exact_l2/2026-08-22/valr_usdtzar_raw.json,c5ffcd9dbebb36d6e4115390fd9546fd45acc3949ae723068e1841141f61ef6c,sha256_verified,"[""base_asset"",""quote_asset"",""received_utc"",""exchange_timestamp_utc"",""source_url"",""source_params_json""]",2026-08-22,,2026-08-22T06:10:21.598897+00:00,,,legacy_unavailable,valr,USDTZAR,ZAR,USDT,,,,stablecoin_tokens,1 stablecoin token = 1 USD; no FX conversion,,,sell_stablecoin_base_hit_bids,valr_usdtzar_raw.json,c5ffcd9dbebb36d6e4115390fd9546fd45acc3949ae723068e1841141f61ef6c,100000,100000,100000.0,100000.0,1.0,1613744.05858105,16.1374405858105,0.43958829822776657,0.4647372840160813,5,False,
native_l2,legacy:2026-08-22,legacy_directory_identifier,data/exact_l2/2026-08-22,legacy_day_root,legacy,data/exact_l2/2026-08-22/manifest.json,f4f768751a793b778b1162945fcd30e14c5048736b564578a92b3505ec6fcf0d,data/exact_l2/2026-08-22/execution_curves.csv,c7743555f345bd59e65e5d2ae24d322de9dd8ebc87478e1509973909afe74428,data/exact_l2/2026-08-22/bitkub_usdt_thb_raw.json,da6d27211d58d03873d10be0557dd67d805b6f06f0c672872d948934642f65be,sha256_verified,"[""base_asset"",""quote_asset"",""received_utc"",""exchange_timestamp_utc"",""source_url"",""source_params_json""]",2026-08-22,,2026-08-22T06:10:21.838069+00:00,,,legacy_unavailable,bitkub,usdt_thb,THB,USDT,,,,stablecoin_tokens,1 stablecoin token = 1 USD; no FX conversion,,,sell_stablecoin_base_hit_bids,bitkub_usdt_thb_raw.json,da6d27211d58d03873d10be0557dd67d805b6f06f0c672872d948934642f65be,1000,1000,1000.0,1000.0,1.0,32320.0,32.32,1.5467904098998009,1.5467904098998009,1,False,
native_l2,legacy:2026-08-22,legacy_directory_identifier,data/exact_l2/2026-08-22,legacy_day_root,legacy,data/exact_l2/2026-08-22/manifest.json,f4f768751a793b778b1162945fcd30e14c5048736b564578a92b3505ec6fcf0d,data/exact_l2/2026-08-22/execution_curves.csv,c7743555f345bd59e65e5d2ae24d322de9dd8ebc87478e1509973909afe74428,data/exact_l2/2026-08-22/bitkub_usdt_thb_raw.json,da6d27211d58d03873d10be0557dd67d805b6f06f0c672872d948934642f65be,sha256_verified,"[""base_asset"",""quote_asset"",""received_utc"",""exchange_timestamp_utc"",""source_url"",""source_params_json""]",2026-08-22,,2026-08-22T06:10:21.838069+00:00,,,legacy_unavailable,bitkub,usdt_thb,THB,USDT,,,,stablecoin_tokens,1 stablecoin token = 1 USD; no FX conversion,,,sell_stablecoin_base_hit_bids,bitkub_usdt_thb_raw.json,da6d27211d58d03873d10be0557dd67d805b6f06f0c672872d948934642f65be,5000,5000,5000.0,5000.0,1.0,161600.0,32.32,1.5467904098998009,1.5467904098998009,1,False,
native_l2,legacy:2026-08-22,legacy_directory_identifier,data/exact_l2/2026-08-22,legacy_day_root,legacy,data/exact_l2/2026-08-22/manifest.json,f4f768751a793b778b1162945fcd30e14c5048736b564578a92b3505ec6fcf0d,data/exact_l2/2026-08-22/execution_curves.csv,c7743555f345bd59e65e5d2ae24d322de9dd8ebc87478e1509973909afe74428,data/exact_l2/2026-08-22/bitkub_usdt_thb_raw.json,da6d27211d58d03873d10be0557dd67d805b6f06f0c672872d948934642f65be,sha256_verified,"[""base_asset"",""quote_asset"",""received_utc"",""exchange_timestamp_utc"",""source_url"",""source_params_json""]",2026-08-22,,2026-08-22T06:10:21.838069+00:00,,,legacy_unavailable,bitkub,usdt_thb,THB,USDT,,,,stablecoin_tokens,1 stablecoin token = 1 USD; no FX conversion,,,sell_stablecoin_base_hit_bids,bitkub_usdt_thb_raw.json,da6d27211d58d03873d10be0557dd67d805b6f06f0c672872d948934642f65be,10000,10000,10000.0,10000.0,1.0,323200.0,32.32,1.5467904098998009,1.5467904098998009,1,False,
native_l2,legacy:2026-08-22,legacy_directory_identifier,data/exact_l2/2026-08-22,legacy_day_root,legacy,data/exact_l2/2026-08-22/manifest.json,f4f768751a793b778b1162945fcd30e14c5048736b564578a92b3505ec6fcf0d,data/exact_l2/2026-08-22/execution_curves.csv,c7743555f345bd59e65e5d2ae24d322de9dd8ebc87478e1509973909afe74428,data/exact_l2/2026-08-22/bitkub_usdt_thb_raw.json,da6d27211d58d03873d10be0557dd67d805b6f06f0c672872d948934642f65be,sha256_verified,"[""base_asset"",""quote_asset"",""received_utc"",""exchange_timestamp_utc"",""source_url"",""source_params_json""]",2026-08-22,,2026-08-22T06:10:21.838069+00:00,,,legacy_unavailable,bitkub,usdt_thb,THB,USDT,,,,stablecoin_tokens,1 stablecoin token = 1 USD; no FX conversion,,,sell_stablecoin_base_hit_bids,bitkub_usdt_thb_raw.json,da6d27211d58d03873d10be0557dd67d805b6f06f0c672872d948934642f65be,25000,25000,25000.0,25000.0,1.0,808000.0,32.32,1.5467904098998009,1.5467904098998009,1,False,
native_l2,legacy:2026-08-22,legacy_directory_identifier,data/exact_l2/2026-08-22,legacy_day_root,legacy,data/exact_l2/2026-08-22/manifest.json,f4f768751a793b778b1162945fcd30e14c5048736b564578a92b3505ec6fcf0d,data/exact_l2/2026-08-22/execution_curves.csv,c7743555f345bd59e65e5d2ae24d322de9dd8ebc87478e1509973909afe74428,data/exact_l2/2026-08-22/bitkub_usdt_thb_raw.json,da6d27211d58d03873d10be0557dd67d805b6f06f0c672872d948934642f65be,sha256_verified,"[""base_asset"",""quote_asset"",""received_utc"",""exchange_timestamp_utc"",""source_url"",""source_params_json""]",2026-08-22,,2026-08-22T06:10:21.838069+00:00,,,legacy_unavailable,bitkub,usdt_thb,THB,USDT,,,,stablecoin_tokens,1 stablecoin token = 1 USD; no FX conversion,,,sell_stablecoin_base_hit_bids,bitkub_usdt_thb_raw.json,da6d27211d58d03873d10be0557dd67d805b6f06f0c672872d948934642f65be,50000,50000,50000.0,50000.0,1.0,1616000.0,32.32,1.5467904098998009,1.5467904098998009,1,False,
native_l2,legacy:2026-08-22,legacy_directory_identifier,data/exact_l2/2026-08-22,legacy_day_root,legacy,data/exact_l2/2026-08-22/manifest.json,f4f768751a793b778b1162945fcd30e14c5048736b564578a92b3505ec6fcf0d,data/exact_l2/2026-08-22/execution_curves.csv,c7743555f345bd59e65e5d2ae24d322de9dd8ebc87478e1509973909afe74428,data/exact_l2/2026-08-22/bitkub_usdt_thb_raw.json,da6d27211d58d03873d10be0557dd67d805b6f06f0c672872d948934642f65be,sha256_verified,"[""base_asset"",""quote_asset"",""received_utc"",""exchange_timestamp_utc"",""source_url"",""source_params_json""]",2026-08-22,,2026-08-22T06:10:21.838069+00:00,,,legacy_unavailable,bitkub,usdt_thb,THB,USDT,,,,stablecoin_tokens,1 stablecoin token = 1 USD; no FX conversion,,,sell_stablecoin_base_hit_bids,bitkub_usdt_thb_raw.json,da6d27211d58d03873d10be0557dd67d805b6f06f0c672872d948934642f65be,100000,100000,100000.0,100000.0,1.0,3231915.5508,32.319155508,1.8080408352671995,4.640371229698292,2,False,
native_l2,legacy:2026-08-23,legacy_directory_identifier,data/exact_l2/2026-08-23,legacy_day_root,legacy,data/exact_l2/2026-08-23/manifest.json,9f1dea24c4eb9059e86e2634b0b9983489f87a349d1ee989ff99d4f81dd921b5,data/exact_l2/2026-08-23/execution_curves.csv,07f22c6c81b236590ede70a667477bb8267170414a4986cdc2bb4e00f7f7b869,data/exact_l2/2026-08-23/valr_usdtzar_raw.json,b172de15e14f3e016590de2253dfe8dee4b522b079e138ffdb590851d12a657b,sha256_verified,"[""base_asset"",""quote_asset"",""received_utc"",""exchange_timestamp_utc"",""source_url"",""source_params_json""]",2026-08-23,,2026-08-23T06:09:40.380367+00:00,,,legacy_unavailable,valr,USDTZAR,ZAR,USDT,,,,stablecoin_tokens,1 stablecoin token = 1 USD; no FX conversion,,,sell_stablecoin_base_hit_bids,valr_usdtzar_raw.json,b172de15e14f3e016590de2253dfe8dee4b522b079e138ffdb590851d12a657b,1000,1000,1000.0,1000.0,1.0,16143.70071942,16.14370071942,2.012318475004271,2.0127640204481434,3,False,
native_l2,legacy:2026-08-23,legacy_directory_identifier,data/exact_l2/2026-08-23,legacy_day_root,legacy,data/exact_l2/2026-08-23/manifest.json,9f1dea24c4eb9059e86e2634b0b9983489f87a349d1ee989ff99d4f81dd921b5,data/exact_l2/2026-08-23/execution_curves.csv,07f22c6c81b236590ede70a667477bb8267170414a4986cdc2bb4e00f7f7b869,data/exact_l2/2026-08-23/valr_usdtzar_raw.json,b172de15e14f3e016590de2253dfe8dee4b522b079e138ffdb590851d12a657b,sha256_verified,"[""base_asset"",""quote_asset"",""received_utc"",""exchange_timestamp_utc"",""source_url"",""source_params_json""]",2026-08-23,,2026-08-23T06:09:40.380367+00:00,,,legacy_unavailable,valr,USDTZAR,ZAR,USDT,,,,stablecoin_tokens,1 stablecoin token = 1 USD; no FX conversion,,,sell_stablecoin_base_hit_bids,valr_usdtzar_raw.json,b172de15e14f3e016590de2253dfe8dee4b522b079e138ffdb590851d12a657b,5000,5000,5000.0,5000.0,1.0,80718.50071942,16.143700143884,2.0126749113580367,2.0127640204481434,3,False,
native_l2,legacy:2026-08-23,legacy_directory_identifier,data/exact_l2/2026-08-23,legacy_day_root,legacy,data/exact_l2/2026-08-23/manifest.json,9f1dea24c4eb9059e86e2634b0b9983489f87a349d1ee989ff99d4f81dd921b5,data/exact_l2/2026-08-23/execution_curves.csv,07f22c6c81b236590ede70a667477bb8267170414a4986cdc2bb4e00f7f7b869,data/exact_l2/2026-08-23/valr_usdtzar_raw.json,b172de15e14f3e016590de2253dfe8dee4b522b079e138ffdb590851d12a657b,sha256_verified,"[""base_asset"",""quote_asset"",""received_utc"",""exchange_timestamp_utc"",""source_url"",""source_params_json""]",2026-08-23,,2026-08-23T06:09:40.380367+00:00,,,legacy_unavailable,valr,USDTZAR,ZAR,USDT,,,,stablecoin_tokens,1 stablecoin token = 1 USD; no FX conversion,,,sell_stablecoin_base_hit_bids,valr_usdtzar_raw.json,b172de15e14f3e016590de2253dfe8dee4b522b079e138ffdb590851d12a657b,10000,10000,9999.999999999998,9999.999999999998,0.9999999999999998,161432.1262101,16.14321262101,2.314603680568794,4.799668048763861,5,False,
native_l2,legacy:2026-08-23,legacy_directory_identifier,data/exact_l2/2026-08-23,legacy_day_root,legacy,data/exact_l2/2026-08-23/manifest.json,9f1dea24c4eb9059e86e2634b0b9983489f87a349d1ee989ff99d4f81dd921b5,data/exact_l2/2026-08-23/execution_curves.csv,07f22c6c81b236590ede70a667477bb8267170414a4986cdc2bb4e00f7f7b869,data/exact_l2/2026-08-23/valr_usdtzar_raw.json,b172de15e14f3e016590de2253dfe8dee4b522b079e138ffdb590851d12a657b,sha256_verified,"[""base_asset"",""quote_asset"",""received_utc"",""exchange_timestamp_utc"",""source_url"",""source_params_json""]",2026-08-23,,2026-08-23T06:09:40.380367+00:00,,,legacy_unavailable,valr,USDTZAR,ZAR,USDT,,,,stablecoin_tokens,1 stablecoin token = 1 USD; no FX conversion,,,sell_stablecoin_base_hit_bids,valr_usdtzar_raw.json,b172de15e14f3e016590de2253dfe8dee4b522b079e138ffdb590851d12a657b,25000,25000,25000.0,25000.0,1.0,403520.1262101,16.140805048404,3.80564230148428,4.799668048763861,5,False,
native_l2,legacy:2026-08-23,legacy_directory_identifier,data/exact_l2/2026-08-23,legacy_day_root,legacy,data/exact_l2/2026-08-23/manifest.json,9f1dea24c4eb9059e86e2634b0b9983489f87a349d1ee989ff99d4f81dd921b5,data/exact_l2/2026-08-23/execution_curves.csv,07f22c6c81b236590ede70a667477bb8267170414a4986cdc2bb4e00f7f7b869,data/exact_l2/2026-08-23/valr_usdtzar_raw.json,b172de15e14f3e016590de2253dfe8dee4b522b079e138ffdb590851d12a657b,sha256_verified,"[""base_asset"",""quote_asset"",""received_utc"",""exchange_timestamp_utc"",""source_url"",""source_params_json""]",2026-08-23,,2026-08-23T06:09:40.380367+00:00,,,legacy_unavailable,valr,USDTZAR,ZAR,USDT,,,,stablecoin_tokens,1 stablecoin token = 1 USD; no FX conversion,,,sell_stablecoin_base_hit_bids,valr_usdtzar_raw.json,b172de15e14f3e016590de2253dfe8dee4b522b079e138ffdb590851d12a657b,50000,50000,50000.00000000001,50000.00000000001,1.0000000000000002,806990.92728084,16.139818545616798,4.416595321840022,8.639402487774506,9,False,
native_l2,legacy:2026-08-23,legacy_directory_identifier,data/exact_l2/2026-08-23,legacy_day_root,legacy,data/exact_l2/2026-08-23/manifest.json,9f1dea24c4eb9059e86e2634b0b9983489f87a349d1ee989ff99d4f81dd921b5,data/exact_l2/2026-08-23/execution_curves.csv,07f22c6c81b236590ede70a667477bb8267170414a4986cdc2bb4e00f7f7b869,data/exact_l2/2026-08-23/valr_usdtzar_raw.json,b172de15e14f3e016590de2253dfe8dee4b522b079e138ffdb590851d12a657b,sha256_verified,"[""base_asset"",""quote_asset"",""received_utc"",""exchange_timestamp_utc"",""source_url"",""source_params_json""]",2026-08-23,,2026-08-23T06:09:40.380367+00:00,,,legacy_unavailable,valr,USDTZAR,ZAR,USDT,,,,stablecoin_tokens,1 stablecoin token = 1 USD; no FX conversion,,,sell_stablecoin_base_hit_bids,valr_usdtzar_raw.json,b172de15e14f3e016590de2253dfe8dee4b522b079e138ffdb590851d12a657b,100000,100000,99999.99999999999,99999.99999999999,0.9999999999999999,1613174.99913157,16.131749991315704,9.413547873927675,19.16770659474265,23,False,
native_l2,legacy:2026-08-23,legacy_directory_identifier,data/exact_l2/2026-08-23,legacy_day_root,legacy,data/exact_l2/2026-08-23/manifest.json,9f1dea24c4eb9059e86e2634b0b9983489f87a349d1ee989ff99d4f81dd921b5,data/exact_l2/2026-08-23/execution_curves.csv,07f22c6c81b236590ede70a667477bb8267170414a4986cdc2bb4e00f7f7b869,data/exact_l2/2026-08-23/bitkub_usdt_thb_raw.json,951a0499afdac6d5e310957ad991e7881b68038d7dfc56a325f98cc8b0362bb4,sha256_verified,"[""base_asset"",""quote_asset"",""received_utc"",""exchange_timestamp_utc"",""source_url"",""source_params_json""]",2026-08-23,,2026-08-23T06:09:40.714311+00:00,,,legacy_unavailable,bitkub,usdt_thb,THB,USDT,,,,stablecoin_tokens,1 stablecoin token = 1 USD; no FX conversion,,,sell_stablecoin_base_hit_bids,bitkub_usdt_thb_raw.json,951a0499afdac6d5e310957ad991e7881b68038d7dfc56a325f98cc8b0362bb4,1000,1000,1000.0,1000.0,1.0,32560.000000000004,32.56,1.5353907569459757,1.5353907569459757,1,False,
native_l2,legacy:2026-08-23,legacy_directory_identifier,data/exact_l2/2026-08-23,legacy_day_root,legacy,data/exact_l2/2026-08-23/manifest.json,9f1dea24c4eb9059e86e2634b0b9983489f87a349d1ee989ff99d4f81dd921b5,data/exact_l2/2026-08-23/execution_curves.csv,07f22c6c81b236590ede70a667477bb8267170414a4986cdc2bb4e00f7f7b869,data/exact_l2/2026-08-23/bitkub_usdt_thb_raw.json,951a0499afdac6d5e310957ad991e7881b68038d7dfc56a325f98cc8b0362bb4,sha256_verified,"[""base_asset"",""quote_asset"",""received_utc"",""exchange_timestamp_utc"",""source_url"",""source_params_json""]",2026-08-23,,2026-08-23T06:09:40.714311+00:00,,,legacy_unavailable,bitkub,usdt_thb,THB,USDT,,,,stablecoin_tokens,1 stablecoin token = 1 USD; no FX conversion,,,sell_stablecoin_base_hit_bids,bitkub_usdt_thb_raw.json,951a0499afdac6d5e310957ad991e7881b68038d7dfc56a325f98cc8b0362bb4,5000,5000,5000.0,5000.0,1.0,162800.0,32.56,1.5353907569459757,1.5353907569459757,1,False,
native_l2,legacy:2026-08-23,legacy_directory_identifier,data/exact_l2/2026-08-23,legacy_day_root,legacy,data/exact_l2/2026-08-23/manifest.json,9f1dea24c4eb9059e86e2634b0b9983489f87a349d1ee989ff99d4f81dd921b5,data/exact_l2/2026-08-23/execution_curves.csv,07f22c6c81b236590ede70a667477bb8267170414a4986cdc2bb4e00f7f7b869,data/exact_l2/2026-08-23/bitkub_usdt_thb_raw.json,951a0499afdac6d5e310957ad991e7881b68038d7dfc56a325f98cc8b0362bb4,sha256_verified,"[""base_asset"",""quote_asset"",""received_utc"",""exchange_timestamp_utc"",""source_url"",""source_params_json""]",2026-08-23,,2026-08-23T06:09:40.714311+00:00,,,legacy_unavailable,bitkub,usdt_thb,THB,USDT,,,,stablecoin_tokens,1 stablecoin token = 1 USD; no FX conversion,,,sell_stablecoin_base_hit_bids,bitkub_usdt_thb_raw.json,951a0499afdac6d5e310957ad991e7881b68038d7dfc56a325f98cc8b0362bb4,10000,10000,10000.0,10000.0,1.0,325600.0,32.56,1.5353907569459757,1.5353907569459757,1,False,
native_l2,legacy:2026-08-23,legacy_directory_identifier,data/exact_l2/2026-08-23,legacy_day_root,legacy,data/exact_l2/2026-08-23/manifest.json,9f1dea24c4eb9059e86e2634b0b9983489f87a349d1ee989ff99d4f81dd921b5,data/exact_l2/2026-08-23/execution_curves.csv,07f22c6c81b236590ede70a667477bb8267170414a4986cdc2bb4e00f7f7b869,data/exact_l2/2026-08-23/bitkub_usdt_thb_raw.json,951a0499afdac6d5e310957ad991e7881b68038d7dfc56a325f98cc8b0362bb4,sha256_verified,"[""base_asset"",""quote_asset"",""received_utc"",""exchange_timestamp_utc"",""source_url"",""source_params_json""]",2026-08-23,,2026-08-23T06:09:40.714311+00:00,,,legacy_unavailable,bitkub,usdt_thb,THB,USDT,,,,stablecoin_tokens,1 stablecoin token = 1 USD; no FX conversion,,,sell_stablecoin_base_hit_bids,bitkub_usdt_thb_raw.json,951a0499afdac6d5e310957ad991e7881b68038d7dfc56a325f98cc8b0362bb4,25000,25000,25000.0,25000.0,1.0,814000.0,32.56,1.5353907569459757,1.5353907569459757,1,False,
native_l2,legacy:2026-08-23,legacy_directory_identifier,data/exact_l2/2026-08-23,legacy_day_root,legacy,data/exact_l2/2026-08-23/manifest.json,9f1dea24c4eb9059e86e2634b0b9983489f87a349d1ee989ff99d4f81dd921b5,data/exact_l2/2026-08-23/execution_curves.csv,07f22c6c81b236590ede70a667477bb8267170414a4986cdc2bb4e00f7f7b869,data/exact_l2/2026-08-23/bitkub_usdt_thb_raw.json,951a0499afdac6d5e310957ad991e7881b68038d7dfc56a325f98cc8b0362bb4,sha256_verified,"[""base_asset"",""quote_asset"",""received_utc"",""exchange_timestamp_utc"",""source_url"",""source_params_json""]",2026-08-23,,2026-08-23T06:09:40.714311+00:00,,,legacy_unavailable,bitkub,usdt_thb,THB,USDT,,,,stablecoin_tokens,1 stablecoin token = 1 USD; no FX conversion,,,sell_stablecoin_base_hit_bids,bitkub_usdt_thb_raw.json,951a0499afdac6d5e310957ad991e7881b68038d7dfc56a325f98cc8b0362bb4,50000,50000,50000.0,50000.0,1.0,1628000.0,32.56,1.5353907569459757,1.5353907569459757,1,False,
native_l2,legacy:2026-08-23,legacy_directory_identifier,data/exact_l2/2026-08-23,legacy_day_root,legacy,data/exact_l2/2026-08-23/manifest.json,9f1dea24c4eb9059e86e2634b0b9983489f87a349d1ee989ff99d4f81dd921b5,data/exact_l2/2026-08-23/execution_curves.csv,07f22c6c81b236590ede70a667477bb8267170414a4986cdc2bb4e00f7f7b869,data/exact_l2/2026-08-23/bitkub_usdt_thb_raw.json,951a0499afdac6d5e310957ad991e7881b68038d7dfc56a325f98cc8b0362bb4,sha256_verified,"[""base_asset"",""quote_asset"",""received_utc"",""exchange_timestamp_utc"",""source_url"",""source_params_json""]",2026-08-23,,2026-08-23T06:09:40.714311+00:00,,,legacy_unavailable,bitkub,usdt_thb,THB,USDT,,,,stablecoin_tokens,1 stablecoin token = 1 USD; no FX conversion,,,sell_stablecoin_base_hit_bids,bitkub_usdt_thb_raw.json,951a0499afdac6d5e310957ad991e7881b68038d7dfc56a325f98cc8b0362bb4,100000,100000,100000.0,100000.0,1.0,3256000.0,32.56,1.5353907569459757,1.5353907569459757,1,False,
native_l2,legacy:2026-08-24,legacy_directory_identifier,data/exact_l2/2026-08-24,legacy_day_root,legacy,data/exact_l2/2026-08-24/manifest.json,ce983bd9db9c611a8cb9b82bf3b6f47f589c7749edba69447478ab5d30af63d3,data/exact_l2/2026-08-24/execution_curves.csv,7740ecabc8a023846ae0fb9e1b0d64c3ccda2ce35c2229f786e945d3aec56449,data/exact_l2/2026-08-24/valr_usdtzar_raw.json,e54ffe06b6af55680144f066cf6747eb5d5173afc076ec23a61b64c125b86ed4,sha256_verified,"[""base_asset"",""quote_asset"",""received_utc"",""exchange_timestamp_utc"",""source_url"",""source_params_json""]",2026-08-24,,2026-08-24T06:17:47.641669+00:00,,,legacy_unavailable,valr,USDTZAR,ZAR,USDT,,,,stablecoin_tokens,1 stablecoin token = 1 USD; no FX conversion,,,sell_stablecoin_base_hit_bids,valr_usdtzar_raw.json,e54ffe06b6af55680144f066cf6747eb5d5173afc076ec23a61b64c125b86ed4,1000,1000,1000.0,1000.0,1.0,16104.399999999998,16.1044,0.031047319219990044,0.031047319219990044,1,False,
native_l2,legacy:2026-08-24,legacy_directory_identifier,data/exact_l2/2026-08-24,legacy_day_root,legacy,data/exact_l2/2026-08-24/manifest.json,ce983bd9db9c611a8cb9b82bf3b6f47f589c7749edba69447478ab5d30af63d3,data/exact_l2/2026-08-24/execution_curves.csv,7740ecabc8a023846ae0fb9e1b0d64c3ccda2ce35c2229f786e945d3aec56449,data/exact_l2/2026-08-24/valr_usdtzar_raw.json,e54ffe06b6af55680144f066cf6747eb5d5173afc076ec23a61b64c125b86ed4,sha256_verified,"[""base_asset"",""quote_asset"",""received_utc"",""exchange_timestamp_utc"",""source_url"",""source_params_json""]",2026-08-24,,2026-08-24T06:17:47.641669+00:00,,,legacy_unavailable,valr,USDTZAR,ZAR,USDT,,,,stablecoin_tokens,1 stablecoin token = 1 USD; no FX conversion,,,sell_stablecoin_base_hit_bids,valr_usdtzar_raw.json,e54ffe06b6af55680144f066cf6747eb5d5173afc076ec23a61b64c125b86ed4,5000,5000,5000.0,5000.0,1.0,80521.99999999999,16.1044,0.031047319219990044,0.031047319219990044,1,False,
native_l2,legacy:2026-08-24,legacy_directory_identifier,data/exact_l2/2026-08-24,legacy_day_root,legacy,data/exact_l2/2026-08-24/manifest.json,ce983bd9db9c611a8cb9b82bf3b6f47f589c7749edba69447478ab5d30af63d3,data/exact_l2/2026-08-24/execution_curves.csv,7740ecabc8a023846ae0fb9e1b0d64c3ccda2ce35c2229f786e945d3aec56449,data/exact_l2/2026-08-24/valr_usdtzar_raw.json,e54ffe06b6af55680144f066cf6747eb5d5173afc076ec23a61b64c125b86ed4,sha256_verified,"[""base_asset"",""quote_asset"",""received_utc"",""exchange_timestamp_utc"",""source_url"",""source_params_json""]",2026-08-24,,2026-08-24T06:17:47.641669+00:00,,,legacy_unavailable,valr,USDTZAR,ZAR,USDT,,,,stablecoin_tokens,1 stablecoin token = 1 USD; no FX conversion,,,sell_stablecoin_base_hit_bids,valr_usdtzar_raw.json,e54ffe06b6af55680144f066cf6747eb5d5173afc076ec23a61b64c125b86ed4,10000,10000,10000.0,10000.0,1.0,161043.99999999997,16.1044,0.031047319219990044,0.031047319219990044,1,False,
native_l2,legacy:2026-08-24,legacy_directory_identifier,data/exact_l2/2026-08-24,legacy_day_root,legacy,data/exact_l2/2026-08-24/manifest.json,ce983bd9db9c611a8cb9b82bf3b6f47f589c7749edba69447478ab5d30af63d3,data/exact_l2/2026-08-24/execution_curves.csv,7740ecabc8a023846ae0fb9e1b0d64c3ccda2ce35c2229f786e945d3aec56449,data/exact_l2/2026-08-24/valr_usdtzar_raw.json,e54ffe06b6af55680144f066cf6747eb5d5173afc076ec23a61b64c125b86ed4,sha256_verified,"[""base_asset"",""quote_asset"",""received_utc"",""exchange_timestamp_utc"",""source_url"",""source_params_json""]",2026-08-24,,2026-08-24T06:17:47.641669+00:00,,,legacy_unavailable,valr,USDTZAR,ZAR,USDT,,,,stablecoin_tokens,1 stablecoin token = 1 USD; no FX conversion,,,sell_stablecoin_base_hit_bids,valr_usdtzar_raw.json,e54ffe06b6af55680144f066cf6747eb5d5173afc076ec23a61b64c125b86ed4,25000,25000,25000.0,25000.0,1.0,402609.99999999994,16.1044,0.031047319219990044,0.031047319219990044,1,False,
native_l2,legacy:2026-08-24,legacy_directory_identifier,data/exact_l2/2026-08-24,legacy_day_root,legacy,data/exact_l2/2026-08-24/manifest.json,ce983bd9db9c611a8cb9b82bf3b6f47f589c7749edba69447478ab5d30af63d3,data/exact_l2/2026-08-24/execution_curves.csv,7740ecabc8a023846ae0fb9e1b0d64c3ccda2ce35c2229f786e945d3aec56449,data/exact_l2/2026-08-24/valr_usdtzar_raw.json,e54ffe06b6af55680144f066cf6747eb5d5173afc076ec23a61b64c125b86ed4,sha256_verified,"[""base_asset"",""quote_asset"",""received_utc"",""exchange_timestamp_utc"",""source_url"",""source_params_json""]",2026-08-24,,2026-08-24T06:17:47.641669+00:00,,,legacy_unavailable,valr,USDTZAR,ZAR,USDT,,,,stablecoin_tokens,1 stablecoin token = 1 USD; no FX conversion,,,sell_stablecoin_base_hit_bids,valr_usdtzar_raw.json,e54ffe06b6af55680144f066cf6747eb5d5173afc076ec23a61b64c125b86ed4,50000,50000,50000.0,50000.0,1.0,805219.9999999999,16.1044,0.031047319219990044,0.031047319219990044,1,False,
native_l2,legacy:2026-08-24,legacy_directory_identifier,data/exact_l2/2026-08-24,legacy_day_root,legacy,data/exact_l2/2026-08-24/manifest.json,ce983bd9db9c611a8cb9b82bf3b6f47f589c7749edba69447478ab5d30af63d3,data/exact_l2/2026-08-24/execution_curves.csv,7740ecabc8a023846ae0fb9e1b0d64c3ccda2ce35c2229f786e945d3aec56449,data/exact_l2/2026-08-24/valr_usdtzar_raw.json,e54ffe06b6af55680144f066cf6747eb5d5173afc076ec23a61b64c125b86ed4,sha256_verified,"[""base_asset"",""quote_asset"",""received_utc"",""exchange_timestamp_utc"",""source_url"",""source_params_json""]",2026-08-24,,2026-08-24T06:17:47.641669+00:00,,,legacy_unavailable,valr,USDTZAR,ZAR,USDT,,,,stablecoin_tokens,1 stablecoin token = 1 USD; no FX conversion,,,sell_stablecoin_base_hit_bids,valr_usdtzar_raw.json,e54ffe06b6af55680144f066cf6747eb5d5173afc076ec23a61b64c125b86ed4,100000,100000,100000.0,100000.0,1.0,1610439.9999999998,16.1044,0.031047319219990044,0.031047319219990044,2,False,
native_l2,legacy:2026-08-24,legacy_directory_identifier,data/exact_l2/2026-08-24,legacy_day_root,legacy,data/exact_l2/2026-08-24/manifest.json,ce983bd9db9c611a8cb9b82bf3b6f47f589c7749edba69447478ab5d30af63d3,data/exact_l2/2026-08-24/execution_curves.csv,7740ecabc8a023846ae0fb9e1b0d64c3ccda2ce35c2229f786e945d3aec56449,data/exact_l2/2026-08-24/bitkub_usdt_thb_raw.json,363b05ea025115253dba4bb6d5e731866673b6c58e702403470317ddeb94dcf6,sha256_verified,"[""base_asset"",""quote_asset"",""received_utc"",""exchange_timestamp_utc"",""source_url"",""source_params_json""]",2026-08-24,,2026-08-24T06:17:47.956913+00:00,,,legacy_unavailable,bitkub,usdt_thb,THB,USDT,,,,stablecoin_tokens,1 stablecoin token = 1 USD; no FX conversion,,,sell_stablecoin_base_hit_bids,bitkub_usdt_thb_raw.json,363b05ea025115253dba4bb6d5e731866673b6c58e702403470317ddeb94dcf6,1000,1000,1000.0,1000.0,1.0,32650.0,32.65,1.5311590874300673,1.5311590874300673,1,False,
native_l2,legacy:2026-08-24,legacy_directory_identifier,data/exact_l2/2026-08-24,legacy_day_root,legacy,data/exact_l2/2026-08-24/manifest.json,ce983bd9db9c611a8cb9b82bf3b6f47f589c7749edba69447478ab5d30af63d3,data/exact_l2/2026-08-24/execution_curves.csv,7740ecabc8a023846ae0fb9e1b0d64c3ccda2ce35c2229f786e945d3aec56449,data/exact_l2/2026-08-24/bitkub_usdt_thb_raw.json,363b05ea025115253dba4bb6d5e731866673b6c58e702403470317ddeb94dcf6,sha256_verified,"[""base_asset"",""quote_asset"",""received_utc"",""exchange_timestamp_utc"",""source_url"",""source_params_json""]",2026-08-24,,2026-08-24T06:17:47.956913+00:00,,,legacy_unavailable,bitkub,usdt_thb,THB,USDT,,,,stablecoin_tokens,1 stablecoin token = 1 USD; no FX conversion,,,sell_stablecoin_base_hit_bids,bitkub_usdt_thb_raw.json,363b05ea025115253dba4bb6d5e731866673b6c58e702403470317ddeb94dcf6,5000,5000,5000.0,5000.0,1.0,163250.0,32.65,1.5311590874300673,1.5311590874300673,1,False,
native_l2,legacy:2026-08-24,legacy_directory_identifier,data/exact_l2/2026-08-24,legacy_day_root,legacy,data/exact_l2/2026-08-24/manifest.json,ce983bd9db9c611a8cb9b82bf3b6f47f589c7749edba69447478ab5d30af63d3,data/exact_l2/2026-08-24/execution_curves.csv,7740ecabc8a023846ae0fb9e1b0d64c3ccda2ce35c2229f786e945d3aec56449,data/exact_l2/2026-08-24/bitkub_usdt_thb_raw.json,363b05ea025115253dba4bb6d5e731866673b6c58e702403470317ddeb94dcf6,sha256_verified,"[""base_asset"",""quote_asset"",""received_utc"",""exchange_timestamp_utc"",""source_url"",""source_params_json""]",2026-08-24,,2026-08-24T06:17:47.956913+00:00,,,legacy_unavailable,bitkub,usdt_thb,THB,USDT,,,,stablecoin_tokens,1 stablecoin token = 1 USD; no FX conversion,,,sell_stablecoin_base_hit_bids,bitkub_usdt_thb_raw.json,363b05ea025115253dba4bb6d5e731866673b6c58e702403470317ddeb94dcf6,10000,10000,10000.0,10000.0,1.0,326500.0,32.65,1.5311590874300673,1.5311590874300673,1,False,
native_l2,legacy:2026-08-24,legacy_directory_identifier,data/exact_l2/2026-08-24,legacy_day_root,legacy,data/exact_l2/2026-08-24/manifest.json,ce983bd9db9c611a8cb9b82bf3b6f47f589c7749edba69447478ab5d30af63d3,data/exact_l2/2026-08-24/execution_curves.csv,7740ecabc8a023846ae0fb9e1b0d64c3ccda2ce35c2229f786e945d3aec56449,data/exact_l2/2026-08-24/bitkub_usdt_thb_raw.json,363b05ea025115253dba4bb6d5e731866673b6c58e702403470317ddeb94dcf6,sha256_verified,"[""base_asset"",""quote_asset"",""received_utc"",""exchange_timestamp_utc"",""source_url"",""source_params_json""]",2026-08-24,,2026-08-24T06:17:47.956913+00:00,,,legacy_unavailable,bitkub,usdt_thb,THB,USDT,,,,stablecoin_tokens,1 stablecoin token = 1 USD; no FX conversion,,,sell_stablecoin_base_hit_bids,bitkub_usdt_thb_raw.json,363b05ea025115253dba4bb6d5e731866673b6c58e702403470317ddeb94dcf6,25000,25000,25000.0,25000.0,1.0,816250.0,32.65,1.5311590874300673,1.5311590874300673,1,False,
native_l2,legacy:2026-08-24,legacy_directory_identifier,data/exact_l2/2026-08-24,legacy_day_root,legacy,data/exact_l2/2026-08-24/manifest.json,ce983bd9db9c611a8cb9b82bf3b6f47f589c7749edba69447478ab5d30af63d3,data/exact_l2/2026-08-24/execution_curves.csv,7740ecabc8a023846ae0fb9e1b0d64c3ccda2ce35c2229f786e945d3aec56449,data/exact_l2/2026-08-24/bitkub_usdt_thb_raw.json,363b05ea025115253dba4bb6d5e731866673b6c58e702403470317ddeb94dcf6,sha256_verified,"[""base_asset"",""quote_asset"",""received_utc"",""exchange_timestamp_utc"",""source_url"",""source_params_json""]",2026-08-24,,2026-08-24T06:17:47.956913+00:00,,,legacy_unavailable,bitkub,usdt_thb,THB,USDT,,,,stablecoin_tokens,1 stablecoin token = 1 USD; no FX conversion,,,sell_stablecoin_base_hit_bids,bitkub_usdt_thb_raw.json,363b05ea025115253dba4bb6d5e731866673b6c58e702403470317ddeb94dcf6,50000,50000,50000.0,50000.0,1.0,1632500.0,32.65,1.5311590874300673,1.5311590874300673,1,False,
native_l2,legacy:2026-08-24,legacy_directory_identifier,data/exact_l2/2026-08-24,legacy_day_root,legacy,data/exact_l2/2026-08-24/manifest.json,ce983bd9db9c611a8cb9b82bf3b6f47f589c7749edba69447478ab5d30af63d3,data/exact_l2/2026-08-24/execution_curves.csv,7740ecabc8a023846ae0fb9e1b0d64c3ccda2ce35c2229f786e945d3aec56449,data/exact_l2/2026-08-24/bitkub_usdt_thb_raw.json,363b05ea025115253dba4bb6d5e731866673b6c58e702403470317ddeb94dcf6,sha256_verified,"[""base_asset"",""quote_asset"",""received_utc"",""exchange_timestamp_utc"",""source_url"",""source_params_json""]",2026-08-24,,2026-08-24T06:17:47.956913+00:00,,,legacy_unavailable,bitkub,usdt_thb,THB,USDT,,,,stablecoin_tokens,1 stablecoin token = 1 USD; no FX conversion,,,sell_stablecoin_base_hit_bids,bitkub_usdt_thb_raw.json,363b05ea025115253dba4bb6d5e731866673b6c58e702403470317ddeb94dcf6,100000,100000,100000.0,100000.0,1.0,3265000.0,32.65,1.5311590874300673,1.5311590874300673,1,False,
native_l2,legacy:2026-08-25,legacy_directory_identifier,data/exact_l2/2026-08-25,legacy_day_root,legacy,data/exact_l2/2026-08-25/manifest.json,1936d214c1bc9970259cc585c23895efbc2690abc7de41c54d89de504f01ace2,data/exact_l2/2026-08-25/execution_curves.csv,5c2d517bee7efd54b3f8369b01b5b18c9277d8423ccb7d46d39e797760e2c24e,data/exact_l2/2026-08-25/valr_usdtzar_raw.json,a1cc02c2c4d272f4a5b643ceb61424ee153e1ec8b4c12aac591c08c2f8fb10a9,sha256_verified,"[""base_asset"",""quote_asset"",""received_utc"",""exchange_timestamp_utc"",""source_url"",""source_params_json""]",2026-08-25,,2026-08-25T06:12:43.215140+00:00,,,legacy_unavailable,valr,USDTZAR,ZAR,USDT,,,,stablecoin_tokens,1 stablecoin token = 1 USD; no FX conversion,,,sell_stablecoin_base_hit_bids,valr_usdtzar_raw.json,a1cc02c2c4d272f4a5b643ceb61424ee153e1ec8b4c12aac591c08c2f8fb10a9,1000,1000,1000.0,1000.0,1.0,16140.50515314,16.14050515314,4.362796126967661,4.551774108147999,2,False,
native_l2,legacy:2026-08-25,legacy_directory_identifier,data/exact_l2/2026-08-25,legacy_day_root,legacy,data/exact_l2/2026-08-25/manifest.json,1936d214c1bc9970259cc585c23895efbc2690abc7de41c54d89de504f01ace2,data/exact_l2/2026-08-25/execution_curves.csv,5c2d517bee7efd54b3f8369b01b5b18c9277d8423ccb7d46d39e797760e2c24e,data/exact_l2/2026-08-25/valr_usdtzar_raw.json,a1cc02c2c4d272f4a5b643ceb61424ee153e1ec8b4c12aac591c08c2f8fb10a9,sha256_verified,"[""base_asset"",""quote_asset"",""received_utc"",""exchange_timestamp_utc"",""source_url"",""source_params_json""]",2026-08-25,,2026-08-25T06:12:43.215140+00:00,,,legacy_unavailable,valr,USDTZAR,ZAR,USDT,,,,stablecoin_tokens,1 stablecoin token = 1 USD; no FX conversion,,,sell_stablecoin_base_hit_bids,valr_usdtzar_raw.json,a1cc02c2c4d272f4a5b643ceb61424ee153e1ec8b4c12aac591c08c2f8fb10a9,5000,5000,5000.0,5000.0,1.0,80701.30515314,16.140261030628,4.513978511911931,4.551774108147999,2,False,
native_l2,legacy:2026-08-25,legacy_directory_identifier,data/exact_l2/2026-08-25,legacy_day_root,legacy,data/exact_l2/2026-08-25/manifest.json,1936d214c1bc9970259cc585c23895efbc2690abc7de41c54d89de504f01ace2,data/exact_l2/2026-08-25/execution_curves.csv,5c2d517bee7efd54b3f8369b01b5b18c9277d8423ccb7d46d39e797760e2c24e,data/exact_l2/2026-08-25/valr_usdtzar_raw.json,a1cc02c2c4d272f4a5b643ceb61424ee153e1ec8b4c12aac591c08c2f8fb10a9,sha256_verified,"[""base_asset"",""quote_asset"",""received_utc"",""exchange_timestamp_utc"",""source_url"",""source_params_json""]",2026-08-25,,2026-08-25T06:12:43.215140+00:00,,,legacy_unavailable,valr,USDTZAR,ZAR,USDT,,,,stablecoin_tokens,1 stablecoin token = 1 USD; no FX conversion,,,sell_stablecoin_base_hit_bids,valr_usdtzar_raw.json,a1cc02c2c4d272f4a5b643ceb61424ee153e1ec8b4c12aac591c08c2f8fb10a9,10000,10000,10000.0,10000.0,1.0,161402.30515314,16.140230515314002,4.5328763100283,4.551774108147999,2,False,
native_l2,legacy:2026-08-25,legacy_directory_identifier,data/exact_l2/2026-08-25,legacy_day_root,legacy,data/exact_l2/2026-08-25/manifest.json,1936d214c1bc9970259cc585c23895efbc2690abc7de41c54d89de504f01ace2,data/exact_l2/2026-08-25/execution_curves.csv,5c2d517bee7efd54b3f8369b01b5b18c9277d8423ccb7d46d39e797760e2c24e,data/exact_l2/2026-08-25/valr_usdtzar_raw.json,a1cc02c2c4d272f4a5b643ceb61424ee153e1ec8b4c12aac591c08c2f8fb10a9,sha256_verified,"[""base_asset"",""quote_asset"",""received_utc"",""exchange_timestamp_utc"",""source_url"",""source_params_json""]",2026-08-25,,2026-08-25T06:12:43.215140+00:00,,,legacy_unavailable,valr,USDTZAR,ZAR,USDT,,,,stablecoin_tokens,1 stablecoin token = 1 USD; no FX conversion,,,sell_stablecoin_base_hit_bids,valr_usdtzar_raw.json,a1cc02c2c4d272f4a5b643ceb61424ee153e1ec8b4c12aac591c08c2f8fb10a9,25000,25000,25000.0,25000.0,1.0,403495.88457656,16.1398353830624,4.777577364740715,5.728423197327581,3,False,
native_l2,legacy:2026-08-25,legacy_directory_identifier,data/exact_l2/2026-08-25,legacy_day_root,legacy,data/exact_l2/2026-08-25/manifest.json,1936d214c1bc9970259cc585c23895efbc2690abc7de41c54d89de504f01ace2,data/exact_l2/2026-08-25/execution_curves.csv,5c2d517bee7efd54b3f8369b01b5b18c9277d8423ccb7d46d39e797760e2c24e,data/exact_l2/2026-08-25/valr_usdtzar_raw.json,a1cc02c2c4d272f4a5b643ceb61424ee153e1ec8b4c12aac591c08c2f8fb10a9,sha256_verified,"[""base_asset"",""quote_asset"",""received_utc"",""exchange_timestamp_utc"",""source_url"",""source_params_json""]",2026-08-25,,2026-08-25T06:12:43.215140+00:00,,,legacy_unavailable,valr,USDTZAR,ZAR,USDT,,,,stablecoin_tokens,1 stablecoin token = 1 USD; no FX conversion,,,sell_stablecoin_base_hit_bids,valr_usdtzar_raw.json,a1cc02c2c4d272f4a5b643ceb61424ee153e1ec8b4c12aac591c08c2f8fb10a9,50000,50000,50000.0,50000.0,1.0,806950.78356711,16.1390156713422,5.285215811564603,5.852280996189174,6,False,
native_l2,legacy:2026-08-25,legacy_directory_identifier,data/exact_l2/2026-08-25,legacy_day_root,legacy,data/exact_l2/2026-08-25/manifest.json,1936d214c1bc9970259cc585c23895efbc2690abc7de41c54d89de504f01ace2,data/exact_l2/2026-08-25/execution_curves.csv,5c2d517bee7efd54b3f8369b01b5b18c9277d8423ccb7d46d39e797760e2c24e,data/exact_l2/2026-08-25/valr_usdtzar_raw.json,a1cc02c2c4d272f4a5b643ceb61424ee153e1ec8b4c12aac591c08c2f8fb10a9,sha256_verified,"[""base_asset"",""quote_asset"",""received_utc"",""exchange_timestamp_utc"",""source_url"",""source_params_json""]",2026-08-25,,2026-08-25T06:12:43.215140+00:00,,,legacy_unavailable,valr,USDTZAR,ZAR,USDT,,,,stablecoin_tokens,1 stablecoin token = 1 USD; no FX conversion,,,sell_stablecoin_base_hit_bids,valr_usdtzar_raw.json,a1cc02c2c4d272f4a5b643ceb61424ee153e1ec8b4c12aac591c08c2f8fb10a9,100000,100000,100000.0,100000.0,1.0,1613855.78356711,16.1385578356711,5.568748403876889,5.852280996189174,6,False,
native_l2,legacy:2026-08-25,legacy_directory_identifier,data/exact_l2/2026-08-25,legacy_day_root,legacy,data/exact_l2/2026-08-25/manifest.json,1936d214c1bc9970259cc585c23895efbc2690abc7de41c54d89de504f01ace2,data/exact_l2/2026-08-25/execution_curves.csv,5c2d517bee7efd54b3f8369b01b5b18c9277d8423ccb7d46d39e797760e2c24e,data/exact_l2/2026-08-25/bitkub_usdt_thb_raw.json,7863c91522539da8faee0a171d29800bb4cc53335b7c45c3d5492bd95e3102b2,sha256_verified,"[""base_asset"",""quote_asset"",""received_utc"",""exchange_timestamp_utc"",""source_url"",""source_params_json""]",2026-08-25,,2026-08-25T06:12:43.389651+00:00,,,legacy_unavailable,bitkub,usdt_thb,THB,USDT,,,,stablecoin_tokens,1 stablecoin token = 1 USD; no FX conversion,,,sell_stablecoin_base_hit_bids,bitkub_usdt_thb_raw.json,7863c91522539da8faee0a171d29800bb4cc53335b7c45c3d5492bd95e3102b2,1000,1000,1000.0,1000.0,1.0,32740.000000000004,32.74,1.5269506794934884,1.5269506794934884,1,False,
native_l2,legacy:2026-08-25,legacy_directory_identifier,data/exact_l2/2026-08-25,legacy_day_root,legacy,data/exact_l2/2026-08-25/manifest.json,1936d214c1bc9970259cc585c23895efbc2690abc7de41c54d89de504f01ace2,data/exact_l2/2026-08-25/execution_curves.csv,5c2d517bee7efd54b3f8369b01b5b18c9277d8423ccb7d46d39e797760e2c24e,data/exact_l2/2026-08-25/bitkub_usdt_thb_raw.json,7863c91522539da8faee0a171d29800bb4cc53335b7c45c3d5492bd95e3102b2,sha256_verified,"[""base_asset"",""quote_asset"",""received_utc"",""exchange_timestamp_utc"",""source_url"",""source_params_json""]",2026-08-25,,2026-08-25T06:12:43.389651+00:00,,,legacy_unavailable,bitkub,usdt_thb,THB,USDT,,,,stablecoin_tokens,1 stablecoin token = 1 USD; no FX conversion,,,sell_stablecoin_base_hit_bids,bitkub_usdt_thb_raw.json,7863c91522539da8faee0a171d29800bb4cc53335b7c45c3d5492bd95e3102b2,5000,5000,5000.0,5000.0,1.0,163700.0,32.74,1.5269506794934884,1.5269506794934884,1,False,
native_l2,legacy:2026-08-25,legacy_directory_identifier,data/exact_l2/2026-08-25,legacy_day_root,legacy,data/exact_l2/2026-08-25/manifest.json,1936d214c1bc9970259cc585c23895efbc2690abc7de41c54d89de504f01ace2,data/exact_l2/2026-08-25/execution_curves.csv,5c2d517bee7efd54b3f8369b01b5b18c9277d8423ccb7d46d39e797760e2c24e,data/exact_l2/2026-08-25/bitkub_usdt_thb_raw.json,7863c91522539da8faee0a171d29800bb4cc53335b7c45c3d5492bd95e3102b2,sha256_verified,"[""base_asset"",""quote_asset"",""received_utc"",""exchange_timestamp_utc"",""source_url"",""source_params_json""]",2026-08-25,,2026-08-25T06:12:43.389651+00:00,,,legacy_unavailable,bitkub,usdt_thb,THB,USDT,,,,stablecoin_tokens,1 stablecoin token = 1 USD; no FX conversion,,,sell_stablecoin_base_hit_bids,bitkub_usdt_thb_raw.json,7863c91522539da8faee0a171d29800bb4cc53335b7c45c3d5492bd95e3102b2,10000,10000,10000.0,10000.0,1.0,327400.0,32.74,1.5269506794934884,1.5269506794934884,1,False,
native_l2,legacy:2026-08-25,legacy_directory_identifier,data/exact_l2/2026-08-25,legacy_day_root,legacy,data/exact_l2/2026-08-25/manifest.json,1936d214c1bc9970259cc585c23895efbc2690abc7de41c54d89de504f01ace2,data/exact_l2/2026-08-25/execution_curves.csv,5c2d517bee7efd54b3f8369b01b5b18c9277d8423ccb7d46d39e797760e2c24e,data/exact_l2/2026-08-25/bitkub_usdt_thb_raw.json,7863c91522539da8faee0a171d29800bb4cc53335b7c45c3d5492bd95e3102b2,sha256_verified,"[""base_asset"",""quote_asset"",""received_utc"",""exchange_timestamp_utc"",""source_url"",""source_params_json""]",2026-08-25,,2026-08-25T06:12:43.389651+00:00,,,legacy_unavailable,bitkub,usdt_thb,THB,USDT,,,,stablecoin_tokens,1 stablecoin token = 1 USD; no FX conversion,,,sell_stablecoin_base_hit_bids,bitkub_usdt_thb_raw.json,7863c91522539da8faee0a171d29800bb4cc53335b7c45c3d5492bd95e3102b2,25000,25000,25000.0,25000.0,1.0,818500.0,32.74,1.5269506794934884,1.5269506794934884,1,False,
native_l2,legacy:2026-08-25,legacy_directory_identifier,data/exact_l2/2026-08-25,legacy_day_root,legacy,data/exact_l2/2026-08-25/manifest.json,1936d214c1bc9970259cc585c23895efbc2690abc7de41c54d89de504f01ace2,data/exact_l2/2026-08-25/execution_curves.csv,5c2d517bee7efd54b3f8369b01b5b18c9277d8423ccb7d46d39e797760e2c24e,data/exact_l2/2026-08-25/bitkub_usdt_thb_raw.json,7863c91522539da8faee0a171d29800bb4cc53335b7c45c3d5492bd95e3102b2,sha256_verified,"[""base_asset"",""quote_asset"",""received_utc"",""exchange_timestamp_utc"",""source_url"",""source_params_json""]",2026-08-25,,2026-08-25T06:12:43.389651+00:00,,,legacy_unavailable,bitkub,usdt_thb,THB,USDT,,,,stablecoin_tokens,1 stablecoin token = 1 USD; no FX conversion,,,sell_stablecoin_base_hit_bids,bitkub_usdt_thb_raw.json,7863c91522539da8faee0a171d29800bb4cc53335b7c45c3d5492bd95e3102b2,50000,50000,50000.0,50000.0,1.0,1637000.0,32.74,1.5269506794934884,1.5269506794934884,1,False,
native_l2,legacy:2026-08-25,legacy_directory_identifier,data/exact_l2/2026-08-25,legacy_day_root,legacy,data/exact_l2/2026-08-25/manifest.json,1936d214c1bc9970259cc585c23895efbc2690abc7de41c54d89de504f01ace2,data/exact_l2/2026-08-25/execution_curves.csv,5c2d517bee7efd54b3f8369b01b5b18c9277d8423ccb7d46d39e797760e2c24e,data/exact_l2/2026-08-25/bitkub_usdt_thb_raw.json,7863c91522539da8faee0a171d29800bb4cc53335b7c45c3d5492bd95e3102b2,sha256_verified,"[""base_asset"",""quote_asset"",""received_utc"",""exchange_timestamp_utc"",""source_url"",""source_params_json""]",2026-08-25,,2026-08-25T06:12:43.389651+00:00,,,legacy_unavailable,bitkub,usdt_thb,THB,USDT,,,,stablecoin_tokens,1 stablecoin token = 1 USD; no FX conversion,,,sell_stablecoin_base_hit_bids,bitkub_usdt_thb_raw.json,7863c91522539da8faee0a171d29800bb4cc53335b7c45c3d5492bd95e3102b2,100000,100000,100000.0,100000.0,1.0,3274000.0,32.74,1.5269506794934884,1.5269506794934884,1,False,
native_l2,legacy:2026-08-26,legacy_directory_identifier,data/exact_l2/2026-08-26,legacy_day_root,legacy,data/exact_l2/2026-08-26/manifest.json,cf1e6ee3ce76aa89e0cbc9d74ce408344b9b00aa14be1112a090c624970f303b,data/exact_l2/2026-08-26/execution_curves.csv,4f4f54610785bf1e5d5dc1eee24f027f1ddb9fd2f8a3290ffd096da97bccd901,data/exact_l2/2026-08-26/valr_usdtzar_raw.json,6967aee7395baf5c16a0ac5b3885090394e1d2dd2a1ba28dd4dcf21dcfa5da27,sha256_verified,"[""base_asset"",""quote_asset"",""received_utc"",""exchange_timestamp_utc"",""source_url"",""source_params_json""]",2026-08-26,,2026-08-26T06:14:23.118150+00:00,,,legacy_unavailable,valr,USDTZAR,ZAR,USDT,,,,stablecoin_tokens,1 stablecoin token = 1 USD; no FX conversion,,,sell_stablecoin_base_hit_bids,valr_usdtzar_raw.json,6967aee7395baf5c16a0ac5b3885090394e1d2dd2a1ba28dd4dcf21dcfa5da27,1000,1000,1000.0,1000.0,1.0,16041.599999999999,16.0416,2.524048573914195,2.524048573914195,1,False,
native_l2,legacy:2026-08-26,legacy_directory_identifier,data/exact_l2/2026-08-26,legacy_day_root,legacy,data/exact_l2/2026-08-26/manifest.json,cf1e6ee3ce76aa89e0cbc9d74ce408344b9b00aa14be1112a090c624970f303b,data/exact_l2/2026-08-26/execution_curves.csv,4f4f54610785bf1e5d5dc1eee24f027f1ddb9fd2f8a3290ffd096da97bccd901,data/exact_l2/2026-08-26/valr_usdtzar_raw.json,6967aee7395baf5c16a0ac5b3885090394e1d2dd2a1ba28dd4dcf21dcfa5da27,sha256_verified,"[""base_asset"",""quote_asset"",""received_utc"",""exchange_timestamp_utc"",""source_url"",""source_params_json""]",2026-08-26,,2026-08-26T06:14:23.118150+00:00,,,legacy_unavailable,valr,USDTZAR,ZAR,USDT,,,,stablecoin_tokens,1 stablecoin token = 1 USD; no FX conversion,,,sell_stablecoin_base_hit_bids,valr_usdtzar_raw.json,6967aee7395baf5c16a0ac5b3885090394e1d2dd2a1ba28dd4dcf21dcfa5da27,5000,5000,5000.0,5000.0,1.0,80208.0,16.0416,2.524048573914195,2.524048573914195,1,False,
native_l2,legacy:2026-08-26,legacy_directory_identifier,data/exact_l2/2026-08-26,legacy_day_root,legacy,data/exact_l2/2026-08-26/manifest.json,cf1e6ee3ce76aa89e0cbc9d74ce408344b9b00aa14be1112a090c624970f303b,data/exact_l2/2026-08-26/execution_curves.csv,4f4f54610785bf1e5d5dc1eee24f027f1ddb9fd2f8a3290ffd096da97bccd901,data/exact_l2/2026-08-26/valr_usdtzar_raw.json,6967aee7395baf5c16a0ac5b3885090394e1d2dd2a1ba28dd4dcf21dcfa5da27,sha256_verified,"[""base_asset"",""quote_asset"",""received_utc"",""exchange_timestamp_utc"",""source_url"",""source_params_json""]",2026-08-26,,2026-08-26T06:14:23.118150+00:00,,,legacy_unavailable,valr,USDTZAR,ZAR,USDT,,,,stablecoin_tokens,1 stablecoin token = 1 USD; no FX conversion,,,sell_stablecoin_base_hit_bids,valr_usdtzar_raw.json,6967aee7395baf5c16a0ac5b3885090394e1d2dd2a1ba28dd4dcf21dcfa5da27,10000,10000,10000.0,10000.0,1.0,160416.0,16.0416,2.524048573914195,2.524048573914195,1,False,
native_l2,legacy:2026-08-26,legacy_directory_identifier,data/exact_l2/2026-08-26,legacy_day_root,legacy,data/exact_l2/2026-08-26/manifest.json,cf1e6ee3ce76aa89e0cbc9d74ce408344b9b00aa14be1112a090c624970f303b,data/exact_l2/2026-08-26/execution_curves.csv,4f4f54610785bf1e5d5dc1eee24f027f1ddb9fd2f8a3290ffd096da97bccd901,data/exact_l2/2026-08-26/valr_usdtzar_raw.json,6967aee7395baf5c16a0ac5b3885090394e1d2dd2a1ba28dd4dcf21dcfa5da27,sha256_verified,"[""base_asset"",""quote_asset"",""received_utc"",""exchange_timestamp_utc"",""source_url"",""source_params_json""]",2026-08-26,,2026-08-26T06:14:23.118150+00:00,,,legacy_unavailable,valr,USDTZAR,ZAR,USDT,,,,stablecoin_tokens,1 stablecoin token = 1 USD; no FX conversion,,,sell_stablecoin_base_hit_bids,valr_usdtzar_raw.json,6967aee7395baf5c16a0ac5b3885090394e1d2dd2a1ba28dd4dcf21dcfa5da27,25000,25000,25000.0,25000.0,1.0,401040.0,16.0416,2.524048573914195,2.524048573914195,1,False,
native_l2,legacy:2026-08-26,legacy_directory_identifier,data/exact_l2/2026-08-26,legacy_day_root,legacy,data/exact_l2/2026-08-26/manifest.json,cf1e6ee3ce76aa89e0cbc9d74ce408344b9b00aa14be1112a090c624970f303b,data/exact_l2/2026-08-26/execution_curves.csv,4f4f54610785bf1e5d5dc1eee24f027f1ddb9fd2f8a3290ffd096da97bccd901,data/exact_l2/2026-08-26/valr_usdtzar_raw.json,6967aee7395baf5c16a0ac5b3885090394e1d2dd2a1ba28dd4dcf21dcfa5da27,sha256_verified,"[""base_asset"",""quote_asset"",""received_utc"",""exchange_timestamp_utc"",""source_url"",""source_params_json""]",2026-08-26,,2026-08-26T06:14:23.118150+00:00,,,legacy_unavailable,valr,USDTZAR,ZAR,USDT,,,,stablecoin_tokens,1 stablecoin token = 1 USD; no FX conversion,,,sell_stablecoin_base_hit_bids,valr_usdtzar_raw.json,6967aee7395baf5c16a0ac5b3885090394e1d2dd2a1ba28dd4dcf21dcfa5da27,50000,50000,50000.0,50000.0,1.0,802080.0,16.0416,2.524048573914195,2.524048573914195,2,False,
native_l2,legacy:2026-08-26,legacy_directory_identifier,data/exact_l2/2026-08-26,legacy_day_root,legacy,data/exact_l2/2026-08-26/manifest.json,cf1e6ee3ce76aa89e0cbc9d74ce408344b9b00aa14be1112a090c624970f303b,data/exact_l2/2026-08-26/execution_curves.csv,4f4f54610785bf1e5d5dc1eee24f027f1ddb9fd2f8a3290ffd096da97bccd901,data/exact_l2/2026-08-26/valr_usdtzar_raw.json,6967aee7395baf5c16a0ac5b3885090394e1d2dd2a1ba28dd4dcf21dcfa5da27,sha256_verified,"[""base_asset"",""quote_asset"",""received_utc"",""exchange_timestamp_utc"",""source_url"",""source_params_json""]",2026-08-26,,2026-08-26T06:14:23.118150+00:00,,,legacy_unavailable,valr,USDTZAR,ZAR,USDT,,,,stablecoin_tokens,1 stablecoin token = 1 USD; no FX conversion,,,sell_stablecoin_base_hit_bids,valr_usdtzar_raw.json,6967aee7395baf5c16a0ac5b3885090394e1d2dd2a1ba28dd4dcf21dcfa5da27,100000,100000,100000.0,100000.0,1.0,1603937.1116272,16.039371116272,3.9131376591172717,6.325701981535481,6,False,
native_l2,legacy:2026-08-26,legacy_directory_identifier,data/exact_l2/2026-08-26,legacy_day_root,legacy,data/exact_l2/2026-08-26/manifest.json,cf1e6ee3ce76aa89e0cbc9d74ce408344b9b00aa14be1112a090c624970f303b,data/exact_l2/2026-08-26/execution_curves.csv,4f4f54610785bf1e5d5dc1eee24f027f1ddb9fd2f8a3290ffd096da97bccd901,data/exact_l2/2026-08-26/bitkub_usdt_thb_raw.json,7f88140a49bcbe060a543e49223eaaf881ef53009640c96c15624ebf34aae139,sha256_verified,"[""base_asset"",""quote_asset"",""received_utc"",""exchange_timestamp_utc"",""source_url"",""source_params_json""]",2026-08-26,,2026-08-26T06:14:23.392120+00:00,,,legacy_unavailable,bitkub,usdt_thb,THB,USDT,,,,stablecoin_tokens,1 stablecoin token = 1 USD; no FX conversion,,,sell_stablecoin_base_hit_bids,bitkub_usdt_thb_raw.json,7f88140a49bcbe060a543e49223eaaf881ef53009640c96c15624ebf34aae139,1000,1000,1000.0,1000.0,1.0,32720.0,32.72,1.5278838808241435,1.5278838808241435,1,False,
native_l2,legacy:2026-08-26,legacy_directory_identifier,data/exact_l2/2026-08-26,legacy_day_root,legacy,data/exact_l2/2026-08-26/manifest.json,cf1e6ee3ce76aa89e0cbc9d74ce408344b9b00aa14be1112a090c624970f303b,data/exact_l2/2026-08-26/execution_curves.csv,4f4f54610785bf1e5d5dc1eee24f027f1ddb9fd2f8a3290ffd096da97bccd901,data/exact_l2/2026-08-26/bitkub_usdt_thb_raw.json,7f88140a49bcbe060a543e49223eaaf881ef53009640c96c15624ebf34aae139,sha256_verified,"[""base_asset"",""quote_asset"",""received_utc"",""exchange_timestamp_utc"",""source_url"",""source_params_json""]",2026-08-26,,2026-08-26T06:14:23.392120+00:00,,,legacy_unavailable,bitkub,usdt_thb,THB,USDT,,,,stablecoin_tokens,1 stablecoin token = 1 USD; no FX conversion,,,sell_stablecoin_base_hit_bids,bitkub_usdt_thb_raw.json,7f88140a49bcbe060a543e49223eaaf881ef53009640c96c15624ebf34aae139,5000,5000,5000.0,5000.0,1.0,163600.0,32.72,1.5278838808241435,1.5278838808241435,1,False,
native_l2,legacy:2026-08-26,legacy_directory_identifier,data/exact_l2/2026-08-26,legacy_day_root,legacy,data/exact_l2/2026-08-26/manifest.json,cf1e6ee3ce76aa89e0cbc9d74ce408344b9b00aa14be1112a090c624970f303b,data/exact_l2/2026-08-26/execution_curves.csv,4f4f54610785bf1e5d5dc1eee24f027f1ddb9fd2f8a3290ffd096da97bccd901,data/exact_l2/2026-08-26/bitkub_usdt_thb_raw.json,7f88140a49bcbe060a543e49223eaaf881ef53009640c96c15624ebf34aae139,sha256_verified,"[""base_asset"",""quote_asset"",""received_utc"",""exchange_timestamp_utc"",""source_url"",""source_params_json""]",2026-08-26,,2026-08-26T06:14:23.392120+00:00,,,legacy_unavailable,bitkub,usdt_thb,THB,USDT,,,,stablecoin_tokens,1 stablecoin token = 1 USD; no FX conversion,,,sell_stablecoin_base_hit_bids,bitkub_usdt_thb_raw.json,7f88140a49bcbe060a543e49223eaaf881ef53009640c96c15624ebf34aae139,10000,10000,10000.0,10000.0,1.0,327200.0,32.72,1.5278838808241435,1.5278838808241435,1,False,
native_l2,legacy:2026-08-26,legacy_directory_identifier,data/exact_l2/2026-08-26,legacy_day_root,legacy,data/exact_l2/2026-08-26/manifest.json,cf1e6ee3ce76aa89e0cbc9d74ce408344b9b00aa14be1112a090c624970f303b,data/exact_l2/2026-08-26/execution_curves.csv,4f4f54610785bf1e5d5dc1eee24f027f1ddb9fd2f8a3290ffd096da97bccd901,data/exact_l2/2026-08-26/bitkub_usdt_thb_raw.json,7f88140a49bcbe060a543e49223eaaf881ef53009640c96c15624ebf34aae139,sha256_verified,"[""base_asset"",""quote_asset"",""received_utc"",""exchange_timestamp_utc"",""source_url"",""source_params_json""]",2026-08-26,,2026-08-26T06:14:23.392120+00:00,,,legacy_unavailable,bitkub,usdt_thb,THB,USDT,,,,stablecoin_tokens,1 stablecoin token = 1 USD; no FX conversion,,,sell_stablecoin_base_hit_bids,bitkub_usdt_thb_raw.json,7f88140a49bcbe060a543e49223eaaf881ef53009640c96c15624ebf34aae139,25000,25000,25000.0,25000.0,1.0,818000.0,32.72,1.5278838808241435,1.5278838808241435,1,False,
native_l2,legacy:2026-08-26,legacy_directory_identifier,data/exact_l2/2026-08-26,legacy_day_root,legacy,data/exact_l2/2026-08-26/manifest.json,cf1e6ee3ce76aa89e0cbc9d74ce408344b9b00aa14be1112a090c624970f303b,data/exact_l2/2026-08-26/execution_curves.csv,4f4f54610785bf1e5d5dc1eee24f027f1ddb9fd2f8a3290ffd096da97bccd901,data/exact_l2/2026-08-26/bitkub_usdt_thb_raw.json,7f88140a49bcbe060a543e49223eaaf881ef53009640c96c15624ebf34aae139,sha256_verified,"[""base_asset"",""quote_asset"",""received_utc"",""exchange_timestamp_utc"",""source_url"",""source_params_json""]",2026-08-26,,2026-08-26T06:14:23.392120+00:00,,,legacy_unavailable,bitkub,usdt_thb,THB,USDT,,,,stablecoin_tokens,1 stablecoin token = 1 USD; no FX conversion,,,sell_stablecoin_base_hit_bids,bitkub_usdt_thb_raw.json,7f88140a49bcbe060a543e49223eaaf881ef53009640c96c15624ebf34aae139,50000,50000,50000.0,50000.0,1.0,1636000.0,32.72,1.5278838808241435,1.5278838808241435,1,False,
native_l2,legacy:2026-08-26,legacy_directory_identifier,data/exact_l2/2026-08-26,legacy_day_root,legacy,data/exact_l2/2026-08-26/manifest.json,cf1e6ee3ce76aa89e0cbc9d74ce408344b9b00aa14be1112a090c624970f303b,data/exact_l2/2026-08-26/execution_curves.csv,4f4f54610785bf1e5d5dc1eee24f027f1ddb9fd2f8a3290ffd096da97bccd901,data/exact_l2/2026-08-26/bitkub_usdt_thb_raw.json,7f88140a49bcbe060a543e49223eaaf881ef53009640c96c15624ebf34aae139,sha256_verified,"[""base_asset"",""quote_asset"",""received_utc"",""exchange_timestamp_utc"",""source_url"",""source_params_json""]",2026-08-26,,2026-08-26T06:14:23.392120+00:00,,,legacy_unavailable,bitkub,usdt_thb,THB,USDT,,,,stablecoin_tokens,1 stablecoin token = 1 USD; no FX conversion,,,sell_stablecoin_base_hit_bids,bitkub_usdt_thb_raw.json,7f88140a49bcbe060a543e49223eaaf881ef53009640c96c15624ebf34aae139,100000,100000,100000.0,100000.0,1.0,3272000.0,32.72,1.5278838808241435,1.5278838808241435,1,False,
native_l2,legacy:2026-08-27,legacy_directory_identifier,data/exact_l2/2026-08-27,legacy_day_root,legacy,data/exact_l2/2026-08-27/manifest.json,b83b228874fc0a6886f71622acd99bf8234454be2e75368a25a24751966ae7c5,data/exact_l2/2026-08-27/execution_curves.csv,9ff7509b656a31d0d2f8d45d006c575e13713bc1de9378eb4fb697e51f3f0bc4,data/exact_l2/2026-08-27/valr_usdtzar_raw.json,f1a0ea8814c4154939eceaf94aaf4b4bdf56d2e387e7d0fd19f84a62698f8d95,sha256_verified,"[""base_asset"",""quote_asset"",""received_utc"",""exchange_timestamp_utc"",""source_url"",""source_params_json""]",2026-08-27,,2026-08-27T16:58:28.286311+00:00,,,legacy_unavailable,valr,USDTZAR,ZAR,USDT,,,,stablecoin_tokens,1 stablecoin token = 1 USD; no FX conversion,,,sell_stablecoin_base_hit_bids,valr_usdtzar_raw.json,f1a0ea8814c4154939eceaf94aaf4b4bdf56d2e387e7d0fd19f84a62698f8d95,1000,1000,1000.0,1000.0,1.0,16102.0,16.102,0.031051946800531027,0.031051946800531027,1,False,
native_l2,legacy:2026-08-27,legacy_directory_identifier,data/exact_l2/2026-08-27,legacy_day_root,legacy,data/exact_l2/2026-08-27/manifest.json,b83b228874fc0a6886f71622acd99bf8234454be2e75368a25a24751966ae7c5,data/exact_l2/2026-08-27/execution_curves.csv,9ff7509b656a31d0d2f8d45d006c575e13713bc1de9378eb4fb697e51f3f0bc4,data/exact_l2/2026-08-27/valr_usdtzar_raw.json,f1a0ea8814c4154939eceaf94aaf4b4bdf56d2e387e7d0fd19f84a62698f8d95,sha256_verified,"[""base_asset"",""quote_asset"",""received_utc"",""exchange_timestamp_utc"",""source_url"",""source_params_json""]",2026-08-27,,2026-08-27T16:58:28.286311+00:00,,,legacy_unavailable,valr,USDTZAR,ZAR,USDT,,,,stablecoin_tokens,1 stablecoin token = 1 USD; no FX conversion,,,sell_stablecoin_base_hit_bids,valr_usdtzar_raw.json,f1a0ea8814c4154939eceaf94aaf4b4bdf56d2e387e7d0fd19f84a62698f8d95,5000,5000,5000.0,5000.0,1.0,80510.0,16.102,0.031051946800531027,0.031051946800531027,1,False,
native_l2,legacy:2026-08-27,legacy_directory_identifier,data/exact_l2/2026-08-27,legacy_day_root,legacy,data/exact_l2/2026-08-27/manifest.json,b83b228874fc0a6886f71622acd99bf8234454be2e75368a25a24751966ae7c5,data/exact_l2/2026-08-27/execution_curves.csv,9ff7509b656a31d0d2f8d45d006c575e13713bc1de9378eb4fb697e51f3f0bc4,data/exact_l2/2026-08-27/valr_usdtzar_raw.json,f1a0ea8814c4154939eceaf94aaf4b4bdf56d2e387e7d0fd19f84a62698f8d95,sha256_verified,"[""base_asset"",""quote_asset"",""received_utc"",""exchange_timestamp_utc"",""source_url"",""source_params_json""]",2026-08-27,,2026-08-27T16:58:28.286311+00:00,,,legacy_unavailable,valr,USDTZAR,ZAR,USDT,,,,stablecoin_tokens,1 stablecoin token = 1 USD; no FX conversion,,,sell_stablecoin_base_hit_bids,valr_usdtzar_raw.json,f1a0ea8814c4154939eceaf94aaf4b4bdf56d2e387e7d0fd19f84a62698f8d95,10000,10000,10000.0,10000.0,1.0,161020.0,16.102,0.031051946800531027,0.031051946800531027,1,False,
native_l2,legacy:2026-08-27,legacy_directory_identifier,data/exact_l2/2026-08-27,legacy_day_root,legacy,data/exact_l2/2026-08-27/manifest.json,b83b228874fc0a6886f71622acd99bf8234454be2e75368a25a24751966ae7c5,data/exact_l2/2026-08-27/execution_curves.csv,9ff7509b656a31d0d2f8d45d006c575e13713bc1de9378eb4fb697e51f3f0bc4,data/exact_l2/2026-08-27/valr_usdtzar_raw.json,f1a0ea8814c4154939eceaf94aaf4b4bdf56d2e387e7d0fd19f84a62698f8d95,sha256_verified,"[""base_asset"",""quote_asset"",""received_utc"",""exchange_timestamp_utc"",""source_url"",""source_params_json""]",2026-08-27,,2026-08-27T16:58:28.286311+00:00,,,legacy_unavailable,valr,USDTZAR,ZAR,USDT,,,,stablecoin_tokens,1 stablecoin token = 1 USD; no FX conversion,,,sell_stablecoin_base_hit_bids,valr_usdtzar_raw.json,f1a0ea8814c4154939eceaf94aaf4b4bdf56d2e387e7d0fd19f84a62698f8d95,25000,25000,25000.0,25000.0,1.0,402550.0,16.102,0.031051946800531027,0.031051946800531027,1,False,
native_l2,legacy:2026-08-27,legacy_directory_identifier,data/exact_l2/2026-08-27,legacy_day_root,legacy,data/exact_l2/2026-08-27/manifest.json,b83b228874fc0a6886f71622acd99bf8234454be2e75368a25a24751966ae7c5,data/exact_l2/2026-08-27/execution_curves.csv,9ff7509b656a31d0d2f8d45d006c575e13713bc1de9378eb4fb697e51f3f0bc4,data/exact_l2/2026-08-27/valr_usdtzar_raw.json,f1a0ea8814c4154939eceaf94aaf4b4bdf56d2e387e7d0fd19f84a62698f8d95,sha256_verified,"[""base_asset"",""quote_asset"",""received_utc"",""exchange_timestamp_utc"",""source_url"",""source_params_json""]",2026-08-27,,2026-08-27T16:58:28.286311+00:00,,,legacy_unavailable,valr,USDTZAR,ZAR,USDT,,,,stablecoin_tokens,1 stablecoin token = 1 USD; no FX conversion,,,sell_stablecoin_base_hit_bids,valr_usdtzar_raw.json,f1a0ea8814c4154939eceaf94aaf4b4bdf56d2e387e7d0fd19f84a62698f8d95,50000,50000,50000.0,50000.0,1.0,805100.0,16.102,0.031051946800531027,0.031051946800531027,1,False,
native_l2,legacy:2026-08-27,legacy_directory_identifier,data/exact_l2/2026-08-27,legacy_day_root,legacy,data/exact_l2/2026-08-27/manifest.json,b83b228874fc0a6886f71622acd99bf8234454be2e75368a25a24751966ae7c5,data/exact_l2/2026-08-27/execution_curves.csv,9ff7509b656a31d0d2f8d45d006c575e13713bc1de9378eb4fb697e51f3f0bc4,data/exact_l2/2026-08-27/valr_usdtzar_raw.json,f1a0ea8814c4154939eceaf94aaf4b4bdf56d2e387e7d0fd19f84a62698f8d95,sha256_verified,"[""base_asset"",""quote_asset"",""received_utc"",""exchange_timestamp_utc"",""source_url"",""source_params_json""]",2026-08-27,,2026-08-27T16:58:28.286311+00:00,,,legacy_unavailable,valr,USDTZAR,ZAR,USDT,,,,stablecoin_tokens,1 stablecoin token = 1 USD; no FX conversion,,,sell_stablecoin_base_hit_bids,valr_usdtzar_raw.json,f1a0ea8814c4154939eceaf94aaf4b4bdf56d2e387e7d0fd19f84a62698f8d95,100000,100000,100000.0,100000.0,1.0,1610200.0,16.102,0.031051946800531027,0.031051946800531027,1,False,
native_l2,legacy:2026-08-27,legacy_directory_identifier,data/exact_l2/2026-08-27,legacy_day_root,legacy,data/exact_l2/2026-08-27/manifest.json,b83b228874fc0a6886f71622acd99bf8234454be2e75368a25a24751966ae7c5,data/exact_l2/2026-08-27/execution_curves.csv,9ff7509b656a31d0d2f8d45d006c575e13713bc1de9378eb4fb697e51f3f0bc4,data/exact_l2/2026-08-27/bitkub_usdt_thb_raw.json,99bda2e2f2eb43af5924b0e8c43099bf2b2b2f911de96b1c78ba81f44d436a15,sha256_verified,"[""base_asset"",""quote_asset"",""received_utc"",""exchange_timestamp_utc"",""source_url"",""source_params_json""]",2026-08-27,,2026-08-27T16:58:28.601896+00:00,,,legacy_unavailable,bitkub,usdt_thb,THB,USDT,,,,stablecoin_tokens,1 stablecoin token = 1 USD; no FX conversion,,,sell_stablecoin_base_hit_bids,bitkub_usdt_thb_raw.json,99bda2e2f2eb43af5924b0e8c43099bf2b2b2f911de96b1c78ba81f44d436a15,1000,1000,1000.0,1000.0,1.0,32820.0,32.82,1.5232292460021224,1.5232292460021224,1,False,
native_l2,legacy:2026-08-27,legacy_directory_identifier,data/exact_l2/2026-08-27,legacy_day_root,legacy,data/exact_l2/2026-08-27/manifest.json,b83b228874fc0a6886f71622acd99bf8234454be2e75368a25a24751966ae7c5,data/exact_l2/2026-08-27/execution_curves.csv,9ff7509b656a31d0d2f8d45d006c575e13713bc1de9378eb4fb697e51f3f0bc4,data/exact_l2/2026-08-27/bitkub_usdt_thb_raw.json,99bda2e2f2eb43af5924b0e8c43099bf2b2b2f911de96b1c78ba81f44d436a15,sha256_verified,"[""base_asset"",""quote_asset"",""received_utc"",""exchange_timestamp_utc"",""source_url"",""source_params_json""]",2026-08-27,,2026-08-27T16:58:28.601896+00:00,,,legacy_unavailable,bitkub,usdt_thb,THB,USDT,,,,stablecoin_tokens,1 stablecoin token = 1 USD; no FX conversion,,,sell_stablecoin_base_hit_bids,bitkub_usdt_thb_raw.json,99bda2e2f2eb43af5924b0e8c43099bf2b2b2f911de96b1c78ba81f44d436a15,5000,5000,5000.0,5000.0,1.0,164100.0,32.82,1.5232292460021224,1.5232292460021224,1,False,
native_l2,legacy:2026-08-27,legacy_directory_identifier,data/exact_l2/2026-08-27,legacy_day_root,legacy,data/exact_l2/2026-08-27/manifest.json,b83b228874fc0a6886f71622acd99bf8234454be2e75368a25a24751966ae7c5,data/exact_l2/2026-08-27/execution_curves.csv,9ff7509b656a31d0d2f8d45d006c575e13713bc1de9378eb4fb697e51f3f0bc4,data/exact_l2/2026-08-27/bitkub_usdt_thb_raw.json,99bda2e2f2eb43af5924b0e8c43099bf2b2b2f911de96b1c78ba81f44d436a15,sha256_verified,"[""base_asset"",""quote_asset"",""received_utc"",""exchange_timestamp_utc"",""source_url"",""source_params_json""]",2026-08-27,,2026-08-27T16:58:28.601896+00:00,,,legacy_unavailable,bitkub,usdt_thb,THB,USDT,,,,stablecoin_tokens,1 stablecoin token = 1 USD; no FX conversion,,,sell_stablecoin_base_hit_bids,bitkub_usdt_thb_raw.json,99bda2e2f2eb43af5924b0e8c43099bf2b2b2f911de96b1c78ba81f44d436a15,10000,10000,10000.0,10000.0,1.0,328200.0,32.82,1.5232292460021224,1.5232292460021224,1,False,
native_l2,legacy:2026-08-27,legacy_directory_identifier,data/exact_l2/2026-08-27,legacy_day_root,legacy,data/exact_l2/2026-08-27/manifest.json,b83b228874fc0a6886f71622acd99bf8234454be2e75368a25a24751966ae7c5,data/exact_l2/2026-08-27/execution_curves.csv,9ff7509b656a31d0d2f8d45d006c575e13713bc1de9378eb4fb697e51f3f0bc4,data/exact_l2/2026-08-27/bitkub_usdt_thb_raw.json,99bda2e2f2eb43af5924b0e8c43099bf2b2b2f911de96b1c78ba81f44d436a15,sha256_verified,"[""base_asset"",""quote_asset"",""received_utc"",""exchange_timestamp_utc"",""source_url"",""source_params_json""]",2026-08-27,,2026-08-27T16:58:28.601896+00:00,,,legacy_unavailable,bitkub,usdt_thb,THB,USDT,,,,stablecoin_tokens,1 stablecoin token = 1 USD; no FX conversion,,,sell_stablecoin_base_hit_bids,bitkub_usdt_thb_raw.json,99bda2e2f2eb43af5924b0e8c43099bf2b2b2f911de96b1c78ba81f44d436a15,25000,25000,25000.0,25000.0,1.0,820500.0,32.82,1.5232292460021224,1.5232292460021224,1,False,
native_l2,legacy:2026-08-27,legacy_directory_identifier,data/exact_l2/2026-08-27,legacy_day_root,legacy,data/exact_l2/2026-08-27/manifest.json,b83b228874fc0a6886f71622acd99bf8234454be2e75368a25a24751966ae7c5,data/exact_l2/2026-08-27/execution_curves.csv,9ff7509b656a31d0d2f8d45d006c575e13713bc1de9378eb4fb697e51f3f0bc4,data/exact_l2/2026-08-27/bitkub_usdt_thb_raw.json,99bda2e2f2eb43af5924b0e8c43099bf2b2b2f911de96b1c78ba81f44d436a15,sha256_verified,"[""base_asset"",""quote_asset"",""received_utc"",""exchange_timestamp_utc"",""source_url"",""source_params_json""]",2026-08-27,,2026-08-27T16:58:28.601896+00:00,,,legacy_unavailable,bitkub,usdt_thb,THB,USDT,,,,stablecoin_tokens,1 stablecoin token = 1 USD; no FX conversion,,,sell_stablecoin_base_hit_bids,bitkub_usdt_thb_raw.json,99bda2e2f2eb43af5924b0e8c43099bf2b2b2f911de96b1c78ba81f44d436a15,50000,50000,50000.0,50000.0,1.0,1641000.0,32.82,1.5232292460021224,1.5232292460021224,1,False,
native_l2,legacy:2026-08-27,legacy_directory_identifier,data/exact_l2/2026-08-27,legacy_day_root,legacy,data/exact_l2/2026-08-27/manifest.json,b83b228874fc0a6886f71622acd99bf8234454be2e75368a25a24751966ae7c5,data/exact_l2/2026-08-27/execution_curves.csv,9ff7509b656a31d0d2f8d45d006c575e13713bc1de9378eb4fb697e51f3f0bc4,data/exact_l2/2026-08-27/bitkub_usdt_thb_raw.json,99bda2e2f2eb43af5924b0e8c43099bf2b2b2f911de96b1c78ba81f44d436a15,sha256_verified,"[""base_asset"",""quote_asset"",""received_utc"",""exchange_timestamp_utc"",""source_url"",""source_params_json""]",2026-08-27,,2026-08-27T16:58:28.601896+00:00,,,legacy_unavailable,bitkub,usdt_thb,THB,USDT,,,,stablecoin_tokens,1 stablecoin token = 1 USD; no FX conversion,,,sell_stablecoin_base_hit_bids,bitkub_usdt_thb_raw.json,99bda2e2f2eb43af5924b0e8c43099bf2b2b2f911de96b1c78ba81f44d436a15,100000,100000,100000.0,100000.0,1.0,3282000.0,32.82,1.5232292460021224,1.5232292460021224,1,False,
native_l2,legacy:2026-08-28,legacy_directory_identifier,data/exact_l2/2026-08-28,legacy_day_root,legacy,data/exact_l2/2026-08-28/manifest.json,160a5e8824551cfe5b411e8cb9f03b7931be5e42c21de9e5087197d0677a4643,data/exact_l2/2026-08-28/execution_curves.csv,51dd610064c4c9ca4ef4015b943f69dd9735c919cb76ad907211370c2a4872d3,data/exact_l2/2026-08-28/valr_usdtzar_raw.json,f251fe80a5beb9b5e6454486795af4df5adc8ca41d07a986da7de23b6c1004c1,sha256_verified,"[""base_asset"",""quote_asset"",""received_utc"",""exchange_timestamp_utc"",""source_url"",""source_params_json""]",2026-08-28,,2026-08-28T17:52:36.853984+00:00,,,legacy_unavailable,valr,USDTZAR,ZAR,USDT,,,,stablecoin_tokens,1 stablecoin token = 1 USD; no FX conversion,,,sell_stablecoin_base_hit_bids,valr_usdtzar_raw.json,f251fe80a5beb9b5e6454486795af4df5adc8ca41d07a986da7de23b6c1004c1,1000,1000,1000.0,1000.0,1.0,16215.599999999999,16.2156,3.6987720076930852,3.6987720076930852,1,False,
native_l2,legacy:2026-08-28,legacy_directory_identifier,data/exact_l2/2026-08-28,legacy_day_root,legacy,data/exact_l2/2026-08-28/manifest.json,160a5e8824551cfe5b411e8cb9f03b7931be5e42c21de9e5087197d0677a4643,data/exact_l2/2026-08-28/execution_curves.csv,51dd610064c4c9ca4ef4015b943f69dd9735c919cb76ad907211370c2a4872d3,data/exact_l2/2026-08-28/valr_usdtzar_raw.json,f251fe80a5beb9b5e6454486795af4df5adc8ca41d07a986da7de23b6c1004c1,sha256_verified,"[""base_asset"",""quote_asset"",""received_utc"",""exchange_timestamp_utc"",""source_url"",""source_params_json""]",2026-08-28,,2026-08-28T17:52:36.853984+00:00,,,legacy_unavailable,valr,USDTZAR,ZAR,USDT,,,,stablecoin_tokens,1 stablecoin token = 1 USD; no FX conversion,,,sell_stablecoin_base_hit_bids,valr_usdtzar_raw.json,f251fe80a5beb9b5e6454486795af4df5adc8ca41d07a986da7de23b6c1004c1,5000,5000,5000.0,5000.0,1.0,81077.99999999999,16.2156,3.6987720076930852,3.6987720076930852,1,False,
native_l2,legacy:2026-08-28,legacy_directory_identifier,data/exact_l2/2026-08-28,legacy_day_root,legacy,data/exact_l2/2026-08-28/manifest.json,160a5e8824551cfe5b411e8cb9f03b7931be5e42c21de9e5087197d0677a4643,data/exact_l2/2026-08-28/execution_curves.csv,51dd610064c4c9ca4ef4015b943f69dd9735c919cb76ad907211370c2a4872d3,data/exact_l2/2026-08-28/valr_usdtzar_raw.json,f251fe80a5beb9b5e6454486795af4df5adc8ca41d07a986da7de23b6c1004c1,sha256_verified,"[""base_asset"",""quote_asset"",""received_utc"",""exchange_timestamp_utc"",""source_url"",""source_params_json""]",2026-08-28,,2026-08-28T17:52:36.853984+00:00,,,legacy_unavailable,valr,USDTZAR,ZAR,USDT,,,,stablecoin_tokens,1 stablecoin token = 1 USD; no FX conversion,,,sell_stablecoin_base_hit_bids,valr_usdtzar_raw.json,f251fe80a5beb9b5e6454486795af4df5adc8ca41d07a986da7de23b6c1004c1,10000,10000,10000.0,10000.0,1.0,162155.99999999997,16.2156,3.6987720076930852,3.6987720076930852,1,False,
native_l2,legacy:2026-08-28,legacy_directory_identifier,data/exact_l2/2026-08-28,legacy_day_root,legacy,data/exact_l2/2026-08-28/manifest.json,160a5e8824551cfe5b411e8cb9f03b7931be5e42c21de9e5087197d0677a4643,data/exact_l2/2026-08-28/execution_curves.csv,51dd610064c4c9ca4ef4015b943f69dd9735c919cb76ad907211370c2a4872d3,data/exact_l2/2026-08-28/valr_usdtzar_raw.json,f251fe80a5beb9b5e6454486795af4df5adc8ca41d07a986da7de23b6c1004c1,sha256_verified,"[""base_asset"",""quote_asset"",""received_utc"",""exchange_timestamp_utc"",""source_url"",""source_params_json""]",2026-08-28,,2026-08-28T17:52:36.853984+00:00,,,legacy_unavailable,valr,USDTZAR,ZAR,USDT,,,,stablecoin_tokens,1 stablecoin token = 1 USD; no FX conversion,,,sell_stablecoin_base_hit_bids,valr_usdtzar_raw.json,f251fe80a5beb9b5e6454486795af4df5adc8ca41d07a986da7de23b6c1004c1,25000,25000,25000.0,25000.0,1.0,405389.99999999994,16.2156,3.6987720076930852,3.6987720076930852,1,False,
native_l2,legacy:2026-08-28,legacy_directory_identifier,data/exact_l2/2026-08-28,legacy_day_root,legacy,data/exact_l2/2026-08-28/manifest.json,160a5e8824551cfe5b411e8cb9f03b7931be5e42c21de9e5087197d0677a4643,data/exact_l2/2026-08-28/execution_curves.csv,51dd610064c4c9ca4ef4015b943f69dd9735c919cb76ad907211370c2a4872d3,data/exact_l2/2026-08-28/valr_usdtzar_raw.json,f251fe80a5beb9b5e6454486795af4df5adc8ca41d07a986da7de23b6c1004c1,sha256_verified,"[""base_asset"",""quote_asset"",""received_utc"",""exchange_timestamp_utc"",""source_url"",""source_params_json""]",2026-08-28,,2026-08-28T17:52:36.853984+00:00,,,legacy_unavailable,valr,USDTZAR,ZAR,USDT,,,,stablecoin_tokens,1 stablecoin token = 1 USD; no FX conversion,,,sell_stablecoin_base_hit_bids,valr_usdtzar_raw.json,f251fe80a5beb9b5e6454486795af4df5adc8ca41d07a986da7de23b6c1004c1,50000,50000,50000.0,50000.0,1.0,810778.9497837699,16.215578995675397,3.711720375673133,3.8220644079500765,7,False,
native_l2,legacy:2026-08-28,legacy_directory_identifier,data/exact_l2/2026-08-28,legacy_day_root,legacy,data/exact_l2/2026-08-28/manifest.json,160a5e8824551cfe5b411e8cb9f03b7931be5e42c21de9e5087197d0677a4643,data/exact_l2/2026-08-28/execution_curves.csv,51dd610064c4c9ca4ef4015b943f69dd9735c919cb76ad907211370c2a4872d3,data/exact_l2/2026-08-28/valr_usdtzar_raw.json,f251fe80a5beb9b5e6454486795af4df5adc8ca41d07a986da7de23b6c1004c1,sha256_verified,"[""base_asset"",""quote_asset"",""received_utc"",""exchange_timestamp_utc"",""source_url"",""source_params_json""]",2026-08-28,,2026-08-28T17:52:36.853984+00:00,,,legacy_unavailable,valr,USDTZAR,ZAR,USDT,,,,stablecoin_tokens,1 stablecoin token = 1 USD; no FX conversion,,,sell_stablecoin_base_hit_bids,valr_usdtzar_raw.json,f251fe80a5beb9b5e6454486795af4df5adc8ca41d07a986da7de23b6c1004c1,100000,100000,100000.0,100000.0,1.0,1620591.9977056698,16.2059199770567,9.666138323778384,32.79577846821535,12,False,
native_l2,legacy:2026-08-28,legacy_directory_identifier,data/exact_l2/2026-08-28,legacy_day_root,legacy,data/exact_l2/2026-08-28/manifest.json,160a5e8824551cfe5b411e8cb9f03b7931be5e42c21de9e5087197d0677a4643,data/exact_l2/2026-08-28/execution_curves.csv,51dd610064c4c9ca4ef4015b943f69dd9735c919cb76ad907211370c2a4872d3,data/exact_l2/2026-08-28/bitkub_usdt_thb_raw.json,2fc164b437922b720c956298530824284f2f1e5d239447c73919fa36c98da2e2,sha256_verified,"[""base_asset"",""quote_asset"",""received_utc"",""exchange_timestamp_utc"",""source_url"",""source_params_json""]",2026-08-28,,2026-08-28T17:52:37.060438+00:00,,,legacy_unavailable,bitkub,usdt_thb,THB,USDT,,,,stablecoin_tokens,1 stablecoin token = 1 USD; no FX conversion,,,sell_stablecoin_base_hit_bids,bitkub_usdt_thb_raw.json,2fc164b437922b720c956298530824284f2f1e5d239447c73919fa36c98da2e2,1000,1000,1000.0,1000.0,1.0,33090.0,33.09,1.5108022359855422,1.5108022359855422,1,False,
native_l2,legacy:2026-08-28,legacy_directory_identifier,data/exact_l2/2026-08-28,legacy_day_root,legacy,data/exact_l2/2026-08-28/manifest.json,160a5e8824551cfe5b411e8cb9f03b7931be5e42c21de9e5087197d0677a4643,data/exact_l2/2026-08-28/execution_curves.csv,51dd610064c4c9ca4ef4015b943f69dd9735c919cb76ad907211370c2a4872d3,data/exact_l2/2026-08-28/bitkub_usdt_thb_raw.json,2fc164b437922b720c956298530824284f2f1e5d239447c73919fa36c98da2e2,sha256_verified,"[""base_asset"",""quote_asset"",""received_utc"",""exchange_timestamp_utc"",""source_url"",""source_params_json""]",2026-08-28,,2026-08-28T17:52:37.060438+00:00,,,legacy_unavailable,bitkub,usdt_thb,THB,USDT,,,,stablecoin_tokens,1 stablecoin token = 1 USD; no FX conversion,,,sell_stablecoin_base_hit_bids,bitkub_usdt_thb_raw.json,2fc164b437922b720c956298530824284f2f1e5d239447c73919fa36c98da2e2,5000,5000,5000.0,5000.0,1.0,165450.00000000003,33.09,1.5108022359855422,1.5108022359855422,1,False,
native_l2,legacy:2026-08-28,legacy_directory_identifier,data/exact_l2/2026-08-28,legacy_day_root,legacy,data/exact_l2/2026-08-28/manifest.json,160a5e8824551cfe5b411e8cb9f03b7931be5e42c21de9e5087197d0677a4643,data/exact_l2/2026-08-28/execution_curves.csv,51dd610064c4c9ca4ef4015b943f69dd9735c919cb76ad907211370c2a4872d3,data/exact_l2/2026-08-28/bitkub_usdt_thb_raw.json,2fc164b437922b720c956298530824284f2f1e5d239447c73919fa36c98da2e2,sha256_verified,"[""base_asset"",""quote_asset"",""received_utc"",""exchange_timestamp_utc"",""source_url"",""source_params_json""]",2026-08-28,,2026-08-28T17:52:37.060438+00:00,,,legacy_unavailable,bitkub,usdt_thb,THB,USDT,,,,stablecoin_tokens,1 stablecoin token = 1 USD; no FX conversion,,,sell_stablecoin_base_hit_bids,bitkub_usdt_thb_raw.json,2fc164b437922b720c956298530824284f2f1e5d239447c73919fa36c98da2e2,10000,10000,10000.0,10000.0,1.0,330900.00000000006,33.09,1.5108022359855422,1.5108022359855422,1,False,
native_l2,legacy:2026-08-28,legacy_directory_identifier,data/exact_l2/2026-08-28,legacy_day_root,legacy,data/exact_l2/2026-08-28/manifest.json,160a5e8824551cfe5b411e8cb9f03b7931be5e42c21de9e5087197d0677a4643,data/exact_l2/2026-08-28/execution_curves.csv,51dd610064c4c9ca4ef4015b943f69dd9735c919cb76ad907211370c2a4872d3,data/exact_l2/2026-08-28/bitkub_usdt_thb_raw.json,2fc164b437922b720c956298530824284f2f1e5d239447c73919fa36c98da2e2,sha256_verified,"[""base_asset"",""quote_asset"",""received_utc"",""exchange_timestamp_utc"",""source_url"",""source_params_json""]",2026-08-28,,2026-08-28T17:52:37.060438+00:00,,,legacy_unavailable,bitkub,usdt_thb,THB,USDT,,,,stablecoin_tokens,1 stablecoin token = 1 USD; no FX conversion,,,sell_stablecoin_base_hit_bids,bitkub_usdt_thb_raw.json,2fc164b437922b720c956298530824284f2f1e5d239447c73919fa36c98da2e2,25000,25000,25000.0,25000.0,1.0,827250.0000000001,33.09,1.5108022359855422,1.5108022359855422,1,False,
native_l2,legacy:2026-08-28,legacy_directory_identifier,data/exact_l2/2026-08-28,legacy_day_root,legacy,data/exact_l2/2026-08-28/manifest.json,160a5e8824551cfe5b411e8cb9f03b7931be5e42c21de9e5087197d0677a4643,data/exact_l2/2026-08-28/execution_curves.csv,51dd610064c4c9ca4ef4015b943f69dd9735c919cb76ad907211370c2a4872d3,data/exact_l2/2026-08-28/bitkub_usdt_thb_raw.json,2fc164b437922b720c956298530824284f2f1e5d239447c73919fa36c98da2e2,sha256_verified,"[""base_asset"",""quote_asset"",""received_utc"",""exchange_timestamp_utc"",""source_url"",""source_params_json""]",2026-08-28,,2026-08-28T17:52:37.060438+00:00,,,legacy_unavailable,bitkub,usdt_thb,THB,USDT,,,,stablecoin_tokens,1 stablecoin token = 1 USD; no FX conversion,,,sell_stablecoin_base_hit_bids,bitkub_usdt_thb_raw.json,2fc164b437922b720c956298530824284f2f1e5d239447c73919fa36c98da2e2,50000,50000,50000.0,50000.0,1.0,1654380.6128,33.087612256,2.2322840308197645,4.532406707962178,2,False,
native_l2,legacy:2026-08-28,legacy_directory_identifier,data/exact_l2/2026-08-28,legacy_day_root,legacy,data/exact_l2/2026-08-28/manifest.json,160a5e8824551cfe5b411e8cb9f03b7931be5e42c21de9e5087197d0677a4643,data/exact_l2/2026-08-28/execution_curves.csv,51dd610064c4c9ca4ef4015b943f69dd9735c919cb76ad907211370c2a4872d3,data/exact_l2/2026-08-28/bitkub_usdt_thb_raw.json,2fc164b437922b720c956298530824284f2f1e5d239447c73919fa36c98da2e2,sha256_verified,"[""base_asset"",""quote_asset"",""received_utc"",""exchange_timestamp_utc"",""source_url"",""source_params_json""]",2026-08-28,,2026-08-28T17:52:37.060438+00:00,,,legacy_unavailable,bitkub,usdt_thb,THB,USDT,,,,stablecoin_tokens,1 stablecoin token = 1 USD; no FX conversion,,,sell_stablecoin_base_hit_bids,bitkub_usdt_thb_raw.json,2fc164b437922b720c956298530824284f2f1e5d239447c73919fa36c98da2e2,100000,100000,100000.0,100000.0,1.0,3308380.6128000002,33.083806128,3.382345369391526,4.532406707962178,2,False,
native_l2,legacy:2026-08-29,legacy_directory_identifier,data/exact_l2/2026-08-29,legacy_day_root,legacy,data/exact_l2/2026-08-29/manifest.json,a1d0a5e4cbc4cd2549c2f90cae61b8fc295da68421353f88d53677159bc5afe7,data/exact_l2/2026-08-29/execution_curves.csv,9659597d99f02a0e906381e22e61f3fedb5b2aadf0fdb9c0df8f9ffa93cfd6c6,data/exact_l2/2026-08-29/valr_usdtzar_raw.json,4efefd895c1c5d09d3b177625552131e780a4f0dbede22a9b188fda90f4ce43b,sha256_verified,"[""base_asset"",""quote_asset"",""received_utc"",""exchange_timestamp_utc"",""source_url"",""source_params_json""]",2026-08-29,,2026-08-29T11:57:11.851284+00:00,,,legacy_unavailable,valr,USDTZAR,ZAR,USDT,,,,stablecoin_tokens,1 stablecoin token = 1 USD; no FX conversion,,,sell_stablecoin_base_hit_bids,valr_usdtzar_raw.json,4efefd895c1c5d09d3b177625552131e780a4f0dbede22a9b188fda90f4ce43b,1000,1000,1000.0,1000.0,1.0,16200.900000000001,16.2009,0.030862387698782356,0.030862387698782356,1,False,
native_l2,legacy:2026-08-29,legacy_directory_identifier,data/exact_l2/2026-08-29,legacy_day_root,legacy,data/exact_l2/2026-08-29/manifest.json,a1d0a5e4cbc4cd2549c2f90cae61b8fc295da68421353f88d53677159bc5afe7,data/exact_l2/2026-08-29/execution_curves.csv,9659597d99f02a0e906381e22e61f3fedb5b2aadf0fdb9c0df8f9ffa93cfd6c6,data/exact_l2/2026-08-29/valr_usdtzar_raw.json,4efefd895c1c5d09d3b177625552131e780a4f0dbede22a9b188fda90f4ce43b,sha256_verified,"[""base_asset"",""quote_asset"",""received_utc"",""exchange_timestamp_utc"",""source_url"",""source_params_json""]",2026-08-29,,2026-08-29T11:57:11.851284+00:00,,,legacy_unavailable,valr,USDTZAR,ZAR,USDT,,,,stablecoin_tokens,1 stablecoin token = 1 USD; no FX conversion,,,sell_stablecoin_base_hit_bids,valr_usdtzar_raw.json,4efefd895c1c5d09d3b177625552131e780a4f0dbede22a9b188fda90f4ce43b,5000,5000,5000.0,5000.0,1.0,81004.5,16.2009,0.030862387698782356,0.030862387698782356,1,False,
native_l2,legacy:2026-08-29,legacy_directory_identifier,data/exact_l2/2026-08-29,legacy_day_root,legacy,data/exact_l2/2026-08-29/manifest.json,a1d0a5e4cbc4cd2549c2f90cae61b8fc295da68421353f88d53677159bc5afe7,data/exact_l2/2026-08-29/execution_curves.csv,9659597d99f02a0e906381e22e61f3fedb5b2aadf0fdb9c0df8f9ffa93cfd6c6,data/exact_l2/2026-08-29/valr_usdtzar_raw.json,4efefd895c1c5d09d3b177625552131e780a4f0dbede22a9b188fda90f4ce43b,sha256_verified,"[""base_asset"",""quote_asset"",""received_utc"",""exchange_timestamp_utc"",""source_url"",""source_params_json""]",2026-08-29,,2026-08-29T11:57:11.851284+00:00,,,legacy_unavailable,valr,USDTZAR,ZAR,USDT,,,,stablecoin_tokens,1 stablecoin token = 1 USD; no FX conversion,,,sell_stablecoin_base_hit_bids,valr_usdtzar_raw.json,4efefd895c1c5d09d3b177625552131e780a4f0dbede22a9b188fda90f4ce43b,10000,10000,10000.0,10000.0,1.0,162009.0,16.2009,0.030862387698782356,0.030862387698782356,2,False,
native_l2,legacy:2026-08-29,legacy_directory_identifier,data/exact_l2/2026-08-29,legacy_day_root,legacy,data/exact_l2/2026-08-29/manifest.json,a1d0a5e4cbc4cd2549c2f90cae61b8fc295da68421353f88d53677159bc5afe7,data/exact_l2/2026-08-29/execution_curves.csv,9659597d99f02a0e906381e22e61f3fedb5b2aadf0fdb9c0df8f9ffa93cfd6c6,data/exact_l2/2026-08-29/valr_usdtzar_raw.json,4efefd895c1c5d09d3b177625552131e780a4f0dbede22a9b188fda90f4ce43b,sha256_verified,"[""base_asset"",""quote_asset"",""received_utc"",""exchange_timestamp_utc"",""source_url"",""source_params_json""]",2026-08-29,,2026-08-29T11:57:11.851284+00:00,,,legacy_unavailable,valr,USDTZAR,ZAR,USDT,,,,stablecoin_tokens,1 stablecoin token = 1 USD; no FX conversion,,,sell_stablecoin_base_hit_bids,valr_usdtzar_raw.json,4efefd895c1c5d09d3b177625552131e780a4f0dbede22a9b188fda90f4ce43b,25000,25000,24999.999999999996,24999.999999999996,0.9999999999999999,404962.60753164004,16.198504301265604,1.5096020507410213,4.536770991824257,7,False,
native_l2,legacy:2026-08-29,legacy_directory_identifier,data/exact_l2/2026-08-29,legacy_day_root,legacy,data/exact_l2/2026-08-29/manifest.json,a1d0a5e4cbc4cd2549c2f90cae61b8fc295da68421353f88d53677159bc5afe7,data/exact_l2/2026-08-29/execution_curves.csv,9659597d99f02a0e906381e22e61f3fedb5b2aadf0fdb9c0df8f9ffa93cfd6c6,data/exact_l2/2026-08-29/valr_usdtzar_raw.json,4efefd895c1c5d09d3b177625552131e780a4f0dbede22a9b188fda90f4ce43b,sha256_verified,"[""base_asset"",""quote_asset"",""received_utc"",""exchange_timestamp_utc"",""source_url"",""source_params_json""]",2026-08-29,,2026-08-29T11:57:11.851284+00:00,,,legacy_unavailable,valr,USDTZAR,ZAR,USDT,,,,stablecoin_tokens,1 stablecoin token = 1 USD; no FX conversion,,,sell_stablecoin_base_hit_bids,valr_usdtzar_raw.json,4efefd895c1c5d09d3b177625552131e780a4f0dbede22a9b188fda90f4ce43b,50000,50000,50000.0,50000.0,1.0,809676.24650508,16.1935249301016,4.583107718003632,14.968258034250281,9,False,
native_l2,legacy:2026-08-29,legacy_directory_identifier,data/exact_l2/2026-08-29,legacy_day_root,legacy,data/exact_l2/2026-08-29/manifest.json,a1d0a5e4cbc4cd2549c2f90cae61b8fc295da68421353f88d53677159bc5afe7,data/exact_l2/2026-08-29/execution_curves.csv,9659597d99f02a0e906381e22e61f3fedb5b2aadf0fdb9c0df8f9ffa93cfd6c6,data/exact_l2/2026-08-29/valr_usdtzar_raw.json,4efefd895c1c5d09d3b177625552131e780a4f0dbede22a9b188fda90f4ce43b,sha256_verified,"[""base_asset"",""quote_asset"",""received_utc"",""exchange_timestamp_utc"",""source_url"",""source_params_json""]",2026-08-29,,2026-08-29T11:57:11.851284+00:00,,,legacy_unavailable,valr,USDTZAR,ZAR,USDT,,,,stablecoin_tokens,1 stablecoin token = 1 USD; no FX conversion,,,sell_stablecoin_base_hit_bids,valr_usdtzar_raw.json,4efefd895c1c5d09d3b177625552131e780a4f0dbede22a9b188fda90f4ce43b,100000,100000,100000.0,100000.0,1.0,1617835.67528254,16.1783567528254,13.945631073855047,25.21457075048028,12,False,
native_l2,legacy:2026-08-29,legacy_directory_identifier,data/exact_l2/2026-08-29,legacy_day_root,legacy,data/exact_l2/2026-08-29/manifest.json,a1d0a5e4cbc4cd2549c2f90cae61b8fc295da68421353f88d53677159bc5afe7,data/exact_l2/2026-08-29/execution_curves.csv,9659597d99f02a0e906381e22e61f3fedb5b2aadf0fdb9c0df8f9ffa93cfd6c6,data/exact_l2/2026-08-29/bitkub_usdt_thb_raw.json,1f5667a761cd09b5b26dd5415814b776d0d036b40588d9867605af1917ff2172,sha256_verified,"[""base_asset"",""quote_asset"",""received_utc"",""exchange_timestamp_utc"",""source_url"",""source_params_json""]",2026-08-29,,2026-08-29T11:57:12.144556+00:00,,,legacy_unavailable,bitkub,usdt_thb,THB,USDT,,,,stablecoin_tokens,1 stablecoin token = 1 USD; no FX conversion,,,sell_stablecoin_base_hit_bids,bitkub_usdt_thb_raw.json,1f5667a761cd09b5b26dd5415814b776d0d036b40588d9867605af1917ff2172,1000,1000,1000.0,1000.0,1.0,33010.0,33.01,1.5144631228236616,1.5144631228236616,1,False,
native_l2,legacy:2026-08-29,legacy_directory_identifier,data/exact_l2/2026-08-29,legacy_day_root,legacy,data/exact_l2/2026-08-29/manifest.json,a1d0a5e4cbc4cd2549c2f90cae61b8fc295da68421353f88d53677159bc5afe7,data/exact_l2/2026-08-29/execution_curves.csv,9659597d99f02a0e906381e22e61f3fedb5b2aadf0fdb9c0df8f9ffa93cfd6c6,data/exact_l2/2026-08-29/bitkub_usdt_thb_raw.json,1f5667a761cd09b5b26dd5415814b776d0d036b40588d9867605af1917ff2172,sha256_verified,"[""base_asset"",""quote_asset"",""received_utc"",""exchange_timestamp_utc"",""source_url"",""source_params_json""]",2026-08-29,,2026-08-29T11:57:12.144556+00:00,,,legacy_unavailable,bitkub,usdt_thb,THB,USDT,,,,stablecoin_tokens,1 stablecoin token = 1 USD; no FX conversion,,,sell_stablecoin_base_hit_bids,bitkub_usdt_thb_raw.json,1f5667a761cd09b5b26dd5415814b776d0d036b40588d9867605af1917ff2172,5000,5000,5000.0,5000.0,1.0,165050.0,33.01,1.5144631228236616,1.5144631228236616,1,False,
native_l2,legacy:2026-08-29,legacy_directory_identifier,data/exact_l2/2026-08-29,legacy_day_root,legacy,data/exact_l2/2026-08-29/manifest.json,a1d0a5e4cbc4cd2549c2f90cae61b8fc295da68421353f88d53677159bc5afe7,data/exact_l2/2026-08-29/execution_curves.csv,9659597d99f02a0e906381e22e61f3fedb5b2aadf0fdb9c0df8f9ffa93cfd6c6,data/exact_l2/2026-08-29/bitkub_usdt_thb_raw.json,1f5667a761cd09b5b26dd5415814b776d0d036b40588d9867605af1917ff2172,sha256_verified,"[""base_asset"",""quote_asset"",""received_utc"",""exchange_timestamp_utc"",""source_url"",""source_params_json""]",2026-08-29,,2026-08-29T11:57:12.144556+00:00,,,legacy_unavailable,bitkub,usdt_thb,THB,USDT,,,,stablecoin_tokens,1 stablecoin token = 1 USD; no FX conversion,,,sell_stablecoin_base_hit_bids,bitkub_usdt_thb_raw.json,1f5667a761cd09b5b26dd5415814b776d0d036b40588d9867605af1917ff2172,10000,10000,10000.0,10000.0,1.0,330100.0,33.01,1.5144631228236616,1.5144631228236616,1,False,
native_l2,legacy:2026-08-29,legacy_directory_identifier,data/exact_l2/2026-08-29,legacy_day_root,legacy,data/exact_l2/2026-08-29/manifest.json,a1d0a5e4cbc4cd2549c2f90cae61b8fc295da68421353f88d53677159bc5afe7,data/exact_l2/2026-08-29/execution_curves.csv,9659597d99f02a0e906381e22e61f3fedb5b2aadf0fdb9c0df8f9ffa93cfd6c6,data/exact_l2/2026-08-29/bitkub_usdt_thb_raw.json,1f5667a761cd09b5b26dd5415814b776d0d036b40588d9867605af1917ff2172,sha256_verified,"[""base_asset"",""quote_asset"",""received_utc"",""exchange_timestamp_utc"",""source_url"",""source_params_json""]",2026-08-29,,2026-08-29T11:57:12.144556+00:00,,,legacy_unavailable,bitkub,usdt_thb,THB,USDT,,,,stablecoin_tokens,1 stablecoin token = 1 USD; no FX conversion,,,sell_stablecoin_base_hit_bids,bitkub_usdt_thb_raw.json,1f5667a761cd09b5b26dd5415814b776d0d036b40588d9867605af1917ff2172,25000,25000,25000.0,25000.0,1.0,825250.0,33.01,1.5144631228236616,1.5144631228236616,1,False,
native_l2,legacy:2026-08-29,legacy_directory_identifier,data/exact_l2/2026-08-29,legacy_day_root,legacy,data/exact_l2/2026-08-29/manifest.json,a1d0a5e4cbc4cd2549c2f90cae61b8fc295da68421353f88d53677159bc5afe7,data/exact_l2/2026-08-29/execution_curves.csv,9659597d99f02a0e906381e22e61f3fedb5b2aadf0fdb9c0df8f9ffa93cfd6c6,data/exact_l2/2026-08-29/bitkub_usdt_thb_raw.json,1f5667a761cd09b5b26dd5415814b776d0d036b40588d9867605af1917ff2172,sha256_verified,"[""base_asset"",""quote_asset"",""received_utc"",""exchange_timestamp_utc"",""source_url"",""source_params_json""]",2026-08-29,,2026-08-29T11:57:12.144556+00:00,,,legacy_unavailable,bitkub,usdt_thb,THB,USDT,,,,stablecoin_tokens,1 stablecoin token = 1 USD; no FX conversion,,,sell_stablecoin_base_hit_bids,bitkub_usdt_thb_raw.json,1f5667a761cd09b5b26dd5415814b776d0d036b40588d9867605af1917ff2172,50000,50000,50000.0,50000.0,1.0,1650500.0,33.01,1.5144631228236616,1.5144631228236616,1,False,
native_l2,legacy:2026-08-29,legacy_directory_identifier,data/exact_l2/2026-08-29,legacy_day_root,legacy,data/exact_l2/2026-08-29/manifest.json,a1d0a5e4cbc4cd2549c2f90cae61b8fc295da68421353f88d53677159bc5afe7,data/exact_l2/2026-08-29/execution_curves.csv,9659597d99f02a0e906381e22e61f3fedb5b2aadf0fdb9c0df8f9ffa93cfd6c6,data/exact_l2/2026-08-29/bitkub_usdt_thb_raw.json,1f5667a761cd09b5b26dd5415814b776d0d036b40588d9867605af1917ff2172,sha256_verified,"[""base_asset"",""quote_asset"",""received_utc"",""exchange_timestamp_utc"",""source_url"",""source_params_json""]",2026-08-29,,2026-08-29T11:57:12.144556+00:00,,,legacy_unavailable,bitkub,usdt_thb,THB,USDT,,,,stablecoin_tokens,1 stablecoin token = 1 USD; no FX conversion,,,sell_stablecoin_base_hit_bids,bitkub_usdt_thb_raw.json,1f5667a761cd09b5b26dd5415814b776d0d036b40588d9867605af1917ff2172,100000,100000,100000.0,100000.0,1.0,3300777.9021,33.007779021,2.1871812812368496,4.543389368468764,2,False,
native_l2,legacy:2026-08-30,legacy_directory_identifier,data/exact_l2/2026-08-30,legacy_day_root,legacy,data/exact_l2/2026-08-30/manifest.json,20328bc0186f67e37f23b0d8b9033cd73edbc888aa00b61fc30345d9c2efabdd,data/exact_l2/2026-08-30/execution_curves.csv,e2a1a970b465f63331cb73bed7d25ef8014503b6097a93cc93a1b69f09c1b813,data/exact_l2/2026-08-30/valr_usdtzar_raw.json,a6a6f777e4930e4acd0a54cc2e207dcdebea2242c6142d1894094a7e1e560408,sha256_verified,"[""base_asset"",""quote_asset"",""received_utc"",""exchange_timestamp_utc"",""source_url"",""source_params_json""]",2026-08-30,,2026-08-30T10:50:31.747163+00:00,,,legacy_unavailable,valr,USDTZAR,ZAR,USDT,,,,stablecoin_tokens,1 stablecoin token = 1 USD; no FX conversion,,,sell_stablecoin_base_hit_bids,valr_usdtzar_raw.json,a6a6f777e4930e4acd0a54cc2e207dcdebea2242c6142d1894094a7e1e560408,1000,1000,1000.0,1000.0,1.0,16143.899999999998,16.1439,0.0309713545931789,0.0309713545931789,1,False,
native_l2,legacy:2026-08-30,legacy_directory_identifier,data/exact_l2/2026-08-30,legacy_day_root,legacy,data/exact_l2/2026-08-30/manifest.json,20328bc0186f67e37f23b0d8b9033cd73edbc888aa00b61fc30345d9c2efabdd,data/exact_l2/2026-08-30/execution_curves.csv,e2a1a970b465f63331cb73bed7d25ef8014503b6097a93cc93a1b69f09c1b813,data/exact_l2/2026-08-30/valr_usdtzar_raw.json,a6a6f777e4930e4acd0a54cc2e207dcdebea2242c6142d1894094a7e1e560408,sha256_verified,"[""base_asset"",""quote_asset"",""received_utc"",""exchange_timestamp_utc"",""source_url"",""source_params_json""]",2026-08-30,,2026-08-30T10:50:31.747163+00:00,,,legacy_unavailable,valr,USDTZAR,ZAR,USDT,,,,stablecoin_tokens,1 stablecoin token = 1 USD; no FX conversion,,,sell_stablecoin_base_hit_bids,valr_usdtzar_raw.json,a6a6f777e4930e4acd0a54cc2e207dcdebea2242c6142d1894094a7e1e560408,5000,5000,5000.0,5000.0,1.0,80719.5,16.1439,0.0309713545931789,0.0309713545931789,1,False,
native_l2,legacy:2026-08-30,legacy_directory_identifier,data/exact_l2/2026-08-30,legacy_day_root,legacy,data/exact_l2/2026-08-30/manifest.json,20328bc0186f67e37f23b0d8b9033cd73edbc888aa00b61fc30345d9c2efabdd,data/exact_l2/2026-08-30/execution_curves.csv,e2a1a970b465f63331cb73bed7d25ef8014503b6097a93cc93a1b69f09c1b813,data/exact_l2/2026-08-30/valr_usdtzar_raw.json,a6a6f777e4930e4acd0a54cc2e207dcdebea2242c6142d1894094a7e1e560408,sha256_verified,"[""base_asset"",""quote_asset"",""received_utc"",""exchange_timestamp_utc"",""source_url"",""source_params_json""]",2026-08-30,,2026-08-30T10:50:31.747163+00:00,,,legacy_unavailable,valr,USDTZAR,ZAR,USDT,,,,stablecoin_tokens,1 stablecoin token = 1 USD; no FX conversion,,,sell_stablecoin_base_hit_bids,valr_usdtzar_raw.json,a6a6f777e4930e4acd0a54cc2e207dcdebea2242c6142d1894094a7e1e560408,10000,10000,10000.0,10000.0,1.0,161433.50058234,16.143350058234,0.3716201834114141,3.6236484875107333,4,False,
native_l2,legacy:2026-08-30,legacy_directory_identifier,data/exact_l2/2026-08-30,legacy_day_root,legacy,data/exact_l2/2026-08-30/manifest.json,20328bc0186f67e37f23b0d8b9033cd73edbc888aa00b61fc30345d9c2efabdd,data/exact_l2/2026-08-30/execution_curves.csv,e2a1a970b465f63331cb73bed7d25ef8014503b6097a93cc93a1b69f09c1b813,data/exact_l2/2026-08-30/valr_usdtzar_raw.json,a6a6f777e4930e4acd0a54cc2e207dcdebea2242c6142d1894094a7e1e560408,sha256_verified,"[""base_asset"",""quote_asset"",""received_utc"",""exchange_timestamp_utc"",""source_url"",""source_params_json""]",2026-08-30,,2026-08-30T10:50:31.747163+00:00,,,legacy_unavailable,valr,USDTZAR,ZAR,USDT,,,,stablecoin_tokens,1 stablecoin token = 1 USD; no FX conversion,,,sell_stablecoin_base_hit_bids,valr_usdtzar_raw.json,a6a6f777e4930e4acd0a54cc2e207dcdebea2242c6142d1894094a7e1e560408,25000,25000,25000.0,25000.0,1.0,403401.82235797006,16.1360728943188,4.879292664555779,11.738143391175626,8,False,
native_l2,legacy:2026-08-30,legacy_directory_identifier,data/exact_l2/2026-08-30,legacy_day_root,legacy,data/exact_l2/2026-08-30/manifest.json,20328bc0186f67e37f23b0d8b9033cd73edbc888aa00b61fc30345d9c2efabdd,data/exact_l2/2026-08-30/execution_curves.csv,e2a1a970b465f63331cb73bed7d25ef8014503b6097a93cc93a1b69f09c1b813,data/exact_l2/2026-08-30/valr_usdtzar_raw.json,a6a6f777e4930e4acd0a54cc2e207dcdebea2242c6142d1894094a7e1e560408,sha256_verified,"[""base_asset"",""quote_asset"",""received_utc"",""exchange_timestamp_utc"",""source_url"",""source_params_json""]",2026-08-30,,2026-08-30T10:50:31.747163+00:00,,,legacy_unavailable,valr,USDTZAR,ZAR,USDT,,,,stablecoin_tokens,1 stablecoin token = 1 USD; no FX conversion,,,sell_stablecoin_base_hit_bids,valr_usdtzar_raw.json,a6a6f777e4930e4acd0a54cc2e207dcdebea2242c6142d1894094a7e1e560408,50000,50000,50000.0,50000.0,1.0,806526.82235797,16.1305364471594,8.308718027866258,11.738143391175626,8,False,
native_l2,legacy:2026-08-30,legacy_directory_identifier,data/exact_l2/2026-08-30,legacy_day_root,legacy,data/exact_l2/2026-08-30/manifest.json,20328bc0186f67e37f23b0d8b9033cd73edbc888aa00b61fc30345d9c2efabdd,data/exact_l2/2026-08-30/execution_curves.csv,e2a1a970b465f63331cb73bed7d25ef8014503b6097a93cc93a1b69f09c1b813,data/exact_l2/2026-08-30/valr_usdtzar_raw.json,a6a6f777e4930e4acd0a54cc2e207dcdebea2242c6142d1894094a7e1e560408,sha256_verified,"[""base_asset"",""quote_asset"",""received_utc"",""exchange_timestamp_utc"",""source_url"",""source_params_json""]",2026-08-30,,2026-08-30T10:50:31.747163+00:00,,,legacy_unavailable,valr,USDTZAR,ZAR,USDT,,,,stablecoin_tokens,1 stablecoin token = 1 USD; no FX conversion,,,sell_stablecoin_base_hit_bids,valr_usdtzar_raw.json,a6a6f777e4930e4acd0a54cc2e207dcdebea2242c6142d1894094a7e1e560408,100000,100000,100000.0,100000.0,1.0,1612776.82235797,16.1277682235797,10.023430709520387,11.738143391175626,8,False,
native_l2,legacy:2026-08-30,legacy_directory_identifier,data/exact_l2/2026-08-30,legacy_day_root,legacy,data/exact_l2/2026-08-30/manifest.json,20328bc0186f67e37f23b0d8b9033cd73edbc888aa00b61fc30345d9c2efabdd,data/exact_l2/2026-08-30/execution_curves.csv,e2a1a970b465f63331cb73bed7d25ef8014503b6097a93cc93a1b69f09c1b813,data/exact_l2/2026-08-30/bitkub_usdt_thb_raw.json,9b4c452283a8e19ff8824a2eebbcc287552f0f44a240912e66450860228ee2e2,sha256_verified,"[""base_asset"",""quote_asset"",""received_utc"",""exchange_timestamp_utc"",""source_url"",""source_params_json""]",2026-08-30,,2026-08-30T10:50:32.020572+00:00,,,legacy_unavailable,bitkub,usdt_thb,THB,USDT,,,,stablecoin_tokens,1 stablecoin token = 1 USD; no FX conversion,,,sell_stablecoin_base_hit_bids,bitkub_usdt_thb_raw.json,9b4c452283a8e19ff8824a2eebbcc287552f0f44a240912e66450860228ee2e2,1000,1000,1000.0,1000.0,1.0,33050.0,33.05,1.5126304643786614,1.5126304643786614,1,False,
native_l2,legacy:2026-08-30,legacy_directory_identifier,data/exact_l2/2026-08-30,legacy_day_root,legacy,data/exact_l2/2026-08-30/manifest.json,20328bc0186f67e37f23b0d8b9033cd73edbc888aa00b61fc30345d9c2efabdd,data/exact_l2/2026-08-30/execution_curves.csv,e2a1a970b465f63331cb73bed7d25ef8014503b6097a93cc93a1b69f09c1b813,data/exact_l2/2026-08-30/bitkub_usdt_thb_raw.json,9b4c452283a8e19ff8824a2eebbcc287552f0f44a240912e66450860228ee2e2,sha256_verified,"[""base_asset"",""quote_asset"",""received_utc"",""exchange_timestamp_utc"",""source_url"",""source_params_json""]",2026-08-30,,2026-08-30T10:50:32.020572+00:00,,,legacy_unavailable,bitkub,usdt_thb,THB,USDT,,,,stablecoin_tokens,1 stablecoin token = 1 USD; no FX conversion,,,sell_stablecoin_base_hit_bids,bitkub_usdt_thb_raw.json,9b4c452283a8e19ff8824a2eebbcc287552f0f44a240912e66450860228ee2e2,5000,5000,5000.0,5000.0,1.0,165250.0,33.05,1.5126304643786614,1.5126304643786614,1,False,
native_l2,legacy:2026-08-30,legacy_directory_identifier,data/exact_l2/2026-08-30,legacy_day_root,legacy,data/exact_l2/2026-08-30/manifest.json,20328bc0186f67e37f23b0d8b9033cd73edbc888aa00b61fc30345d9c2efabdd,data/exact_l2/2026-08-30/execution_curves.csv,e2a1a970b465f63331cb73bed7d25ef8014503b6097a93cc93a1b69f09c1b813,data/exact_l2/2026-08-30/bitkub_usdt_thb_raw.json,9b4c452283a8e19ff8824a2eebbcc287552f0f44a240912e66450860228ee2e2,sha256_verified,"[""base_asset"",""quote_asset"",""received_utc"",""exchange_timestamp_utc"",""source_url"",""source_params_json""]",2026-08-30,,2026-08-30T10:50:32.020572+00:00,,,legacy_unavailable,bitkub,usdt_thb,THB,USDT,,,,stablecoin_tokens,1 stablecoin token = 1 USD; no FX conversion,,,sell_stablecoin_base_hit_bids,bitkub_usdt_thb_raw.json,9b4c452283a8e19ff8824a2eebbcc287552f0f44a240912e66450860228ee2e2,10000,10000,10000.0,10000.0,1.0,330500.0,33.05,1.5126304643786614,1.5126304643786614,1,False,
native_l2,legacy:2026-08-30,legacy_directory_identifier,data/exact_l2/2026-08-30,legacy_day_root,legacy,data/exact_l2/2026-08-30/manifest.json,20328bc0186f67e37f23b0d8b9033cd73edbc888aa00b61fc30345d9c2efabdd,data/exact_l2/2026-08-30/execution_curves.csv,e2a1a970b465f63331cb73bed7d25ef8014503b6097a93cc93a1b69f09c1b813,data/exact_l2/2026-08-30/bitkub_usdt_thb_raw.json,9b4c452283a8e19ff8824a2eebbcc287552f0f44a240912e66450860228ee2e2,sha256_verified,"[""base_asset"",""quote_asset"",""received_utc"",""exchange_timestamp_utc"",""source_url"",""source_params_json""]",2026-08-30,,2026-08-30T10:50:32.020572+00:00,,,legacy_unavailable,bitkub,usdt_thb,THB,USDT,,,,stablecoin_tokens,1 stablecoin token = 1 USD; no FX conversion,,,sell_stablecoin_base_hit_bids,bitkub_usdt_thb_raw.json,9b4c452283a8e19ff8824a2eebbcc287552f0f44a240912e66450860228ee2e2,25000,25000,25000.0,25000.0,1.0,826249.9999999999,33.05,1.5126304643786614,1.5126304643786614,1,False,
native_l2,legacy:2026-08-30,legacy_directory_identifier,data/exact_l2/2026-08-30,legacy_day_root,legacy,data/exact_l2/2026-08-30/manifest.json,20328bc0186f67e37f23b0d8b9033cd73edbc888aa00b61fc30345d9c2efabdd,data/exact_l2/2026-08-30/execution_curves.csv,e2a1a970b465f63331cb73bed7d25ef8014503b6097a93cc93a1b69f09c1b813,data/exact_l2/2026-08-30/bitkub_usdt_thb_raw.json,9b4c452283a8e19ff8824a2eebbcc287552f0f44a240912e66450860228ee2e2,sha256_verified,"[""base_asset"",""quote_asset"",""received_utc"",""exchange_timestamp_utc"",""source_url"",""source_params_json""]",2026-08-30,,2026-08-30T10:50:32.020572+00:00,,,legacy_unavailable,bitkub,usdt_thb,THB,USDT,,,,stablecoin_tokens,1 stablecoin token = 1 USD; no FX conversion,,,sell_stablecoin_base_hit_bids,bitkub_usdt_thb_raw.json,9b4c452283a8e19ff8824a2eebbcc287552f0f44a240912e66450860228ee2e2,50000,50000,50000.0,50000.0,1.0,1652499.9999999998,33.05,1.5126304643786614,1.5126304643786614,1,False,
native_l2,legacy:2026-08-30,legacy_directory_identifier,data/exact_l2/2026-08-30,legacy_day_root,legacy,data/exact_l2/2026-08-30/manifest.json,20328bc0186f67e37f23b0d8b9033cd73edbc888aa00b61fc30345d9c2efabdd,data/exact_l2/2026-08-30/execution_curves.csv,e2a1a970b465f63331cb73bed7d25ef8014503b6097a93cc93a1b69f09c1b813,data/exact_l2/2026-08-30/bitkub_usdt_thb_raw.json,9b4c452283a8e19ff8824a2eebbcc287552f0f44a240912e66450860228ee2e2,sha256_verified,"[""base_asset"",""quote_asset"",""received_utc"",""exchange_timestamp_utc"",""source_url"",""source_params_json""]",2026-08-30,,2026-08-30T10:50:32.020572+00:00,,,legacy_unavailable,bitkub,usdt_thb,THB,USDT,,,,stablecoin_tokens,1 stablecoin token = 1 USD; no FX conversion,,,sell_stablecoin_base_hit_bids,bitkub_usdt_thb_raw.json,9b4c452283a8e19ff8824a2eebbcc287552f0f44a240912e66450860228ee2e2,100000,100000,100000.0,100000.0,1.0,3304999.9999999995,33.05,1.5126304643786614,1.5126304643786614,1,False,
native_l2,legacy:2026-08-31,legacy_directory_identifier,data/exact_l2/2026-08-31,legacy_day_root,legacy,data/exact_l2/2026-08-31/manifest.json,09fafd1112720a1cbde84785c175607fe89014cc4f294c8dda32f51a8d626430,data/exact_l2/2026-08-31/execution_curves.csv,6d1aefe02a4abe426d4d29bae2693764f501c0d0224d53b14a7096fcaef2fd35,data/exact_l2/2026-08-31/valr_usdtzar_raw.json,f2437a48157be74cbea2f12bd9482763466a9c53a8c21eb4ed8b78d354bf89a0,sha256_verified,"[""base_asset"",""quote_asset"",""received_utc"",""exchange_timestamp_utc"",""source_url"",""source_params_json""]",2026-08-31,,2026-08-31T12:00:16.547165+00:00,,,legacy_unavailable,valr,USDTZAR,ZAR,USDT,,,,stablecoin_tokens,1 stablecoin token = 1 USD; no FX conversion,,,sell_stablecoin_base_hit_bids,valr_usdtzar_raw.json,f2437a48157be74cbea2f12bd9482763466a9c53a8c21eb4ed8b78d354bf89a0,1000,1000,1000.0,1000.0,1.0,16232.500000000002,16.2325,0.03080230771002057,0.03080230771002057,1,False,
native_l2,legacy:2026-08-31,legacy_directory_identifier,data/exact_l2/2026-08-31,legacy_day_root,legacy,data/exact_l2/2026-08-31/manifest.json,09fafd1112720a1cbde84785c175607fe89014cc4f294c8dda32f51a8d626430,data/exact_l2/2026-08-31/execution_curves.csv,6d1aefe02a4abe426d4d29bae2693764f501c0d0224d53b14a7096fcaef2fd35,data/exact_l2/2026-08-31/valr_usdtzar_raw.json,f2437a48157be74cbea2f12bd9482763466a9c53a8c21eb4ed8b78d354bf89a0,sha256_verified,"[""base_asset"",""quote_asset"",""received_utc"",""exchange_timestamp_utc"",""source_url"",""source_params_json""]",2026-08-31,,2026-08-31T12:00:16.547165+00:00,,,legacy_unavailable,valr,USDTZAR,ZAR,USDT,,,,stablecoin_tokens,1 stablecoin token = 1 USD; no FX conversion,,,sell_stablecoin_base_hit_bids,valr_usdtzar_raw.json,f2437a48157be74cbea2f12bd9482763466a9c53a8c21eb4ed8b78d354bf89a0,5000,5000,5000.0,5000.0,1.0,81162.50000000001,16.2325,0.03080230771002057,0.03080230771002057,1,False,
native_l2,legacy:2026-08-31,legacy_directory_identifier,data/exact_l2/2026-08-31,legacy_day_root,legacy,data/exact_l2/2026-08-31/manifest.json,09fafd1112720a1cbde84785c175607fe89014cc4f294c8dda32f51a8d626430,data/exact_l2/2026-08-31/execution_curves.csv,6d1aefe02a4abe426d4d29bae2693764f501c0d0224d53b14a7096fcaef2fd35,data/exact_l2/2026-08-31/valr_usdtzar_raw.json,f2437a48157be74cbea2f12bd9482763466a9c53a8c21eb4ed8b78d354bf89a0,sha256_verified,"[""base_asset"",""quote_asset"",""received_utc"",""exchange_timestamp_utc"",""source_url"",""source_params_json""]",2026-08-31,,2026-08-31T12:00:16.547165+00:00,,,legacy_unavailable,valr,USDTZAR,ZAR,USDT,,,,stablecoin_tokens,1 stablecoin token = 1 USD; no FX conversion,,,sell_stablecoin_base_hit_bids,valr_usdtzar_raw.json,f2437a48157be74cbea2f12bd9482763466a9c53a8c21eb4ed8b78d354bf89a0,10000,10000,10000.0,10000.0,1.0,162325.00000000003,16.2325,0.03080230771002057,0.03080230771002057,1,False,
native_l2,legacy:2026-08-31,legacy_directory_identifier,data/exact_l2/2026-08-31,legacy_day_root,legacy,data/exact_l2/2026-08-31/manifest.json,09fafd1112720a1cbde84785c175607fe89014cc4f294c8dda32f51a8d626430,data/exact_l2/2026-08-31/execution_curves.csv,6d1aefe02a4abe426d4d29bae2693764f501c0d0224d53b14a7096fcaef2fd35,data/exact_l2/2026-08-31/valr_usdtzar_raw.json,f2437a48157be74cbea2f12bd9482763466a9c53a8c21eb4ed8b78d354bf89a0,sha256_verified,"[""base_asset"",""quote_asset"",""received_utc"",""exchange_timestamp_utc"",""source_url"",""source_params_json""]",2026-08-31,,2026-08-31T12:00:16.547165+00:00,,,legacy_unavailable,valr,USDTZAR,ZAR,USDT,,,,stablecoin_tokens,1 stablecoin token = 1 USD; no FX conversion,,,sell_stablecoin_base_hit_bids,valr_usdtzar_raw.json,f2437a48157be74cbea2f12bd9482763466a9c53a8c21eb4ed8b78d354bf89a0,25000,25000,25000.0,25000.0,1.0,405812.50000000006,16.2325,0.03080230771002057,0.03080230771002057,1,False,
native_l2,legacy:2026-08-31,legacy_directory_identifier,data/exact_l2/2026-08-31,legacy_day_root,legacy,data/exact_l2/2026-08-31/manifest.json,09fafd1112720a1cbde84785c175607fe89014cc4f294c8dda32f51a8d626430,data/exact_l2/2026-08-31/execution_curves.csv,6d1aefe02a4abe426d4d29bae2693764f501c0d0224d53b14a7096fcaef2fd35,data/exact_l2/2026-08-31/valr_usdtzar_raw.json,f2437a48157be74cbea2f12bd9482763466a9c53a8c21eb4ed8b78d354bf89a0,sha256_verified,"[""base_asset"",""quote_asset"",""received_utc"",""exchange_timestamp_utc"",""source_url"",""source_params_json""]",2026-08-31,,2026-08-31T12:00:16.547165+00:00,,,legacy_unavailable,valr,USDTZAR,ZAR,USDT,,,,stablecoin_tokens,1 stablecoin token = 1 USD; no FX conversion,,,sell_stablecoin_base_hit_bids,valr_usdtzar_raw.json,f2437a48157be74cbea2f12bd9482763466a9c53a8c21eb4ed8b78d354bf89a0,50000,50000,50000.0,50000.0,1.0,811625.0000000001,16.2325,0.03080230771002057,0.03080230771002057,1,False,
native_l2,legacy:2026-08-31,legacy_directory_identifier,data/exact_l2/2026-08-31,legacy_day_root,legacy,data/exact_l2/2026-08-31/manifest.json,09fafd1112720a1cbde84785c175607fe89014cc4f294c8dda32f51a8d626430,data/exact_l2/2026-08-31/execution_curves.csv,6d1aefe02a4abe426d4d29bae2693764f501c0d0224d53b14a7096fcaef2fd35,data/exact_l2/2026-08-31/valr_usdtzar_raw.json,f2437a48157be74cbea2f12bd9482763466a9c53a8c21eb4ed8b78d354bf89a0,sha256_verified,"[""base_asset"",""quote_asset"",""received_utc"",""exchange_timestamp_utc"",""source_url"",""source_params_json""]",2026-08-31,,2026-08-31T12:00:16.547165+00:00,,,legacy_unavailable,valr,USDTZAR,ZAR,USDT,,,,stablecoin_tokens,1 stablecoin token = 1 USD; no FX conversion,,,sell_stablecoin_base_hit_bids,valr_usdtzar_raw.json,f2437a48157be74cbea2f12bd9482763466a9c53a8c21eb4ed8b78d354bf89a0,100000,100000,100000.0,100000.0,1.0,1623250.0000000002,16.2325,0.03080230771002057,0.03080230771002057,1,False,
native_l2,legacy:2026-08-31,legacy_directory_identifier,data/exact_l2/2026-08-31,legacy_day_root,legacy,data/exact_l2/2026-08-31/manifest.json,09fafd1112720a1cbde84785c175607fe89014cc4f294c8dda32f51a8d626430,data/exact_l2/2026-08-31/execution_curves.csv,6d1aefe02a4abe426d4d29bae2693764f501c0d0224d53b14a7096fcaef2fd35,data/exact_l2/2026-08-31/bitkub_usdt_thb_raw.json,a9df789ab8a47eb47872c38abbbb2ce6d34e35cd9003ee0de4399b97a7abe173,sha256_verified,"[""base_asset"",""quote_asset"",""received_utc"",""exchange_timestamp_utc"",""source_url"",""source_params_json""]",2026-08-31,,2026-08-31T12:00:16.767863+00:00,,,legacy_unavailable,bitkub,usdt_thb,THB,USDT,,,,stablecoin_tokens,1 stablecoin token = 1 USD; no FX conversion,,,sell_stablecoin_base_hit_bids,bitkub_usdt_thb_raw.json,a9df789ab8a47eb47872c38abbbb2ce6d34e35cd9003ee0de4399b97a7abe173,1000,1000,1000.0,1000.0,1.0,33130.0,33.13,1.5089784216093527,1.5089784216093527,1,False,
native_l2,legacy:2026-08-31,legacy_directory_identifier,data/exact_l2/2026-08-31,legacy_day_root,legacy,data/exact_l2/2026-08-31/manifest.json,09fafd1112720a1cbde84785c175607fe89014cc4f294c8dda32f51a8d626430,data/exact_l2/2026-08-31/execution_curves.csv,6d1aefe02a4abe426d4d29bae2693764f501c0d0224d53b14a7096fcaef2fd35,data/exact_l2/2026-08-31/bitkub_usdt_thb_raw.json,a9df789ab8a47eb47872c38abbbb2ce6d34e35cd9003ee0de4399b97a7abe173,sha256_verified,"[""base_asset"",""quote_asset"",""received_utc"",""exchange_timestamp_utc"",""source_url"",""source_params_json""]",2026-08-31,,2026-08-31T12:00:16.767863+00:00,,,legacy_unavailable,bitkub,usdt_thb,THB,USDT,,,,stablecoin_tokens,1 stablecoin token = 1 USD; no FX conversion,,,sell_stablecoin_base_hit_bids,bitkub_usdt_thb_raw.json,a9df789ab8a47eb47872c38abbbb2ce6d34e35cd9003ee0de4399b97a7abe173,5000,5000,5000.0,5000.0,1.0,165650.0,33.13,1.5089784216093527,1.5089784216093527,1,False,
native_l2,legacy:2026-08-31,legacy_directory_identifier,data/exact_l2/2026-08-31,legacy_day_root,legacy,data/exact_l2/2026-08-31/manifest.json,09fafd1112720a1cbde84785c175607fe89014cc4f294c8dda32f51a8d626430,data/exact_l2/2026-08-31/execution_curves.csv,6d1aefe02a4abe426d4d29bae2693764f501c0d0224d53b14a7096fcaef2fd35,data/exact_l2/2026-08-31/bitkub_usdt_thb_raw.json,a9df789ab8a47eb47872c38abbbb2ce6d34e35cd9003ee0de4399b97a7abe173,sha256_verified,"[""base_asset"",""quote_asset"",""received_utc"",""exchange_timestamp_utc"",""source_url"",""source_params_json""]",2026-08-31,,2026-08-31T12:00:16.767863+00:00,,,legacy_unavailable,bitkub,usdt_thb,THB,USDT,,,,stablecoin_tokens,1 stablecoin token = 1 USD; no FX conversion,,,sell_stablecoin_base_hit_bids,bitkub_usdt_thb_raw.json,a9df789ab8a47eb47872c38abbbb2ce6d34e35cd9003ee0de4399b97a7abe173,10000,10000,10000.0,10000.0,1.0,331300.0,33.13,1.5089784216093527,1.5089784216093527,1,False,
native_l2,legacy:2026-08-31,legacy_directory_identifier,data/exact_l2/2026-08-31,legacy_day_root,legacy,data/exact_l2/2026-08-31/manifest.json,09fafd1112720a1cbde84785c175607fe89014cc4f294c8dda32f51a8d626430,data/exact_l2/2026-08-31/execution_curves.csv,6d1aefe02a4abe426d4d29bae2693764f501c0d0224d53b14a7096fcaef2fd35,data/exact_l2/2026-08-31/bitkub_usdt_thb_raw.json,a9df789ab8a47eb47872c38abbbb2ce6d34e35cd9003ee0de4399b97a7abe173,sha256_verified,"[""base_asset"",""quote_asset"",""received_utc"",""exchange_timestamp_utc"",""source_url"",""source_params_json""]",2026-08-31,,2026-08-31T12:00:16.767863+00:00,,,legacy_unavailable,bitkub,usdt_thb,THB,USDT,,,,stablecoin_tokens,1 stablecoin token = 1 USD; no FX conversion,,,sell_stablecoin_base_hit_bids,bitkub_usdt_thb_raw.json,a9df789ab8a47eb47872c38abbbb2ce6d34e35cd9003ee0de4399b97a7abe173,25000,25000,25000.0,25000.0,1.0,828250.0000000001,33.13,1.5089784216093527,1.5089784216093527,1,False,
native_l2,legacy:2026-08-31,legacy_directory_identifier,data/exact_l2/2026-08-31,legacy_day_root,legacy,data/exact_l2/2026-08-31/manifest.json,09fafd1112720a1cbde84785c175607fe89014cc4f294c8dda32f51a8d626430,data/exact_l2/2026-08-31/execution_curves.csv,6d1aefe02a4abe426d4d29bae2693764f501c0d0224d53b14a7096fcaef2fd35,data/exact_l2/2026-08-31/bitkub_usdt_thb_raw.json,a9df789ab8a47eb47872c38abbbb2ce6d34e35cd9003ee0de4399b97a7abe173,sha256_verified,"[""base_asset"",""quote_asset"",""received_utc"",""exchange_timestamp_utc"",""source_url"",""source_params_json""]",2026-08-31,,2026-08-31T12:00:16.767863+00:00,,,legacy_unavailable,bitkub,usdt_thb,THB,USDT,,,,stablecoin_tokens,1 stablecoin token = 1 USD; no FX conversion,,,sell_stablecoin_base_hit_bids,bitkub_usdt_thb_raw.json,a9df789ab8a47eb47872c38abbbb2ce6d34e35cd9003ee0de4399b97a7abe173,50000,50000,50000.0,50000.0,1.0,1656500.0000000002,33.13,1.5089784216093527,1.5089784216093527,1,False,
native_l2,legacy:2026-08-31,legacy_directory_identifier,data/exact_l2/2026-08-31,legacy_day_root,legacy,data/exact_l2/2026-08-31/manifest.json,09fafd1112720a1cbde84785c175607fe89014cc4f294c8dda32f51a8d626430,data/exact_l2/2026-08-31/execution_curves.csv,6d1aefe02a4abe426d4d29bae2693764f501c0d0224d53b14a7096fcaef2fd35,data/exact_l2/2026-08-31/bitkub_usdt_thb_raw.json,a9df789ab8a47eb47872c38abbbb2ce6d34e35cd9003ee0de4399b97a7abe173,sha256_verified,"[""base_asset"",""quote_asset"",""received_utc"",""exchange_timestamp_utc"",""source_url"",""source_params_json""]",2026-08-31,,2026-08-31T12:00:16.767863+00:00,,,legacy_unavailable,bitkub,usdt_thb,THB,USDT,,,,stablecoin_tokens,1 stablecoin token = 1 USD; no FX conversion,,,sell_stablecoin_base_hit_bids,bitkub_usdt_thb_raw.json,a9df789ab8a47eb47872c38abbbb2ce6d34e35cd9003ee0de4399b97a7abe173,100000,100000,100000.0,100000.0,1.0,3313000.0000000005,33.13,1.5089784216093527,1.5089784216093527,1,False,
native_l2,legacy:2026-09-01,legacy_directory_identifier,data/exact_l2/2026-09-01,legacy_day_root,legacy,data/exact_l2/2026-09-01/manifest.json,7b6e23877ada36dc65fba266c2eaf77a131b10facc0877401291b20ab29646f3,data/exact_l2/2026-09-01/execution_curves.csv,57cbfc37b9f3a72d9fc9c58433aaf2334c9ba910273359e14d898020fd0323a3,data/exact_l2/2026-09-01/valr_usdtzar_raw.json,ce7a0bee6f3716aee0531af3a21e991d9e8fc3aed5fe7a355404d12b7659339a,sha256_verified,"[""base_asset"",""quote_asset"",""received_utc"",""exchange_timestamp_utc"",""source_url"",""source_params_json""]",2026-09-01,,2026-09-01T10:36:19.501798+00:00,,,legacy_unavailable,valr,USDTZAR,ZAR,USDT,,,,stablecoin_tokens,1 stablecoin token = 1 USD; no FX conversion,,,sell_stablecoin_base_hit_bids,valr_usdtzar_raw.json,ce7a0bee6f3716aee0531af3a21e991d9e8fc3aed5fe7a355404d12b7659339a,1000,1000,1000.0,1000.0,1.0,16270.0,16.27,0.6453179112586582,0.6453179112586582,1,False,
native_l2,legacy:2026-09-01,legacy_directory_identifier,data/exact_l2/2026-09-01,legacy_day_root,legacy,data/exact_l2/2026-09-01/manifest.json,7b6e23877ada36dc65fba266c2eaf77a131b10facc0877401291b20ab29646f3,data/exact_l2/2026-09-01/execution_curves.csv,57cbfc37b9f3a72d9fc9c58433aaf2334c9ba910273359e14d898020fd0323a3,data/exact_l2/2026-09-01/valr_usdtzar_raw.json,ce7a0bee6f3716aee0531af3a21e991d9e8fc3aed5fe7a355404d12b7659339a,sha256_verified,"[""base_asset"",""quote_asset"",""received_utc"",""exchange_timestamp_utc"",""source_url"",""source_params_json""]",2026-09-01,,2026-09-01T10:36:19.501798+00:00,,,legacy_unavailable,valr,USDTZAR,ZAR,USDT,,,,stablecoin_tokens,1 stablecoin token = 1 USD; no FX conversion,,,sell_stablecoin_base_hit_bids,valr_usdtzar_raw.json,ce7a0bee6f3716aee0531af3a21e991d9e8fc3aed5fe7a355404d12b7659339a,5000,5000,5000.0,5000.0,1.0,81350.0,16.27,0.6453179112586582,0.6453179112586582,1,False,
native_l2,legacy:2026-09-01,legacy_directory_identifier,data/exact_l2/2026-09-01,legacy_day_root,legacy,data/exact_l2/2026-09-01/manifest.json,7b6e23877ada36dc65fba266c2eaf77a131b10facc0877401291b20ab29646f3,data/exact_l2/2026-09-01/execution_curves.csv,57cbfc37b9f3a72d9fc9c58433aaf2334c9ba910273359e14d898020fd0323a3,data/exact_l2/2026-09-01/valr_usdtzar_raw.json,ce7a0bee6f3716aee0531af3a21e991d9e8fc3aed5fe7a355404d12b7659339a,sha256_verified,"[""base_asset"",""quote_asset"",""received_utc"",""exchange_timestamp_utc"",""source_url"",""source_params_json""]",2026-09-01,,2026-09-01T10:36:19.501798+00:00,,,legacy_unavailable,valr,USDTZAR,ZAR,USDT,,,,stablecoin_tokens,1 stablecoin token = 1 USD; no FX conversion,,,sell_stablecoin_base_hit_bids,valr_usdtzar_raw.json,ce7a0bee6f3716aee0531af3a21e991d9e8fc3aed5fe7a355404d12b7659339a,10000,10000,10000.0,10000.0,1.0,162700.0,16.27,0.6453179112586582,0.6453179112586582,1,False,
native_l2,legacy:2026-09-01,legacy_directory_identifier,data/exact_l2/2026-09-01,legacy_day_root,legacy,data/exact_l2/2026-09-01/manifest.json,7b6e23877ada36dc65fba266c2eaf77a131b10facc0877401291b20ab29646f3,data/exact_l2/2026-09-01/execution_curves.csv,57cbfc37b9f3a72d9fc9c58433aaf2334c9ba910273359e14d898020fd0323a3,data/exact_l2/2026-09-01/valr_usdtzar_raw.json,ce7a0bee6f3716aee0531af3a21e991d9e8fc3aed5fe7a355404d12b7659339a,sha256_verified,"[""base_asset"",""quote_asset"",""received_utc"",""exchange_timestamp_utc"",""source_url"",""source_params_json""]",2026-09-01,,2026-09-01T10:36:19.501798+00:00,,,legacy_unavailable,valr,USDTZAR,ZAR,USDT,,,,stablecoin_tokens,1 stablecoin token = 1 USD; no FX conversion,,,sell_stablecoin_base_hit_bids,valr_usdtzar_raw.json,ce7a0bee6f3716aee0531af3a21e991d9e8fc3aed5fe7a355404d12b7659339a,25000,25000,25000.0,25000.0,1.0,406750.0,16.27,0.6453179112586582,0.6453179112586582,1,False,
native_l2,legacy:2026-09-01,legacy_directory_identifier,data/exact_l2/2026-09-01,legacy_day_root,legacy,data/exact_l2/2026-09-01/manifest.json,7b6e23877ada36dc65fba266c2eaf77a131b10facc0877401291b20ab29646f3,data/exact_l2/2026-09-01/execution_curves.csv,57cbfc37b9f3a72d9fc9c58433aaf2334c9ba910273359e14d898020fd0323a3,data/exact_l2/2026-09-01/valr_usdtzar_raw.json,ce7a0bee6f3716aee0531af3a21e991d9e8fc3aed5fe7a355404d12b7659339a,sha256_verified,"[""base_asset"",""quote_asset"",""received_utc"",""exchange_timestamp_utc"",""source_url"",""source_params_json""]",2026-09-01,,2026-09-01T10:36:19.501798+00:00,,,legacy_unavailable,valr,USDTZAR,ZAR,USDT,,,,stablecoin_tokens,1 stablecoin token = 1 USD; no FX conversion,,,sell_stablecoin_base_hit_bids,valr_usdtzar_raw.json,ce7a0bee6f3716aee0531af3a21e991d9e8fc3aed5fe7a355404d12b7659339a,50000,50000,50000.0,50000.0,1.0,813487.9263587,16.269758527174,0.7937243300204511,3.226589556297732,3,False,
native_l2,legacy:2026-09-01,legacy_directory_identifier,data/exact_l2/2026-09-01,legacy_day_root,legacy,data/exact_l2/2026-09-01/manifest.json,7b6e23877ada36dc65fba266c2eaf77a131b10facc0877401291b20ab29646f3,data/exact_l2/2026-09-01/execution_curves.csv,57cbfc37b9f3a72d9fc9c58433aaf2334c9ba910273359e14d898020fd0323a3,data/exact_l2/2026-09-01/valr_usdtzar_raw.json,ce7a0bee6f3716aee0531af3a21e991d9e8fc3aed5fe7a355404d12b7659339a,sha256_verified,"[""base_asset"",""quote_asset"",""received_utc"",""exchange_timestamp_utc"",""source_url"",""source_params_json""]",2026-09-01,,2026-09-01T10:36:19.501798+00:00,,,legacy_unavailable,valr,USDTZAR,ZAR,USDT,,,,stablecoin_tokens,1 stablecoin token = 1 USD; no FX conversion,,,sell_stablecoin_base_hit_bids,valr_usdtzar_raw.json,ce7a0bee6f3716aee0531af3a21e991d9e8fc3aed5fe7a355404d12b7659339a,100000,100000,100000.0,100000.0,1.0,1626771.91902045,16.2677191902045,2.0470773524139396,3.5338837997545003,5,False,
native_l2,legacy:2026-09-01,legacy_directory_identifier,data/exact_l2/2026-09-01,legacy_day_root,legacy,data/exact_l2/2026-09-01/manifest.json,7b6e23877ada36dc65fba266c2eaf77a131b10facc0877401291b20ab29646f3,data/exact_l2/2026-09-01/execution_curves.csv,57cbfc37b9f3a72d9fc9c58433aaf2334c9ba910273359e14d898020fd0323a3,data/exact_l2/2026-09-01/bitkub_usdt_thb_raw.json,06060f0d7e6335c9a37f41a0c33b593588f15ca0321ab8e2c55a473b9dd6b095,sha256_verified,"[""base_asset"",""quote_asset"",""received_utc"",""exchange_timestamp_utc"",""source_url"",""source_params_json""]",2026-09-01,,2026-09-01T10:36:19.715717+00:00,,,legacy_unavailable,bitkub,usdt_thb,THB,USDT,,,,stablecoin_tokens,1 stablecoin token = 1 USD; no FX conversion,,,sell_stablecoin_base_hit_bids,bitkub_usdt_thb_raw.json,06060f0d7e6335c9a37f41a0c33b593588f15ca0321ab8e2c55a473b9dd6b095,1000,1000,1000.0,1000.0,1.0,33160.0,33.16,1.5076134479130587,1.5076134479130587,1,False,
native_l2,legacy:2026-09-01,legacy_directory_identifier,data/exact_l2/2026-09-01,legacy_day_root,legacy,data/exact_l2/2026-09-01/manifest.json,7b6e23877ada36dc65fba266c2eaf77a131b10facc0877401291b20ab29646f3,data/exact_l2/2026-09-01/execution_curves.csv,57cbfc37b9f3a72d9fc9c58433aaf2334c9ba910273359e14d898020fd0323a3,data/exact_l2/2026-09-01/bitkub_usdt_thb_raw.json,06060f0d7e6335c9a37f41a0c33b593588f15ca0321ab8e2c55a473b9dd6b095,sha256_verified,"[""base_asset"",""quote_asset"",""received_utc"",""exchange_timestamp_utc"",""source_url"",""source_params_json""]",2026-09-01,,2026-09-01T10:36:19.715717+00:00,,,legacy_unavailable,bitkub,usdt_thb,THB,USDT,,,,stablecoin_tokens,1 stablecoin token = 1 USD; no FX conversion,,,sell_stablecoin_base_hit_bids,bitkub_usdt_thb_raw.json,06060f0d7e6335c9a37f41a0c33b593588f15ca0321ab8e2c55a473b9dd6b095,5000,5000,5000.0,5000.0,1.0,165799.99999999997,33.16,1.5076134479130587,1.5076134479130587,1,False,
native_l2,legacy:2026-09-01,legacy_directory_identifier,data/exact_l2/2026-09-01,legacy_day_root,legacy,data/exact_l2/2026-09-01/manifest.json,7b6e23877ada36dc65fba266c2eaf77a131b10facc0877401291b20ab29646f3,data/exact_l2/2026-09-01/execution_curves.csv,57cbfc37b9f3a72d9fc9c58433aaf2334c9ba910273359e14d898020fd0323a3,data/exact_l2/2026-09-01/bitkub_usdt_thb_raw.json,06060f0d7e6335c9a37f41a0c33b593588f15ca0321ab8e2c55a473b9dd6b095,sha256_verified,"[""base_asset"",""quote_asset"",""received_utc"",""exchange_timestamp_utc"",""source_url"",""source_params_json""]",2026-09-01,,2026-09-01T10:36:19.715717+00:00,,,legacy_unavailable,bitkub,usdt_thb,THB,USDT,,,,stablecoin_tokens,1 stablecoin token = 1 USD; no FX conversion,,,sell_stablecoin_base_hit_bids,bitkub_usdt_thb_raw.json,06060f0d7e6335c9a37f41a0c33b593588f15ca0321ab8e2c55a473b9dd6b095,10000,10000,10000.0,10000.0,1.0,331599.99999999994,33.16,1.5076134479130587,1.5076134479130587,1,False,
native_l2,legacy:2026-09-01,legacy_directory_identifier,data/exact_l2/2026-09-01,legacy_day_root,legacy,data/exact_l2/2026-09-01/manifest.json,7b6e23877ada36dc65fba266c2eaf77a131b10facc0877401291b20ab29646f3,data/exact_l2/2026-09-01/execution_curves.csv,57cbfc37b9f3a72d9fc9c58433aaf2334c9ba910273359e14d898020fd0323a3,data/exact_l2/2026-09-01/bitkub_usdt_thb_raw.json,06060f0d7e6335c9a37f41a0c33b593588f15ca0321ab8e2c55a473b9dd6b095,sha256_verified,"[""base_asset"",""quote_asset"",""received_utc"",""exchange_timestamp_utc"",""source_url"",""source_params_json""]",2026-09-01,,2026-09-01T10:36:19.715717+00:00,,,legacy_unavailable,bitkub,usdt_thb,THB,USDT,,,,stablecoin_tokens,1 stablecoin token = 1 USD; no FX conversion,,,sell_stablecoin_base_hit_bids,bitkub_usdt_thb_raw.json,06060f0d7e6335c9a37f41a0c33b593588f15ca0321ab8e2c55a473b9dd6b095,25000,25000,25000.0,25000.0,1.0,828999.9999999999,33.16,1.5076134479130587,1.5076134479130587,1,False,
native_l2,legacy:2026-09-01,legacy_directory_identifier,data/exact_l2/2026-09-01,legacy_day_root,legacy,data/exact_l2/2026-09-01/manifest.json,7b6e23877ada36dc65fba266c2eaf77a131b10facc0877401291b20ab29646f3,data/exact_l2/2026-09-01/execution_curves.csv,57cbfc37b9f3a72d9fc9c58433aaf2334c9ba910273359e14d898020fd0323a3,data/exact_l2/2026-09-01/bitkub_usdt_thb_raw.json,06060f0d7e6335c9a37f41a0c33b593588f15ca0321ab8e2c55a473b9dd6b095,sha256_verified,"[""base_asset"",""quote_asset"",""received_utc"",""exchange_timestamp_utc"",""source_url"",""source_params_json""]",2026-09-01,,2026-09-01T10:36:19.715717+00:00,,,legacy_unavailable,bitkub,usdt_thb,THB,USDT,,,,stablecoin_tokens,1 stablecoin token = 1 USD; no FX conversion,,,sell_stablecoin_base_hit_bids,bitkub_usdt_thb_raw.json,06060f0d7e6335c9a37f41a0c33b593588f15ca0321ab8e2c55a473b9dd6b095,50000,50000,50000.0,50000.0,1.0,1657999.9999999998,33.16,1.5076134479130587,1.5076134479130587,1,False,
native_l2,legacy:2026-09-01,legacy_directory_identifier,data/exact_l2/2026-09-01,legacy_day_root,legacy,data/exact_l2/2026-09-01/manifest.json,7b6e23877ada36dc65fba266c2eaf77a131b10facc0877401291b20ab29646f3,data/exact_l2/2026-09-01/execution_curves.csv,57cbfc37b9f3a72d9fc9c58433aaf2334c9ba910273359e14d898020fd0323a3,data/exact_l2/2026-09-01/bitkub_usdt_thb_raw.json,06060f0d7e6335c9a37f41a0c33b593588f15ca0321ab8e2c55a473b9dd6b095,sha256_verified,"[""base_asset"",""quote_asset"",""received_utc"",""exchange_timestamp_utc"",""source_url"",""source_params_json""]",2026-09-01,,2026-09-01T10:36:19.715717+00:00,,,legacy_unavailable,bitkub,usdt_thb,THB,USDT,,,,stablecoin_tokens,1 stablecoin token = 1 USD; no FX conversion,,,sell_stablecoin_base_hit_bids,bitkub_usdt_thb_raw.json,06060f0d7e6335c9a37f41a0c33b593588f15ca0321ab8e2c55a473b9dd6b095,100000,100000,100000.0,100000.0,1.0,3315999.9999999995,33.16,1.5076134479130587,1.5076134479130587,1,False,
native_l2,legacy:2026-09-02,legacy_directory_identifier,data/exact_l2/2026-09-02,legacy_day_root,legacy,data/exact_l2/2026-09-02/manifest.json,1667810b9f422bba5aece07e326ba7ab08ab7f5c798a3ef96935c928bb765e98,data/exact_l2/2026-09-02/execution_curves.csv,d5c5acb5629b14e39d561813b7f1721ee87d9c964f994e2e5cd7bf13a7f2661e,data/exact_l2/2026-09-02/valr_usdtzar_raw.json,138da4853afa615068e8255e40bb937ee7851997fa4d30aea3d98a1943438587,sha256_verified,"[""base_asset"",""quote_asset"",""received_utc"",""exchange_timestamp_utc"",""source_url"",""source_params_json""]",2026-09-02,,2026-09-02T10:04:35.849573+00:00,,,legacy_unavailable,valr,USDTZAR,ZAR,USDT,,,,stablecoin_tokens,1 stablecoin token = 1 USD; no FX conversion,,,sell_stablecoin_base_hit_bids,valr_usdtzar_raw.json,138da4853afa615068e8255e40bb937ee7851997fa4d30aea3d98a1943438587,1000,1000,1000.0,1000.0,1.0,16275.099999999999,16.2751,0.27648835216109724,0.27648835216109724,1,False,
native_l2,legacy:2026-09-02,legacy_directory_identifier,data/exact_l2/2026-09-02,legacy_day_root,legacy,data/exact_l2/2026-09-02/manifest.json,1667810b9f422bba5aece07e326ba7ab08ab7f5c798a3ef96935c928bb765e98,data/exact_l2/2026-09-02/execution_curves.csv,d5c5acb5629b14e39d561813b7f1721ee87d9c964f994e2e5cd7bf13a7f2661e,data/exact_l2/2026-09-02/valr_usdtzar_raw.json,138da4853afa615068e8255e40bb937ee7851997fa4d30aea3d98a1943438587,sha256_verified,"[""base_asset"",""quote_asset"",""received_utc"",""exchange_timestamp_utc"",""source_url"",""source_params_json""]",2026-09-02,,2026-09-02T10:04:35.849573+00:00,,,legacy_unavailable,valr,USDTZAR,ZAR,USDT,,,,stablecoin_tokens,1 stablecoin token = 1 USD; no FX conversion,,,sell_stablecoin_base_hit_bids,valr_usdtzar_raw.json,138da4853afa615068e8255e40bb937ee7851997fa4d30aea3d98a1943438587,5000,5000,5000.0,5000.0,1.0,81375.49999999999,16.2751,0.27648835216109724,0.27648835216109724,1,False,
native_l2,legacy:2026-09-02,legacy_directory_identifier,data/exact_l2/2026-09-02,legacy_day_root,legacy,data/exact_l2/2026-09-02/manifest.json,1667810b9f422bba5aece07e326ba7ab08ab7f5c798a3ef96935c928bb765e98,data/exact_l2/2026-09-02/execution_curves.csv,d5c5acb5629b14e39d561813b7f1721ee87d9c964f994e2e5cd7bf13a7f2661e,data/exact_l2/2026-09-02/valr_usdtzar_raw.json,138da4853afa615068e8255e40bb937ee7851997fa4d30aea3d98a1943438587,sha256_verified,"[""base_asset"",""quote_asset"",""received_utc"",""exchange_timestamp_utc"",""source_url"",""source_params_json""]",2026-09-02,,2026-09-02T10:04:35.849573+00:00,,,legacy_unavailable,valr,USDTZAR,ZAR,USDT,,,,stablecoin_tokens,1 stablecoin token = 1 USD; no FX conversion,,,sell_stablecoin_base_hit_bids,valr_usdtzar_raw.json,138da4853afa615068e8255e40bb937ee7851997fa4d30aea3d98a1943438587,10000,10000,10000.0,10000.0,1.0,162750.99999999997,16.2751,0.27648835216109724,0.27648835216109724,1,False,
native_l2,legacy:2026-09-02,legacy_directory_identifier,data/exact_l2/2026-09-02,legacy_day_root,legacy,data/exact_l2/2026-09-02/manifest.json,1667810b9f422bba5aece07e326ba7ab08ab7f5c798a3ef96935c928bb765e98,data/exact_l2/2026-09-02/execution_curves.csv,d5c5acb5629b14e39d561813b7f1721ee87d9c964f994e2e5cd7bf13a7f2661e,data/exact_l2/2026-09-02/valr_usdtzar_raw.json,138da4853afa615068e8255e40bb937ee7851997fa4d30aea3d98a1943438587,sha256_verified,"[""base_asset"",""quote_asset"",""received_utc"",""exchange_timestamp_utc"",""source_url"",""source_params_json""]",2026-09-02,,2026-09-02T10:04:35.849573+00:00,,,legacy_unavailable,valr,USDTZAR,ZAR,USDT,,,,stablecoin_tokens,1 stablecoin token = 1 USD; no FX conversion,,,sell_stablecoin_base_hit_bids,valr_usdtzar_raw.json,138da4853afa615068e8255e40bb937ee7851997fa4d30aea3d98a1943438587,25000,25000,25000.0,25000.0,1.0,406877.49999999994,16.2751,0.27648835216109724,0.27648835216109724,1,False,
native_l2,legacy:2026-09-02,legacy_directory_identifier,data/exact_l2/2026-09-02,legacy_day_root,legacy,data/exact_l2/2026-09-02/manifest.json,1667810b9f422bba5aece07e326ba7ab08ab7f5c798a3ef96935c928bb765e98,data/exact_l2/2026-09-02/execution_curves.csv,d5c5acb5629b14e39d561813b7f1721ee87d9c964f994e2e5cd7bf13a7f2661e,data/exact_l2/2026-09-02/valr_usdtzar_raw.json,138da4853afa615068e8255e40bb937ee7851997fa4d30aea3d98a1943438587,sha256_verified,"[""base_asset"",""quote_asset"",""received_utc"",""exchange_timestamp_utc"",""source_url"",""source_params_json""]",2026-09-02,,2026-09-02T10:04:35.849573+00:00,,,legacy_unavailable,valr,USDTZAR,ZAR,USDT,,,,stablecoin_tokens,1 stablecoin token = 1 USD; no FX conversion,,,sell_stablecoin_base_hit_bids,valr_usdtzar_raw.json,138da4853afa615068e8255e40bb937ee7851997fa4d30aea3d98a1943438587,50000,50000,50000.0,50000.0,1.0,813670.61883955,16.273412376791,1.3133953746558014,5.314720547078267,4,False,
native_l2,legacy:2026-09-02,legacy_directory_identifier,data/exact_l2/2026-09-02,legacy_day_root,legacy,data/exact_l2/2026-09-02/manifest.json,1667810b9f422bba5aece07e326ba7ab08ab7f5c798a3ef96935c928bb765e98,data/exact_l2/2026-09-02/execution_curves.csv,d5c5acb5629b14e39d561813b7f1721ee87d9c964f994e2e5cd7bf13a7f2661e,data/exact_l2/2026-09-02/valr_usdtzar_raw.json,138da4853afa615068e8255e40bb937ee7851997fa4d30aea3d98a1943438587,sha256_verified,"[""base_asset"",""quote_asset"",""received_utc"",""exchange_timestamp_utc"",""source_url"",""source_params_json""]",2026-09-02,,2026-09-02T10:04:35.849573+00:00,,,legacy_unavailable,valr,USDTZAR,ZAR,USDT,,,,stablecoin_tokens,1 stablecoin token = 1 USD; no FX conversion,,,sell_stablecoin_base_hit_bids,valr_usdtzar_raw.json,138da4853afa615068e8255e40bb937ee7851997fa4d30aea3d98a1943438587,100000,100000,100000.0,100000.0,1.0,1627013.3637773,16.270133637773,3.3279134818786638,5.62192982725529,8,False,
native_l2,legacy:2026-09-02,legacy_directory_identifier,data/exact_l2/2026-09-02,legacy_day_root,legacy,data/exact_l2/2026-09-02/manifest.json,1667810b9f422bba5aece07e326ba7ab08ab7f5c798a3ef96935c928bb765e98,data/exact_l2/2026-09-02/execution_curves.csv,d5c5acb5629b14e39d561813b7f1721ee87d9c964f994e2e5cd7bf13a7f2661e,data/exact_l2/2026-09-02/bitkub_usdt_thb_raw.json,521ac01eb6defab8a1149302659c1c707cdba87bcae89a8d6cde54fd4f4a19b6,sha256_verified,"[""base_asset"",""quote_asset"",""received_utc"",""exchange_timestamp_utc"",""source_url"",""source_params_json""]",2026-09-02,,2026-09-02T10:04:36.165506+00:00,,,legacy_unavailable,bitkub,usdt_thb,THB,USDT,,,,stablecoin_tokens,1 stablecoin token = 1 USD; no FX conversion,,,sell_stablecoin_base_hit_bids,bitkub_usdt_thb_raw.json,521ac01eb6defab8a1149302659c1c707cdba87bcae89a8d6cde54fd4f4a19b6,1000,1000,1000.0,1000.0,1.0,33260.0,33.26,1.5030813167005164,1.5030813167005164,1,False,
native_l2,legacy:2026-09-02,legacy_directory_identifier,data/exact_l2/2026-09-02,legacy_day_root,legacy,data/exact_l2/2026-09-02/manifest.json,1667810b9f422bba5aece07e326ba7ab08ab7f5c798a3ef96935c928bb765e98,data/exact_l2/2026-09-02/execution_curves.csv,d5c5acb5629b14e39d561813b7f1721ee87d9c964f994e2e5cd7bf13a7f2661e,data/exact_l2/2026-09-02/bitkub_usdt_thb_raw.json,521ac01eb6defab8a1149302659c1c707cdba87bcae89a8d6cde54fd4f4a19b6,sha256_verified,"[""base_asset"",""quote_asset"",""received_utc"",""exchange_timestamp_utc"",""source_url"",""source_params_json""]",2026-09-02,,2026-09-02T10:04:36.165506+00:00,,,legacy_unavailable,bitkub,usdt_thb,THB,USDT,,,,stablecoin_tokens,1 stablecoin token = 1 USD; no FX conversion,,,sell_stablecoin_base_hit_bids,bitkub_usdt_thb_raw.json,521ac01eb6defab8a1149302659c1c707cdba87bcae89a8d6cde54fd4f4a19b6,5000,5000,5000.0,5000.0,1.0,166300.0,33.26,1.5030813167005164,1.5030813167005164,1,False,
native_l2,legacy:2026-09-02,legacy_directory_identifier,data/exact_l2/2026-09-02,legacy_day_root,legacy,data/exact_l2/2026-09-02/manifest.json,1667810b9f422bba5aece07e326ba7ab08ab7f5c798a3ef96935c928bb765e98,data/exact_l2/2026-09-02/execution_curves.csv,d5c5acb5629b14e39d561813b7f1721ee87d9c964f994e2e5cd7bf13a7f2661e,data/exact_l2/2026-09-02/bitkub_usdt_thb_raw.json,521ac01eb6defab8a1149302659c1c707cdba87bcae89a8d6cde54fd4f4a19b6,sha256_verified,"[""base_asset"",""quote_asset"",""received_utc"",""exchange_timestamp_utc"",""source_url"",""source_params_json""]",2026-09-02,,2026-09-02T10:04:36.165506+00:00,,,legacy_unavailable,bitkub,usdt_thb,THB,USDT,,,,stablecoin_tokens,1 stablecoin token = 1 USD; no FX conversion,,,sell_stablecoin_base_hit_bids,bitkub_usdt_thb_raw.json,521ac01eb6defab8a1149302659c1c707cdba87bcae89a8d6cde54fd4f4a19b6,10000,10000,10000.0,10000.0,1.0,332600.0,33.26,1.5030813167005164,1.5030813167005164,1,False,
native_l2,legacy:2026-09-02,legacy_directory_identifier,data/exact_l2/2026-09-02,legacy_day_root,legacy,data/exact_l2/2026-09-02/manifest.json,1667810b9f422bba5aece07e326ba7ab08ab7f5c798a3ef96935c928bb765e98,data/exact_l2/2026-09-02/execution_curves.csv,d5c5acb5629b14e39d561813b7f1721ee87d9c964f994e2e5cd7bf13a7f2661e,data/exact_l2/2026-09-02/bitkub_usdt_thb_raw.json,521ac01eb6defab8a1149302659c1c707cdba87bcae89a8d6cde54fd4f4a19b6,sha256_verified,"[""base_asset"",""quote_asset"",""received_utc"",""exchange_timestamp_utc"",""source_url"",""source_params_json""]",2026-09-02,,2026-09-02T10:04:36.165506+00:00,,,legacy_unavailable,bitkub,usdt_thb,THB,USDT,,,,stablecoin_tokens,1 stablecoin token = 1 USD; no FX conversion,,,sell_stablecoin_base_hit_bids,bitkub_usdt_thb_raw.json,521ac01eb6defab8a1149302659c1c707cdba87bcae89a8d6cde54fd4f4a19b6,25000,25000,25000.0,25000.0,1.0,831500.0,33.26,1.5030813167005164,1.5030813167005164,1,False,
native_l2,legacy:2026-09-02,legacy_directory_identifier,data/exact_l2/2026-09-02,legacy_day_root,legacy,data/exact_l2/2026-09-02/manifest.json,1667810b9f422bba5aece07e326ba7ab08ab7f5c798a3ef96935c928bb765e98,data/exact_l2/2026-09-02/execution_curves.csv,d5c5acb5629b14e39d561813b7f1721ee87d9c964f994e2e5cd7bf13a7f2661e,data/exact_l2/2026-09-02/bitkub_usdt_thb_raw.json,521ac01eb6defab8a1149302659c1c707cdba87bcae89a8d6cde54fd4f4a19b6,sha256_verified,"[""base_asset"",""quote_asset"",""received_utc"",""exchange_timestamp_utc"",""source_url"",""source_params_json""]",2026-09-02,,2026-09-02T10:04:36.165506+00:00,,,legacy_unavailable,bitkub,usdt_thb,THB,USDT,,,,stablecoin_tokens,1 stablecoin token = 1 USD; no FX conversion,,,sell_stablecoin_base_hit_bids,bitkub_usdt_thb_raw.json,521ac01eb6defab8a1149302659c1c707cdba87bcae89a8d6cde54fd4f4a19b6,50000,50000,50000.0,50000.0,1.0,1663000.0,33.26,1.5030813167005164,1.5030813167005164,1,False,
native_l2,legacy:2026-09-02,legacy_directory_identifier,data/exact_l2/2026-09-02,legacy_day_root,legacy,data/exact_l2/2026-09-02/manifest.json,1667810b9f422bba5aece07e326ba7ab08ab7f5c798a3ef96935c928bb765e98,data/exact_l2/2026-09-02/execution_curves.csv,d5c5acb5629b14e39d561813b7f1721ee87d9c964f994e2e5cd7bf13a7f2661e,data/exact_l2/2026-09-02/bitkub_usdt_thb_raw.json,521ac01eb6defab8a1149302659c1c707cdba87bcae89a8d6cde54fd4f4a19b6,sha256_verified,"[""base_asset"",""quote_asset"",""received_utc"",""exchange_timestamp_utc"",""source_url"",""source_params_json""]",2026-09-02,,2026-09-02T10:04:36.165506+00:00,,,legacy_unavailable,bitkub,usdt_thb,THB,USDT,,,,stablecoin_tokens,1 stablecoin token = 1 USD; no FX conversion,,,sell_stablecoin_base_hit_bids,bitkub_usdt_thb_raw.json,521ac01eb6defab8a1149302659c1c707cdba87bcae89a8d6cde54fd4f4a19b6,100000,100000,100000.0,100000.0,1.0,3326000.0,33.26,1.5030813167005164,1.5030813167005164,1,False,
native_l2,legacy:2026-09-03,legacy_directory_identifier,data/exact_l2/2026-09-03,legacy_day_root,legacy,data/exact_l2/2026-09-03/manifest.json,59c45ba308522c3bab28505d1210f71827bfbef63c2d731e10d22265d6e6cdd7,data/exact_l2/2026-09-03/execution_curves.csv,db42eb9f8f345ba6cba2a8462c02497a5aaba038f341fad72ba5305232ae1604,data/exact_l2/2026-09-03/valr_usdtzar_raw.json,14bf65d5c0b592e275fe6792324aff560e6745960c4784ce6e8ee26ee3607761,sha256_verified,"[""base_asset"",""quote_asset"",""received_utc"",""exchange_timestamp_utc"",""source_url"",""source_params_json""]",2026-09-03,,2026-09-03T10:14:28.675957+00:00,,,legacy_unavailable,valr,USDTZAR,ZAR,USDT,,,,stablecoin_tokens,1 stablecoin token = 1 USD; no FX conversion,,,sell_stablecoin_base_hit_bids,valr_usdtzar_raw.json,14bf65d5c0b592e275fe6792324aff560e6745960c4784ce6e8ee26ee3607761,1000,1000,1000.0,1000.0,1.0,16181.9,16.1819,0.030898624703290523,0.030898624703290523,1,False,
native_l2,legacy:2026-09-03,legacy_directory_identifier,data/exact_l2/2026-09-03,legacy_day_root,legacy,data/exact_l2/2026-09-03/manifest.json,59c45ba308522c3bab28505d1210f71827bfbef63c2d731e10d22265d6e6cdd7,data/exact_l2/2026-09-03/execution_curves.csv,db42eb9f8f345ba6cba2a8462c02497a5aaba038f341fad72ba5305232ae1604,data/exact_l2/2026-09-03/valr_usdtzar_raw.json,14bf65d5c0b592e275fe6792324aff560e6745960c4784ce6e8ee26ee3607761,sha256_verified,"[""base_asset"",""quote_asset"",""received_utc"",""exchange_timestamp_utc"",""source_url"",""source_params_json""]",2026-09-03,,2026-09-03T10:14:28.675957+00:00,,,legacy_unavailable,valr,USDTZAR,ZAR,USDT,,,,stablecoin_tokens,1 stablecoin token = 1 USD; no FX conversion,,,sell_stablecoin_base_hit_bids,valr_usdtzar_raw.json,14bf65d5c0b592e275fe6792324aff560e6745960c4784ce6e8ee26ee3607761,5000,5000,5000.0,5000.0,1.0,80909.5,16.1819,0.030898624703290523,0.030898624703290523,1,False,
native_l2,legacy:2026-09-03,legacy_directory_identifier,data/exact_l2/2026-09-03,legacy_day_root,legacy,data/exact_l2/2026-09-03/manifest.json,59c45ba308522c3bab28505d1210f71827bfbef63c2d731e10d22265d6e6cdd7,data/exact_l2/2026-09-03/execution_curves.csv,db42eb9f8f345ba6cba2a8462c02497a5aaba038f341fad72ba5305232ae1604,data/exact_l2/2026-09-03/valr_usdtzar_raw.json,14bf65d5c0b592e275fe6792324aff560e6745960c4784ce6e8ee26ee3607761,sha256_verified,"[""base_asset"",""quote_asset"",""received_utc"",""exchange_timestamp_utc"",""source_url"",""source_params_json""]",2026-09-03,,2026-09-03T10:14:28.675957+00:00,,,legacy_unavailable,valr,USDTZAR,ZAR,USDT,,,,stablecoin_tokens,1 stablecoin token = 1 USD; no FX conversion,,,sell_stablecoin_base_hit_bids,valr_usdtzar_raw.json,14bf65d5c0b592e275fe6792324aff560e6745960c4784ce6e8ee26ee3607761,10000,10000,10000.0,10000.0,1.0,161819.0,16.1819,0.030898624703290523,0.030898624703290523,1,False,
native_l2,legacy:2026-09-03,legacy_directory_identifier,data/exact_l2/2026-09-03,legacy_day_root,legacy,data/exact_l2/2026-09-03/manifest.json,59c45ba308522c3bab28505d1210f71827bfbef63c2d731e10d22265d6e6cdd7,data/exact_l2/2026-09-03/execution_curves.csv,db42eb9f8f345ba6cba2a8462c02497a5aaba038f341fad72ba5305232ae1604,data/exact_l2/2026-09-03/valr_usdtzar_raw.json,14bf65d5c0b592e275fe6792324aff560e6745960c4784ce6e8ee26ee3607761,sha256_verified,"[""base_asset"",""quote_asset"",""received_utc"",""exchange_timestamp_utc"",""source_url"",""source_params_json""]",2026-09-03,,2026-09-03T10:14:28.675957+00:00,,,legacy_unavailable,valr,USDTZAR,ZAR,USDT,,,,stablecoin_tokens,1 stablecoin token = 1 USD; no FX conversion,,,sell_stablecoin_base_hit_bids,valr_usdtzar_raw.json,14bf65d5c0b592e275fe6792324aff560e6745960c4784ce6e8ee26ee3607761,25000,25000,25000.0,25000.0,1.0,404546.9384,16.181877536,0.044780758809981336,0.09269587410765112,2,False,
native_l2,legacy:2026-09-03,legacy_directory_identifier,data/exact_l2/2026-09-03,legacy_day_root,legacy,data/exact_l2/2026-09-03/manifest.json,59c45ba308522c3bab28505d1210f71827bfbef63c2d731e10d22265d6e6cdd7,data/exact_l2/2026-09-03/execution_curves.csv,db42eb9f8f345ba6cba2a8462c02497a5aaba038f341fad72ba5305232ae1604,data/exact_l2/2026-09-03/valr_usdtzar_raw.json,14bf65d5c0b592e275fe6792324aff560e6745960c4784ce6e8ee26ee3607761,sha256_verified,"[""base_asset"",""quote_asset"",""received_utc"",""exchange_timestamp_utc"",""source_url"",""source_params_json""]",2026-09-03,,2026-09-03T10:14:28.675957+00:00,,,legacy_unavailable,valr,USDTZAR,ZAR,USDT,,,,stablecoin_tokens,1 stablecoin token = 1 USD; no FX conversion,,,sell_stablecoin_base_hit_bids,valr_usdtzar_raw.json,14bf65d5c0b592e275fe6792324aff560e6745960c4784ce6e8ee26ee3607761,50000,50000,50000.0,50000.0,1.0,809091.9384,16.181838768,0.06873831645881623,0.09269587410765112,2,False,
native_l2,legacy:2026-09-03,legacy_directory_identifier,data/exact_l2/2026-09-03,legacy_day_root,legacy,data/exact_l2/2026-09-03/manifest.json,59c45ba308522c3bab28505d1210f71827bfbef63c2d731e10d22265d6e6cdd7,data/exact_l2/2026-09-03/execution_curves.csv,db42eb9f8f345ba6cba2a8462c02497a5aaba038f341fad72ba5305232ae1604,data/exact_l2/2026-09-03/valr_usdtzar_raw.json,14bf65d5c0b592e275fe6792324aff560e6745960c4784ce6e8ee26ee3607761,sha256_verified,"[""base_asset"",""quote_asset"",""received_utc"",""exchange_timestamp_utc"",""source_url"",""source_params_json""]",2026-09-03,,2026-09-03T10:14:28.675957+00:00,,,legacy_unavailable,valr,USDTZAR,ZAR,USDT,,,,stablecoin_tokens,1 stablecoin token = 1 USD; no FX conversion,,,sell_stablecoin_base_hit_bids,valr_usdtzar_raw.json,14bf65d5c0b592e275fe6792324aff560e6745960c4784ce6e8ee26ee3607761,100000,100000,100000.0,100000.0,1.0,1618181.9383999999,16.181819383999997,0.0807170952843439,0.09269587410765112,2,False,
native_l2,legacy:2026-09-03,legacy_directory_identifier,data/exact_l2/2026-09-03,legacy_day_root,legacy,data/exact_l2/2026-09-03/manifest.json,59c45ba308522c3bab28505d1210f71827bfbef63c2d731e10d22265d6e6cdd7,data/exact_l2/2026-09-03/execution_curves.csv,db42eb9f8f345ba6cba2a8462c02497a5aaba038f341fad72ba5305232ae1604,data/exact_l2/2026-09-03/bitkub_usdt_thb_raw.json,e59e05590317087260d739adba67f87d51df472695ff99fae0593ec71b08e670,sha256_verified,"[""base_asset"",""quote_asset"",""received_utc"",""exchange_timestamp_utc"",""source_url"",""source_params_json""]",2026-09-03,,2026-09-03T10:14:28.893498+00:00,,,legacy_unavailable,bitkub,usdt_thb,THB,USDT,,,,stablecoin_tokens,1 stablecoin token = 1 USD; no FX conversion,,,sell_stablecoin_base_hit_bids,bitkub_usdt_thb_raw.json,e59e05590317087260d739adba67f87d51df472695ff99fae0593ec71b08e670,1000,1000,1000.0,1000.0,1.0,32990.0,32.99,1.5153811183521437,1.5153811183521437,1,False,
native_l2,legacy:2026-09-03,legacy_directory_identifier,data/exact_l2/2026-09-03,legacy_day_root,legacy,data/exact_l2/2026-09-03/manifest.json,59c45ba308522c3bab28505d1210f71827bfbef63c2d731e10d22265d6e6cdd7,data/exact_l2/2026-09-03/execution_curves.csv,db42eb9f8f345ba6cba2a8462c02497a5aaba038f341fad72ba5305232ae1604,data/exact_l2/2026-09-03/bitkub_usdt_thb_raw.json,e59e05590317087260d739adba67f87d51df472695ff99fae0593ec71b08e670,sha256_verified,"[""base_asset"",""quote_asset"",""received_utc"",""exchange_timestamp_utc"",""source_url"",""source_params_json""]",2026-09-03,,2026-09-03T10:14:28.893498+00:00,,,legacy_unavailable,bitkub,usdt_thb,THB,USDT,,,,stablecoin_tokens,1 stablecoin token = 1 USD; no FX conversion,,,sell_stablecoin_base_hit_bids,bitkub_usdt_thb_raw.json,e59e05590317087260d739adba67f87d51df472695ff99fae0593ec71b08e670,5000,5000,5000.0,5000.0,1.0,164950.0,32.99,1.5153811183521437,1.5153811183521437,1,False,
native_l2,legacy:2026-09-03,legacy_directory_identifier,data/exact_l2/2026-09-03,legacy_day_root,legacy,data/exact_l2/2026-09-03/manifest.json,59c45ba308522c3bab28505d1210f71827bfbef63c2d731e10d22265d6e6cdd7,data/exact_l2/2026-09-03/execution_curves.csv,db42eb9f8f345ba6cba2a8462c02497a5aaba038f341fad72ba5305232ae1604,data/exact_l2/2026-09-03/bitkub_usdt_thb_raw.json,e59e05590317087260d739adba67f87d51df472695ff99fae0593ec71b08e670,sha256_verified,"[""base_asset"",""quote_asset"",""received_utc"",""exchange_timestamp_utc"",""source_url"",""source_params_json""]",2026-09-03,,2026-09-03T10:14:28.893498+00:00,,,legacy_unavailable,bitkub,usdt_thb,THB,USDT,,,,stablecoin_tokens,1 stablecoin token = 1 USD; no FX conversion,,,sell_stablecoin_base_hit_bids,bitkub_usdt_thb_raw.json,e59e05590317087260d739adba67f87d51df472695ff99fae0593ec71b08e670,10000,10000,10000.0,10000.0,1.0,329900.0,32.99,1.5153811183521437,1.5153811183521437,1,False,
native_l2,legacy:2026-09-03,legacy_directory_identifier,data/exact_l2/2026-09-03,legacy_day_root,legacy,data/exact_l2/2026-09-03/manifest.json,59c45ba308522c3bab28505d1210f71827bfbef63c2d731e10d22265d6e6cdd7,data/exact_l2/2026-09-03/execution_curves.csv,db42eb9f8f345ba6cba2a8462c02497a5aaba038f341fad72ba5305232ae1604,data/exact_l2/2026-09-03/bitkub_usdt_thb_raw.json,e59e05590317087260d739adba67f87d51df472695ff99fae0593ec71b08e670,sha256_verified,"[""base_asset"",""quote_asset"",""received_utc"",""exchange_timestamp_utc"",""source_url"",""source_params_json""]",2026-09-03,,2026-09-03T10:14:28.893498+00:00,,,legacy_unavailable,bitkub,usdt_thb,THB,USDT,,,,stablecoin_tokens,1 stablecoin token = 1 USD; no FX conversion,,,sell_stablecoin_base_hit_bids,bitkub_usdt_thb_raw.json,e59e05590317087260d739adba67f87d51df472695ff99fae0593ec71b08e670,25000,25000,25000.0,25000.0,1.0,824750.0,32.99,1.5153811183521437,1.5153811183521437,1,False,
native_l2,legacy:2026-09-03,legacy_directory_identifier,data/exact_l2/2026-09-03,legacy_day_root,legacy,data/exact_l2/2026-09-03/manifest.json,59c45ba308522c3bab28505d1210f71827bfbef63c2d731e10d22265d6e6cdd7,data/exact_l2/2026-09-03/execution_curves.csv,db42eb9f8f345ba6cba2a8462c02497a5aaba038f341fad72ba5305232ae1604,data/exact_l2/2026-09-03/bitkub_usdt_thb_raw.json,e59e05590317087260d739adba67f87d51df472695ff99fae0593ec71b08e670,sha256_verified,"[""base_asset"",""quote_asset"",""received_utc"",""exchange_timestamp_utc"",""source_url"",""source_params_json""]",2026-09-03,,2026-09-03T10:14:28.893498+00:00,,,legacy_unavailable,bitkub,usdt_thb,THB,USDT,,,,stablecoin_tokens,1 stablecoin token = 1 USD; no FX conversion,,,sell_stablecoin_base_hit_bids,bitkub_usdt_thb_raw.json,e59e05590317087260d739adba67f87d51df472695ff99fae0593ec71b08e670,50000,50000,50000.0,50000.0,1.0,1649500.0,32.99,1.5153811183521437,1.5153811183521437,1,False,
native_l2,legacy:2026-09-03,legacy_directory_identifier,data/exact_l2/2026-09-03,legacy_day_root,legacy,data/exact_l2/2026-09-03/manifest.json,59c45ba308522c3bab28505d1210f71827bfbef63c2d731e10d22265d6e6cdd7,data/exact_l2/2026-09-03/execution_curves.csv,db42eb9f8f345ba6cba2a8462c02497a5aaba038f341fad72ba5305232ae1604,data/exact_l2/2026-09-03/bitkub_usdt_thb_raw.json,e59e05590317087260d739adba67f87d51df472695ff99fae0593ec71b08e670,sha256_verified,"[""base_asset"",""quote_asset"",""received_utc"",""exchange_timestamp_utc"",""source_url"",""source_params_json""]",2026-09-03,,2026-09-03T10:14:28.893498+00:00,,,legacy_unavailable,bitkub,usdt_thb,THB,USDT,,,,stablecoin_tokens,1 stablecoin token = 1 USD; no FX conversion,,,sell_stablecoin_base_hit_bids,bitkub_usdt_thb_raw.json,e59e05590317087260d739adba67f87d51df472695ff99fae0593ec71b08e670,100000,100000,100000.0,100000.0,1.0,3298086.59,32.9808659,4.283709652980194,7.576905591758498,2,False,
native_l2,legacy:2026-09-04,legacy_directory_identifier,data/exact_l2/2026-09-04,legacy_day_root,legacy,data/exact_l2/2026-09-04/manifest.json,ab88500a3ef278e06bc2b585acc000b33cb9f2cb81e0e58f46bee23f32bcffc5,data/exact_l2/2026-09-04/execution_curves.csv,bbb66ffc8db95d0830a2f67a042451d19affecfa329de3b32f477b22ad501b21,data/exact_l2/2026-09-04/valr_usdtzar_raw.json,0ebba9cf423954670c37b24abd3bc9769c3ad4e8b3a457346d358124f440d51b,sha256_verified,"[""base_asset"",""quote_asset"",""received_utc"",""exchange_timestamp_utc"",""source_url"",""source_params_json""]",2026-09-04,,2026-09-04T10:05:56.605162+00:00,,,legacy_unavailable,valr,USDTZAR,ZAR,USDT,,,,stablecoin_tokens,1 stablecoin token = 1 USD; no FX conversion,,,sell_stablecoin_base_hit_bids,valr_usdtzar_raw.json,0ebba9cf423954670c37b24abd3bc9769c3ad4e8b3a457346d358124f440d51b,1000,1000,1000.0,1000.0,1.0,16060.776901189998,16.06077690119,0.730358897894634,1.0895314703407433,4,False,
native_l2,legacy:2026-09-04,legacy_directory_identifier,data/exact_l2/2026-09-04,legacy_day_root,legacy,data/exact_l2/2026-09-04/manifest.json,ab88500a3ef278e06bc2b585acc000b33cb9f2cb81e0e58f46bee23f32bcffc5,data/exact_l2/2026-09-04/execution_curves.csv,bbb66ffc8db95d0830a2f67a042451d19affecfa329de3b32f477b22ad501b21,data/exact_l2/2026-09-04/valr_usdtzar_raw.json,0ebba9cf423954670c37b24abd3bc9769c3ad4e8b3a457346d358124f440d51b,sha256_verified,"[""base_asset"",""quote_asset"",""received_utc"",""exchange_timestamp_utc"",""source_url"",""source_params_json""]",2026-09-04,,2026-09-04T10:05:56.605162+00:00,,,legacy_unavailable,valr,USDTZAR,ZAR,USDT,,,,stablecoin_tokens,1 stablecoin token = 1 USD; no FX conversion,,,sell_stablecoin_base_hit_bids,valr_usdtzar_raw.json,0ebba9cf423954670c37b24abd3bc9769c3ad4e8b3a457346d358124f440d51b,5000,5000,5000.0,5000.0,1.0,80301.57690119001,16.060315380238002,1.017696955849523,1.0895314703407433,4,False,
native_l2,legacy:2026-09-04,legacy_directory_identifier,data/exact_l2/2026-09-04,legacy_day_root,legacy,data/exact_l2/2026-09-04/manifest.json,ab88500a3ef278e06bc2b585acc000b33cb9f2cb81e0e58f46bee23f32bcffc5,data/exact_l2/2026-09-04/execution_curves.csv,bbb66ffc8db95d0830a2f67a042451d19affecfa329de3b32f477b22ad501b21,data/exact_l2/2026-09-04/valr_usdtzar_raw.json,0ebba9cf423954670c37b24abd3bc9769c3ad4e8b3a457346d358124f440d51b,sha256_verified,"[""base_asset"",""quote_asset"",""received_utc"",""exchange_timestamp_utc"",""source_url"",""source_params_json""]",2026-09-04,,2026-09-04T10:05:56.605162+00:00,,,legacy_unavailable,valr,USDTZAR,ZAR,USDT,,,,stablecoin_tokens,1 stablecoin token = 1 USD; no FX conversion,,,sell_stablecoin_base_hit_bids,valr_usdtzar_raw.json,0ebba9cf423954670c37b24abd3bc9769c3ad4e8b3a457346d358124f440d51b,10000,10000,10000.0,10000.0,1.0,160602.57690118998,16.060257690119,1.0536142130967985,1.0895314703407433,4,False,
native_l2,legacy:2026-09-04,legacy_directory_identifier,data/exact_l2/2026-09-04,legacy_day_root,legacy,data/exact_l2/2026-09-04/manifest.json,ab88500a3ef278e06bc2b585acc000b33cb9f2cb81e0e58f46bee23f32bcffc5,data/exact_l2/2026-09-04/execution_curves.csv,bbb66ffc8db95d0830a2f67a042451d19affecfa329de3b32f477b22ad501b21,data/exact_l2/2026-09-04/valr_usdtzar_raw.json,0ebba9cf423954670c37b24abd3bc9769c3ad4e8b3a457346d358124f440d51b,sha256_verified,"[""base_asset"",""quote_asset"",""received_utc"",""exchange_timestamp_utc"",""source_url"",""source_params_json""]",2026-09-04,,2026-09-04T10:05:56.605162+00:00,,,legacy_unavailable,valr,USDTZAR,ZAR,USDT,,,,stablecoin_tokens,1 stablecoin token = 1 USD; no FX conversion,,,sell_stablecoin_base_hit_bids,valr_usdtzar_raw.json,0ebba9cf423954670c37b24abd3bc9769c3ad4e8b3a457346d358124f440d51b,25000,25000,25000.0,25000.0,1.0,401466.13220671995,16.0586452882688,2.0574785323101974,6.0079878221541705,5,False,
native_l2,legacy:2026-09-04,legacy_directory_identifier,data/exact_l2/2026-09-04,legacy_day_root,legacy,data/exact_l2/2026-09-04/manifest.json,ab88500a3ef278e06bc2b585acc000b33cb9f2cb81e0e58f46bee23f32bcffc5,data/exact_l2/2026-09-04/execution_curves.csv,bbb66ffc8db95d0830a2f67a042451d19affecfa329de3b32f477b22ad501b21,data/exact_l2/2026-09-04/valr_usdtzar_raw.json,0ebba9cf423954670c37b24abd3bc9769c3ad4e8b3a457346d358124f440d51b,sha256_verified,"[""base_asset"",""quote_asset"",""received_utc"",""exchange_timestamp_utc"",""source_url"",""source_params_json""]",2026-09-04,,2026-09-04T10:05:56.605162+00:00,,,legacy_unavailable,valr,USDTZAR,ZAR,USDT,,,,stablecoin_tokens,1 stablecoin token = 1 USD; no FX conversion,,,sell_stablecoin_base_hit_bids,valr_usdtzar_raw.json,0ebba9cf423954670c37b24abd3bc9769c3ad4e8b3a457346d358124f440d51b,50000,50000,50000.00000000001,50000.00000000001,1.0000000000000002,802773.63220672,16.055472644134397,4.032733177232739,6.0079878221541705,6,False,
native_l2,legacy:2026-09-04,legacy_directory_identifier,data/exact_l2/2026-09-04,legacy_day_root,legacy,data/exact_l2/2026-09-04/manifest.json,ab88500a3ef278e06bc2b585acc000b33cb9f2cb81e0e58f46bee23f32bcffc5,data/exact_l2/2026-09-04/execution_curves.csv,bbb66ffc8db95d0830a2f67a042451d19affecfa329de3b32f477b22ad501b21,data/exact_l2/2026-09-04/valr_usdtzar_raw.json,0ebba9cf423954670c37b24abd3bc9769c3ad4e8b3a457346d358124f440d51b,sha256_verified,"[""base_asset"",""quote_asset"",""received_utc"",""exchange_timestamp_utc"",""source_url"",""source_params_json""]",2026-09-04,,2026-09-04T10:05:56.605162+00:00,,,legacy_unavailable,valr,USDTZAR,ZAR,USDT,,,,stablecoin_tokens,1 stablecoin token = 1 USD; no FX conversion,,,sell_stablecoin_base_hit_bids,valr_usdtzar_raw.json,0ebba9cf423954670c37b24abd3bc9769c3ad4e8b3a457346d358124f440d51b,100000,100000,100000.0,100000.0,1.0,1605330.1198145398,16.053301198145398,5.384652457892658,7.377684527720696,9,False,
native_l2,legacy:2026-09-04,legacy_directory_identifier,data/exact_l2/2026-09-04,legacy_day_root,legacy,data/exact_l2/2026-09-04/manifest.json,ab88500a3ef278e06bc2b585acc000b33cb9f2cb81e0e58f46bee23f32bcffc5,data/exact_l2/2026-09-04/execution_curves.csv,bbb66ffc8db95d0830a2f67a042451d19affecfa329de3b32f477b22ad501b21,data/exact_l2/2026-09-04/bitkub_usdt_thb_raw.json,de08c9d6fff54cd31818ad34e0f7d8d91d0330aa11b17443c8b6e082878d2ff1,sha256_verified,"[""base_asset"",""quote_asset"",""received_utc"",""exchange_timestamp_utc"",""source_url"",""source_params_json""]",2026-09-04,,2026-09-04T10:05:56.834030+00:00,,,legacy_unavailable,bitkub,usdt_thb,THB,USDT,,,,stablecoin_tokens,1 stablecoin token = 1 USD; no FX conversion,,,sell_stablecoin_base_hit_bids,bitkub_usdt_thb_raw.json,de08c9d6fff54cd31818ad34e0f7d8d91d0330aa11b17443c8b6e082878d2ff1,1000,1000,1000.0,1000.0,1.0,32910.0,32.91,1.5190642564189005,1.5190642564189005,1,False,
native_l2,legacy:2026-09-04,legacy_directory_identifier,data/exact_l2/2026-09-04,legacy_day_root,legacy,data/exact_l2/2026-09-04/manifest.json,ab88500a3ef278e06bc2b585acc000b33cb9f2cb81e0e58f46bee23f32bcffc5,data/exact_l2/2026-09-04/execution_curves.csv,bbb66ffc8db95d0830a2f67a042451d19affecfa329de3b32f477b22ad501b21,data/exact_l2/2026-09-04/bitkub_usdt_thb_raw.json,de08c9d6fff54cd31818ad34e0f7d8d91d0330aa11b17443c8b6e082878d2ff1,sha256_verified,"[""base_asset"",""quote_asset"",""received_utc"",""exchange_timestamp_utc"",""source_url"",""source_params_json""]",2026-09-04,,2026-09-04T10:05:56.834030+00:00,,,legacy_unavailable,bitkub,usdt_thb,THB,USDT,,,,stablecoin_tokens,1 stablecoin token = 1 USD; no FX conversion,,,sell_stablecoin_base_hit_bids,bitkub_usdt_thb_raw.json,de08c9d6fff54cd31818ad34e0f7d8d91d0330aa11b17443c8b6e082878d2ff1,5000,5000,5000.0,5000.0,1.0,164549.99999999997,32.91,1.5190642564189005,1.5190642564189005,1,False,
native_l2,legacy:2026-09-04,legacy_directory_identifier,data/exact_l2/2026-09-04,legacy_day_root,legacy,data/exact_l2/2026-09-04/manifest.json,ab88500a3ef278e06bc2b585acc000b33cb9f2cb81e0e58f46bee23f32bcffc5,data/exact_l2/2026-09-04/execution_curves.csv,bbb66ffc8db95d0830a2f67a042451d19affecfa329de3b32f477b22ad501b21,data/exact_l2/2026-09-04/bitkub_usdt_thb_raw.json,de08c9d6fff54cd31818ad34e0f7d8d91d0330aa11b17443c8b6e082878d2ff1,sha256_verified,"[""base_asset"",""quote_asset"",""received_utc"",""exchange_timestamp_utc"",""source_url"",""source_params_json""]",2026-09-04,,2026-09-04T10:05:56.834030+00:00,,,legacy_unavailable,bitkub,usdt_thb,THB,USDT,,,,stablecoin_tokens,1 stablecoin token = 1 USD; no FX conversion,,,sell_stablecoin_base_hit_bids,bitkub_usdt_thb_raw.json,de08c9d6fff54cd31818ad34e0f7d8d91d0330aa11b17443c8b6e082878d2ff1,10000,10000,10000.0,10000.0,1.0,329099.99999999994,32.91,1.5190642564189005,1.5190642564189005,1,False,
native_l2,legacy:2026-09-04,legacy_directory_identifier,data/exact_l2/2026-09-04,legacy_day_root,legacy,data/exact_l2/2026-09-04/manifest.json,ab88500a3ef278e06bc2b585acc000b33cb9f2cb81e0e58f46bee23f32bcffc5,data/exact_l2/2026-09-04/execution_curves.csv,bbb66ffc8db95d0830a2f67a042451d19affecfa329de3b32f477b22ad501b21,data/exact_l2/2026-09-04/bitkub_usdt_thb_raw.json,de08c9d6fff54cd31818ad34e0f7d8d91d0330aa11b17443c8b6e082878d2ff1,sha256_verified,"[""base_asset"",""quote_asset"",""received_utc"",""exchange_timestamp_utc"",""source_url"",""source_params_json""]",2026-09-04,,2026-09-04T10:05:56.834030+00:00,,,legacy_unavailable,bitkub,usdt_thb,THB,USDT,,,,stablecoin_tokens,1 stablecoin token = 1 USD; no FX conversion,,,sell_stablecoin_base_hit_bids,bitkub_usdt_thb_raw.json,de08c9d6fff54cd31818ad34e0f7d8d91d0330aa11b17443c8b6e082878d2ff1,25000,25000,25000.0,25000.0,1.0,822749.9999999999,32.91,1.5190642564189005,1.5190642564189005,1,False,
native_l2,legacy:2026-09-04,legacy_directory_identifier,data/exact_l2/2026-09-04,legacy_day_root,legacy,data/exact_l2/2026-09-04/manifest.json,ab88500a3ef278e06bc2b585acc000b33cb9f2cb81e0e58f46bee23f32bcffc5,data/exact_l2/2026-09-04/execution_curves.csv,bbb66ffc8db95d0830a2f67a042451d19affecfa329de3b32f477b22ad501b21,data/exact_l2/2026-09-04/bitkub_usdt_thb_raw.json,de08c9d6fff54cd31818ad34e0f7d8d91d0330aa11b17443c8b6e082878d2ff1,sha256_verified,"[""base_asset"",""quote_asset"",""received_utc"",""exchange_timestamp_utc"",""source_url"",""source_params_json""]",2026-09-04,,2026-09-04T10:05:56.834030+00:00,,,legacy_unavailable,bitkub,usdt_thb,THB,USDT,,,,stablecoin_tokens,1 stablecoin token = 1 USD; no FX conversion,,,sell_stablecoin_base_hit_bids,bitkub_usdt_thb_raw.json,de08c9d6fff54cd31818ad34e0f7d8d91d0330aa11b17443c8b6e082878d2ff1,50000,50000,50000.0,50000.0,1.0,1645499.9999999998,32.91,1.5190642564189005,1.5190642564189005,1,False,
native_l2,legacy:2026-09-04,legacy_directory_identifier,data/exact_l2/2026-09-04,legacy_day_root,legacy,data/exact_l2/2026-09-04/manifest.json,ab88500a3ef278e06bc2b585acc000b33cb9f2cb81e0e58f46bee23f32bcffc5,data/exact_l2/2026-09-04/execution_curves.csv,bbb66ffc8db95d0830a2f67a042451d19affecfa329de3b32f477b22ad501b21,data/exact_l2/2026-09-04/bitkub_usdt_thb_raw.json,de08c9d6fff54cd31818ad34e0f7d8d91d0330aa11b17443c8b6e082878d2ff1,sha256_verified,"[""base_asset"",""quote_asset"",""received_utc"",""exchange_timestamp_utc"",""source_url"",""source_params_json""]",2026-09-04,,2026-09-04T10:05:56.834030+00:00,,,legacy_unavailable,bitkub,usdt_thb,THB,USDT,,,,stablecoin_tokens,1 stablecoin token = 1 USD; no FX conversion,,,sell_stablecoin_base_hit_bids,bitkub_usdt_thb_raw.json,de08c9d6fff54cd31818ad34e0f7d8d91d0330aa11b17443c8b6e082878d2ff1,100000,100000,100000.0,100000.0,1.0,3290999.9999999995,32.91,1.5190642564189005,1.5190642564189005,1,False,
native_l2,legacy:2026-09-05,legacy_directory_identifier,data/exact_l2/2026-09-05,legacy_day_root,legacy,data/exact_l2/2026-09-05/manifest.json,b1eb87edd6265b0a1b6b576e2d9bdb0ebad88a9bda8877e0e2e2504270b0ad01,data/exact_l2/2026-09-05/execution_curves.csv,e0ea814a2b090d907b5b5388381caaab192d26129398f2b6e617ab272e31d7c7,data/exact_l2/2026-09-05/valr_usdtzar_raw.json,541df7441dc331e602c5cd08c3006f69a3edf9dab02bc9db38d0bb9a1b6b2770,sha256_verified,"[""base_asset"",""quote_asset"",""received_utc"",""exchange_timestamp_utc"",""source_url"",""source_params_json""]",2026-09-05,,2026-09-05T09:31:05.808862+00:00,,,legacy_unavailable,valr,USDTZAR,ZAR,USDT,,,,stablecoin_tokens,1 stablecoin token = 1 USD; no FX conversion,,,sell_stablecoin_base_hit_bids,valr_usdtzar_raw.json,541df7441dc331e602c5cd08c3006f69a3edf9dab02bc9db38d0bb9a1b6b2770,1000,1000,1000.0,1000.0,1.0,16119.0,16.119,0.27916585243370484,0.27916585243370484,1,False,
native_l2,legacy:2026-09-05,legacy_directory_identifier,data/exact_l2/2026-09-05,legacy_day_root,legacy,data/exact_l2/2026-09-05/manifest.json,b1eb87edd6265b0a1b6b576e2d9bdb0ebad88a9bda8877e0e2e2504270b0ad01,data/exact_l2/2026-09-05/execution_curves.csv,e0ea814a2b090d907b5b5388381caaab192d26129398f2b6e617ab272e31d7c7,data/exact_l2/2026-09-05/valr_usdtzar_raw.json,541df7441dc331e602c5cd08c3006f69a3edf9dab02bc9db38d0bb9a1b6b2770,sha256_verified,"[""base_asset"",""quote_asset"",""received_utc"",""exchange_timestamp_utc"",""source_url"",""source_params_json""]",2026-09-05,,2026-09-05T09:31:05.808862+00:00,,,legacy_unavailable,valr,USDTZAR,ZAR,USDT,,,,stablecoin_tokens,1 stablecoin token = 1 USD; no FX conversion,,,sell_stablecoin_base_hit_bids,valr_usdtzar_raw.json,541df7441dc331e602c5cd08c3006f69a3edf9dab02bc9db38d0bb9a1b6b2770,5000,5000,5000.0,5000.0,1.0,80595.0,16.119,0.27916585243370484,0.27916585243370484,1,False,
native_l2,legacy:2026-09-05,legacy_directory_identifier,data/exact_l2/2026-09-05,legacy_day_root,legacy,data/exact_l2/2026-09-05/manifest.json,b1eb87edd6265b0a1b6b576e2d9bdb0ebad88a9bda8877e0e2e2504270b0ad01,data/exact_l2/2026-09-05/execution_curves.csv,e0ea814a2b090d907b5b5388381caaab192d26129398f2b6e617ab272e31d7c7,data/exact_l2/2026-09-05/valr_usdtzar_raw.json,541df7441dc331e602c5cd08c3006f69a3edf9dab02bc9db38d0bb9a1b6b2770,sha256_verified,"[""base_asset"",""quote_asset"",""received_utc"",""exchange_timestamp_utc"",""source_url"",""source_params_json""]",2026-09-05,,2026-09-05T09:31:05.808862+00:00,,,legacy_unavailable,valr,USDTZAR,ZAR,USDT,,,,stablecoin_tokens,1 stablecoin token = 1 USD; no FX conversion,,,sell_stablecoin_base_hit_bids,valr_usdtzar_raw.json,541df7441dc331e602c5cd08c3006f69a3edf9dab02bc9db38d0bb9a1b6b2770,10000,10000,10000.0,10000.0,1.0,161190.0,16.119,0.27916585243370484,0.27916585243370484,1,False,
native_l2,legacy:2026-09-05,legacy_directory_identifier,data/exact_l2/2026-09-05,legacy_day_root,legacy,data/exact_l2/2026-09-05/manifest.json,b1eb87edd6265b0a1b6b576e2d9bdb0ebad88a9bda8877e0e2e2504270b0ad01,data/exact_l2/2026-09-05/execution_curves.csv,e0ea814a2b090d907b5b5388381caaab192d26129398f2b6e617ab272e31d7c7,data/exact_l2/2026-09-05/valr_usdtzar_raw.json,541df7441dc331e602c5cd08c3006f69a3edf9dab02bc9db38d0bb9a1b6b2770,sha256_verified,"[""base_asset"",""quote_asset"",""received_utc"",""exchange_timestamp_utc"",""source_url"",""source_params_json""]",2026-09-05,,2026-09-05T09:31:05.808862+00:00,,,legacy_unavailable,valr,USDTZAR,ZAR,USDT,,,,stablecoin_tokens,1 stablecoin token = 1 USD; no FX conversion,,,sell_stablecoin_base_hit_bids,valr_usdtzar_raw.json,541df7441dc331e602c5cd08c3006f69a3edf9dab02bc9db38d0bb9a1b6b2770,25000,25000,25000.0,25000.0,1.0,402929.6310024,16.117185240096,1.4049858425702055,4.931930059649536,7,False,
native_l2,legacy:2026-09-05,legacy_directory_identifier,data/exact_l2/2026-09-05,legacy_day_root,legacy,data/exact_l2/2026-09-05/manifest.json,b1eb87edd6265b0a1b6b576e2d9bdb0ebad88a9bda8877e0e2e2504270b0ad01,data/exact_l2/2026-09-05/execution_curves.csv,e0ea814a2b090d907b5b5388381caaab192d26129398f2b6e617ab272e31d7c7,data/exact_l2/2026-09-05/valr_usdtzar_raw.json,541df7441dc331e602c5cd08c3006f69a3edf9dab02bc9db38d0bb9a1b6b2770,sha256_verified,"[""base_asset"",""quote_asset"",""received_utc"",""exchange_timestamp_utc"",""source_url"",""source_params_json""]",2026-09-05,,2026-09-05T09:31:05.808862+00:00,,,legacy_unavailable,valr,USDTZAR,ZAR,USDT,,,,stablecoin_tokens,1 stablecoin token = 1 USD; no FX conversion,,,sell_stablecoin_base_hit_bids,valr_usdtzar_raw.json,541df7441dc331e602c5cd08c3006f69a3edf9dab02bc9db38d0bb9a1b6b2770,50000,50000,49999.99999999999,49999.99999999999,0.9999999999999999,805682.4287049999,16.1136485741,3.599022237110727,8.964325705902443,9,False,
native_l2,legacy:2026-09-05,legacy_directory_identifier,data/exact_l2/2026-09-05,legacy_day_root,legacy,data/exact_l2/2026-09-05/manifest.json,b1eb87edd6265b0a1b6b576e2d9bdb0ebad88a9bda8877e0e2e2504270b0ad01,data/exact_l2/2026-09-05/execution_curves.csv,e0ea814a2b090d907b5b5388381caaab192d26129398f2b6e617ab272e31d7c7,data/exact_l2/2026-09-05/valr_usdtzar_raw.json,541df7441dc331e602c5cd08c3006f69a3edf9dab02bc9db38d0bb9a1b6b2770,sha256_verified,"[""base_asset"",""quote_asset"",""received_utc"",""exchange_timestamp_utc"",""source_url"",""source_params_json""]",2026-09-05,,2026-09-05T09:31:05.808862+00:00,,,legacy_unavailable,valr,USDTZAR,ZAR,USDT,,,,stablecoin_tokens,1 stablecoin token = 1 USD; no FX conversion,,,sell_stablecoin_base_hit_bids,valr_usdtzar_raw.json,541df7441dc331e602c5cd08c3006f69a3edf9dab02bc9db38d0bb9a1b6b2770,100000,100000,100000.0,100000.0,1.0,1610929.19393708,16.1092919393708,6.301741454702858,9.026362561997958,11,False,
native_l2,legacy:2026-09-05,legacy_directory_identifier,data/exact_l2/2026-09-05,legacy_day_root,legacy,data/exact_l2/2026-09-05/manifest.json,b1eb87edd6265b0a1b6b576e2d9bdb0ebad88a9bda8877e0e2e2504270b0ad01,data/exact_l2/2026-09-05/execution_curves.csv,e0ea814a2b090d907b5b5388381caaab192d26129398f2b6e617ab272e31d7c7,data/exact_l2/2026-09-05/bitkub_usdt_thb_raw.json,359273e5eacff3198417a8b1f26971bff3ca46c587f7b66f8e1aa76aac77d6f4,sha256_verified,"[""base_asset"",""quote_asset"",""received_utc"",""exchange_timestamp_utc"",""source_url"",""source_params_json""]",2026-09-05,,2026-09-05T09:31:06.071583+00:00,,,legacy_unavailable,bitkub,usdt_thb,THB,USDT,,,,stablecoin_tokens,1 stablecoin token = 1 USD; no FX conversion,,,sell_stablecoin_base_hit_bids,bitkub_usdt_thb_raw.json,359273e5eacff3198417a8b1f26971bff3ca46c587f7b66f8e1aa76aac77d6f4,1000,1000,1000.0,1000.0,1.0,32960.0,32.96,1.5167602002130742,1.5167602002130742,1,False,
native_l2,legacy:2026-09-05,legacy_directory_identifier,data/exact_l2/2026-09-05,legacy_day_root,legacy,data/exact_l2/2026-09-05/manifest.json,b1eb87edd6265b0a1b6b576e2d9bdb0ebad88a9bda8877e0e2e2504270b0ad01,data/exact_l2/2026-09-05/execution_curves.csv,e0ea814a2b090d907b5b5388381caaab192d26129398f2b6e617ab272e31d7c7,data/exact_l2/2026-09-05/bitkub_usdt_thb_raw.json,359273e5eacff3198417a8b1f26971bff3ca46c587f7b66f8e1aa76aac77d6f4,sha256_verified,"[""base_asset"",""quote_asset"",""received_utc"",""exchange_timestamp_utc"",""source_url"",""source_params_json""]",2026-09-05,,2026-09-05T09:31:06.071583+00:00,,,legacy_unavailable,bitkub,usdt_thb,THB,USDT,,,,stablecoin_tokens,1 stablecoin token = 1 USD; no FX conversion,,,sell_stablecoin_base_hit_bids,bitkub_usdt_thb_raw.json,359273e5eacff3198417a8b1f26971bff3ca46c587f7b66f8e1aa76aac77d6f4,5000,5000,5000.0,5000.0,1.0,164800.0,32.96,1.5167602002130742,1.5167602002130742,1,False,
native_l2,legacy:2026-09-05,legacy_directory_identifier,data/exact_l2/2026-09-05,legacy_day_root,legacy,data/exact_l2/2026-09-05/manifest.json,b1eb87edd6265b0a1b6b576e2d9bdb0ebad88a9bda8877e0e2e2504270b0ad01,data/exact_l2/2026-09-05/execution_curves.csv,e0ea814a2b090d907b5b5388381caaab192d26129398f2b6e617ab272e31d7c7,data/exact_l2/2026-09-05/bitkub_usdt_thb_raw.json,359273e5eacff3198417a8b1f26971bff3ca46c587f7b66f8e1aa76aac77d6f4,sha256_verified,"[""base_asset"",""quote_asset"",""received_utc"",""exchange_timestamp_utc"",""source_url"",""source_params_json""]",2026-09-05,,2026-09-05T09:31:06.071583+00:00,,,legacy_unavailable,bitkub,usdt_thb,THB,USDT,,,,stablecoin_tokens,1 stablecoin token = 1 USD; no FX conversion,,,sell_stablecoin_base_hit_bids,bitkub_usdt_thb_raw.json,359273e5eacff3198417a8b1f26971bff3ca46c587f7b66f8e1aa76aac77d6f4,10000,10000,10000.0,10000.0,1.0,329600.0,32.96,1.5167602002130742,1.5167602002130742,1,False,
native_l2,legacy:2026-09-05,legacy_directory_identifier,data/exact_l2/2026-09-05,legacy_day_root,legacy,data/exact_l2/2026-09-05/manifest.json,b1eb87edd6265b0a1b6b576e2d9bdb0ebad88a9bda8877e0e2e2504270b0ad01,data/exact_l2/2026-09-05/execution_curves.csv,e0ea814a2b090d907b5b5388381caaab192d26129398f2b6e617ab272e31d7c7,data/exact_l2/2026-09-05/bitkub_usdt_thb_raw.json,359273e5eacff3198417a8b1f26971bff3ca46c587f7b66f8e1aa76aac77d6f4,sha256_verified,"[""base_asset"",""quote_asset"",""received_utc"",""exchange_timestamp_utc"",""source_url"",""source_params_json""]",2026-09-05,,2026-09-05T09:31:06.071583+00:00,,,legacy_unavailable,bitkub,usdt_thb,THB,USDT,,,,stablecoin_tokens,1 stablecoin token = 1 USD; no FX conversion,,,sell_stablecoin_base_hit_bids,bitkub_usdt_thb_raw.json,359273e5eacff3198417a8b1f26971bff3ca46c587f7b66f8e1aa76aac77d6f4,25000,25000,25000.0,25000.0,1.0,824000.0,32.96,1.5167602002130742,1.5167602002130742,1,False,
native_l2,legacy:2026-09-05,legacy_directory_identifier,data/exact_l2/2026-09-05,legacy_day_root,legacy,data/exact_l2/2026-09-05/manifest.json,b1eb87edd6265b0a1b6b576e2d9bdb0ebad88a9bda8877e0e2e2504270b0ad01,data/exact_l2/2026-09-05/execution_curves.csv,e0ea814a2b090d907b5b5388381caaab192d26129398f2b6e617ab272e31d7c7,data/exact_l2/2026-09-05/bitkub_usdt_thb_raw.json,359273e5eacff3198417a8b1f26971bff3ca46c587f7b66f8e1aa76aac77d6f4,sha256_verified,"[""base_asset"",""quote_asset"",""received_utc"",""exchange_timestamp_utc"",""source_url"",""source_params_json""]",2026-09-05,,2026-09-05T09:31:06.071583+00:00,,,legacy_unavailable,bitkub,usdt_thb,THB,USDT,,,,stablecoin_tokens,1 stablecoin token = 1 USD; no FX conversion,,,sell_stablecoin_base_hit_bids,bitkub_usdt_thb_raw.json,359273e5eacff3198417a8b1f26971bff3ca46c587f7b66f8e1aa76aac77d6f4,50000,50000,50000.0,50000.0,1.0,1648000.0,32.96,1.5167602002130742,1.5167602002130742,1,False,
native_l2,legacy:2026-09-05,legacy_directory_identifier,data/exact_l2/2026-09-05,legacy_day_root,legacy,data/exact_l2/2026-09-05/manifest.json,b1eb87edd6265b0a1b6b576e2d9bdb0ebad88a9bda8877e0e2e2504270b0ad01,data/exact_l2/2026-09-05/execution_curves.csv,e0ea814a2b090d907b5b5388381caaab192d26129398f2b6e617ab272e31d7c7,data/exact_l2/2026-09-05/bitkub_usdt_thb_raw.json,359273e5eacff3198417a8b1f26971bff3ca46c587f7b66f8e1aa76aac77d6f4,sha256_verified,"[""base_asset"",""quote_asset"",""received_utc"",""exchange_timestamp_utc"",""source_url"",""source_params_json""]",2026-09-05,,2026-09-05T09:31:06.071583+00:00,,,legacy_unavailable,bitkub,usdt_thb,THB,USDT,,,,stablecoin_tokens,1 stablecoin token = 1 USD; no FX conversion,,,sell_stablecoin_base_hit_bids,bitkub_usdt_thb_raw.json,359273e5eacff3198417a8b1f26971bff3ca46c587f7b66f8e1aa76aac77d6f4,100000,100000,100000.0,100000.0,1.0,3296000.0,32.96,1.5167602002130742,1.5167602002130742,1,False,
native_l2,legacy:2026-09-06,legacy_directory_identifier,data/exact_l2/2026-09-06,legacy_day_root,legacy,data/exact_l2/2026-09-06/manifest.json,6468a33a79598a6dae7d79da837a72ec4d06cab8315f9bddd3618a5cb0de2c9d,data/exact_l2/2026-09-06/execution_curves.csv,5a55b56112fb63252e573ae0777d218a198e4b1bdcae4e3dd8e761c2501df333,data/exact_l2/2026-09-06/valr_usdtzar_raw.json,c557fafcb85fe15c75a3a88b7003c18457f43a7e284ba18ce62e044ca8d4be50,sha256_verified,"[""base_asset"",""quote_asset"",""received_utc"",""exchange_timestamp_utc"",""source_url"",""source_params_json""]",2026-09-06,,2026-09-06T09:50:12.194709+00:00,,,legacy_unavailable,valr,USDTZAR,ZAR,USDT,,,,stablecoin_tokens,1 stablecoin token = 1 USD; no FX conversion,,,sell_stablecoin_base_hit_bids,valr_usdtzar_raw.json,c557fafcb85fe15c75a3a88b7003c18457f43a7e284ba18ce62e044ca8d4be50,1000,1000,1000.0,1000.0,1.0,16169.3730793,16.169373079299998,3.1388521402597735,4.1114226449745495,4,False,
native_l2,legacy:2026-09-06,legacy_directory_identifier,data/exact_l2/2026-09-06,legacy_day_root,legacy,data/exact_l2/2026-09-06/manifest.json,6468a33a79598a6dae7d79da837a72ec4d06cab8315f9bddd3618a5cb0de2c9d,data/exact_l2/2026-09-06/execution_curves.csv,5a55b56112fb63252e573ae0777d218a198e4b1bdcae4e3dd8e761c2501df333,data/exact_l2/2026-09-06/valr_usdtzar_raw.json,c557fafcb85fe15c75a3a88b7003c18457f43a7e284ba18ce62e044ca8d4be50,sha256_verified,"[""base_asset"",""quote_asset"",""received_utc"",""exchange_timestamp_utc"",""source_url"",""source_params_json""]",2026-09-06,,2026-09-06T09:50:12.194709+00:00,,,legacy_unavailable,valr,USDTZAR,ZAR,USDT,,,,stablecoin_tokens,1 stablecoin token = 1 USD; no FX conversion,,,sell_stablecoin_base_hit_bids,valr_usdtzar_raw.json,c557fafcb85fe15c75a3a88b7003c18457f43a7e284ba18ce62e044ca8d4be50,5000,5000,5000.0,5000.0,1.0,80840.5730793,16.16811461586,3.9169085440315943,4.1114226449745495,4,False,
native_l2,legacy:2026-09-06,legacy_directory_identifier,data/exact_l2/2026-09-06,legacy_day_root,legacy,data/exact_l2/2026-09-06/manifest.json,6468a33a79598a6dae7d79da837a72ec4d06cab8315f9bddd3618a5cb0de2c9d,data/exact_l2/2026-09-06/execution_curves.csv,5a55b56112fb63252e573ae0777d218a198e4b1bdcae4e3dd8e761c2501df333,data/exact_l2/2026-09-06/valr_usdtzar_raw.json,c557fafcb85fe15c75a3a88b7003c18457f43a7e284ba18ce62e044ca8d4be50,sha256_verified,"[""base_asset"",""quote_asset"",""received_utc"",""exchange_timestamp_utc"",""source_url"",""source_params_json""]",2026-09-06,,2026-09-06T09:50:12.194709+00:00,,,legacy_unavailable,valr,USDTZAR,ZAR,USDT,,,,stablecoin_tokens,1 stablecoin token = 1 USD; no FX conversion,,,sell_stablecoin_base_hit_bids,valr_usdtzar_raw.json,c557fafcb85fe15c75a3a88b7003c18457f43a7e284ba18ce62e044ca8d4be50,10000,10000,10000.0,10000.0,1.0,161679.5730793,16.16795730793,4.014165594503627,4.1114226449745495,4,False,
native_l2,legacy:2026-09-06,legacy_directory_identifier,data/exact_l2/2026-09-06,legacy_day_root,legacy,data/exact_l2/2026-09-06/manifest.json,6468a33a79598a6dae7d79da837a72ec4d06cab8315f9bddd3618a5cb0de2c9d,data/exact_l2/2026-09-06/execution_curves.csv,5a55b56112fb63252e573ae0777d218a198e4b1bdcae4e3dd8e761c2501df333,data/exact_l2/2026-09-06/valr_usdtzar_raw.json,c557fafcb85fe15c75a3a88b7003c18457f43a7e284ba18ce62e044ca8d4be50,sha256_verified,"[""base_asset"",""quote_asset"",""received_utc"",""exchange_timestamp_utc"",""source_url"",""source_params_json""]",2026-09-06,,2026-09-06T09:50:12.194709+00:00,,,legacy_unavailable,valr,USDTZAR,ZAR,USDT,,,,stablecoin_tokens,1 stablecoin token = 1 USD; no FX conversion,,,sell_stablecoin_base_hit_bids,valr_usdtzar_raw.json,c557fafcb85fe15c75a3a88b7003c18457f43a7e284ba18ce62e044ca8d4be50,25000,25000,25000.0,25000.0,1.0,404187.45447642,16.1674981790568,4.298026172884217,6.213503395787745,6,False,
native_l2,legacy:2026-09-06,legacy_directory_identifier,data/exact_l2/2026-09-06,legacy_day_root,legacy,data/exact_l2/2026-09-06/manifest.json,6468a33a79598a6dae7d79da837a72ec4d06cab8315f9bddd3618a5cb0de2c9d,data/exact_l2/2026-09-06/execution_curves.csv,5a55b56112fb63252e573ae0777d218a198e4b1bdcae4e3dd8e761c2501df333,data/exact_l2/2026-09-06/valr_usdtzar_raw.json,c557fafcb85fe15c75a3a88b7003c18457f43a7e284ba18ce62e044ca8d4be50,sha256_verified,"[""base_asset"",""quote_asset"",""received_utc"",""exchange_timestamp_utc"",""source_url"",""source_params_json""]",2026-09-06,,2026-09-06T09:50:12.194709+00:00,,,legacy_unavailable,valr,USDTZAR,ZAR,USDT,,,,stablecoin_tokens,1 stablecoin token = 1 USD; no FX conversion,,,sell_stablecoin_base_hit_bids,valr_usdtzar_raw.json,c557fafcb85fe15c75a3a88b7003c18457f43a7e284ba18ce62e044ca8d4be50,50000,50000,50000.0,50000.0,1.0,808291.3113698598,16.165826227397197,5.331725408160848,6.708110631273856,7,False,
native_l2,legacy:2026-09-06,legacy_directory_identifier,data/exact_l2/2026-09-06,legacy_day_root,legacy,data/exact_l2/2026-09-06/manifest.json,6468a33a79598a6dae7d79da837a72ec4d06cab8315f9bddd3618a5cb0de2c9d,data/exact_l2/2026-09-06/execution_curves.csv,5a55b56112fb63252e573ae0777d218a198e4b1bdcae4e3dd8e761c2501df333,data/exact_l2/2026-09-06/valr_usdtzar_raw.json,c557fafcb85fe15c75a3a88b7003c18457f43a7e284ba18ce62e044ca8d4be50,sha256_verified,"[""base_asset"",""quote_asset"",""received_utc"",""exchange_timestamp_utc"",""source_url"",""source_params_json""]",2026-09-06,,2026-09-06T09:50:12.194709+00:00,,,legacy_unavailable,valr,USDTZAR,ZAR,USDT,,,,stablecoin_tokens,1 stablecoin token = 1 USD; no FX conversion,,,sell_stablecoin_base_hit_bids,valr_usdtzar_raw.json,c557fafcb85fe15c75a3a88b7003c18457f43a7e284ba18ce62e044ca8d4be50,100000,100000,100000.00000000003,100000.00000000003,1.0000000000000002,1616040.55242446,16.160405524244595,8.683124159031275,15.61104087001386,13,False,
native_l2,legacy:2026-09-06,legacy_directory_identifier,data/exact_l2/2026-09-06,legacy_day_root,legacy,data/exact_l2/2026-09-06/manifest.json,6468a33a79598a6dae7d79da837a72ec4d06cab8315f9bddd3618a5cb0de2c9d,data/exact_l2/2026-09-06/execution_curves.csv,5a55b56112fb63252e573ae0777d218a198e4b1bdcae4e3dd8e761c2501df333,data/exact_l2/2026-09-06/bitkub_usdt_thb_raw.json,c01c204da779970211296dbc02bd781dc7e71d7254e92f55b725792408e7e794,sha256_verified,"[""base_asset"",""quote_asset"",""received_utc"",""exchange_timestamp_utc"",""source_url"",""source_params_json""]",2026-09-06,,2026-09-06T09:50:12.425642+00:00,,,legacy_unavailable,bitkub,usdt_thb,THB,USDT,,,,stablecoin_tokens,1 stablecoin token = 1 USD; no FX conversion,,,sell_stablecoin_base_hit_bids,bitkub_usdt_thb_raw.json,c01c204da779970211296dbc02bd781dc7e71d7254e92f55b725792408e7e794,1000,1000,1000.0,1000.0,1.0,32970.0,32.97,1.5163002274432014,1.5163002274432014,1,False,
native_l2,legacy:2026-09-06,legacy_directory_identifier,data/exact_l2/2026-09-06,legacy_day_root,legacy,data/exact_l2/2026-09-06/manifest.json,6468a33a79598a6dae7d79da837a72ec4d06cab8315f9bddd3618a5cb0de2c9d,data/exact_l2/2026-09-06/execution_curves.csv,5a55b56112fb63252e573ae0777d218a198e4b1bdcae4e3dd8e761c2501df333,data/exact_l2/2026-09-06/bitkub_usdt_thb_raw.json,c01c204da779970211296dbc02bd781dc7e71d7254e92f55b725792408e7e794,sha256_verified,"[""base_asset"",""quote_asset"",""received_utc"",""exchange_timestamp_utc"",""source_url"",""source_params_json""]",2026-09-06,,2026-09-06T09:50:12.425642+00:00,,,legacy_unavailable,bitkub,usdt_thb,THB,USDT,,,,stablecoin_tokens,1 stablecoin token = 1 USD; no FX conversion,,,sell_stablecoin_base_hit_bids,bitkub_usdt_thb_raw.json,c01c204da779970211296dbc02bd781dc7e71d7254e92f55b725792408e7e794,5000,5000,5000.0,5000.0,1.0,164850.0,32.97,1.5163002274432014,1.5163002274432014,1,False,
native_l2,legacy:2026-09-06,legacy_directory_identifier,data/exact_l2/2026-09-06,legacy_day_root,legacy,data/exact_l2/2026-09-06/manifest.json,6468a33a79598a6dae7d79da837a72ec4d06cab8315f9bddd3618a5cb0de2c9d,data/exact_l2/2026-09-06/execution_curves.csv,5a55b56112fb63252e573ae0777d218a198e4b1bdcae4e3dd8e761c2501df333,data/exact_l2/2026-09-06/bitkub_usdt_thb_raw.json,c01c204da779970211296dbc02bd781dc7e71d7254e92f55b725792408e7e794,sha256_verified,"[""base_asset"",""quote_asset"",""received_utc"",""exchange_timestamp_utc"",""source_url"",""source_params_json""]",2026-09-06,,2026-09-06T09:50:12.425642+00:00,,,legacy_unavailable,bitkub,usdt_thb,THB,USDT,,,,stablecoin_tokens,1 stablecoin token = 1 USD; no FX conversion,,,sell_stablecoin_base_hit_bids,bitkub_usdt_thb_raw.json,c01c204da779970211296dbc02bd781dc7e71d7254e92f55b725792408e7e794,10000,10000,10000.0,10000.0,1.0,329700.0,32.97,1.5163002274432014,1.5163002274432014,1,False,
native_l2,legacy:2026-09-06,legacy_directory_identifier,data/exact_l2/2026-09-06,legacy_day_root,legacy,data/exact_l2/2026-09-06/manifest.json,6468a33a79598a6dae7d79da837a72ec4d06cab8315f9bddd3618a5cb0de2c9d,data/exact_l2/2026-09-06/execution_curves.csv,5a55b56112fb63252e573ae0777d218a198e4b1bdcae4e3dd8e761c2501df333,data/exact_l2/2026-09-06/bitkub_usdt_thb_raw.json,c01c204da779970211296dbc02bd781dc7e71d7254e92f55b725792408e7e794,sha256_verified,"[""base_asset"",""quote_asset"",""received_utc"",""exchange_timestamp_utc"",""source_url"",""source_params_json""]",2026-09-06,,2026-09-06T09:50:12.425642+00:00,,,legacy_unavailable,bitkub,usdt_thb,THB,USDT,,,,stablecoin_tokens,1 stablecoin token = 1 USD; no FX conversion,,,sell_stablecoin_base_hit_bids,bitkub_usdt_thb_raw.json,c01c204da779970211296dbc02bd781dc7e71d7254e92f55b725792408e7e794,25000,25000,25000.0,25000.0,1.0,824250.0,32.97,1.5163002274432014,1.5163002274432014,1,False,
native_l2,legacy:2026-09-06,legacy_directory_identifier,data/exact_l2/2026-09-06,legacy_day_root,legacy,data/exact_l2/2026-09-06/manifest.json,6468a33a79598a6dae7d79da837a72ec4d06cab8315f9bddd3618a5cb0de2c9d,data/exact_l2/2026-09-06/execution_curves.csv,5a55b56112fb63252e573ae0777d218a198e4b1bdcae4e3dd8e761c2501df333,data/exact_l2/2026-09-06/bitkub_usdt_thb_raw.json,c01c204da779970211296dbc02bd781dc7e71d7254e92f55b725792408e7e794,sha256_verified,"[""base_asset"",""quote_asset"",""received_utc"",""exchange_timestamp_utc"",""source_url"",""source_params_json""]",2026-09-06,,2026-09-06T09:50:12.425642+00:00,,,legacy_unavailable,bitkub,usdt_thb,THB,USDT,,,,stablecoin_tokens,1 stablecoin token = 1 USD; no FX conversion,,,sell_stablecoin_base_hit_bids,bitkub_usdt_thb_raw.json,c01c204da779970211296dbc02bd781dc7e71d7254e92f55b725792408e7e794,50000,50000,50000.0,50000.0,1.0,1648500.0,32.97,1.5163002274432014,1.5163002274432014,1,False,
native_l2,legacy:2026-09-06,legacy_directory_identifier,data/exact_l2/2026-09-06,legacy_day_root,legacy,data/exact_l2/2026-09-06/manifest.json,6468a33a79598a6dae7d79da837a72ec4d06cab8315f9bddd3618a5cb0de2c9d,data/exact_l2/2026-09-06/execution_curves.csv,5a55b56112fb63252e573ae0777d218a198e4b1bdcae4e3dd8e761c2501df333,data/exact_l2/2026-09-06/bitkub_usdt_thb_raw.json,c01c204da779970211296dbc02bd781dc7e71d7254e92f55b725792408e7e794,sha256_verified,"[""base_asset"",""quote_asset"",""received_utc"",""exchange_timestamp_utc"",""source_url"",""source_params_json""]",2026-09-06,,2026-09-06T09:50:12.425642+00:00,,,legacy_unavailable,bitkub,usdt_thb,THB,USDT,,,,stablecoin_tokens,1 stablecoin token = 1 USD; no FX conversion,,,sell_stablecoin_base_hit_bids,bitkub_usdt_thb_raw.json,c01c204da779970211296dbc02bd781dc7e71d7254e92f55b725792408e7e794,100000,100000,100000.0,100000.0,1.0,3296559.8741,32.965598741,2.851026231991405,7.581501137222668,3,False,
native_l2,legacy:2026-09-07,legacy_directory_identifier,data/exact_l2/2026-09-07,legacy_day_root,legacy,data/exact_l2/2026-09-07/manifest.json,b6734f381fd6f3e81e492ada1b582df7d4b16443c82a6e2bc9d9337f4afc5cc4,data/exact_l2/2026-09-07/execution_curves.csv,3597879fe9fd61d4b15dadea9dbbedc35b42f60a43ef48eedaf0a7c27f7e83c1,data/exact_l2/2026-09-07/valr_usdtzar_raw.json,20c1bccf309f71c09585d0bb30c67099360c031c04125ed913f8b412c6d480ad,sha256_verified,"[""base_asset"",""quote_asset"",""received_utc"",""exchange_timestamp_utc"",""source_url"",""source_params_json""]",2026-09-07,,2026-09-07T10:54:14.594803+00:00,,,legacy_unavailable,valr,USDTZAR,ZAR,USDT,,,,stablecoin_tokens,1 stablecoin token = 1 USD; no FX conversion,,,sell_stablecoin_base_hit_bids,valr_usdtzar_raw.json,20c1bccf309f71c09585d0bb30c67099360c031c04125ed913f8b412c6d480ad,1000,1000,1000.0,1000.0,1.0,16171.74575496,16.17174575496,0.6209488429620436,3.493530784807186,4,False,
native_l2,legacy:2026-09-07,legacy_directory_identifier,data/exact_l2/2026-09-07,legacy_day_root,legacy,data/exact_l2/2026-09-07/manifest.json,b6734f381fd6f3e81e492ada1b582df7d4b16443c82a6e2bc9d9337f4afc5cc4,data/exact_l2/2026-09-07/execution_curves.csv,3597879fe9fd61d4b15dadea9dbbedc35b42f60a43ef48eedaf0a7c27f7e83c1,data/exact_l2/2026-09-07/valr_usdtzar_raw.json,20c1bccf309f71c09585d0bb30c67099360c031c04125ed913f8b412c6d480ad,sha256_verified,"[""base_asset"",""quote_asset"",""received_utc"",""exchange_timestamp_utc"",""source_url"",""source_params_json""]",2026-09-07,,2026-09-07T10:54:14.594803+00:00,,,legacy_unavailable,valr,USDTZAR,ZAR,USDT,,,,stablecoin_tokens,1 stablecoin token = 1 USD; no FX conversion,,,sell_stablecoin_base_hit_bids,valr_usdtzar_raw.json,20c1bccf309f71c09585d0bb30c67099360c031c04125ed913f8b412c6d480ad,5000,5000,5000.0,5000.0,1.0,80840.14575495999,16.168029150991998,2.919014396439712,3.493530784807186,4,False,
native_l2,legacy:2026-09-07,legacy_directory_identifier,data/exact_l2/2026-09-07,legacy_day_root,legacy,data/exact_l2/2026-09-07/manifest.json,b6734f381fd6f3e81e492ada1b582df7d4b16443c82a6e2bc9d9337f4afc5cc4,data/exact_l2/2026-09-07/execution_curves.csv,3597879fe9fd61d4b15dadea9dbbedc35b42f60a43ef48eedaf0a7c27f7e83c1,data/exact_l2/2026-09-07/valr_usdtzar_raw.json,20c1bccf309f71c09585d0bb30c67099360c031c04125ed913f8b412c6d480ad,sha256_verified,"[""base_asset"",""quote_asset"",""received_utc"",""exchange_timestamp_utc"",""source_url"",""source_params_json""]",2026-09-07,,2026-09-07T10:54:14.594803+00:00,,,legacy_unavailable,valr,USDTZAR,ZAR,USDT,,,,stablecoin_tokens,1 stablecoin token = 1 USD; no FX conversion,,,sell_stablecoin_base_hit_bids,valr_usdtzar_raw.json,20c1bccf309f71c09585d0bb30c67099360c031c04125ed913f8b412c6d480ad,10000,10000,10000.0,10000.0,1.0,161675.64575496002,16.167564575496,3.206272590622339,3.493530784807186,4,False,
native_l2,legacy:2026-09-07,legacy_directory_identifier,data/exact_l2/2026-09-07,legacy_day_root,legacy,data/exact_l2/2026-09-07/manifest.json,b6734f381fd6f3e81e492ada1b582df7d4b16443c82a6e2bc9d9337f4afc5cc4,data/exact_l2/2026-09-07/execution_curves.csv,3597879fe9fd61d4b15dadea9dbbedc35b42f60a43ef48eedaf0a7c27f7e83c1,data/exact_l2/2026-09-07/valr_usdtzar_raw.json,20c1bccf309f71c09585d0bb30c67099360c031c04125ed913f8b412c6d480ad,sha256_verified,"[""base_asset"",""quote_asset"",""received_utc"",""exchange_timestamp_utc"",""source_url"",""source_params_json""]",2026-09-07,,2026-09-07T10:54:14.594803+00:00,,,legacy_unavailable,valr,USDTZAR,ZAR,USDT,,,,stablecoin_tokens,1 stablecoin token = 1 USD; no FX conversion,,,sell_stablecoin_base_hit_bids,valr_usdtzar_raw.json,20c1bccf309f71c09585d0bb30c67099360c031c04125ed913f8b412c6d480ad,25000,25000,25000.0,25000.0,1.0,404181.41621487006,16.1672566485948,3.396671193952594,3.555363188078031,5,False,
native_l2,legacy:2026-09-07,legacy_directory_identifier,data/exact_l2/2026-09-07,legacy_day_root,legacy,data/exact_l2/2026-09-07/manifest.json,b6734f381fd6f3e81e492ada1b582df7d4b16443c82a6e2bc9d9337f4afc5cc4,data/exact_l2/2026-09-07/execution_curves.csv,3597879fe9fd61d4b15dadea9dbbedc35b42f60a43ef48eedaf0a7c27f7e83c1,data/exact_l2/2026-09-07/valr_usdtzar_raw.json,20c1bccf309f71c09585d0bb30c67099360c031c04125ed913f8b412c6d480ad,sha256_verified,"[""base_asset"",""quote_asset"",""received_utc"",""exchange_timestamp_utc"",""source_url"",""source_params_json""]",2026-09-07,,2026-09-07T10:54:14.594803+00:00,,,legacy_unavailable,valr,USDTZAR,ZAR,USDT,,,,stablecoin_tokens,1 stablecoin token = 1 USD; no FX conversion,,,sell_stablecoin_base_hit_bids,valr_usdtzar_raw.json,20c1bccf309f71c09585d0bb30c67099360c031c04125ed913f8b412c6d480ad,50000,50000,50000.0,50000.0,1.0,808356.41621487,16.1671283242974,3.4760171910153126,3.555363188078031,6,False,
native_l2,legacy:2026-09-07,legacy_directory_identifier,data/exact_l2/2026-09-07,legacy_day_root,legacy,data/exact_l2/2026-09-07/manifest.json,b6734f381fd6f3e81e492ada1b582df7d4b16443c82a6e2bc9d9337f4afc5cc4,data/exact_l2/2026-09-07/execution_curves.csv,3597879fe9fd61d4b15dadea9dbbedc35b42f60a43ef48eedaf0a7c27f7e83c1,data/exact_l2/2026-09-07/valr_usdtzar_raw.json,20c1bccf309f71c09585d0bb30c67099360c031c04125ed913f8b412c6d480ad,sha256_verified,"[""base_asset"",""quote_asset"",""received_utc"",""exchange_timestamp_utc"",""source_url"",""source_params_json""]",2026-09-07,,2026-09-07T10:54:14.594803+00:00,,,legacy_unavailable,valr,USDTZAR,ZAR,USDT,,,,stablecoin_tokens,1 stablecoin token = 1 USD; no FX conversion,,,sell_stablecoin_base_hit_bids,valr_usdtzar_raw.json,20c1bccf309f71c09585d0bb30c67099360c031c04125ed913f8b412c6d480ad,100000,100000,100000.0,100000.0,1.0,1616682.6617337903,16.166826617337904,3.6625698549086483,4.297352027329282,9,False,
native_l2,legacy:2026-09-07,legacy_directory_identifier,data/exact_l2/2026-09-07,legacy_day_root,legacy,data/exact_l2/2026-09-07/manifest.json,b6734f381fd6f3e81e492ada1b582df7d4b16443c82a6e2bc9d9337f4afc5cc4,data/exact_l2/2026-09-07/execution_curves.csv,3597879fe9fd61d4b15dadea9dbbedc35b42f60a43ef48eedaf0a7c27f7e83c1,data/exact_l2/2026-09-07/bitkub_usdt_thb_raw.json,76bebb842c96fd96665e9b01ce661212c9b1429afea266d0d14c3b294dfb0971,sha256_verified,"[""base_asset"",""quote_asset"",""received_utc"",""exchange_timestamp_utc"",""source_url"",""source_params_json""]",2026-09-07,,2026-09-07T10:54:14.835061+00:00,,,legacy_unavailable,bitkub,usdt_thb,THB,USDT,,,,stablecoin_tokens,1 stablecoin token = 1 USD; no FX conversion,,,sell_stablecoin_base_hit_bids,bitkub_usdt_thb_raw.json,76bebb842c96fd96665e9b01ce661212c9b1429afea266d0d14c3b294dfb0971,1000,1000,1000.0,1000.0,1.0,32920.0,32.92,1.5186028853442224,1.5186028853442224,1,False,
native_l2,legacy:2026-09-07,legacy_directory_identifier,data/exact_l2/2026-09-07,legacy_day_root,legacy,data/exact_l2/2026-09-07/manifest.json,b6734f381fd6f3e81e492ada1b582df7d4b16443c82a6e2bc9d9337f4afc5cc4,data/exact_l2/2026-09-07/execution_curves.csv,3597879fe9fd61d4b15dadea9dbbedc35b42f60a43ef48eedaf0a7c27f7e83c1,data/exact_l2/2026-09-07/bitkub_usdt_thb_raw.json,76bebb842c96fd96665e9b01ce661212c9b1429afea266d0d14c3b294dfb0971,sha256_verified,"[""base_asset"",""quote_asset"",""received_utc"",""exchange_timestamp_utc"",""source_url"",""source_params_json""]",2026-09-07,,2026-09-07T10:54:14.835061+00:00,,,legacy_unavailable,bitkub,usdt_thb,THB,USDT,,,,stablecoin_tokens,1 stablecoin token = 1 USD; no FX conversion,,,sell_stablecoin_base_hit_bids,bitkub_usdt_thb_raw.json,76bebb842c96fd96665e9b01ce661212c9b1429afea266d0d14c3b294dfb0971,5000,5000,5000.0,5000.0,1.0,164600.0,32.92,1.5186028853442224,1.5186028853442224,1,False,
native_l2,legacy:2026-09-07,legacy_directory_identifier,data/exact_l2/2026-09-07,legacy_day_root,legacy,data/exact_l2/2026-09-07/manifest.json,b6734f381fd6f3e81e492ada1b582df7d4b16443c82a6e2bc9d9337f4afc5cc4,data/exact_l2/2026-09-07/execution_curves.csv,3597879fe9fd61d4b15dadea9dbbedc35b42f60a43ef48eedaf0a7c27f7e83c1,data/exact_l2/2026-09-07/bitkub_usdt_thb_raw.json,76bebb842c96fd96665e9b01ce661212c9b1429afea266d0d14c3b294dfb0971,sha256_verified,"[""base_asset"",""quote_asset"",""received_utc"",""exchange_timestamp_utc"",""source_url"",""source_params_json""]",2026-09-07,,2026-09-07T10:54:14.835061+00:00,,,legacy_unavailable,bitkub,usdt_thb,THB,USDT,,,,stablecoin_tokens,1 stablecoin token = 1 USD; no FX conversion,,,sell_stablecoin_base_hit_bids,bitkub_usdt_thb_raw.json,76bebb842c96fd96665e9b01ce661212c9b1429afea266d0d14c3b294dfb0971,10000,10000,10000.0,10000.0,1.0,329200.0,32.92,1.5186028853442224,1.5186028853442224,1,False,
native_l2,legacy:2026-09-07,legacy_directory_identifier,data/exact_l2/2026-09-07,legacy_day_root,legacy,data/exact_l2/2026-09-07/manifest.json,b6734f381fd6f3e81e492ada1b582df7d4b16443c82a6e2bc9d9337f4afc5cc4,data/exact_l2/2026-09-07/execution_curves.csv,3597879fe9fd61d4b15dadea9dbbedc35b42f60a43ef48eedaf0a7c27f7e83c1,data/exact_l2/2026-09-07/bitkub_usdt_thb_raw.json,76bebb842c96fd96665e9b01ce661212c9b1429afea266d0d14c3b294dfb0971,sha256_verified,"[""base_asset"",""quote_asset"",""received_utc"",""exchange_timestamp_utc"",""source_url"",""source_params_json""]",2026-09-07,,2026-09-07T10:54:14.835061+00:00,,,legacy_unavailable,bitkub,usdt_thb,THB,USDT,,,,stablecoin_tokens,1 stablecoin token = 1 USD; no FX conversion,,,sell_stablecoin_base_hit_bids,bitkub_usdt_thb_raw.json,76bebb842c96fd96665e9b01ce661212c9b1429afea266d0d14c3b294dfb0971,25000,25000,25000.0,25000.0,1.0,823000.0,32.92,1.5186028853442224,1.5186028853442224,1,False,
native_l2,legacy:2026-09-07,legacy_directory_identifier,data/exact_l2/2026-09-07,legacy_day_root,legacy,data/exact_l2/2026-09-07/manifest.json,b6734f381fd6f3e81e492ada1b582df7d4b16443c82a6e2bc9d9337f4afc5cc4,data/exact_l2/2026-09-07/execution_curves.csv,3597879fe9fd61d4b15dadea9dbbedc35b42f60a43ef48eedaf0a7c27f7e83c1,data/exact_l2/2026-09-07/bitkub_usdt_thb_raw.json,76bebb842c96fd96665e9b01ce661212c9b1429afea266d0d14c3b294dfb0971,sha256_verified,"[""base_asset"",""quote_asset"",""received_utc"",""exchange_timestamp_utc"",""source_url"",""source_params_json""]",2026-09-07,,2026-09-07T10:54:14.835061+00:00,,,legacy_unavailable,bitkub,usdt_thb,THB,USDT,,,,stablecoin_tokens,1 stablecoin token = 1 USD; no FX conversion,,,sell_stablecoin_base_hit_bids,bitkub_usdt_thb_raw.json,76bebb842c96fd96665e9b01ce661212c9b1429afea266d0d14c3b294dfb0971,50000,50000,50000.0,50000.0,1.0,1646000.0,32.92,1.5186028853442224,1.5186028853442224,1,False,
native_l2,legacy:2026-09-07,legacy_directory_identifier,data/exact_l2/2026-09-07,legacy_day_root,legacy,data/exact_l2/2026-09-07/manifest.json,b6734f381fd6f3e81e492ada1b582df7d4b16443c82a6e2bc9d9337f4afc5cc4,data/exact_l2/2026-09-07/execution_curves.csv,3597879fe9fd61d4b15dadea9dbbedc35b42f60a43ef48eedaf0a7c27f7e83c1,data/exact_l2/2026-09-07/bitkub_usdt_thb_raw.json,76bebb842c96fd96665e9b01ce661212c9b1429afea266d0d14c3b294dfb0971,sha256_verified,"[""base_asset"",""quote_asset"",""received_utc"",""exchange_timestamp_utc"",""source_url"",""source_params_json""]",2026-09-07,,2026-09-07T10:54:14.835061+00:00,,,legacy_unavailable,bitkub,usdt_thb,THB,USDT,,,,stablecoin_tokens,1 stablecoin token = 1 USD; no FX conversion,,,sell_stablecoin_base_hit_bids,bitkub_usdt_thb_raw.json,76bebb842c96fd96665e9b01ce661212c9b1429afea266d0d14c3b294dfb0971,100000,100000,100000.0,100000.0,1.0,3292000.0,32.92,1.5186028853442224,1.5186028853442224,1,False,
native_l2,legacy:2026-09-08,legacy_directory_identifier,data/exact_l2/2026-09-08,legacy_day_root,legacy,data/exact_l2/2026-09-08/manifest.json,6415171af2c4c1e4ca0cb460b34324f628881f996aa055efdbe5200b65d1f055,data/exact_l2/2026-09-08/execution_curves.csv,f44183f4f263e8b5e6757998b5e9a32334c0e528eabf50d0f319df06db9c4882,data/exact_l2/2026-09-08/valr_usdtzar_raw.json,00fd9d4645f84f1412caf6d4bc4365965c6d3c8474aa7b10d82b073bd970714c,sha256_verified,"[""base_asset"",""quote_asset"",""received_utc"",""exchange_timestamp_utc"",""source_url"",""source_params_json""]",2026-09-08,,2026-09-08T10:16:04.081445+00:00,,,legacy_unavailable,valr,USDTZAR,ZAR,USDT,,,,stablecoin_tokens,1 stablecoin token = 1 USD; no FX conversion,,,sell_stablecoin_base_hit_bids,valr_usdtzar_raw.json,00fd9d4645f84f1412caf6d4bc4365965c6d3c8474aa7b10d82b073bd970714c,1000,1000,1000.0,1000.0,1.0,16225.9,16.2259,0.030814836726733574,0.030814836726733574,1,False,
native_l2,legacy:2026-09-08,legacy_directory_identifier,data/exact_l2/2026-09-08,legacy_day_root,legacy,data/exact_l2/2026-09-08/manifest.json,6415171af2c4c1e4ca0cb460b34324f628881f996aa055efdbe5200b65d1f055,data/exact_l2/2026-09-08/execution_curves.csv,f44183f4f263e8b5e6757998b5e9a32334c0e528eabf50d0f319df06db9c4882,data/exact_l2/2026-09-08/valr_usdtzar_raw.json,00fd9d4645f84f1412caf6d4bc4365965c6d3c8474aa7b10d82b073bd970714c,sha256_verified,"[""base_asset"",""quote_asset"",""received_utc"",""exchange_timestamp_utc"",""source_url"",""source_params_json""]",2026-09-08,,2026-09-08T10:16:04.081445+00:00,,,legacy_unavailable,valr,USDTZAR,ZAR,USDT,,,,stablecoin_tokens,1 stablecoin token = 1 USD; no FX conversion,,,sell_stablecoin_base_hit_bids,valr_usdtzar_raw.json,00fd9d4645f84f1412caf6d4bc4365965c6d3c8474aa7b10d82b073bd970714c,5000,5000,5000.0,5000.0,1.0,81129.5,16.2259,0.030814836726733574,0.030814836726733574,1,False,
native_l2,legacy:2026-09-08,legacy_directory_identifier,data/exact_l2/2026-09-08,legacy_day_root,legacy,data/exact_l2/2026-09-08/manifest.json,6415171af2c4c1e4ca0cb460b34324f628881f996aa055efdbe5200b65d1f055,data/exact_l2/2026-09-08/execution_curves.csv,f44183f4f263e8b5e6757998b5e9a32334c0e528eabf50d0f319df06db9c4882,data/exact_l2/2026-09-08/valr_usdtzar_raw.json,00fd9d4645f84f1412caf6d4bc4365965c6d3c8474aa7b10d82b073bd970714c,sha256_verified,"[""base_asset"",""quote_asset"",""received_utc"",""exchange_timestamp_utc"",""source_url"",""source_params_json""]",2026-09-08,,2026-09-08T10:16:04.081445+00:00,,,legacy_unavailable,valr,USDTZAR,ZAR,USDT,,,,stablecoin_tokens,1 stablecoin token = 1 USD; no FX conversion,,,sell_stablecoin_base_hit_bids,valr_usdtzar_raw.json,00fd9d4645f84f1412caf6d4bc4365965c6d3c8474aa7b10d82b073bd970714c,10000,10000,10000.0,10000.0,1.0,162259.0,16.2259,0.030814836726733574,0.030814836726733574,1,False,
native_l2,legacy:2026-09-08,legacy_directory_identifier,data/exact_l2/2026-09-08,legacy_day_root,legacy,data/exact_l2/2026-09-08/manifest.json,6415171af2c4c1e4ca0cb460b34324f628881f996aa055efdbe5200b65d1f055,data/exact_l2/2026-09-08/execution_curves.csv,f44183f4f263e8b5e6757998b5e9a32334c0e528eabf50d0f319df06db9c4882,data/exact_l2/2026-09-08/valr_usdtzar_raw.json,00fd9d4645f84f1412caf6d4bc4365965c6d3c8474aa7b10d82b073bd970714c,sha256_verified,"[""base_asset"",""quote_asset"",""received_utc"",""exchange_timestamp_utc"",""source_url"",""source_params_json""]",2026-09-08,,2026-09-08T10:16:04.081445+00:00,,,legacy_unavailable,valr,USDTZAR,ZAR,USDT,,,,stablecoin_tokens,1 stablecoin token = 1 USD; no FX conversion,,,sell_stablecoin_base_hit_bids,valr_usdtzar_raw.json,00fd9d4645f84f1412caf6d4bc4365965c6d3c8474aa7b10d82b073bd970714c,25000,25000,25000.0,25000.0,1.0,405647.5,16.2259,0.030814836726733574,0.030814836726733574,1,False,
native_l2,legacy:2026-09-08,legacy_directory_identifier,data/exact_l2/2026-09-08,legacy_day_root,legacy,data/exact_l2/2026-09-08/manifest.json,6415171af2c4c1e4ca0cb460b34324f628881f996aa055efdbe5200b65d1f055,data/exact_l2/2026-09-08/execution_curves.csv,f44183f4f263e8b5e6757998b5e9a32334c0e528eabf50d0f319df06db9c4882,data/exact_l2/2026-09-08/valr_usdtzar_raw.json,00fd9d4645f84f1412caf6d4bc4365965c6d3c8474aa7b10d82b073bd970714c,sha256_verified,"[""base_asset"",""quote_asset"",""received_utc"",""exchange_timestamp_utc"",""source_url"",""source_params_json""]",2026-09-08,,2026-09-08T10:16:04.081445+00:00,,,legacy_unavailable,valr,USDTZAR,ZAR,USDT,,,,stablecoin_tokens,1 stablecoin token = 1 USD; no FX conversion,,,sell_stablecoin_base_hit_bids,valr_usdtzar_raw.json,00fd9d4645f84f1412caf6d4bc4365965c6d3c8474aa7b10d82b073bd970714c,50000,50000,50000.0,50000.0,1.0,811295.0,16.2259,0.030814836726733574,0.030814836726733574,1,False,
native_l2,legacy:2026-09-08,legacy_directory_identifier,data/exact_l2/2026-09-08,legacy_day_root,legacy,data/exact_l2/2026-09-08/manifest.json,6415171af2c4c1e4ca0cb460b34324f628881f996aa055efdbe5200b65d1f055,data/exact_l2/2026-09-08/execution_curves.csv,f44183f4f263e8b5e6757998b5e9a32334c0e528eabf50d0f319df06db9c4882,data/exact_l2/2026-09-08/valr_usdtzar_raw.json,00fd9d4645f84f1412caf6d4bc4365965c6d3c8474aa7b10d82b073bd970714c,sha256_verified,"[""base_asset"",""quote_asset"",""received_utc"",""exchange_timestamp_utc"",""source_url"",""source_params_json""]",2026-09-08,,2026-09-08T10:16:04.081445+00:00,,,legacy_unavailable,valr,USDTZAR,ZAR,USDT,,,,stablecoin_tokens,1 stablecoin token = 1 USD; no FX conversion,,,sell_stablecoin_base_hit_bids,valr_usdtzar_raw.json,00fd9d4645f84f1412caf6d4bc4365965c6d3c8474aa7b10d82b073bd970714c,100000,100000,100000.0,100000.0,1.0,1622590.0,16.2259,0.030814836726733574,0.030814836726733574,1,False,
native_l2,legacy:2026-09-08,legacy_directory_identifier,data/exact_l2/2026-09-08,legacy_day_root,legacy,data/exact_l2/2026-09-08/manifest.json,6415171af2c4c1e4ca0cb460b34324f628881f996aa055efdbe5200b65d1f055,data/exact_l2/2026-09-08/execution_curves.csv,f44183f4f263e8b5e6757998b5e9a32334c0e528eabf50d0f319df06db9c4882,data/exact_l2/2026-09-08/bitkub_usdt_thb_raw.json,be5fa0d739afaad92c71a2893e7ba0e8ed7c31757bfac7c0697993e952ed6d48,sha256_verified,"[""base_asset"",""quote_asset"",""received_utc"",""exchange_timestamp_utc"",""source_url"",""source_params_json""]",2026-09-08,,2026-09-08T10:16:04.259414+00:00,,,legacy_unavailable,bitkub,usdt_thb,THB,USDT,,,,stablecoin_tokens,1 stablecoin token = 1 USD; no FX conversion,,,sell_stablecoin_base_hit_bids,bitkub_usdt_thb_raw.json,be5fa0d739afaad92c71a2893e7ba0e8ed7c31757bfac7c0697993e952ed6d48,1000,1000,1000.0,1000.0,1.0,32930.0,32.93,1.5181417944443165,1.5181417944443165,1,False,
native_l2,legacy:2026-09-08,legacy_directory_identifier,data/exact_l2/2026-09-08,legacy_day_root,legacy,data/exact_l2/2026-09-08/manifest.json,6415171af2c4c1e4ca0cb460b34324f628881f996aa055efdbe5200b65d1f055,data/exact_l2/2026-09-08/execution_curves.csv,f44183f4f263e8b5e6757998b5e9a32334c0e528eabf50d0f319df06db9c4882,data/exact_l2/2026-09-08/bitkub_usdt_thb_raw.json,be5fa0d739afaad92c71a2893e7ba0e8ed7c31757bfac7c0697993e952ed6d48,sha256_verified,"[""base_asset"",""quote_asset"",""received_utc"",""exchange_timestamp_utc"",""source_url"",""source_params_json""]",2026-09-08,,2026-09-08T10:16:04.259414+00:00,,,legacy_unavailable,bitkub,usdt_thb,THB,USDT,,,,stablecoin_tokens,1 stablecoin token = 1 USD; no FX conversion,,,sell_stablecoin_base_hit_bids,bitkub_usdt_thb_raw.json,be5fa0d739afaad92c71a2893e7ba0e8ed7c31757bfac7c0697993e952ed6d48,5000,5000,5000.0,5000.0,1.0,164650.0,32.93,1.5181417944443165,1.5181417944443165,1,False,
native_l2,legacy:2026-09-08,legacy_directory_identifier,data/exact_l2/2026-09-08,legacy_day_root,legacy,data/exact_l2/2026-09-08/manifest.json,6415171af2c4c1e4ca0cb460b34324f628881f996aa055efdbe5200b65d1f055,data/exact_l2/2026-09-08/execution_curves.csv,f44183f4f263e8b5e6757998b5e9a32334c0e528eabf50d0f319df06db9c4882,data/exact_l2/2026-09-08/bitkub_usdt_thb_raw.json,be5fa0d739afaad92c71a2893e7ba0e8ed7c31757bfac7c0697993e952ed6d48,sha256_verified,"[""base_asset"",""quote_asset"",""received_utc"",""exchange_timestamp_utc"",""source_url"",""source_params_json""]",2026-09-08,,2026-09-08T10:16:04.259414+00:00,,,legacy_unavailable,bitkub,usdt_thb,THB,USDT,,,,stablecoin_tokens,1 stablecoin token = 1 USD; no FX conversion,,,sell_stablecoin_base_hit_bids,bitkub_usdt_thb_raw.json,be5fa0d739afaad92c71a2893e7ba0e8ed7c31757bfac7c0697993e952ed6d48,10000,10000,10000.0,10000.0,1.0,329300.0,32.93,1.5181417944443165,1.5181417944443165,1,False,
native_l2,legacy:2026-09-08,legacy_directory_identifier,data/exact_l2/2026-09-08,legacy_day_root,legacy,data/exact_l2/2026-09-08/manifest.json,6415171af2c4c1e4ca0cb460b34324f628881f996aa055efdbe5200b65d1f055,data/exact_l2/2026-09-08/execution_curves.csv,f44183f4f263e8b5e6757998b5e9a32334c0e528eabf50d0f319df06db9c4882,data/exact_l2/2026-09-08/bitkub_usdt_thb_raw.json,be5fa0d739afaad92c71a2893e7ba0e8ed7c31757bfac7c0697993e952ed6d48,sha256_verified,"[""base_asset"",""quote_asset"",""received_utc"",""exchange_timestamp_utc"",""source_url"",""source_params_json""]",2026-09-08,,2026-09-08T10:16:04.259414+00:00,,,legacy_unavailable,bitkub,usdt_thb,THB,USDT,,,,stablecoin_tokens,1 stablecoin token = 1 USD; no FX conversion,,,sell_stablecoin_base_hit_bids,bitkub_usdt_thb_raw.json,be5fa0d739afaad92c71a2893e7ba0e8ed7c31757bfac7c0697993e952ed6d48,25000,25000,25000.0,25000.0,1.0,823250.0,32.93,1.5181417944443165,1.5181417944443165,1,False,
native_l2,legacy:2026-09-08,legacy_directory_identifier,data/exact_l2/2026-09-08,legacy_day_root,legacy,data/exact_l2/2026-09-08/manifest.json,6415171af2c4c1e4ca0cb460b34324f628881f996aa055efdbe5200b65d1f055,data/exact_l2/2026-09-08/execution_curves.csv,f44183f4f263e8b5e6757998b5e9a32334c0e528eabf50d0f319df06db9c4882,data/exact_l2/2026-09-08/bitkub_usdt_thb_raw.json,be5fa0d739afaad92c71a2893e7ba0e8ed7c31757bfac7c0697993e952ed6d48,sha256_verified,"[""base_asset"",""quote_asset"",""received_utc"",""exchange_timestamp_utc"",""source_url"",""source_params_json""]",2026-09-08,,2026-09-08T10:16:04.259414+00:00,,,legacy_unavailable,bitkub,usdt_thb,THB,USDT,,,,stablecoin_tokens,1 stablecoin token = 1 USD; no FX conversion,,,sell_stablecoin_base_hit_bids,bitkub_usdt_thb_raw.json,be5fa0d739afaad92c71a2893e7ba0e8ed7c31757bfac7c0697993e952ed6d48,50000,50000,50000.0,50000.0,1.0,1646500.0,32.93,1.5181417944443165,1.5181417944443165,1,False,
native_l2,legacy:2026-09-08,legacy_directory_identifier,data/exact_l2/2026-09-08,legacy_day_root,legacy,data/exact_l2/2026-09-08/manifest.json,6415171af2c4c1e4ca0cb460b34324f628881f996aa055efdbe5200b65d1f055,data/exact_l2/2026-09-08/execution_curves.csv,f44183f4f263e8b5e6757998b5e9a32334c0e528eabf50d0f319df06db9c4882,data/exact_l2/2026-09-08/bitkub_usdt_thb_raw.json,be5fa0d739afaad92c71a2893e7ba0e8ed7c31757bfac7c0697993e952ed6d48,sha256_verified,"[""base_asset"",""quote_asset"",""received_utc"",""exchange_timestamp_utc"",""source_url"",""source_params_json""]",2026-09-08,,2026-09-08T10:16:04.259414+00:00,,,legacy_unavailable,bitkub,usdt_thb,THB,USDT,,,,stablecoin_tokens,1 stablecoin token = 1 USD; no FX conversion,,,sell_stablecoin_base_hit_bids,bitkub_usdt_thb_raw.json,be5fa0d739afaad92c71a2893e7ba0e8ed7c31757bfac7c0697993e952ed6d48,100000,100000,100000.0,100000.0,1.0,3293000.0,32.93,1.5181417944443165,1.5181417944443165,1,False,
native_l2,legacy:2026-09-09,legacy_directory_identifier,data/exact_l2/2026-09-09,legacy_day_root,legacy,data/exact_l2/2026-09-09/manifest.json,cada02d6b9b8c216681d21b7e4d0d5dd83ee5e1cca15e8b37cb0520036c771fc,data/exact_l2/2026-09-09/execution_curves.csv,199f5532e9462cbea75e316efcb4dd498e21f3fbd37906f393f04623095373f3,data/exact_l2/2026-09-09/valr_usdtzar_raw.json,cf3e66c676d03e0cc3f018a5d8044355806ca10bab83c952542f73c99df3909f,sha256_verified,"[""base_asset"",""quote_asset"",""received_utc"",""exchange_timestamp_utc"",""source_url"",""source_params_json""]",2026-09-09,,2026-09-09T10:15:46.681901+00:00,,,legacy_unavailable,valr,USDTZAR,ZAR,USDT,,,,stablecoin_tokens,1 stablecoin token = 1 USD; no FX conversion,,,sell_stablecoin_base_hit_bids,valr_usdtzar_raw.json,cf3e66c676d03e0cc3f018a5d8044355806ca10bab83c952542f73c99df3909f,1000,1000,1000.0,1000.0,1.0,16199.9,16.1999,0.030864292791532577,0.030864292791532577,1,False,
native_l2,legacy:2026-09-09,legacy_directory_identifier,data/exact_l2/2026-09-09,legacy_day_root,legacy,data/exact_l2/2026-09-09/manifest.json,cada02d6b9b8c216681d21b7e4d0d5dd83ee5e1cca15e8b37cb0520036c771fc,data/exact_l2/2026-09-09/execution_curves.csv,199f5532e9462cbea75e316efcb4dd498e21f3fbd37906f393f04623095373f3,data/exact_l2/2026-09-09/valr_usdtzar_raw.json,cf3e66c676d03e0cc3f018a5d8044355806ca10bab83c952542f73c99df3909f,sha256_verified,"[""base_asset"",""quote_asset"",""received_utc"",""exchange_timestamp_utc"",""source_url"",""source_params_json""]",2026-09-09,,2026-09-09T10:15:46.681901+00:00,,,legacy_unavailable,valr,USDTZAR,ZAR,USDT,,,,stablecoin_tokens,1 stablecoin token = 1 USD; no FX conversion,,,sell_stablecoin_base_hit_bids,valr_usdtzar_raw.json,cf3e66c676d03e0cc3f018a5d8044355806ca10bab83c952542f73c99df3909f,5000,5000,5000.0,5000.0,1.0,80999.5,16.1999,0.030864292791532577,0.030864292791532577,1,False,
native_l2,legacy:2026-09-09,legacy_directory_identifier,data/exact_l2/2026-09-09,legacy_day_root,legacy,data/exact_l2/2026-09-09/manifest.json,cada02d6b9b8c216681d21b7e4d0d5dd83ee5e1cca15e8b37cb0520036c771fc,data/exact_l2/2026-09-09/execution_curves.csv,199f5532e9462cbea75e316efcb4dd498e21f3fbd37906f393f04623095373f3,data/exact_l2/2026-09-09/valr_usdtzar_raw.json,cf3e66c676d03e0cc3f018a5d8044355806ca10bab83c952542f73c99df3909f,sha256_verified,"[""base_asset"",""quote_asset"",""received_utc"",""exchange_timestamp_utc"",""source_url"",""source_params_json""]",2026-09-09,,2026-09-09T10:15:46.681901+00:00,,,legacy_unavailable,valr,USDTZAR,ZAR,USDT,,,,stablecoin_tokens,1 stablecoin token = 1 USD; no FX conversion,,,sell_stablecoin_base_hit_bids,valr_usdtzar_raw.json,cf3e66c676d03e0cc3f018a5d8044355806ca10bab83c952542f73c99df3909f,10000,10000,10000.0,10000.0,1.0,161999.0,16.1999,0.030864292791532577,0.030864292791532577,1,False,
native_l2,legacy:2026-09-09,legacy_directory_identifier,data/exact_l2/2026-09-09,legacy_day_root,legacy,data/exact_l2/2026-09-09/manifest.json,cada02d6b9b8c216681d21b7e4d0d5dd83ee5e1cca15e8b37cb0520036c771fc,data/exact_l2/2026-09-09/execution_curves.csv,199f5532e9462cbea75e316efcb4dd498e21f3fbd37906f393f04623095373f3,data/exact_l2/2026-09-09/valr_usdtzar_raw.json,cf3e66c676d03e0cc3f018a5d8044355806ca10bab83c952542f73c99df3909f,sha256_verified,"[""base_asset"",""quote_asset"",""received_utc"",""exchange_timestamp_utc"",""source_url"",""source_params_json""]",2026-09-09,,2026-09-09T10:15:46.681901+00:00,,,legacy_unavailable,valr,USDTZAR,ZAR,USDT,,,,stablecoin_tokens,1 stablecoin token = 1 USD; no FX conversion,,,sell_stablecoin_base_hit_bids,valr_usdtzar_raw.json,cf3e66c676d03e0cc3f018a5d8044355806ca10bab83c952542f73c99df3909f,25000,25000,25000.0,25000.0,1.0,404997.5,16.1999,0.030864292791532577,0.030864292791532577,2,False,
native_l2,legacy:2026-09-09,legacy_directory_identifier,data/exact_l2/2026-09-09,legacy_day_root,legacy,data/exact_l2/2026-09-09/manifest.json,cada02d6b9b8c216681d21b7e4d0d5dd83ee5e1cca15e8b37cb0520036c771fc,data/exact_l2/2026-09-09/execution_curves.csv,199f5532e9462cbea75e316efcb4dd498e21f3fbd37906f393f04623095373f3,data/exact_l2/2026-09-09/valr_usdtzar_raw.json,cf3e66c676d03e0cc3f018a5d8044355806ca10bab83c952542f73c99df3909f,sha256_verified,"[""base_asset"",""quote_asset"",""received_utc"",""exchange_timestamp_utc"",""source_url"",""source_params_json""]",2026-09-09,,2026-09-09T10:15:46.681901+00:00,,,legacy_unavailable,valr,USDTZAR,ZAR,USDT,,,,stablecoin_tokens,1 stablecoin token = 1 USD; no FX conversion,,,sell_stablecoin_base_hit_bids,valr_usdtzar_raw.json,cf3e66c676d03e0cc3f018a5d8044355806ca10bab83c952542f73c99df3909f,50000,50000,49999.99999999999,49999.99999999999,0.9999999999999999,809988.8309566799,16.1997766191336,0.10702555649833023,0.7098787341952573,5,False,
native_l2,legacy:2026-09-09,legacy_directory_identifier,data/exact_l2/2026-09-09,legacy_day_root,legacy,data/exact_l2/2026-09-09/manifest.json,cada02d6b9b8c216681d21b7e4d0d5dd83ee5e1cca15e8b37cb0520036c771fc,data/exact_l2/2026-09-09/execution_curves.csv,199f5532e9462cbea75e316efcb4dd498e21f3fbd37906f393f04623095373f3,data/exact_l2/2026-09-09/valr_usdtzar_raw.json,cf3e66c676d03e0cc3f018a5d8044355806ca10bab83c952542f73c99df3909f,sha256_verified,"[""base_asset"",""quote_asset"",""received_utc"",""exchange_timestamp_utc"",""source_url"",""source_params_json""]",2026-09-09,,2026-09-09T10:15:46.681901+00:00,,,legacy_unavailable,valr,USDTZAR,ZAR,USDT,,,,stablecoin_tokens,1 stablecoin token = 1 USD; no FX conversion,,,sell_stablecoin_base_hit_bids,valr_usdtzar_raw.json,cf3e66c676d03e0cc3f018a5d8044355806ca10bab83c952542f73c99df3909f,100000,100000,99999.99999999999,99999.99999999999,0.9999999999999999,1619656.7673058899,16.1965676730589,2.0878625805020867,5.4629798240135585,9,False,
native_l2,legacy:2026-09-09,legacy_directory_identifier,data/exact_l2/2026-09-09,legacy_day_root,legacy,data/exact_l2/2026-09-09/manifest.json,cada02d6b9b8c216681d21b7e4d0d5dd83ee5e1cca15e8b37cb0520036c771fc,data/exact_l2/2026-09-09/execution_curves.csv,199f5532e9462cbea75e316efcb4dd498e21f3fbd37906f393f04623095373f3,data/exact_l2/2026-09-09/bitkub_usdt_thb_raw.json,637b6a6e40946dfe7ffb314dc0d18c089d0cc1f680688614216d742bf4407689,sha256_verified,"[""base_asset"",""quote_asset"",""received_utc"",""exchange_timestamp_utc"",""source_url"",""source_params_json""]",2026-09-09,,2026-09-09T10:15:47.017117+00:00,,,legacy_unavailable,bitkub,usdt_thb,THB,USDT,,,,stablecoin_tokens,1 stablecoin token = 1 USD; no FX conversion,,,sell_stablecoin_base_hit_bids,bitkub_usdt_thb_raw.json,637b6a6e40946dfe7ffb314dc0d18c089d0cc1f680688614216d742bf4407689,1000,1000,1000.0,1000.0,1.0,32900.0,32.9,3.0385900941953814,3.0385900941953814,1,False,
native_l2,legacy:2026-09-09,legacy_directory_identifier,data/exact_l2/2026-09-09,legacy_day_root,legacy,data/exact_l2/2026-09-09/manifest.json,cada02d6b9b8c216681d21b7e4d0d5dd83ee5e1cca15e8b37cb0520036c771fc,data/exact_l2/2026-09-09/execution_curves.csv,199f5532e9462cbea75e316efcb4dd498e21f3fbd37906f393f04623095373f3,data/exact_l2/2026-09-09/bitkub_usdt_thb_raw.json,637b6a6e40946dfe7ffb314dc0d18c089d0cc1f680688614216d742bf4407689,sha256_verified,"[""base_asset"",""quote_asset"",""received_utc"",""exchange_timestamp_utc"",""source_url"",""source_params_json""]",2026-09-09,,2026-09-09T10:15:47.017117+00:00,,,legacy_unavailable,bitkub,usdt_thb,THB,USDT,,,,stablecoin_tokens,1 stablecoin token = 1 USD; no FX conversion,,,sell_stablecoin_base_hit_bids,bitkub_usdt_thb_raw.json,637b6a6e40946dfe7ffb314dc0d18c089d0cc1f680688614216d742bf4407689,5000,5000,5000.0,5000.0,1.0,164500.0,32.9,3.0385900941953814,3.0385900941953814,1,False,
native_l2,legacy:2026-09-09,legacy_directory_identifier,data/exact_l2/2026-09-09,legacy_day_root,legacy,data/exact_l2/2026-09-09/manifest.json,cada02d6b9b8c216681d21b7e4d0d5dd83ee5e1cca15e8b37cb0520036c771fc,data/exact_l2/2026-09-09/execution_curves.csv,199f5532e9462cbea75e316efcb4dd498e21f3fbd37906f393f04623095373f3,data/exact_l2/2026-09-09/bitkub_usdt_thb_raw.json,637b6a6e40946dfe7ffb314dc0d18c089d0cc1f680688614216d742bf4407689,sha256_verified,"[""base_asset"",""quote_asset"",""received_utc"",""exchange_timestamp_utc"",""source_url"",""source_params_json""]",2026-09-09,,2026-09-09T10:15:47.017117+00:00,,,legacy_unavailable,bitkub,usdt_thb,THB,USDT,,,,stablecoin_tokens,1 stablecoin token = 1 USD; no FX conversion,,,sell_stablecoin_base_hit_bids,bitkub_usdt_thb_raw.json,637b6a6e40946dfe7ffb314dc0d18c089d0cc1f680688614216d742bf4407689,10000,10000,10000.0,10000.0,1.0,329000.0,32.9,3.0385900941953814,3.0385900941953814,1,False,
native_l2,legacy:2026-09-09,legacy_directory_identifier,data/exact_l2/2026-09-09,legacy_day_root,legacy,data/exact_l2/2026-09-09/manifest.json,cada02d6b9b8c216681d21b7e4d0d5dd83ee5e1cca15e8b37cb0520036c771fc,data/exact_l2/2026-09-09/execution_curves.csv,199f5532e9462cbea75e316efcb4dd498e21f3fbd37906f393f04623095373f3,data/exact_l2/2026-09-09/bitkub_usdt_thb_raw.json,637b6a6e40946dfe7ffb314dc0d18c089d0cc1f680688614216d742bf4407689,sha256_verified,"[""base_asset"",""quote_asset"",""received_utc"",""exchange_timestamp_utc"",""source_url"",""source_params_json""]",2026-09-09,,2026-09-09T10:15:47.017117+00:00,,,legacy_unavailable,bitkub,usdt_thb,THB,USDT,,,,stablecoin_tokens,1 stablecoin token = 1 USD; no FX conversion,,,sell_stablecoin_base_hit_bids,bitkub_usdt_thb_raw.json,637b6a6e40946dfe7ffb314dc0d18c089d0cc1f680688614216d742bf4407689,25000,25000,25000.0,25000.0,1.0,822500.0,32.9,3.0385900941953814,3.0385900941953814,1,False,
native_l2,legacy:2026-09-09,legacy_directory_identifier,data/exact_l2/2026-09-09,legacy_day_root,legacy,data/exact_l2/2026-09-09/manifest.json,cada02d6b9b8c216681d21b7e4d0d5dd83ee5e1cca15e8b37cb0520036c771fc,data/exact_l2/2026-09-09/execution_curves.csv,199f5532e9462cbea75e316efcb4dd498e21f3fbd37906f393f04623095373f3,data/exact_l2/2026-09-09/bitkub_usdt_thb_raw.json,637b6a6e40946dfe7ffb314dc0d18c089d0cc1f680688614216d742bf4407689,sha256_verified,"[""base_asset"",""quote_asset"",""received_utc"",""exchange_timestamp_utc"",""source_url"",""source_params_json""]",2026-09-09,,2026-09-09T10:15:47.017117+00:00,,,legacy_unavailable,bitkub,usdt_thb,THB,USDT,,,,stablecoin_tokens,1 stablecoin token = 1 USD; no FX conversion,,,sell_stablecoin_base_hit_bids,bitkub_usdt_thb_raw.json,637b6a6e40946dfe7ffb314dc0d18c089d0cc1f680688614216d742bf4407689,50000,50000,50000.0,50000.0,1.0,1645000.0,32.9,3.0385900941953814,3.0385900941953814,1,False,
native_l2,legacy:2026-09-09,legacy_directory_identifier,data/exact_l2/2026-09-09,legacy_day_root,legacy,data/exact_l2/2026-09-09/manifest.json,cada02d6b9b8c216681d21b7e4d0d5dd83ee5e1cca15e8b37cb0520036c771fc,data/exact_l2/2026-09-09/execution_curves.csv,199f5532e9462cbea75e316efcb4dd498e21f3fbd37906f393f04623095373f3,data/exact_l2/2026-09-09/bitkub_usdt_thb_raw.json,637b6a6e40946dfe7ffb314dc0d18c089d0cc1f680688614216d742bf4407689,sha256_verified,"[""base_asset"",""quote_asset"",""received_utc"",""exchange_timestamp_utc"",""source_url"",""source_params_json""]",2026-09-09,,2026-09-09T10:15:47.017117+00:00,,,legacy_unavailable,bitkub,usdt_thb,THB,USDT,,,,stablecoin_tokens,1 stablecoin token = 1 USD; no FX conversion,,,sell_stablecoin_base_hit_bids,bitkub_usdt_thb_raw.json,637b6a6e40946dfe7ffb314dc0d18c089d0cc1f680688614216d742bf4407689,100000,100000,100000.0,100000.0,1.0,3290000.0,32.9,3.0385900941953814,3.0385900941953814,1,False,
native_l2,legacy:2026-09-10,legacy_directory_identifier,data/exact_l2/2026-09-10,legacy_day_root,legacy,data/exact_l2/2026-09-10/manifest.json,7382ca203dbe266eee3ba3a4096073e42186cc2acdaab8e2e2ab439c43dc6b9a,data/exact_l2/2026-09-10/execution_curves.csv,efc08d41cef31c16139ae5b59db656eb24eef0073b2126c410d71ff6cf8e3d27,data/exact_l2/2026-09-10/valr_usdtzar_raw.json,33a80ec47351d2dd01b789789ecb0b53aa6f3ce053b61a4aa1e5f18351f57226,sha256_verified,"[""base_asset"",""quote_asset"",""received_utc"",""exchange_timestamp_utc"",""source_url"",""source_params_json""]",2026-09-10,,2026-09-10T10:11:58.888061+00:00,,,legacy_unavailable,valr,USDTZAR,ZAR,USDT,,,,stablecoin_tokens,1 stablecoin token = 1 USD; no FX conversion,,,sell_stablecoin_base_hit_bids,valr_usdtzar_raw.json,33a80ec47351d2dd01b789789ecb0b53aa6f3ce053b61a4aa1e5f18351f57226,1000,1000,1000.0,1000.0,1.0,16161.5,16.1615,0.03093762664940769,0.03093762664940769,1,False,
native_l2,legacy:2026-09-10,legacy_directory_identifier,data/exact_l2/2026-09-10,legacy_day_root,legacy,data/exact_l2/2026-09-10/manifest.json,7382ca203dbe266eee3ba3a4096073e42186cc2acdaab8e2e2ab439c43dc6b9a,data/exact_l2/2026-09-10/execution_curves.csv,efc08d41cef31c16139ae5b59db656eb24eef0073b2126c410d71ff6cf8e3d27,data/exact_l2/2026-09-10/valr_usdtzar_raw.json,33a80ec47351d2dd01b789789ecb0b53aa6f3ce053b61a4aa1e5f18351f57226,sha256_verified,"[""base_asset"",""quote_asset"",""received_utc"",""exchange_timestamp_utc"",""source_url"",""source_params_json""]",2026-09-10,,2026-09-10T10:11:58.888061+00:00,,,legacy_unavailable,valr,USDTZAR,ZAR,USDT,,,,stablecoin_tokens,1 stablecoin token = 1 USD; no FX conversion,,,sell_stablecoin_base_hit_bids,valr_usdtzar_raw.json,33a80ec47351d2dd01b789789ecb0b53aa6f3ce053b61a4aa1e5f18351f57226,5000,5000,5000.0,5000.0,1.0,80807.5,16.1615,0.03093762664940769,0.03093762664940769,1,False,
native_l2,legacy:2026-09-10,legacy_directory_identifier,data/exact_l2/2026-09-10,legacy_day_root,legacy,data/exact_l2/2026-09-10/manifest.json,7382ca203dbe266eee3ba3a4096073e42186cc2acdaab8e2e2ab439c43dc6b9a,data/exact_l2/2026-09-10/execution_curves.csv,efc08d41cef31c16139ae5b59db656eb24eef0073b2126c410d71ff6cf8e3d27,data/exact_l2/2026-09-10/valr_usdtzar_raw.json,33a80ec47351d2dd01b789789ecb0b53aa6f3ce053b61a4aa1e5f18351f57226,sha256_verified,"[""base_asset"",""quote_asset"",""received_utc"",""exchange_timestamp_utc"",""source_url"",""source_params_json""]",2026-09-10,,2026-09-10T10:11:58.888061+00:00,,,legacy_unavailable,valr,USDTZAR,ZAR,USDT,,,,stablecoin_tokens,1 stablecoin token = 1 USD; no FX conversion,,,sell_stablecoin_base_hit_bids,valr_usdtzar_raw.json,33a80ec47351d2dd01b789789ecb0b53aa6f3ce053b61a4aa1e5f18351f57226,10000,10000,10000.0,10000.0,1.0,161615.0,16.1615,0.03093762664940769,0.03093762664940769,1,False,
native_l2,legacy:2026-09-10,legacy_directory_identifier,data/exact_l2/2026-09-10,legacy_day_root,legacy,data/exact_l2/2026-09-10/manifest.json,7382ca203dbe266eee3ba3a4096073e42186cc2acdaab8e2e2ab439c43dc6b9a,data/exact_l2/2026-09-10/execution_curves.csv,efc08d41cef31c16139ae5b59db656eb24eef0073b2126c410d71ff6cf8e3d27,data/exact_l2/2026-09-10/valr_usdtzar_raw.json,33a80ec47351d2dd01b789789ecb0b53aa6f3ce053b61a4aa1e5f18351f57226,sha256_verified,"[""base_asset"",""quote_asset"",""received_utc"",""exchange_timestamp_utc"",""source_url"",""source_params_json""]",2026-09-10,,2026-09-10T10:11:58.888061+00:00,,,legacy_unavailable,valr,USDTZAR,ZAR,USDT,,,,stablecoin_tokens,1 stablecoin token = 1 USD; no FX conversion,,,sell_stablecoin_base_hit_bids,valr_usdtzar_raw.json,33a80ec47351d2dd01b789789ecb0b53aa6f3ce053b61a4aa1e5f18351f57226,25000,25000,25000.0,25000.0,1.0,404037.5,16.1615,0.03093762664940769,0.03093762664940769,1,False,
native_l2,legacy:2026-09-10,legacy_directory_identifier,data/exact_l2/2026-09-10,legacy_day_root,legacy,data/exact_l2/2026-09-10/manifest.json,7382ca203dbe266eee3ba3a4096073e42186cc2acdaab8e2e2ab439c43dc6b9a,data/exact_l2/2026-09-10/execution_curves.csv,efc08d41cef31c16139ae5b59db656eb24eef0073b2126c410d71ff6cf8e3d27,data/exact_l2/2026-09-10/valr_usdtzar_raw.json,33a80ec47351d2dd01b789789ecb0b53aa6f3ce053b61a4aa1e5f18351f57226,sha256_verified,"[""base_asset"",""quote_asset"",""received_utc"",""exchange_timestamp_utc"",""source_url"",""source_params_json""]",2026-09-10,,2026-09-10T10:11:58.888061+00:00,,,legacy_unavailable,valr,USDTZAR,ZAR,USDT,,,,stablecoin_tokens,1 stablecoin token = 1 USD; no FX conversion,,,sell_stablecoin_base_hit_bids,valr_usdtzar_raw.json,33a80ec47351d2dd01b789789ecb0b53aa6f3ce053b61a4aa1e5f18351f57226,50000,50000,50000.0,50000.0,1.0,808075.0,16.1615,0.03093762664940769,0.03093762664940769,1,False,
native_l2,legacy:2026-09-10,legacy_directory_identifier,data/exact_l2/2026-09-10,legacy_day_root,legacy,data/exact_l2/2026-09-10/manifest.json,7382ca203dbe266eee3ba3a4096073e42186cc2acdaab8e2e2ab439c43dc6b9a,data/exact_l2/2026-09-10/execution_curves.csv,efc08d41cef31c16139ae5b59db656eb24eef0073b2126c410d71ff6cf8e3d27,data/exact_l2/2026-09-10/valr_usdtzar_raw.json,33a80ec47351d2dd01b789789ecb0b53aa6f3ce053b61a4aa1e5f18351f57226,sha256_verified,"[""base_asset"",""quote_asset"",""received_utc"",""exchange_timestamp_utc"",""source_url"",""source_params_json""]",2026-09-10,,2026-09-10T10:11:58.888061+00:00,,,legacy_unavailable,valr,USDTZAR,ZAR,USDT,,,,stablecoin_tokens,1 stablecoin token = 1 USD; no FX conversion,,,sell_stablecoin_base_hit_bids,valr_usdtzar_raw.json,33a80ec47351d2dd01b789789ecb0b53aa6f3ce053b61a4aa1e5f18351f57226,100000,100000,100000.0,100000.0,1.0,1616150.0,16.1615,0.03093762664940769,0.03093762664940769,1,False,
native_l2,legacy:2026-09-10,legacy_directory_identifier,data/exact_l2/2026-09-10,legacy_day_root,legacy,data/exact_l2/2026-09-10/manifest.json,7382ca203dbe266eee3ba3a4096073e42186cc2acdaab8e2e2ab439c43dc6b9a,data/exact_l2/2026-09-10/execution_curves.csv,efc08d41cef31c16139ae5b59db656eb24eef0073b2126c410d71ff6cf8e3d27,data/exact_l2/2026-09-10/bitkub_usdt_thb_raw.json,35b95b779b329a6e31e03f0d79d520af20d084f245efe2073b069a2536e495ea,sha256_verified,"[""base_asset"",""quote_asset"",""received_utc"",""exchange_timestamp_utc"",""source_url"",""source_params_json""]",2026-09-10,,2026-09-10T10:11:59.168299+00:00,,,legacy_unavailable,bitkub,usdt_thb,THB,USDT,,,,stablecoin_tokens,1 stablecoin token = 1 USD; no FX conversion,,,sell_stablecoin_base_hit_bids,bitkub_usdt_thb_raw.json,35b95b779b329a6e31e03f0d79d520af20d084f245efe2073b069a2536e495ea,1000,1000,1000.0,1000.0,1.0,32920.0,32.92,1.5186028853442224,1.5186028853442224,1,False,
native_l2,legacy:2026-09-10,legacy_directory_identifier,data/exact_l2/2026-09-10,legacy_day_root,legacy,data/exact_l2/2026-09-10/manifest.json,7382ca203dbe266eee3ba3a4096073e42186cc2acdaab8e2e2ab439c43dc6b9a,data/exact_l2/2026-09-10/execution_curves.csv,efc08d41cef31c16139ae5b59db656eb24eef0073b2126c410d71ff6cf8e3d27,data/exact_l2/2026-09-10/bitkub_usdt_thb_raw.json,35b95b779b329a6e31e03f0d79d520af20d084f245efe2073b069a2536e495ea,sha256_verified,"[""base_asset"",""quote_asset"",""received_utc"",""exchange_timestamp_utc"",""source_url"",""source_params_json""]",2026-09-10,,2026-09-10T10:11:59.168299+00:00,,,legacy_unavailable,bitkub,usdt_thb,THB,USDT,,,,stablecoin_tokens,1 stablecoin token = 1 USD; no FX conversion,,,sell_stablecoin_base_hit_bids,bitkub_usdt_thb_raw.json,35b95b779b329a6e31e03f0d79d520af20d084f245efe2073b069a2536e495ea,5000,5000,5000.0,5000.0,1.0,164600.0,32.92,1.5186028853442224,1.5186028853442224,1,False,
native_l2,legacy:2026-09-10,legacy_directory_identifier,data/exact_l2/2026-09-10,legacy_day_root,legacy,data/exact_l2/2026-09-10/manifest.json,7382ca203dbe266eee3ba3a4096073e42186cc2acdaab8e2e2ab439c43dc6b9a,data/exact_l2/2026-09-10/execution_curves.csv,efc08d41cef31c16139ae5b59db656eb24eef0073b2126c410d71ff6cf8e3d27,data/exact_l2/2026-09-10/bitkub_usdt_thb_raw.json,35b95b779b329a6e31e03f0d79d520af20d084f245efe2073b069a2536e495ea,sha256_verified,"[""base_asset"",""quote_asset"",""received_utc"",""exchange_timestamp_utc"",""source_url"",""source_params_json""]",2026-09-10,,2026-09-10T10:11:59.168299+00:00,,,legacy_unavailable,bitkub,usdt_thb,THB,USDT,,,,stablecoin_tokens,1 stablecoin token = 1 USD; no FX conversion,,,sell_stablecoin_base_hit_bids,bitkub_usdt_thb_raw.json,35b95b779b329a6e31e03f0d79d520af20d084f245efe2073b069a2536e495ea,10000,10000,10000.0,10000.0,1.0,329200.0,32.92,1.5186028853442224,1.5186028853442224,1,False,
native_l2,legacy:2026-09-10,legacy_directory_identifier,data/exact_l2/2026-09-10,legacy_day_root,legacy,data/exact_l2/2026-09-10/manifest.json,7382ca203dbe266eee3ba3a4096073e42186cc2acdaab8e2e2ab439c43dc6b9a,data/exact_l2/2026-09-10/execution_curves.csv,efc08d41cef31c16139ae5b59db656eb24eef0073b2126c410d71ff6cf8e3d27,data/exact_l2/2026-09-10/bitkub_usdt_thb_raw.json,35b95b779b329a6e31e03f0d79d520af20d084f245efe2073b069a2536e495ea,sha256_verified,"[""base_asset"",""quote_asset"",""received_utc"",""exchange_timestamp_utc"",""source_url"",""source_params_json""]",2026-09-10,,2026-09-10T10:11:59.168299+00:00,,,legacy_unavailable,bitkub,usdt_thb,THB,USDT,,,,stablecoin_tokens,1 stablecoin token = 1 USD; no FX conversion,,,sell_stablecoin_base_hit_bids,bitkub_usdt_thb_raw.json,35b95b779b329a6e31e03f0d79d520af20d084f245efe2073b069a2536e495ea,25000,25000,25000.0,25000.0,1.0,823000.0,32.92,1.5186028853442224,1.5186028853442224,1,False,
native_l2,legacy:2026-09-10,legacy_directory_identifier,data/exact_l2/2026-09-10,legacy_day_root,legacy,data/exact_l2/2026-09-10/manifest.json,7382ca203dbe266eee3ba3a4096073e42186cc2acdaab8e2e2ab439c43dc6b9a,data/exact_l2/2026-09-10/execution_curves.csv,efc08d41cef31c16139ae5b59db656eb24eef0073b2126c410d71ff6cf8e3d27,data/exact_l2/2026-09-10/bitkub_usdt_thb_raw.json,35b95b779b329a6e31e03f0d79d520af20d084f245efe2073b069a2536e495ea,sha256_verified,"[""base_asset"",""quote_asset"",""received_utc"",""exchange_timestamp_utc"",""source_url"",""source_params_json""]",2026-09-10,,2026-09-10T10:11:59.168299+00:00,,,legacy_unavailable,bitkub,usdt_thb,THB,USDT,,,,stablecoin_tokens,1 stablecoin token = 1 USD; no FX conversion,,,sell_stablecoin_base_hit_bids,bitkub_usdt_thb_raw.json,35b95b779b329a6e31e03f0d79d520af20d084f245efe2073b069a2536e495ea,50000,50000,50000.0,50000.0,1.0,1646000.0,32.92,1.5186028853442224,1.5186028853442224,1,False,
native_l2,legacy:2026-09-10,legacy_directory_identifier,data/exact_l2/2026-09-10,legacy_day_root,legacy,data/exact_l2/2026-09-10/manifest.json,7382ca203dbe266eee3ba3a4096073e42186cc2acdaab8e2e2ab439c43dc6b9a,data/exact_l2/2026-09-10/execution_curves.csv,efc08d41cef31c16139ae5b59db656eb24eef0073b2126c410d71ff6cf8e3d27,data/exact_l2/2026-09-10/bitkub_usdt_thb_raw.json,35b95b779b329a6e31e03f0d79d520af20d084f245efe2073b069a2536e495ea,sha256_verified,"[""base_asset"",""quote_asset"",""received_utc"",""exchange_timestamp_utc"",""source_url"",""source_params_json""]",2026-09-10,,2026-09-10T10:11:59.168299+00:00,,,legacy_unavailable,bitkub,usdt_thb,THB,USDT,,,,stablecoin_tokens,1 stablecoin token = 1 USD; no FX conversion,,,sell_stablecoin_base_hit_bids,bitkub_usdt_thb_raw.json,35b95b779b329a6e31e03f0d79d520af20d084f245efe2073b069a2536e495ea,100000,100000,100000.0,100000.0,1.0,3292000.0,32.92,1.5186028853442224,1.5186028853442224,1,False,
native_l2,legacy:2026-09-11,legacy_directory_identifier,data/exact_l2/2026-09-11,legacy_day_root,legacy,data/exact_l2/2026-09-11/manifest.json,df35133409c6ab7a02162f138f61c5af411c30dad71e8238d1cce47e9942f6ad,data/exact_l2/2026-09-11/execution_curves.csv,3680d9975ed96b294b51b95c14012a4b4743f0b17b50a35c07048ab053f491a0,data/exact_l2/2026-09-11/valr_usdtzar_raw.json,8e2e66214a2d3699f9dfd31eeea3cbc4b0a8c05cc802e86d25958684d36c47f9,sha256_verified,"[""base_asset"",""quote_asset"",""received_utc"",""exchange_timestamp_utc"",""source_url"",""source_params_json""]",2026-09-11,,2026-09-11T10:10:36.120817+00:00,,,legacy_unavailable,valr,USDTZAR,ZAR,USDT,,,,stablecoin_tokens,1 stablecoin token = 1 USD; no FX conversion,,,sell_stablecoin_base_hit_bids,valr_usdtzar_raw.json,8e2e66214a2d3699f9dfd31eeea3cbc4b0a8c05cc802e86d25958684d36c47f9,1000,1000,1000.0,1000.0,1.0,16188.7,16.1887,0.6485585015203466,0.6485585015203466,1,False,
native_l2,legacy:2026-09-11,legacy_directory_identifier,data/exact_l2/2026-09-11,legacy_day_root,legacy,data/exact_l2/2026-09-11/manifest.json,df35133409c6ab7a02162f138f61c5af411c30dad71e8238d1cce47e9942f6ad,data/exact_l2/2026-09-11/execution_curves.csv,3680d9975ed96b294b51b95c14012a4b4743f0b17b50a35c07048ab053f491a0,data/exact_l2/2026-09-11/valr_usdtzar_raw.json,8e2e66214a2d3699f9dfd31eeea3cbc4b0a8c05cc802e86d25958684d36c47f9,sha256_verified,"[""base_asset"",""quote_asset"",""received_utc"",""exchange_timestamp_utc"",""source_url"",""source_params_json""]",2026-09-11,,2026-09-11T10:10:36.120817+00:00,,,legacy_unavailable,valr,USDTZAR,ZAR,USDT,,,,stablecoin_tokens,1 stablecoin token = 1 USD; no FX conversion,,,sell_stablecoin_base_hit_bids,valr_usdtzar_raw.json,8e2e66214a2d3699f9dfd31eeea3cbc4b0a8c05cc802e86d25958684d36c47f9,5000,5000,5000.0,5000.0,1.0,80943.5,16.1887,0.6485585015203466,0.6485585015203466,1,False,
native_l2,legacy:2026-09-11,legacy_directory_identifier,data/exact_l2/2026-09-11,legacy_day_root,legacy,data/exact_l2/2026-09-11/manifest.json,df35133409c6ab7a02162f138f61c5af411c30dad71e8238d1cce47e9942f6ad,data/exact_l2/2026-09-11/execution_curves.csv,3680d9975ed96b294b51b95c14012a4b4743f0b17b50a35c07048ab053f491a0,data/exact_l2/2026-09-11/valr_usdtzar_raw.json,8e2e66214a2d3699f9dfd31eeea3cbc4b0a8c05cc802e86d25958684d36c47f9,sha256_verified,"[""base_asset"",""quote_asset"",""received_utc"",""exchange_timestamp_utc"",""source_url"",""source_params_json""]",2026-09-11,,2026-09-11T10:10:36.120817+00:00,,,legacy_unavailable,valr,USDTZAR,ZAR,USDT,,,,stablecoin_tokens,1 stablecoin token = 1 USD; no FX conversion,,,sell_stablecoin_base_hit_bids,valr_usdtzar_raw.json,8e2e66214a2d3699f9dfd31eeea3cbc4b0a8c05cc802e86d25958684d36c47f9,10000,10000,10000.0,10000.0,1.0,161887.0,16.1887,0.6485585015203466,0.6485585015203466,1,False,
native_l2,legacy:2026-09-11,legacy_directory_identifier,data/exact_l2/2026-09-11,legacy_day_root,legacy,data/exact_l2/2026-09-11/manifest.json,df35133409c6ab7a02162f138f61c5af411c30dad71e8238d1cce47e9942f6ad,data/exact_l2/2026-09-11/execution_curves.csv,3680d9975ed96b294b51b95c14012a4b4743f0b17b50a35c07048ab053f491a0,data/exact_l2/2026-09-11/valr_usdtzar_raw.json,8e2e66214a2d3699f9dfd31eeea3cbc4b0a8c05cc802e86d25958684d36c47f9,sha256_verified,"[""base_asset"",""quote_asset"",""received_utc"",""exchange_timestamp_utc"",""source_url"",""source_params_json""]",2026-09-11,,2026-09-11T10:10:36.120817+00:00,,,legacy_unavailable,valr,USDTZAR,ZAR,USDT,,,,stablecoin_tokens,1 stablecoin token = 1 USD; no FX conversion,,,sell_stablecoin_base_hit_bids,valr_usdtzar_raw.json,8e2e66214a2d3699f9dfd31eeea3cbc4b0a8c05cc802e86d25958684d36c47f9,25000,25000,25000.0,25000.0,1.0,404717.5,16.1887,0.6485585015203466,0.6485585015203466,1,False,
native_l2,legacy:2026-09-11,legacy_directory_identifier,data/exact_l2/2026-09-11,legacy_day_root,legacy,data/exact_l2/2026-09-11/manifest.json,df35133409c6ab7a02162f138f61c5af411c30dad71e8238d1cce47e9942f6ad,data/exact_l2/2026-09-11/execution_curves.csv,3680d9975ed96b294b51b95c14012a4b4743f0b17b50a35c07048ab053f491a0,data/exact_l2/2026-09-11/valr_usdtzar_raw.json,8e2e66214a2d3699f9dfd31eeea3cbc4b0a8c05cc802e86d25958684d36c47f9,sha256_verified,"[""base_asset"",""quote_asset"",""received_utc"",""exchange_timestamp_utc"",""source_url"",""source_params_json""]",2026-09-11,,2026-09-11T10:10:36.120817+00:00,,,legacy_unavailable,valr,USDTZAR,ZAR,USDT,,,,stablecoin_tokens,1 stablecoin token = 1 USD; no FX conversion,,,sell_stablecoin_base_hit_bids,valr_usdtzar_raw.json,8e2e66214a2d3699f9dfd31eeea3cbc4b0a8c05cc802e86d25958684d36c47f9,50000,50000,50000.0,50000.0,1.0,809435.0,16.1887,0.6485585015203466,0.6485585015203466,1,False,
native_l2,legacy:2026-09-11,legacy_directory_identifier,data/exact_l2/2026-09-11,legacy_day_root,legacy,data/exact_l2/2026-09-11/manifest.json,df35133409c6ab7a02162f138f61c5af411c30dad71e8238d1cce47e9942f6ad,data/exact_l2/2026-09-11/execution_curves.csv,3680d9975ed96b294b51b95c14012a4b4743f0b17b50a35c07048ab053f491a0,data/exact_l2/2026-09-11/valr_usdtzar_raw.json,8e2e66214a2d3699f9dfd31eeea3cbc4b0a8c05cc802e86d25958684d36c47f9,sha256_verified,"[""base_asset"",""quote_asset"",""received_utc"",""exchange_timestamp_utc"",""source_url"",""source_params_json""]",2026-09-11,,2026-09-11T10:10:36.120817+00:00,,,legacy_unavailable,valr,USDTZAR,ZAR,USDT,,,,stablecoin_tokens,1 stablecoin token = 1 USD; no FX conversion,,,sell_stablecoin_base_hit_bids,valr_usdtzar_raw.json,8e2e66214a2d3699f9dfd31eeea3cbc4b0a8c05cc802e86d25958684d36c47f9,100000,100000,100000.0,100000.0,1.0,1618870.0,16.1887,0.6485585015203466,0.6485585015203466,1,False,
native_l2,legacy:2026-09-11,legacy_directory_identifier,data/exact_l2/2026-09-11,legacy_day_root,legacy,data/exact_l2/2026-09-11/manifest.json,df35133409c6ab7a02162f138f61c5af411c30dad71e8238d1cce47e9942f6ad,data/exact_l2/2026-09-11/execution_curves.csv,3680d9975ed96b294b51b95c14012a4b4743f0b17b50a35c07048ab053f491a0,data/exact_l2/2026-09-11/bitkub_usdt_thb_raw.json,8dc96a7995cdbbe250bfcb7cac174ec41113ac56b2f0813306c58dfef017ee06,sha256_verified,"[""base_asset"",""quote_asset"",""received_utc"",""exchange_timestamp_utc"",""source_url"",""source_params_json""]",2026-09-11,,2026-09-11T10:10:36.450922+00:00,,,legacy_unavailable,bitkub,usdt_thb,THB,USDT,,,,stablecoin_tokens,1 stablecoin token = 1 USD; no FX conversion,,,sell_stablecoin_base_hit_bids,bitkub_usdt_thb_raw.json,8dc96a7995cdbbe250bfcb7cac174ec41113ac56b2f0813306c58dfef017ee06,1000,1000,1000.0,1000.0,1.0,33020.0,33.02,1.5140045420147796,1.5140045420147796,1,False,
native_l2,legacy:2026-09-11,legacy_directory_identifier,data/exact_l2/2026-09-11,legacy_day_root,legacy,data/exact_l2/2026-09-11/manifest.json,df35133409c6ab7a02162f138f61c5af411c30dad71e8238d1cce47e9942f6ad,data/exact_l2/2026-09-11/execution_curves.csv,3680d9975ed96b294b51b95c14012a4b4743f0b17b50a35c07048ab053f491a0,data/exact_l2/2026-09-11/bitkub_usdt_thb_raw.json,8dc96a7995cdbbe250bfcb7cac174ec41113ac56b2f0813306c58dfef017ee06,sha256_verified,"[""base_asset"",""quote_asset"",""received_utc"",""exchange_timestamp_utc"",""source_url"",""source_params_json""]",2026-09-11,,2026-09-11T10:10:36.450922+00:00,,,legacy_unavailable,bitkub,usdt_thb,THB,USDT,,,,stablecoin_tokens,1 stablecoin token = 1 USD; no FX conversion,,,sell_stablecoin_base_hit_bids,bitkub_usdt_thb_raw.json,8dc96a7995cdbbe250bfcb7cac174ec41113ac56b2f0813306c58dfef017ee06,5000,5000,5000.0,5000.0,1.0,165100.00000000003,33.02,1.5140045420147796,1.5140045420147796,1,False,
native_l2,legacy:2026-09-11,legacy_directory_identifier,data/exact_l2/2026-09-11,legacy_day_root,legacy,data/exact_l2/2026-09-11/manifest.json,df35133409c6ab7a02162f138f61c5af411c30dad71e8238d1cce47e9942f6ad,data/exact_l2/2026-09-11/execution_curves.csv,3680d9975ed96b294b51b95c14012a4b4743f0b17b50a35c07048ab053f491a0,data/exact_l2/2026-09-11/bitkub_usdt_thb_raw.json,8dc96a7995cdbbe250bfcb7cac174ec41113ac56b2f0813306c58dfef017ee06,sha256_verified,"[""base_asset"",""quote_asset"",""received_utc"",""exchange_timestamp_utc"",""source_url"",""source_params_json""]",2026-09-11,,2026-09-11T10:10:36.450922+00:00,,,legacy_unavailable,bitkub,usdt_thb,THB,USDT,,,,stablecoin_tokens,1 stablecoin token = 1 USD; no FX conversion,,,sell_stablecoin_base_hit_bids,bitkub_usdt_thb_raw.json,8dc96a7995cdbbe250bfcb7cac174ec41113ac56b2f0813306c58dfef017ee06,10000,10000,10000.0,10000.0,1.0,330200.00000000006,33.02,1.5140045420147796,1.5140045420147796,1,False,
native_l2,legacy:2026-09-11,legacy_directory_identifier,data/exact_l2/2026-09-11,legacy_day_root,legacy,data/exact_l2/2026-09-11/manifest.json,df35133409c6ab7a02162f138f61c5af411c30dad71e8238d1cce47e9942f6ad,data/exact_l2/2026-09-11/execution_curves.csv,3680d9975ed96b294b51b95c14012a4b4743f0b17b50a35c07048ab053f491a0,data/exact_l2/2026-09-11/bitkub_usdt_thb_raw.json,8dc96a7995cdbbe250bfcb7cac174ec41113ac56b2f0813306c58dfef017ee06,sha256_verified,"[""base_asset"",""quote_asset"",""received_utc"",""exchange_timestamp_utc"",""source_url"",""source_params_json""]",2026-09-11,,2026-09-11T10:10:36.450922+00:00,,,legacy_unavailable,bitkub,usdt_thb,THB,USDT,,,,stablecoin_tokens,1 stablecoin token = 1 USD; no FX conversion,,,sell_stablecoin_base_hit_bids,bitkub_usdt_thb_raw.json,8dc96a7995cdbbe250bfcb7cac174ec41113ac56b2f0813306c58dfef017ee06,25000,25000,25000.0,25000.0,1.0,825500.0000000001,33.02,1.5140045420147796,1.5140045420147796,1,False,
native_l2,legacy:2026-09-11,legacy_directory_identifier,data/exact_l2/2026-09-11,legacy_day_root,legacy,data/exact_l2/2026-09-11/manifest.json,df35133409c6ab7a02162f138f61c5af411c30dad71e8238d1cce47e9942f6ad,data/exact_l2/2026-09-11/execution_curves.csv,3680d9975ed96b294b51b95c14012a4b4743f0b17b50a35c07048ab053f491a0,data/exact_l2/2026-09-11/bitkub_usdt_thb_raw.json,8dc96a7995cdbbe250bfcb7cac174ec41113ac56b2f0813306c58dfef017ee06,sha256_verified,"[""base_asset"",""quote_asset"",""received_utc"",""exchange_timestamp_utc"",""source_url"",""source_params_json""]",2026-09-11,,2026-09-11T10:10:36.450922+00:00,,,legacy_unavailable,bitkub,usdt_thb,THB,USDT,,,,stablecoin_tokens,1 stablecoin token = 1 USD; no FX conversion,,,sell_stablecoin_base_hit_bids,bitkub_usdt_thb_raw.json,8dc96a7995cdbbe250bfcb7cac174ec41113ac56b2f0813306c58dfef017ee06,50000,50000,50000.0,50000.0,1.0,1651000.0000000002,33.02,1.5140045420147796,1.5140045420147796,1,False,
native_l2,legacy:2026-09-11,legacy_directory_identifier,data/exact_l2/2026-09-11,legacy_day_root,legacy,data/exact_l2/2026-09-11/manifest.json,df35133409c6ab7a02162f138f61c5af411c30dad71e8238d1cce47e9942f6ad,data/exact_l2/2026-09-11/execution_curves.csv,3680d9975ed96b294b51b95c14012a4b4743f0b17b50a35c07048ab053f491a0,data/exact_l2/2026-09-11/bitkub_usdt_thb_raw.json,8dc96a7995cdbbe250bfcb7cac174ec41113ac56b2f0813306c58dfef017ee06,sha256_verified,"[""base_asset"",""quote_asset"",""received_utc"",""exchange_timestamp_utc"",""source_url"",""source_params_json""]",2026-09-11,,2026-09-11T10:10:36.450922+00:00,,,legacy_unavailable,bitkub,usdt_thb,THB,USDT,,,,stablecoin_tokens,1 stablecoin token = 1 USD; no FX conversion,,,sell_stablecoin_base_hit_bids,bitkub_usdt_thb_raw.json,8dc96a7995cdbbe250bfcb7cac174ec41113ac56b2f0813306c58dfef017ee06,100000,100000,100000.0,100000.0,1.0,3302000.0000000005,33.02,1.5140045420147796,1.5140045420147796,1,False,
native_l2,legacy:2026-09-12,legacy_directory_identifier,data/exact_l2/2026-09-12,legacy_day_root,legacy,data/exact_l2/2026-09-12/manifest.json,638f9bec914de8e1f53a3b6dcea8308d605f3bc129dc9c622869ef22368f0bab,data/exact_l2/2026-09-12/execution_curves.csv,1224a84822368816d705346ea4e10b718c95469cb9f79f7c0f71668fea3a14bd,data/exact_l2/2026-09-12/valr_usdtzar_raw.json,6c71f81942857f1d08014e11bff353fb38e8ffd06a0de5930e3626f310f10617,sha256_verified,"[""base_asset"",""quote_asset"",""received_utc"",""exchange_timestamp_utc"",""source_url"",""source_params_json""]",2026-09-12,,2026-09-12T09:44:19.516649+00:00,,,legacy_unavailable,valr,USDTZAR,ZAR,USDT,,,,stablecoin_tokens,1 stablecoin token = 1 USD; no FX conversion,,,sell_stablecoin_base_hit_bids,valr_usdtzar_raw.json,6c71f81942857f1d08014e11bff353fb38e8ffd06a0de5930e3626f310f10617,1000,1000,999.9999999999999,999.9999999999999,0.9999999999999999,16170.409028309998,16.17040902831,3.3018386720862214,3.3074200578020463,4,False,
native_l2,legacy:2026-09-12,legacy_directory_identifier,data/exact_l2/2026-09-12,legacy_day_root,legacy,data/exact_l2/2026-09-12/manifest.json,638f9bec914de8e1f53a3b6dcea8308d605f3bc129dc9c622869ef22368f0bab,data/exact_l2/2026-09-12/execution_curves.csv,1224a84822368816d705346ea4e10b718c95469cb9f79f7c0f71668fea3a14bd,data/exact_l2/2026-09-12/valr_usdtzar_raw.json,6c71f81942857f1d08014e11bff353fb38e8ffd06a0de5930e3626f310f10617,sha256_verified,"[""base_asset"",""quote_asset"",""received_utc"",""exchange_timestamp_utc"",""source_url"",""source_params_json""]",2026-09-12,,2026-09-12T09:44:19.516649+00:00,,,legacy_unavailable,valr,USDTZAR,ZAR,USDT,,,,stablecoin_tokens,1 stablecoin token = 1 USD; no FX conversion,,,sell_stablecoin_base_hit_bids,valr_usdtzar_raw.json,6c71f81942857f1d08014e11bff353fb38e8ffd06a0de5930e3626f310f10617,5000,5000,5000.000000000001,5000.000000000001,1.0000000000000002,80852.00902831001,16.170401805662,3.3063037806602136,3.3074200578020463,4,False,
native_l2,legacy:2026-09-12,legacy_directory_identifier,data/exact_l2/2026-09-12,legacy_day_root,legacy,data/exact_l2/2026-09-12/manifest.json,638f9bec914de8e1f53a3b6dcea8308d605f3bc129dc9c622869ef22368f0bab,data/exact_l2/2026-09-12/execution_curves.csv,1224a84822368816d705346ea4e10b718c95469cb9f79f7c0f71668fea3a14bd,data/exact_l2/2026-09-12/valr_usdtzar_raw.json,6c71f81942857f1d08014e11bff353fb38e8ffd06a0de5930e3626f310f10617,sha256_verified,"[""base_asset"",""quote_asset"",""received_utc"",""exchange_timestamp_utc"",""source_url"",""source_params_json""]",2026-09-12,,2026-09-12T09:44:19.516649+00:00,,,legacy_unavailable,valr,USDTZAR,ZAR,USDT,,,,stablecoin_tokens,1 stablecoin token = 1 USD; no FX conversion,,,sell_stablecoin_base_hit_bids,valr_usdtzar_raw.json,6c71f81942857f1d08014e11bff353fb38e8ffd06a0de5930e3626f310f10617,10000,10000,9999.999999999998,9999.999999999998,0.9999999999999998,161704.00902830999,16.170400902831002,3.3068619192300197,3.3074200578020463,4,False,
native_l2,legacy:2026-09-12,legacy_directory_identifier,data/exact_l2/2026-09-12,legacy_day_root,legacy,data/exact_l2/2026-09-12/manifest.json,638f9bec914de8e1f53a3b6dcea8308d605f3bc129dc9c622869ef22368f0bab,data/exact_l2/2026-09-12/execution_curves.csv,1224a84822368816d705346ea4e10b718c95469cb9f79f7c0f71668fea3a14bd,data/exact_l2/2026-09-12/valr_usdtzar_raw.json,6c71f81942857f1d08014e11bff353fb38e8ffd06a0de5930e3626f310f10617,sha256_verified,"[""base_asset"",""quote_asset"",""received_utc"",""exchange_timestamp_utc"",""source_url"",""source_params_json""]",2026-09-12,,2026-09-12T09:44:19.516649+00:00,,,legacy_unavailable,valr,USDTZAR,ZAR,USDT,,,,stablecoin_tokens,1 stablecoin token = 1 USD; no FX conversion,,,sell_stablecoin_base_hit_bids,valr_usdtzar_raw.json,6c71f81942857f1d08014e11bff353fb38e8ffd06a0de5930e3626f310f10617,25000,25000,24999.999999999996,24999.999999999996,0.9999999999999999,404260.00902830996,16.1704003611324,3.3071968023734577,3.3074200578020463,4,False,
native_l2,legacy:2026-09-12,legacy_directory_identifier,data/exact_l2/2026-09-12,legacy_day_root,legacy,data/exact_l2/2026-09-12/manifest.json,638f9bec914de8e1f53a3b6dcea8308d605f3bc129dc9c622869ef22368f0bab,data/exact_l2/2026-09-12/execution_curves.csv,1224a84822368816d705346ea4e10b718c95469cb9f79f7c0f71668fea3a14bd,data/exact_l2/2026-09-12/valr_usdtzar_raw.json,6c71f81942857f1d08014e11bff353fb38e8ffd06a0de5930e3626f310f10617,sha256_verified,"[""base_asset"",""quote_asset"",""received_utc"",""exchange_timestamp_utc"",""source_url"",""source_params_json""]",2026-09-12,,2026-09-12T09:44:19.516649+00:00,,,legacy_unavailable,valr,USDTZAR,ZAR,USDT,,,,stablecoin_tokens,1 stablecoin token = 1 USD; no FX conversion,,,sell_stablecoin_base_hit_bids,valr_usdtzar_raw.json,6c71f81942857f1d08014e11bff353fb38e8ffd06a0de5930e3626f310f10617,50000,50000,50000.00000000001,50000.00000000001,1.0000000000000002,808520.0090283102,16.1704001805662,3.307308430088307,3.3074200578020463,4,False,
native_l2,legacy:2026-09-12,legacy_directory_identifier,data/exact_l2/2026-09-12,legacy_day_root,legacy,data/exact_l2/2026-09-12/manifest.json,638f9bec914de8e1f53a3b6dcea8308d605f3bc129dc9c622869ef22368f0bab,data/exact_l2/2026-09-12/execution_curves.csv,1224a84822368816d705346ea4e10b718c95469cb9f79f7c0f71668fea3a14bd,data/exact_l2/2026-09-12/valr_usdtzar_raw.json,6c71f81942857f1d08014e11bff353fb38e8ffd06a0de5930e3626f310f10617,sha256_verified,"[""base_asset"",""quote_asset"",""received_utc"",""exchange_timestamp_utc"",""source_url"",""source_params_json""]",2026-09-12,,2026-09-12T09:44:19.516649+00:00,,,legacy_unavailable,valr,USDTZAR,ZAR,USDT,,,,stablecoin_tokens,1 stablecoin token = 1 USD; no FX conversion,,,sell_stablecoin_base_hit_bids,valr_usdtzar_raw.json,6c71f81942857f1d08014e11bff353fb38e8ffd06a0de5930e3626f310f10617,100000,100000,100000.0,100000.0,1.0,1617040.0090283102,16.170400090283103,3.3073642439440665,3.3074200578020463,4,False,
native_l2,legacy:2026-09-12,legacy_directory_identifier,data/exact_l2/2026-09-12,legacy_day_root,legacy,data/exact_l2/2026-09-12/manifest.json,638f9bec914de8e1f53a3b6dcea8308d605f3bc129dc9c622869ef22368f0bab,data/exact_l2/2026-09-12/execution_curves.csv,1224a84822368816d705346ea4e10b718c95469cb9f79f7c0f71668fea3a14bd,data/exact_l2/2026-09-12/bitkub_usdt_thb_raw.json,79a6232d47e412f71a5b7d8615bcfd44fdd0f47e06dde8bdec218c9020622b34,sha256_verified,"[""base_asset"",""quote_asset"",""received_utc"",""exchange_timestamp_utc"",""source_url"",""source_params_json""]",2026-09-12,,2026-09-12T09:44:19.784230+00:00,,,legacy_unavailable,bitkub,usdt_thb,THB,USDT,,,,stablecoin_tokens,1 stablecoin token = 1 USD; no FX conversion,,,sell_stablecoin_base_hit_bids,bitkub_usdt_thb_raw.json,79a6232d47e412f71a5b7d8615bcfd44fdd0f47e06dde8bdec218c9020622b34,1000,1000,1000.0,1000.0,1.0,33080.0,33.08,1.5112588786470038,1.5112588786470038,1,False,
native_l2,legacy:2026-09-12,legacy_directory_identifier,data/exact_l2/2026-09-12,legacy_day_root,legacy,data/exact_l2/2026-09-12/manifest.json,638f9bec914de8e1f53a3b6dcea8308d605f3bc129dc9c622869ef22368f0bab,data/exact_l2/2026-09-12/execution_curves.csv,1224a84822368816d705346ea4e10b718c95469cb9f79f7c0f71668fea3a14bd,data/exact_l2/2026-09-12/bitkub_usdt_thb_raw.json,79a6232d47e412f71a5b7d8615bcfd44fdd0f47e06dde8bdec218c9020622b34,sha256_verified,"[""base_asset"",""quote_asset"",""received_utc"",""exchange_timestamp_utc"",""source_url"",""source_params_json""]",2026-09-12,,2026-09-12T09:44:19.784230+00:00,,,legacy_unavailable,bitkub,usdt_thb,THB,USDT,,,,stablecoin_tokens,1 stablecoin token = 1 USD; no FX conversion,,,sell_stablecoin_base_hit_bids,bitkub_usdt_thb_raw.json,79a6232d47e412f71a5b7d8615bcfd44fdd0f47e06dde8bdec218c9020622b34,5000,5000,5000.0,5000.0,1.0,165400.0,33.08,1.5112588786470038,1.5112588786470038,1,False,
native_l2,legacy:2026-09-12,legacy_directory_identifier,data/exact_l2/2026-09-12,legacy_day_root,legacy,data/exact_l2/2026-09-12/manifest.json,638f9bec914de8e1f53a3b6dcea8308d605f3bc129dc9c622869ef22368f0bab,data/exact_l2/2026-09-12/execution_curves.csv,1224a84822368816d705346ea4e10b718c95469cb9f79f7c0f71668fea3a14bd,data/exact_l2/2026-09-12/bitkub_usdt_thb_raw.json,79a6232d47e412f71a5b7d8615bcfd44fdd0f47e06dde8bdec218c9020622b34,sha256_verified,"[""base_asset"",""quote_asset"",""received_utc"",""exchange_timestamp_utc"",""source_url"",""source_params_json""]",2026-09-12,,2026-09-12T09:44:19.784230+00:00,,,legacy_unavailable,bitkub,usdt_thb,THB,USDT,,,,stablecoin_tokens,1 stablecoin token = 1 USD; no FX conversion,,,sell_stablecoin_base_hit_bids,bitkub_usdt_thb_raw.json,79a6232d47e412f71a5b7d8615bcfd44fdd0f47e06dde8bdec218c9020622b34,10000,10000,10000.0,10000.0,1.0,330800.0,33.08,1.5112588786470038,1.5112588786470038,1,False,
native_l2,legacy:2026-09-12,legacy_directory_identifier,data/exact_l2/2026-09-12,legacy_day_root,legacy,data/exact_l2/2026-09-12/manifest.json,638f9bec914de8e1f53a3b6dcea8308d605f3bc129dc9c622869ef22368f0bab,data/exact_l2/2026-09-12/execution_curves.csv,1224a84822368816d705346ea4e10b718c95469cb9f79f7c0f71668fea3a14bd,data/exact_l2/2026-09-12/bitkub_usdt_thb_raw.json,79a6232d47e412f71a5b7d8615bcfd44fdd0f47e06dde8bdec218c9020622b34,sha256_verified,"[""base_asset"",""quote_asset"",""received_utc"",""exchange_timestamp_utc"",""source_url"",""source_params_json""]",2026-09-12,,2026-09-12T09:44:19.784230+00:00,,,legacy_unavailable,bitkub,usdt_thb,THB,USDT,,,,stablecoin_tokens,1 stablecoin token = 1 USD; no FX conversion,,,sell_stablecoin_base_hit_bids,bitkub_usdt_thb_raw.json,79a6232d47e412f71a5b7d8615bcfd44fdd0f47e06dde8bdec218c9020622b34,25000,25000,25000.0,25000.0,1.0,827000.0,33.08,1.5112588786470038,1.5112588786470038,1,False,
native_l2,legacy:2026-09-12,legacy_directory_identifier,data/exact_l2/2026-09-12,legacy_day_root,legacy,data/exact_l2/2026-09-12/manifest.json,638f9bec914de8e1f53a3b6dcea8308d605f3bc129dc9c622869ef22368f0bab,data/exact_l2/2026-09-12/execution_curves.csv,1224a84822368816d705346ea4e10b718c95469cb9f79f7c0f71668fea3a14bd,data/exact_l2/2026-09-12/bitkub_usdt_thb_raw.json,79a6232d47e412f71a5b7d8615bcfd44fdd0f47e06dde8bdec218c9020622b34,sha256_verified,"[""base_asset"",""quote_asset"",""received_utc"",""exchange_timestamp_utc"",""source_url"",""source_params_json""]",2026-09-12,,2026-09-12T09:44:19.784230+00:00,,,legacy_unavailable,bitkub,usdt_thb,THB,USDT,,,,stablecoin_tokens,1 stablecoin token = 1 USD; no FX conversion,,,sell_stablecoin_base_hit_bids,bitkub_usdt_thb_raw.json,79a6232d47e412f71a5b7d8615bcfd44fdd0f47e06dde8bdec218c9020622b34,50000,50000,50000.0,50000.0,1.0,1654000.0,33.08,1.5112588786470038,1.5112588786470038,1,False,
native_l2,legacy:2026-09-12,legacy_directory_identifier,data/exact_l2/2026-09-12,legacy_day_root,legacy,data/exact_l2/2026-09-12/manifest.json,638f9bec914de8e1f53a3b6dcea8308d605f3bc129dc9c622869ef22368f0bab,data/exact_l2/2026-09-12/execution_curves.csv,1224a84822368816d705346ea4e10b718c95469cb9f79f7c0f71668fea3a14bd,data/exact_l2/2026-09-12/bitkub_usdt_thb_raw.json,79a6232d47e412f71a5b7d8615bcfd44fdd0f47e06dde8bdec218c9020622b34,sha256_verified,"[""base_asset"",""quote_asset"",""received_utc"",""exchange_timestamp_utc"",""source_url"",""source_params_json""]",2026-09-12,,2026-09-12T09:44:19.784230+00:00,,,legacy_unavailable,bitkub,usdt_thb,THB,USDT,,,,stablecoin_tokens,1 stablecoin token = 1 USD; no FX conversion,,,sell_stablecoin_base_hit_bids,bitkub_usdt_thb_raw.json,79a6232d47e412f71a5b7d8615bcfd44fdd0f47e06dde8bdec218c9020622b34,100000,100000,100000.0,100000.0,1.0,3308000.0,33.08,1.5112588786470038,1.5112588786470038,1,False,
native_l2,legacy:2026-09-13,legacy_directory_identifier,data/exact_l2/2026-09-13,legacy_day_root,legacy,data/exact_l2/2026-09-13/manifest.json,2bbfed1ca7a41807062a61b77a0f878500a051ea3be2526386a1263e409c7382,data/exact_l2/2026-09-13/execution_curves.csv,598b2f2ca65c4c5c60e6fd1e67de2bdadc31865592d6966d73323e03087784ae,data/exact_l2/2026-09-13/valr_usdtzar_raw.json,194ebe4d3f4421484eb718829a1b0a6340cf12725c946db50d74b766cb560eaf,sha256_verified,"[""base_asset"",""quote_asset"",""received_utc"",""exchange_timestamp_utc"",""source_url"",""source_params_json""]",2026-09-13,,2026-09-13T10:46:40.447819+00:00,,,legacy_unavailable,valr,USDTZAR,ZAR,USDT,,,,stablecoin_tokens,1 stablecoin token = 1 USD; no FX conversion,,,sell_stablecoin_base_hit_bids,valr_usdtzar_raw.json,194ebe4d3f4421484eb718829a1b0a6340cf12725c946db50d74b766cb560eaf,1000,1000,1000.0,1000.0,1.0,16176.5,16.1765,0.03090893917367943,0.03090893917367943,1,False,
native_l2,legacy:2026-09-13,legacy_directory_identifier,data/exact_l2/2026-09-13,legacy_day_root,legacy,data/exact_l2/2026-09-13/manifest.json,2bbfed1ca7a41807062a61b77a0f878500a051ea3be2526386a1263e409c7382,data/exact_l2/2026-09-13/execution_curves.csv,598b2f2ca65c4c5c60e6fd1e67de2bdadc31865592d6966d73323e03087784ae,data/exact_l2/2026-09-13/valr_usdtzar_raw.json,194ebe4d3f4421484eb718829a1b0a6340cf12725c946db50d74b766cb560eaf,sha256_verified,"[""base_asset"",""quote_asset"",""received_utc"",""exchange_timestamp_utc"",""source_url"",""source_params_json""]",2026-09-13,,2026-09-13T10:46:40.447819+00:00,,,legacy_unavailable,valr,USDTZAR,ZAR,USDT,,,,stablecoin_tokens,1 stablecoin token = 1 USD; no FX conversion,,,sell_stablecoin_base_hit_bids,valr_usdtzar_raw.json,194ebe4d3f4421484eb718829a1b0a6340cf12725c946db50d74b766cb560eaf,5000,5000,5000.0,5000.0,1.0,80882.5,16.1765,0.03090893917367943,0.03090893917367943,1,False,
native_l2,legacy:2026-09-13,legacy_directory_identifier,data/exact_l2/2026-09-13,legacy_day_root,legacy,data/exact_l2/2026-09-13/manifest.json,2bbfed1ca7a41807062a61b77a0f878500a051ea3be2526386a1263e409c7382,data/exact_l2/2026-09-13/execution_curves.csv,598b2f2ca65c4c5c60e6fd1e67de2bdadc31865592d6966d73323e03087784ae,data/exact_l2/2026-09-13/valr_usdtzar_raw.json,194ebe4d3f4421484eb718829a1b0a6340cf12725c946db50d74b766cb560eaf,sha256_verified,"[""base_asset"",""quote_asset"",""received_utc"",""exchange_timestamp_utc"",""source_url"",""source_params_json""]",2026-09-13,,2026-09-13T10:46:40.447819+00:00,,,legacy_unavailable,valr,USDTZAR,ZAR,USDT,,,,stablecoin_tokens,1 stablecoin token = 1 USD; no FX conversion,,,sell_stablecoin_base_hit_bids,valr_usdtzar_raw.json,194ebe4d3f4421484eb718829a1b0a6340cf12725c946db50d74b766cb560eaf,10000,10000,10000.0,10000.0,1.0,161765.0,16.1765,0.03090893917367943,0.03090893917367943,2,False,
native_l2,legacy:2026-09-13,legacy_directory_identifier,data/exact_l2/2026-09-13,legacy_day_root,legacy,data/exact_l2/2026-09-13/manifest.json,2bbfed1ca7a41807062a61b77a0f878500a051ea3be2526386a1263e409c7382,data/exact_l2/2026-09-13/execution_curves.csv,598b2f2ca65c4c5c60e6fd1e67de2bdadc31865592d6966d73323e03087784ae,data/exact_l2/2026-09-13/valr_usdtzar_raw.json,194ebe4d3f4421484eb718829a1b0a6340cf12725c946db50d74b766cb560eaf,sha256_verified,"[""base_asset"",""quote_asset"",""received_utc"",""exchange_timestamp_utc"",""source_url"",""source_params_json""]",2026-09-13,,2026-09-13T10:46:40.447819+00:00,,,legacy_unavailable,valr,USDTZAR,ZAR,USDT,,,,stablecoin_tokens,1 stablecoin token = 1 USD; no FX conversion,,,sell_stablecoin_base_hit_bids,valr_usdtzar_raw.json,194ebe4d3f4421484eb718829a1b0a6340cf12725c946db50d74b766cb560eaf,25000,25000,25000.0,25000.0,1.0,404296.89911528,16.1718759646112,2.8893895106185674,6.027243138988503,5,False,
native_l2,legacy:2026-09-13,legacy_directory_identifier,data/exact_l2/2026-09-13,legacy_day_root,legacy,data/exact_l2/2026-09-13/manifest.json,2bbfed1ca7a41807062a61b77a0f878500a051ea3be2526386a1263e409c7382,data/exact_l2/2026-09-13/execution_curves.csv,598b2f2ca65c4c5c60e6fd1e67de2bdadc31865592d6966d73323e03087784ae,data/exact_l2/2026-09-13/valr_usdtzar_raw.json,194ebe4d3f4421484eb718829a1b0a6340cf12725c946db50d74b766cb560eaf,sha256_verified,"[""base_asset"",""quote_asset"",""received_utc"",""exchange_timestamp_utc"",""source_url"",""source_params_json""]",2026-09-13,,2026-09-13T10:46:40.447819+00:00,,,legacy_unavailable,valr,USDTZAR,ZAR,USDT,,,,stablecoin_tokens,1 stablecoin token = 1 USD; no FX conversion,,,sell_stablecoin_base_hit_bids,valr_usdtzar_raw.json,194ebe4d3f4421484eb718829a1b0a6340cf12725c946db50d74b766cb560eaf,50000,50000,50000.0,50000.0,1.0,808350.2907494401,16.1670058149888,5.900012679587174,10.725401893482145,9,False,
native_l2,legacy:2026-09-13,legacy_directory_identifier,data/exact_l2/2026-09-13,legacy_day_root,legacy,data/exact_l2/2026-09-13/manifest.json,2bbfed1ca7a41807062a61b77a0f878500a051ea3be2526386a1263e409c7382,data/exact_l2/2026-09-13/execution_curves.csv,598b2f2ca65c4c5c60e6fd1e67de2bdadc31865592d6966d73323e03087784ae,data/exact_l2/2026-09-13/valr_usdtzar_raw.json,194ebe4d3f4421484eb718829a1b0a6340cf12725c946db50d74b766cb560eaf,sha256_verified,"[""base_asset"",""quote_asset"",""received_utc"",""exchange_timestamp_utc"",""source_url"",""source_params_json""]",2026-09-13,,2026-09-13T10:46:40.447819+00:00,,,legacy_unavailable,valr,USDTZAR,ZAR,USDT,,,,stablecoin_tokens,1 stablecoin token = 1 USD; no FX conversion,,,sell_stablecoin_base_hit_bids,valr_usdtzar_raw.json,194ebe4d3f4421484eb718829a1b0a6340cf12725c946db50d74b766cb560eaf,100000,100000,100000.0,100000.0,1.0,1614828.2143712202,16.1482821437122,17.4745890117467,41.1397980409911,15,False,
native_l2,legacy:2026-09-13,legacy_directory_identifier,data/exact_l2/2026-09-13,legacy_day_root,legacy,data/exact_l2/2026-09-13/manifest.json,2bbfed1ca7a41807062a61b77a0f878500a051ea3be2526386a1263e409c7382,data/exact_l2/2026-09-13/execution_curves.csv,598b2f2ca65c4c5c60e6fd1e67de2bdadc31865592d6966d73323e03087784ae,data/exact_l2/2026-09-13/bitkub_usdt_thb_raw.json,2e697f6345acf4a8122005b9b6ca685d0a040a45caabf0432f4d25b9bedd1e5b,sha256_verified,"[""base_asset"",""quote_asset"",""received_utc"",""exchange_timestamp_utc"",""source_url"",""source_params_json""]",2026-09-13,,2026-09-13T10:46:40.676067+00:00,,,legacy_unavailable,bitkub,usdt_thb,THB,USDT,,,,stablecoin_tokens,1 stablecoin token = 1 USD; no FX conversion,,,sell_stablecoin_base_hit_bids,bitkub_usdt_thb_raw.json,2e697f6345acf4a8122005b9b6ca685d0a040a45caabf0432f4d25b9bedd1e5b,1000,1000,1000.0,1000.0,1.0,33080.0,33.08,1.5112588786470038,1.5112588786470038,1,False,
native_l2,legacy:2026-09-13,legacy_directory_identifier,data/exact_l2/2026-09-13,legacy_day_root,legacy,data/exact_l2/2026-09-13/manifest.json,2bbfed1ca7a41807062a61b77a0f878500a051ea3be2526386a1263e409c7382,data/exact_l2/2026-09-13/execution_curves.csv,598b2f2ca65c4c5c60e6fd1e67de2bdadc31865592d6966d73323e03087784ae,data/exact_l2/2026-09-13/bitkub_usdt_thb_raw.json,2e697f6345acf4a8122005b9b6ca685d0a040a45caabf0432f4d25b9bedd1e5b,sha256_verified,"[""base_asset"",""quote_asset"",""received_utc"",""exchange_timestamp_utc"",""source_url"",""source_params_json""]",2026-09-13,,2026-09-13T10:46:40.676067+00:00,,,legacy_unavailable,bitkub,usdt_thb,THB,USDT,,,,stablecoin_tokens,1 stablecoin token = 1 USD; no FX conversion,,,sell_stablecoin_base_hit_bids,bitkub_usdt_thb_raw.json,2e697f6345acf4a8122005b9b6ca685d0a040a45caabf0432f4d25b9bedd1e5b,5000,5000,5000.0,5000.0,1.0,165400.0,33.08,1.5112588786470038,1.5112588786470038,1,False,
native_l2,legacy:2026-09-13,legacy_directory_identifier,data/exact_l2/2026-09-13,legacy_day_root,legacy,data/exact_l2/2026-09-13/manifest.json,2bbfed1ca7a41807062a61b77a0f878500a051ea3be2526386a1263e409c7382,data/exact_l2/2026-09-13/execution_curves.csv,598b2f2ca65c4c5c60e6fd1e67de2bdadc31865592d6966d73323e03087784ae,data/exact_l2/2026-09-13/bitkub_usdt_thb_raw.json,2e697f6345acf4a8122005b9b6ca685d0a040a45caabf0432f4d25b9bedd1e5b,sha256_verified,"[""base_asset"",""quote_asset"",""received_utc"",""exchange_timestamp_utc"",""source_url"",""source_params_json""]",2026-09-13,,2026-09-13T10:46:40.676067+00:00,,,legacy_unavailable,bitkub,usdt_thb,THB,USDT,,,,stablecoin_tokens,1 stablecoin token = 1 USD; no FX conversion,,,sell_stablecoin_base_hit_bids,bitkub_usdt_thb_raw.json,2e697f6345acf4a8122005b9b6ca685d0a040a45caabf0432f4d25b9bedd1e5b,10000,10000,10000.0,10000.0,1.0,330800.0,33.08,1.5112588786470038,1.5112588786470038,1,False,
native_l2,legacy:2026-09-13,legacy_directory_identifier,data/exact_l2/2026-09-13,legacy_day_root,legacy,data/exact_l2/2026-09-13/manifest.json,2bbfed1ca7a41807062a61b77a0f878500a051ea3be2526386a1263e409c7382,data/exact_l2/2026-09-13/execution_curves.csv,598b2f2ca65c4c5c60e6fd1e67de2bdadc31865592d6966d73323e03087784ae,data/exact_l2/2026-09-13/bitkub_usdt_thb_raw.json,2e697f6345acf4a8122005b9b6ca685d0a040a45caabf0432f4d25b9bedd1e5b,sha256_verified,"[""base_asset"",""quote_asset"",""received_utc"",""exchange_timestamp_utc"",""source_url"",""source_params_json""]",2026-09-13,,2026-09-13T10:46:40.676067+00:00,,,legacy_unavailable,bitkub,usdt_thb,THB,USDT,,,,stablecoin_tokens,1 stablecoin token = 1 USD; no FX conversion,,,sell_stablecoin_base_hit_bids,bitkub_usdt_thb_raw.json,2e697f6345acf4a8122005b9b6ca685d0a040a45caabf0432f4d25b9bedd1e5b,25000,25000,25000.0,25000.0,1.0,827000.0,33.08,1.5112588786470038,1.5112588786470038,1,False,
native_l2,legacy:2026-09-13,legacy_directory_identifier,data/exact_l2/2026-09-13,legacy_day_root,legacy,data/exact_l2/2026-09-13/manifest.json,2bbfed1ca7a41807062a61b77a0f878500a051ea3be2526386a1263e409c7382,data/exact_l2/2026-09-13/execution_curves.csv,598b2f2ca65c4c5c60e6fd1e67de2bdadc31865592d6966d73323e03087784ae,data/exact_l2/2026-09-13/bitkub_usdt_thb_raw.json,2e697f6345acf4a8122005b9b6ca685d0a040a45caabf0432f4d25b9bedd1e5b,sha256_verified,"[""base_asset"",""quote_asset"",""received_utc"",""exchange_timestamp_utc"",""source_url"",""source_params_json""]",2026-09-13,,2026-09-13T10:46:40.676067+00:00,,,legacy_unavailable,bitkub,usdt_thb,THB,USDT,,,,stablecoin_tokens,1 stablecoin token = 1 USD; no FX conversion,,,sell_stablecoin_base_hit_bids,bitkub_usdt_thb_raw.json,2e697f6345acf4a8122005b9b6ca685d0a040a45caabf0432f4d25b9bedd1e5b,50000,50000,50000.0,50000.0,1.0,1654000.0,33.08,1.5112588786470038,1.5112588786470038,1,False,
native_l2,legacy:2026-09-13,legacy_directory_identifier,data/exact_l2/2026-09-13,legacy_day_root,legacy,data/exact_l2/2026-09-13/manifest.json,2bbfed1ca7a41807062a61b77a0f878500a051ea3be2526386a1263e409c7382,data/exact_l2/2026-09-13/execution_curves.csv,598b2f2ca65c4c5c60e6fd1e67de2bdadc31865592d6966d73323e03087784ae,data/exact_l2/2026-09-13/bitkub_usdt_thb_raw.json,2e697f6345acf4a8122005b9b6ca685d0a040a45caabf0432f4d25b9bedd1e5b,sha256_verified,"[""base_asset"",""quote_asset"",""received_utc"",""exchange_timestamp_utc"",""source_url"",""source_params_json""]",2026-09-13,,2026-09-13T10:46:40.676067+00:00,,,legacy_unavailable,bitkub,usdt_thb,THB,USDT,,,,stablecoin_tokens,1 stablecoin token = 1 USD; no FX conversion,,,sell_stablecoin_base_hit_bids,bitkub_usdt_thb_raw.json,2e697f6345acf4a8122005b9b6ca685d0a040a45caabf0432f4d25b9bedd1e5b,100000,100000,100000.0,100000.0,1.0,3308000.0,33.08,1.5112588786470038,1.5112588786470038,1,False,
native_l2,legacy:2026-09-14,legacy_directory_identifier,data/exact_l2/2026-09-14,legacy_day_root,legacy,data/exact_l2/2026-09-14/manifest.json,72fbb5c7c361e45e65cfdec2a757a8143ee35930d73ae5b4474f35b0147fdf6b,data/exact_l2/2026-09-14/execution_curves.csv,7149c3a92365df1e552e289a3583047ba23f0d252c5575009900c0c456f9cd22,data/exact_l2/2026-09-14/valr_usdtzar_raw.json,cdd7906e991ce5dee7220b9d08f9e7e513f271b6e61c15229fc6ab289915f77c,sha256_verified,"[""base_asset"",""quote_asset"",""received_utc"",""exchange_timestamp_utc"",""source_url"",""source_params_json""]",2026-09-14,,2026-09-14T11:08:13.145983+00:00,,,legacy_unavailable,valr,USDTZAR,ZAR,USDT,,,,stablecoin_tokens,1 stablecoin token = 1 USD; no FX conversion,,,sell_stablecoin_base_hit_bids,valr_usdtzar_raw.json,cdd7906e991ce5dee7220b9d08f9e7e513f271b6e61c15229fc6ab289915f77c,1000,1000,1000.0,1000.0,1.0,16288.5,16.2885,0.03069640944208807,0.03069640944208807,1,False,
native_l2,legacy:2026-09-14,legacy_directory_identifier,data/exact_l2/2026-09-14,legacy_day_root,legacy,data/exact_l2/2026-09-14/manifest.json,72fbb5c7c361e45e65cfdec2a757a8143ee35930d73ae5b4474f35b0147fdf6b,data/exact_l2/2026-09-14/execution_curves.csv,7149c3a92365df1e552e289a3583047ba23f0d252c5575009900c0c456f9cd22,data/exact_l2/2026-09-14/valr_usdtzar_raw.json,cdd7906e991ce5dee7220b9d08f9e7e513f271b6e61c15229fc6ab289915f77c,sha256_verified,"[""base_asset"",""quote_asset"",""received_utc"",""exchange_timestamp_utc"",""source_url"",""source_params_json""]",2026-09-14,,2026-09-14T11:08:13.145983+00:00,,,legacy_unavailable,valr,USDTZAR,ZAR,USDT,,,,stablecoin_tokens,1 stablecoin token = 1 USD; no FX conversion,,,sell_stablecoin_base_hit_bids,valr_usdtzar_raw.json,cdd7906e991ce5dee7220b9d08f9e7e513f271b6e61c15229fc6ab289915f77c,5000,5000,5000.0,5000.0,1.0,81442.5,16.2885,0.03069640944208807,0.03069640944208807,1,False,
native_l2,legacy:2026-09-14,legacy_directory_identifier,data/exact_l2/2026-09-14,legacy_day_root,legacy,data/exact_l2/2026-09-14/manifest.json,72fbb5c7c361e45e65cfdec2a757a8143ee35930d73ae5b4474f35b0147fdf6b,data/exact_l2/2026-09-14/execution_curves.csv,7149c3a92365df1e552e289a3583047ba23f0d252c5575009900c0c456f9cd22,data/exact_l2/2026-09-14/valr_usdtzar_raw.json,cdd7906e991ce5dee7220b9d08f9e7e513f271b6e61c15229fc6ab289915f77c,sha256_verified,"[""base_asset"",""quote_asset"",""received_utc"",""exchange_timestamp_utc"",""source_url"",""source_params_json""]",2026-09-14,,2026-09-14T11:08:13.145983+00:00,,,legacy_unavailable,valr,USDTZAR,ZAR,USDT,,,,stablecoin_tokens,1 stablecoin token = 1 USD; no FX conversion,,,sell_stablecoin_base_hit_bids,valr_usdtzar_raw.json,cdd7906e991ce5dee7220b9d08f9e7e513f271b6e61c15229fc6ab289915f77c,10000,10000,10000.0,10000.0,1.0,162885.0,16.2885,0.03069640944208807,0.03069640944208807,1,False,
native_l2,legacy:2026-09-14,legacy_directory_identifier,data/exact_l2/2026-09-14,legacy_day_root,legacy,data/exact_l2/2026-09-14/manifest.json,72fbb5c7c361e45e65cfdec2a757a8143ee35930d73ae5b4474f35b0147fdf6b,data/exact_l2/2026-09-14/execution_curves.csv,7149c3a92365df1e552e289a3583047ba23f0d252c5575009900c0c456f9cd22,data/exact_l2/2026-09-14/valr_usdtzar_raw.json,cdd7906e991ce5dee7220b9d08f9e7e513f271b6e61c15229fc6ab289915f77c,sha256_verified,"[""base_asset"",""quote_asset"",""received_utc"",""exchange_timestamp_utc"",""source_url"",""source_params_json""]",2026-09-14,,2026-09-14T11:08:13.145983+00:00,,,legacy_unavailable,valr,USDTZAR,ZAR,USDT,,,,stablecoin_tokens,1 stablecoin token = 1 USD; no FX conversion,,,sell_stablecoin_base_hit_bids,valr_usdtzar_raw.json,cdd7906e991ce5dee7220b9d08f9e7e513f271b6e61c15229fc6ab289915f77c,25000,25000,25000.0,25000.0,1.0,407111.26838516,16.284450735406402,2.5166540874410614,5.187693195526366,5,False,
native_l2,legacy:2026-09-14,legacy_directory_identifier,data/exact_l2/2026-09-14,legacy_day_root,legacy,data/exact_l2/2026-09-14/manifest.json,72fbb5c7c361e45e65cfdec2a757a8143ee35930d73ae5b4474f35b0147fdf6b,data/exact_l2/2026-09-14/execution_curves.csv,7149c3a92365df1e552e289a3583047ba23f0d252c5575009900c0c456f9cd22,data/exact_l2/2026-09-14/valr_usdtzar_raw.json,cdd7906e991ce5dee7220b9d08f9e7e513f271b6e61c15229fc6ab289915f77c,sha256_verified,"[""base_asset"",""quote_asset"",""received_utc"",""exchange_timestamp_utc"",""source_url"",""source_params_json""]",2026-09-14,,2026-09-14T11:08:13.145983+00:00,,,legacy_unavailable,valr,USDTZAR,ZAR,USDT,,,,stablecoin_tokens,1 stablecoin token = 1 USD; no FX conversion,,,sell_stablecoin_base_hit_bids,valr_usdtzar_raw.json,cdd7906e991ce5dee7220b9d08f9e7e513f271b6e61c15229fc6ab289915f77c,50000,50000,50000.0,50000.0,1.0,814111.7507636999,16.282235015273997,3.8769471352595453,5.249086014408322,6,False,
native_l2,legacy:2026-09-14,legacy_directory_identifier,data/exact_l2/2026-09-14,legacy_day_root,legacy,data/exact_l2/2026-09-14/manifest.json,72fbb5c7c361e45e65cfdec2a757a8143ee35930d73ae5b4474f35b0147fdf6b,data/exact_l2/2026-09-14/execution_curves.csv,7149c3a92365df1e552e289a3583047ba23f0d252c5575009900c0c456f9cd22,data/exact_l2/2026-09-14/valr_usdtzar_raw.json,cdd7906e991ce5dee7220b9d08f9e7e513f271b6e61c15229fc6ab289915f77c,sha256_verified,"[""base_asset"",""quote_asset"",""received_utc"",""exchange_timestamp_utc"",""source_url"",""source_params_json""]",2026-09-14,,2026-09-14T11:08:13.145983+00:00,,,legacy_unavailable,valr,USDTZAR,ZAR,USDT,,,,stablecoin_tokens,1 stablecoin token = 1 USD; no FX conversion,,,sell_stablecoin_base_hit_bids,valr_usdtzar_raw.json,cdd7906e991ce5dee7220b9d08f9e7e513f271b6e61c15229fc6ab289915f77c,100000,100000,100000.0,100000.0,1.0,1628081.78139862,16.2808178139862,4.747006955070354,5.617442927702276,7,False,
native_l2,legacy:2026-09-14,legacy_directory_identifier,data/exact_l2/2026-09-14,legacy_day_root,legacy,data/exact_l2/2026-09-14/manifest.json,72fbb5c7c361e45e65cfdec2a757a8143ee35930d73ae5b4474f35b0147fdf6b,data/exact_l2/2026-09-14/execution_curves.csv,7149c3a92365df1e552e289a3583047ba23f0d252c5575009900c0c456f9cd22,data/exact_l2/2026-09-14/bitkub_usdt_thb_raw.json,c77714d24c5b04edb5dce7ce8a768a0ddbb8d88ba46de649847774e05c0b426f,sha256_verified,"[""base_asset"",""quote_asset"",""received_utc"",""exchange_timestamp_utc"",""source_url"",""source_params_json""]",2026-09-14,,2026-09-14T11:08:13.387004+00:00,,,legacy_unavailable,bitkub,usdt_thb,THB,USDT,,,,stablecoin_tokens,1 stablecoin token = 1 USD; no FX conversion,,,sell_stablecoin_base_hit_bids,bitkub_usdt_thb_raw.json,c77714d24c5b04edb5dce7ce8a768a0ddbb8d88ba46de649847774e05c0b426f,1000,1000,1000.0,1000.0,1.0,33190.0,33.19,1.5062509414076608,1.5062509414076608,1,False,
native_l2,legacy:2026-09-14,legacy_directory_identifier,data/exact_l2/2026-09-14,legacy_day_root,legacy,data/exact_l2/2026-09-14/manifest.json,72fbb5c7c361e45e65cfdec2a757a8143ee35930d73ae5b4474f35b0147fdf6b,data/exact_l2/2026-09-14/execution_curves.csv,7149c3a92365df1e552e289a3583047ba23f0d252c5575009900c0c456f9cd22,data/exact_l2/2026-09-14/bitkub_usdt_thb_raw.json,c77714d24c5b04edb5dce7ce8a768a0ddbb8d88ba46de649847774e05c0b426f,sha256_verified,"[""base_asset"",""quote_asset"",""received_utc"",""exchange_timestamp_utc"",""source_url"",""source_params_json""]",2026-09-14,,2026-09-14T11:08:13.387004+00:00,,,legacy_unavailable,bitkub,usdt_thb,THB,USDT,,,,stablecoin_tokens,1 stablecoin token = 1 USD; no FX conversion,,,sell_stablecoin_base_hit_bids,bitkub_usdt_thb_raw.json,c77714d24c5b04edb5dce7ce8a768a0ddbb8d88ba46de649847774e05c0b426f,5000,5000,5000.0,5000.0,1.0,165950.0,33.19,1.5062509414076608,1.5062509414076608,1,False,
native_l2,legacy:2026-09-14,legacy_directory_identifier,data/exact_l2/2026-09-14,legacy_day_root,legacy,data/exact_l2/2026-09-14/manifest.json,72fbb5c7c361e45e65cfdec2a757a8143ee35930d73ae5b4474f35b0147fdf6b,data/exact_l2/2026-09-14/execution_curves.csv,7149c3a92365df1e552e289a3583047ba23f0d252c5575009900c0c456f9cd22,data/exact_l2/2026-09-14/bitkub_usdt_thb_raw.json,c77714d24c5b04edb5dce7ce8a768a0ddbb8d88ba46de649847774e05c0b426f,sha256_verified,"[""base_asset"",""quote_asset"",""received_utc"",""exchange_timestamp_utc"",""source_url"",""source_params_json""]",2026-09-14,,2026-09-14T11:08:13.387004+00:00,,,legacy_unavailable,bitkub,usdt_thb,THB,USDT,,,,stablecoin_tokens,1 stablecoin token = 1 USD; no FX conversion,,,sell_stablecoin_base_hit_bids,bitkub_usdt_thb_raw.json,c77714d24c5b04edb5dce7ce8a768a0ddbb8d88ba46de649847774e05c0b426f,10000,10000,10000.0,10000.0,1.0,331900.0,33.19,1.5062509414076608,1.5062509414076608,1,False,
native_l2,legacy:2026-09-14,legacy_directory_identifier,data/exact_l2/2026-09-14,legacy_day_root,legacy,data/exact_l2/2026-09-14/manifest.json,72fbb5c7c361e45e65cfdec2a757a8143ee35930d73ae5b4474f35b0147fdf6b,data/exact_l2/2026-09-14/execution_curves.csv,7149c3a92365df1e552e289a3583047ba23f0d252c5575009900c0c456f9cd22,data/exact_l2/2026-09-14/bitkub_usdt_thb_raw.json,c77714d24c5b04edb5dce7ce8a768a0ddbb8d88ba46de649847774e05c0b426f,sha256_verified,"[""base_asset"",""quote_asset"",""received_utc"",""exchange_timestamp_utc"",""source_url"",""source_params_json""]",2026-09-14,,2026-09-14T11:08:13.387004+00:00,,,legacy_unavailable,bitkub,usdt_thb,THB,USDT,,,,stablecoin_tokens,1 stablecoin token = 1 USD; no FX conversion,,,sell_stablecoin_base_hit_bids,bitkub_usdt_thb_raw.json,c77714d24c5b04edb5dce7ce8a768a0ddbb8d88ba46de649847774e05c0b426f,25000,25000,25000.0,25000.0,1.0,829750.0,33.19,1.5062509414076608,1.5062509414076608,1,False,
native_l2,legacy:2026-09-14,legacy_directory_identifier,data/exact_l2/2026-09-14,legacy_day_root,legacy,data/exact_l2/2026-09-14/manifest.json,72fbb5c7c361e45e65cfdec2a757a8143ee35930d73ae5b4474f35b0147fdf6b,data/exact_l2/2026-09-14/execution_curves.csv,7149c3a92365df1e552e289a3583047ba23f0d252c5575009900c0c456f9cd22,data/exact_l2/2026-09-14/bitkub_usdt_thb_raw.json,c77714d24c5b04edb5dce7ce8a768a0ddbb8d88ba46de649847774e05c0b426f,sha256_verified,"[""base_asset"",""quote_asset"",""received_utc"",""exchange_timestamp_utc"",""source_url"",""source_params_json""]",2026-09-14,,2026-09-14T11:08:13.387004+00:00,,,legacy_unavailable,bitkub,usdt_thb,THB,USDT,,,,stablecoin_tokens,1 stablecoin token = 1 USD; no FX conversion,,,sell_stablecoin_base_hit_bids,bitkub_usdt_thb_raw.json,c77714d24c5b04edb5dce7ce8a768a0ddbb8d88ba46de649847774e05c0b426f,50000,50000,50000.0,50000.0,1.0,1659500.0,33.19,1.5062509414076608,1.5062509414076608,1,False,
native_l2,legacy:2026-09-14,legacy_directory_identifier,data/exact_l2/2026-09-14,legacy_day_root,legacy,data/exact_l2/2026-09-14/manifest.json,72fbb5c7c361e45e65cfdec2a757a8143ee35930d73ae5b4474f35b0147fdf6b,data/exact_l2/2026-09-14/execution_curves.csv,7149c3a92365df1e552e289a3583047ba23f0d252c5575009900c0c456f9cd22,data/exact_l2/2026-09-14/bitkub_usdt_thb_raw.json,c77714d24c5b04edb5dce7ce8a768a0ddbb8d88ba46de649847774e05c0b426f,sha256_verified,"[""base_asset"",""quote_asset"",""received_utc"",""exchange_timestamp_utc"",""source_url"",""source_params_json""]",2026-09-14,,2026-09-14T11:08:13.387004+00:00,,,legacy_unavailable,bitkub,usdt_thb,THB,USDT,,,,stablecoin_tokens,1 stablecoin token = 1 USD; no FX conversion,,,sell_stablecoin_base_hit_bids,bitkub_usdt_thb_raw.json,c77714d24c5b04edb5dce7ce8a768a0ddbb8d88ba46de649847774e05c0b426f,100000,100000,100000.0,100000.0,1.0,3319000.0,33.19,1.5062509414076608,1.5062509414076608,1,False,
native_l2,legacy:2026-09-15,legacy_directory_identifier,data/exact_l2/2026-09-15,legacy_day_root,legacy,data/exact_l2/2026-09-15/manifest.json,2f9f35e9aeede81e7698d450c2bb6f054235120096824dc1e2d622bb657304de,data/exact_l2/2026-09-15/execution_curves.csv,eecb31823305c3ff2693df2d4dafe3a1d8f74ba5f91071319080279c44fd8738,data/exact_l2/2026-09-15/valr_usdtzar_raw.json,f19d1016786b6ab3a8c3e198517f7ddfe510b723e622fb2b2d3a9c45bbc9166a,sha256_verified,"[""base_asset"",""quote_asset"",""received_utc"",""exchange_timestamp_utc"",""source_url"",""source_params_json""]",2026-09-15,,2026-09-15T10:35:44.654653+00:00,,,legacy_unavailable,valr,USDTZAR,ZAR,USDT,,,,stablecoin_tokens,1 stablecoin token = 1 USD; no FX conversion,,,sell_stablecoin_base_hit_bids,valr_usdtzar_raw.json,f19d1016786b6ab3a8c3e198517f7ddfe510b723e622fb2b2d3a9c45bbc9166a,1000,1000,1000.0,1000.0,1.0,16333.51493827,16.33351493827,1.21518271861909,1.224327385141999,3,False,
native_l2,legacy:2026-09-15,legacy_directory_identifier,data/exact_l2/2026-09-15,legacy_day_root,legacy,data/exact_l2/2026-09-15/manifest.json,2f9f35e9aeede81e7698d450c2bb6f054235120096824dc1e2d622bb657304de,data/exact_l2/2026-09-15/execution_curves.csv,eecb31823305c3ff2693df2d4dafe3a1d8f74ba5f91071319080279c44fd8738,data/exact_l2/2026-09-15/valr_usdtzar_raw.json,f19d1016786b6ab3a8c3e198517f7ddfe510b723e622fb2b2d3a9c45bbc9166a,sha256_verified,"[""base_asset"",""quote_asset"",""received_utc"",""exchange_timestamp_utc"",""source_url"",""source_params_json""]",2026-09-15,,2026-09-15T10:35:44.654653+00:00,,,legacy_unavailable,valr,USDTZAR,ZAR,USDT,,,,stablecoin_tokens,1 stablecoin token = 1 USD; no FX conversion,,,sell_stablecoin_base_hit_bids,valr_usdtzar_raw.json,f19d1016786b6ab3a8c3e198517f7ddfe510b723e622fb2b2d3a9c45bbc9166a,5000,5000,5000.0,5000.0,1.0,81667.51493827002,16.333502987654004,1.2224984518349746,1.224327385141999,3,False,
native_l2,legacy:2026-09-15,legacy_directory_identifier,data/exact_l2/2026-09-15,legacy_day_root,legacy,data/exact_l2/2026-09-15/manifest.json,2f9f35e9aeede81e7698d450c2bb6f054235120096824dc1e2d622bb657304de,data/exact_l2/2026-09-15/execution_curves.csv,eecb31823305c3ff2693df2d4dafe3a1d8f74ba5f91071319080279c44fd8738,data/exact_l2/2026-09-15/valr_usdtzar_raw.json,f19d1016786b6ab3a8c3e198517f7ddfe510b723e622fb2b2d3a9c45bbc9166a,sha256_verified,"[""base_asset"",""quote_asset"",""received_utc"",""exchange_timestamp_utc"",""source_url"",""source_params_json""]",2026-09-15,,2026-09-15T10:35:44.654653+00:00,,,legacy_unavailable,valr,USDTZAR,ZAR,USDT,,,,stablecoin_tokens,1 stablecoin token = 1 USD; no FX conversion,,,sell_stablecoin_base_hit_bids,valr_usdtzar_raw.json,f19d1016786b6ab3a8c3e198517f7ddfe510b723e622fb2b2d3a9c45bbc9166a,10000,10000,10000.0,10000.0,1.0,163334.76987688002,16.333476987688,1.2384146870303425,1.2855437543990433,4,False,
native_l2,legacy:2026-09-15,legacy_directory_identifier,data/exact_l2/2026-09-15,legacy_day_root,legacy,data/exact_l2/2026-09-15/manifest.json,2f9f35e9aeede81e7698d450c2bb6f054235120096824dc1e2d622bb657304de,data/exact_l2/2026-09-15/execution_curves.csv,eecb31823305c3ff2693df2d4dafe3a1d8f74ba5f91071319080279c44fd8738,data/exact_l2/2026-09-15/valr_usdtzar_raw.json,f19d1016786b6ab3a8c3e198517f7ddfe510b723e622fb2b2d3a9c45bbc9166a,sha256_verified,"[""base_asset"",""quote_asset"",""received_utc"",""exchange_timestamp_utc"",""source_url"",""source_params_json""]",2026-09-15,,2026-09-15T10:35:44.654653+00:00,,,legacy_unavailable,valr,USDTZAR,ZAR,USDT,,,,stablecoin_tokens,1 stablecoin token = 1 USD; no FX conversion,,,sell_stablecoin_base_hit_bids,valr_usdtzar_raw.json,f19d1016786b6ab3a8c3e198517f7ddfe510b723e622fb2b2d3a9c45bbc9166a,25000,25000,25000.0,25000.0,1.0,408335.76987688,16.3334307950752,1.2666921274528953,1.2855437543990433,4,False,
native_l2,legacy:2026-09-15,legacy_directory_identifier,data/exact_l2/2026-09-15,legacy_day_root,legacy,data/exact_l2/2026-09-15/manifest.json,2f9f35e9aeede81e7698d450c2bb6f054235120096824dc1e2d622bb657304de,data/exact_l2/2026-09-15/execution_curves.csv,eecb31823305c3ff2693df2d4dafe3a1d8f74ba5f91071319080279c44fd8738,data/exact_l2/2026-09-15/valr_usdtzar_raw.json,f19d1016786b6ab3a8c3e198517f7ddfe510b723e622fb2b2d3a9c45bbc9166a,sha256_verified,"[""base_asset"",""quote_asset"",""received_utc"",""exchange_timestamp_utc"",""source_url"",""source_params_json""]",2026-09-15,,2026-09-15T10:35:44.654653+00:00,,,legacy_unavailable,valr,USDTZAR,ZAR,USDT,,,,stablecoin_tokens,1 stablecoin token = 1 USD; no FX conversion,,,sell_stablecoin_base_hit_bids,valr_usdtzar_raw.json,f19d1016786b6ab3a8c3e198517f7ddfe510b723e622fb2b2d3a9c45bbc9166a,50000,50000,50000.0,50000.0,1.0,816670.76987688,16.3334153975376,1.2761179409259693,1.2855437543990433,4,False,
native_l2,legacy:2026-09-15,legacy_directory_identifier,data/exact_l2/2026-09-15,legacy_day_root,legacy,data/exact_l2/2026-09-15/manifest.json,2f9f35e9aeede81e7698d450c2bb6f054235120096824dc1e2d622bb657304de,data/exact_l2/2026-09-15/execution_curves.csv,eecb31823305c3ff2693df2d4dafe3a1d8f74ba5f91071319080279c44fd8738,data/exact_l2/2026-09-15/valr_usdtzar_raw.json,f19d1016786b6ab3a8c3e198517f7ddfe510b723e622fb2b2d3a9c45bbc9166a,sha256_verified,"[""base_asset"",""quote_asset"",""received_utc"",""exchange_timestamp_utc"",""source_url"",""source_params_json""]",2026-09-15,,2026-09-15T10:35:44.654653+00:00,,,legacy_unavailable,valr,USDTZAR,ZAR,USDT,,,,stablecoin_tokens,1 stablecoin token = 1 USD; no FX conversion,,,sell_stablecoin_base_hit_bids,valr_usdtzar_raw.json,f19d1016786b6ab3a8c3e198517f7ddfe510b723e622fb2b2d3a9c45bbc9166a,100000,100000,100000.0,100000.0,1.0,1633340.76987688,16.333407698768802,1.2808308476619512,1.2855437543990433,4,False,
native_l2,legacy:2026-09-15,legacy_directory_identifier,data/exact_l2/2026-09-15,legacy_day_root,legacy,data/exact_l2/2026-09-15/manifest.json,2f9f35e9aeede81e7698d450c2bb6f054235120096824dc1e2d622bb657304de,data/exact_l2/2026-09-15/execution_curves.csv,eecb31823305c3ff2693df2d4dafe3a1d8f74ba5f91071319080279c44fd8738,data/exact_l2/2026-09-15/bitkub_usdt_thb_raw.json,4d538b7d7c50b7a332ab8a3af4f43261b0490c3b8152c19b19aa9f69bf870f70,sha256_verified,"[""base_asset"",""quote_asset"",""received_utc"",""exchange_timestamp_utc"",""source_url"",""source_params_json""]",2026-09-15,,2026-09-15T10:35:44.895452+00:00,,,legacy_unavailable,bitkub,usdt_thb,THB,USDT,,,,stablecoin_tokens,1 stablecoin token = 1 USD; no FX conversion,,,sell_stablecoin_base_hit_bids,bitkub_usdt_thb_raw.json,4d538b7d7c50b7a332ab8a3af4f43261b0490c3b8152c19b19aa9f69bf870f70,1000,1000,1000.0,1000.0,1.0,33220.0,33.22,1.504890895408506,1.504890895408506,1,False,
native_l2,legacy:2026-09-15,legacy_directory_identifier,data/exact_l2/2026-09-15,legacy_day_root,legacy,data/exact_l2/2026-09-15/manifest.json,2f9f35e9aeede81e7698d450c2bb6f054235120096824dc1e2d622bb657304de,data/exact_l2/2026-09-15/execution_curves.csv,eecb31823305c3ff2693df2d4dafe3a1d8f74ba5f91071319080279c44fd8738,data/exact_l2/2026-09-15/bitkub_usdt_thb_raw.json,4d538b7d7c50b7a332ab8a3af4f43261b0490c3b8152c19b19aa9f69bf870f70,sha256_verified,"[""base_asset"",""quote_asset"",""received_utc"",""exchange_timestamp_utc"",""source_url"",""source_params_json""]",2026-09-15,,2026-09-15T10:35:44.895452+00:00,,,legacy_unavailable,bitkub,usdt_thb,THB,USDT,,,,stablecoin_tokens,1 stablecoin token = 1 USD; no FX conversion,,,sell_stablecoin_base_hit_bids,bitkub_usdt_thb_raw.json,4d538b7d7c50b7a332ab8a3af4f43261b0490c3b8152c19b19aa9f69bf870f70,5000,5000,5000.0,5000.0,1.0,166100.0,33.22,1.504890895408506,1.504890895408506,1,False,
native_l2,legacy:2026-09-15,legacy_directory_identifier,data/exact_l2/2026-09-15,legacy_day_root,legacy,data/exact_l2/2026-09-15/manifest.json,2f9f35e9aeede81e7698d450c2bb6f054235120096824dc1e2d622bb657304de,data/exact_l2/2026-09-15/execution_curves.csv,eecb31823305c3ff2693df2d4dafe3a1d8f74ba5f91071319080279c44fd8738,data/exact_l2/2026-09-15/bitkub_usdt_thb_raw.json,4d538b7d7c50b7a332ab8a3af4f43261b0490c3b8152c19b19aa9f69bf870f70,sha256_verified,"[""base_asset"",""quote_asset"",""received_utc"",""exchange_timestamp_utc"",""source_url"",""source_params_json""]",2026-09-15,,2026-09-15T10:35:44.895452+00:00,,,legacy_unavailable,bitkub,usdt_thb,THB,USDT,,,,stablecoin_tokens,1 stablecoin token = 1 USD; no FX conversion,,,sell_stablecoin_base_hit_bids,bitkub_usdt_thb_raw.json,4d538b7d7c50b7a332ab8a3af4f43261b0490c3b8152c19b19aa9f69bf870f70,10000,10000,10000.0,10000.0,1.0,332200.0,33.22,1.504890895408506,1.504890895408506,1,False,
native_l2,legacy:2026-09-15,legacy_directory_identifier,data/exact_l2/2026-09-15,legacy_day_root,legacy,data/exact_l2/2026-09-15/manifest.json,2f9f35e9aeede81e7698d450c2bb6f054235120096824dc1e2d622bb657304de,data/exact_l2/2026-09-15/execution_curves.csv,eecb31823305c3ff2693df2d4dafe3a1d8f74ba5f91071319080279c44fd8738,data/exact_l2/2026-09-15/bitkub_usdt_thb_raw.json,4d538b7d7c50b7a332ab8a3af4f43261b0490c3b8152c19b19aa9f69bf870f70,sha256_verified,"[""base_asset"",""quote_asset"",""received_utc"",""exchange_timestamp_utc"",""source_url"",""source_params_json""]",2026-09-15,,2026-09-15T10:35:44.895452+00:00,,,legacy_unavailable,bitkub,usdt_thb,THB,USDT,,,,stablecoin_tokens,1 stablecoin token = 1 USD; no FX conversion,,,sell_stablecoin_base_hit_bids,bitkub_usdt_thb_raw.json,4d538b7d7c50b7a332ab8a3af4f43261b0490c3b8152c19b19aa9f69bf870f70,25000,25000,25000.0,25000.0,1.0,830500.0,33.22,1.504890895408506,1.504890895408506,1,False,
native_l2,legacy:2026-09-15,legacy_directory_identifier,data/exact_l2/2026-09-15,legacy_day_root,legacy,data/exact_l2/2026-09-15/manifest.json,2f9f35e9aeede81e7698d450c2bb6f054235120096824dc1e2d622bb657304de,data/exact_l2/2026-09-15/execution_curves.csv,eecb31823305c3ff2693df2d4dafe3a1d8f74ba5f91071319080279c44fd8738,data/exact_l2/2026-09-15/bitkub_usdt_thb_raw.json,4d538b7d7c50b7a332ab8a3af4f43261b0490c3b8152c19b19aa9f69bf870f70,sha256_verified,"[""base_asset"",""quote_asset"",""received_utc"",""exchange_timestamp_utc"",""source_url"",""source_params_json""]",2026-09-15,,2026-09-15T10:35:44.895452+00:00,,,legacy_unavailable,bitkub,usdt_thb,THB,USDT,,,,stablecoin_tokens,1 stablecoin token = 1 USD; no FX conversion,,,sell_stablecoin_base_hit_bids,bitkub_usdt_thb_raw.json,4d538b7d7c50b7a332ab8a3af4f43261b0490c3b8152c19b19aa9f69bf870f70,50000,50000,50000.0,50000.0,1.0,1661000.0,33.22,1.504890895408506,1.504890895408506,1,False,
native_l2,legacy:2026-09-15,legacy_directory_identifier,data/exact_l2/2026-09-15,legacy_day_root,legacy,data/exact_l2/2026-09-15/manifest.json,2f9f35e9aeede81e7698d450c2bb6f054235120096824dc1e2d622bb657304de,data/exact_l2/2026-09-15/execution_curves.csv,eecb31823305c3ff2693df2d4dafe3a1d8f74ba5f91071319080279c44fd8738,data/exact_l2/2026-09-15/bitkub_usdt_thb_raw.json,4d538b7d7c50b7a332ab8a3af4f43261b0490c3b8152c19b19aa9f69bf870f70,sha256_verified,"[""base_asset"",""quote_asset"",""received_utc"",""exchange_timestamp_utc"",""source_url"",""source_params_json""]",2026-09-15,,2026-09-15T10:35:44.895452+00:00,,,legacy_unavailable,bitkub,usdt_thb,THB,USDT,,,,stablecoin_tokens,1 stablecoin token = 1 USD; no FX conversion,,,sell_stablecoin_base_hit_bids,bitkub_usdt_thb_raw.json,4d538b7d7c50b7a332ab8a3af4f43261b0490c3b8152c19b19aa9f69bf870f70,100000,100000,100000.0,100000.0,1.0,3321930.4853,33.219304853,1.71411497366325,4.514672686227739,2,False,
native_l2,legacy:2026-09-16,legacy_directory_identifier,data/exact_l2/2026-09-16,legacy_day_root,legacy,data/exact_l2/2026-09-16/manifest.json,6a4cf7f2b858a220b2bfaa7ff942f93df16065b0b6d1fab7935be87d1b633861,data/exact_l2/2026-09-16/execution_curves.csv,609a55aed6ec3aefc91c7dc2ef59d4f3b9d059bdeb2abff49cf3426190219ff1,data/exact_l2/2026-09-16/valr_usdtzar_raw.json,e25be6f6ea793dbb63dbf39c56663f66512194cfad2114f0d100481aae1c9f67,sha256_verified,"[""base_asset"",""quote_asset"",""received_utc"",""exchange_timestamp_utc"",""source_url"",""source_params_json""]",2026-09-16,,2026-09-16T10:27:11.146416+00:00,,,legacy_unavailable,valr,USDTZAR,ZAR,USDT,,,,stablecoin_tokens,1 stablecoin token = 1 USD; no FX conversion,,,sell_stablecoin_base_hit_bids,valr_usdtzar_raw.json,e25be6f6ea793dbb63dbf39c56663f66512194cfad2114f0d100481aae1c9f67,1000,1000,1000.0,1000.0,1.0,16327.2,16.3272,0.030623650644212574,0.030623650644212574,1,False,
native_l2,legacy:2026-09-16,legacy_directory_identifier,data/exact_l2/2026-09-16,legacy_day_root,legacy,data/exact_l2/2026-09-16/manifest.json,6a4cf7f2b858a220b2bfaa7ff942f93df16065b0b6d1fab7935be87d1b633861,data/exact_l2/2026-09-16/execution_curves.csv,609a55aed6ec3aefc91c7dc2ef59d4f3b9d059bdeb2abff49cf3426190219ff1,data/exact_l2/2026-09-16/valr_usdtzar_raw.json,e25be6f6ea793dbb63dbf39c56663f66512194cfad2114f0d100481aae1c9f67,sha256_verified,"[""base_asset"",""quote_asset"",""received_utc"",""exchange_timestamp_utc"",""source_url"",""source_params_json""]",2026-09-16,,2026-09-16T10:27:11.146416+00:00,,,legacy_unavailable,valr,USDTZAR,ZAR,USDT,,,,stablecoin_tokens,1 stablecoin token = 1 USD; no FX conversion,,,sell_stablecoin_base_hit_bids,valr_usdtzar_raw.json,e25be6f6ea793dbb63dbf39c56663f66512194cfad2114f0d100481aae1c9f67,5000,5000,5000.0,5000.0,1.0,81635.86282613,16.327172565226,0.047426709335329775,0.09187095193485817,2,False,
native_l2,legacy:2026-09-16,legacy_directory_identifier,data/exact_l2/2026-09-16,legacy_day_root,legacy,data/exact_l2/2026-09-16/manifest.json,6a4cf7f2b858a220b2bfaa7ff942f93df16065b0b6d1fab7935be87d1b633861,data/exact_l2/2026-09-16/execution_curves.csv,609a55aed6ec3aefc91c7dc2ef59d4f3b9d059bdeb2abff49cf3426190219ff1,data/exact_l2/2026-09-16/valr_usdtzar_raw.json,e25be6f6ea793dbb63dbf39c56663f66512194cfad2114f0d100481aae1c9f67,sha256_verified,"[""base_asset"",""quote_asset"",""received_utc"",""exchange_timestamp_utc"",""source_url"",""source_params_json""]",2026-09-16,,2026-09-16T10:27:11.146416+00:00,,,legacy_unavailable,valr,USDTZAR,ZAR,USDT,,,,stablecoin_tokens,1 stablecoin token = 1 USD; no FX conversion,,,sell_stablecoin_base_hit_bids,valr_usdtzar_raw.json,e25be6f6ea793dbb63dbf39c56663f66512194cfad2114f0d100481aae1c9f67,10000,10000,10000.0,10000.0,1.0,163271.36282613,16.327136282613,0.06964883063509397,0.09187095193485817,2,False,
native_l2,legacy:2026-09-16,legacy_directory_identifier,data/exact_l2/2026-09-16,legacy_day_root,legacy,data/exact_l2/2026-09-16/manifest.json,6a4cf7f2b858a220b2bfaa7ff942f93df16065b0b6d1fab7935be87d1b633861,data/exact_l2/2026-09-16/execution_curves.csv,609a55aed6ec3aefc91c7dc2ef59d4f3b9d059bdeb2abff49cf3426190219ff1,data/exact_l2/2026-09-16/valr_usdtzar_raw.json,e25be6f6ea793dbb63dbf39c56663f66512194cfad2114f0d100481aae1c9f67,sha256_verified,"[""base_asset"",""quote_asset"",""received_utc"",""exchange_timestamp_utc"",""source_url"",""source_params_json""]",2026-09-16,,2026-09-16T10:27:11.146416+00:00,,,legacy_unavailable,valr,USDTZAR,ZAR,USDT,,,,stablecoin_tokens,1 stablecoin token = 1 USD; no FX conversion,,,sell_stablecoin_base_hit_bids,valr_usdtzar_raw.json,e25be6f6ea793dbb63dbf39c56663f66512194cfad2114f0d100481aae1c9f67,25000,25000,25000.0,25000.0,1.0,408177.86282613006,16.327114513045203,0.08298210341428636,0.09187095193485817,2,False,
native_l2,legacy:2026-09-16,legacy_directory_identifier,data/exact_l2/2026-09-16,legacy_day_root,legacy,data/exact_l2/2026-09-16/manifest.json,6a4cf7f2b858a220b2bfaa7ff942f93df16065b0b6d1fab7935be87d1b633861,data/exact_l2/2026-09-16/execution_curves.csv,609a55aed6ec3aefc91c7dc2ef59d4f3b9d059bdeb2abff49cf3426190219ff1,data/exact_l2/2026-09-16/valr_usdtzar_raw.json,e25be6f6ea793dbb63dbf39c56663f66512194cfad2114f0d100481aae1c9f67,sha256_verified,"[""base_asset"",""quote_asset"",""received_utc"",""exchange_timestamp_utc"",""source_url"",""source_params_json""]",2026-09-16,,2026-09-16T10:27:11.146416+00:00,,,legacy_unavailable,valr,USDTZAR,ZAR,USDT,,,,stablecoin_tokens,1 stablecoin token = 1 USD; no FX conversion,,,sell_stablecoin_base_hit_bids,valr_usdtzar_raw.json,e25be6f6ea793dbb63dbf39c56663f66512194cfad2114f0d100481aae1c9f67,50000,50000,50000.0,50000.0,1.0,816280.0460592902,16.325600921185803,1.0100162698534199,3.582967125510539,5,False,
native_l2,legacy:2026-09-16,legacy_directory_identifier,data/exact_l2/2026-09-16,legacy_day_root,legacy,data/exact_l2/2026-09-16/manifest.json,6a4cf7f2b858a220b2bfaa7ff942f93df16065b0b6d1fab7935be87d1b633861,data/exact_l2/2026-09-16/execution_curves.csv,609a55aed6ec3aefc91c7dc2ef59d4f3b9d059bdeb2abff49cf3426190219ff1,data/exact_l2/2026-09-16/valr_usdtzar_raw.json,e25be6f6ea793dbb63dbf39c56663f66512194cfad2114f0d100481aae1c9f67,sha256_verified,"[""base_asset"",""quote_asset"",""received_utc"",""exchange_timestamp_utc"",""source_url"",""source_params_json""]",2026-09-16,,2026-09-16T10:27:11.146416+00:00,,,legacy_unavailable,valr,USDTZAR,ZAR,USDT,,,,stablecoin_tokens,1 stablecoin token = 1 USD; no FX conversion,,,sell_stablecoin_base_hit_bids,valr_usdtzar_raw.json,e25be6f6ea793dbb63dbf39c56663f66512194cfad2114f0d100481aae1c9f67,100000,100000,100000.0,100000.0,1.0,1632350.0460592902,16.323500460592903,2.296491697680869,3.582967125510539,5,False,
native_l2,legacy:2026-09-16,legacy_directory_identifier,data/exact_l2/2026-09-16,legacy_day_root,legacy,data/exact_l2/2026-09-16/manifest.json,6a4cf7f2b858a220b2bfaa7ff942f93df16065b0b6d1fab7935be87d1b633861,data/exact_l2/2026-09-16/execution_curves.csv,609a55aed6ec3aefc91c7dc2ef59d4f3b9d059bdeb2abff49cf3426190219ff1,data/exact_l2/2026-09-16/bitkub_usdt_thb_raw.json,456d715cd8753d107fbd497b1944eb4a40233a54d466817282703a3576ec4d53,sha256_verified,"[""base_asset"",""quote_asset"",""received_utc"",""exchange_timestamp_utc"",""source_url"",""source_params_json""]",2026-09-16,,2026-09-16T10:27:11.311625+00:00,,,legacy_unavailable,bitkub,usdt_thb,THB,USDT,,,,stablecoin_tokens,1 stablecoin token = 1 USD; no FX conversion,,,sell_stablecoin_base_hit_bids,bitkub_usdt_thb_raw.json,456d715cd8753d107fbd497b1944eb4a40233a54d466817282703a3576ec4d53,1000,1000,1000.0,1000.0,1.0,33220.0,33.22,1.504890895408506,1.504890895408506,1,False,
native_l2,legacy:2026-09-16,legacy_directory_identifier,data/exact_l2/2026-09-16,legacy_day_root,legacy,data/exact_l2/2026-09-16/manifest.json,6a4cf7f2b858a220b2bfaa7ff942f93df16065b0b6d1fab7935be87d1b633861,data/exact_l2/2026-09-16/execution_curves.csv,609a55aed6ec3aefc91c7dc2ef59d4f3b9d059bdeb2abff49cf3426190219ff1,data/exact_l2/2026-09-16/bitkub_usdt_thb_raw.json,456d715cd8753d107fbd497b1944eb4a40233a54d466817282703a3576ec4d53,sha256_verified,"[""base_asset"",""quote_asset"",""received_utc"",""exchange_timestamp_utc"",""source_url"",""source_params_json""]",2026-09-16,,2026-09-16T10:27:11.311625+00:00,,,legacy_unavailable,bitkub,usdt_thb,THB,USDT,,,,stablecoin_tokens,1 stablecoin token = 1 USD; no FX conversion,,,sell_stablecoin_base_hit_bids,bitkub_usdt_thb_raw.json,456d715cd8753d107fbd497b1944eb4a40233a54d466817282703a3576ec4d53,5000,5000,5000.0,5000.0,1.0,166100.0,33.22,1.504890895408506,1.504890895408506,1,False,
native_l2,legacy:2026-09-16,legacy_directory_identifier,data/exact_l2/2026-09-16,legacy_day_root,legacy,data/exact_l2/2026-09-16/manifest.json,6a4cf7f2b858a220b2bfaa7ff942f93df16065b0b6d1fab7935be87d1b633861,data/exact_l2/2026-09-16/execution_curves.csv,609a55aed6ec3aefc91c7dc2ef59d4f3b9d059bdeb2abff49cf3426190219ff1,data/exact_l2/2026-09-16/bitkub_usdt_thb_raw.json,456d715cd8753d107fbd497b1944eb4a40233a54d466817282703a3576ec4d53,sha256_verified,"[""base_asset"",""quote_asset"",""received_utc"",""exchange_timestamp_utc"",""source_url"",""source_params_json""]",2026-09-16,,2026-09-16T10:27:11.311625+00:00,,,legacy_unavailable,bitkub,usdt_thb,THB,USDT,,,,stablecoin_tokens,1 stablecoin token = 1 USD; no FX conversion,,,sell_stablecoin_base_hit_bids,bitkub_usdt_thb_raw.json,456d715cd8753d107fbd497b1944eb4a40233a54d466817282703a3576ec4d53,10000,10000,10000.0,10000.0,1.0,332200.0,33.22,1.504890895408506,1.504890895408506,1,False,
native_l2,legacy:2026-09-16,legacy_directory_identifier,data/exact_l2/2026-09-16,legacy_day_root,legacy,data/exact_l2/2026-09-16/manifest.json,6a4cf7f2b858a220b2bfaa7ff942f93df16065b0b6d1fab7935be87d1b633861,data/exact_l2/2026-09-16/execution_curves.csv,609a55aed6ec3aefc91c7dc2ef59d4f3b9d059bdeb2abff49cf3426190219ff1,data/exact_l2/2026-09-16/bitkub_usdt_thb_raw.json,456d715cd8753d107fbd497b1944eb4a40233a54d466817282703a3576ec4d53,sha256_verified,"[""base_asset"",""quote_asset"",""received_utc"",""exchange_timestamp_utc"",""source_url"",""source_params_json""]",2026-09-16,,2026-09-16T10:27:11.311625+00:00,,,legacy_unavailable,bitkub,usdt_thb,THB,USDT,,,,stablecoin_tokens,1 stablecoin token = 1 USD; no FX conversion,,,sell_stablecoin_base_hit_bids,bitkub_usdt_thb_raw.json,456d715cd8753d107fbd497b1944eb4a40233a54d466817282703a3576ec4d53,25000,25000,25000.0,25000.0,1.0,830500.0,33.22,1.504890895408506,1.504890895408506,1,False,
native_l2,legacy:2026-09-16,legacy_directory_identifier,data/exact_l2/2026-09-16,legacy_day_root,legacy,data/exact_l2/2026-09-16/manifest.json,6a4cf7f2b858a220b2bfaa7ff942f93df16065b0b6d1fab7935be87d1b633861,data/exact_l2/2026-09-16/execution_curves.csv,609a55aed6ec3aefc91c7dc2ef59d4f3b9d059bdeb2abff49cf3426190219ff1,data/exact_l2/2026-09-16/bitkub_usdt_thb_raw.json,456d715cd8753d107fbd497b1944eb4a40233a54d466817282703a3576ec4d53,sha256_verified,"[""base_asset"",""quote_asset"",""received_utc"",""exchange_timestamp_utc"",""source_url"",""source_params_json""]",2026-09-16,,2026-09-16T10:27:11.311625+00:00,,,legacy_unavailable,bitkub,usdt_thb,THB,USDT,,,,stablecoin_tokens,1 stablecoin token = 1 USD; no FX conversion,,,sell_stablecoin_base_hit_bids,bitkub_usdt_thb_raw.json,456d715cd8753d107fbd497b1944eb4a40233a54d466817282703a3576ec4d53,50000,50000,50000.0,50000.0,1.0,1661000.0,33.22,1.504890895408506,1.504890895408506,1,False,
native_l2,legacy:2026-09-16,legacy_directory_identifier,data/exact_l2/2026-09-16,legacy_day_root,legacy,data/exact_l2/2026-09-16/manifest.json,6a4cf7f2b858a220b2bfaa7ff942f93df16065b0b6d1fab7935be87d1b633861,data/exact_l2/2026-09-16/execution_curves.csv,609a55aed6ec3aefc91c7dc2ef59d4f3b9d059bdeb2abff49cf3426190219ff1,data/exact_l2/2026-09-16/bitkub_usdt_thb_raw.json,456d715cd8753d107fbd497b1944eb4a40233a54d466817282703a3576ec4d53,sha256_verified,"[""base_asset"",""quote_asset"",""received_utc"",""exchange_timestamp_utc"",""source_url"",""source_params_json""]",2026-09-16,,2026-09-16T10:27:11.311625+00:00,,,legacy_unavailable,bitkub,usdt_thb,THB,USDT,,,,stablecoin_tokens,1 stablecoin token = 1 USD; no FX conversion,,,sell_stablecoin_base_hit_bids,bitkub_usdt_thb_raw.json,456d715cd8753d107fbd497b1944eb4a40233a54d466817282703a3576ec4d53,100000,100000,100000.0,100000.0,1.0,3322000.0,33.22,1.504890895408506,1.504890895408506,1,False,
native_l2,legacy:2026-09-17,legacy_directory_identifier,data/exact_l2/2026-09-17,legacy_day_root,legacy,data/exact_l2/2026-09-17/manifest.json,d6748ac9225f5fa96f9303ad0556578191519ce21081970dd27824d8b0d49645,data/exact_l2/2026-09-17/execution_curves.csv,e1a251e0154215c396bc4ee96b98efc98176d09ca75780d04380cc1ecfb7b508,data/exact_l2/2026-09-17/valr_usdtzar_raw.json,fbc19c5e5aed29be7843d88ef1f5e6f5f4be48b3d203e2c94345635526e77244,sha256_verified,"[""base_asset"",""quote_asset"",""received_utc"",""exchange_timestamp_utc"",""source_url"",""source_params_json""]",2026-09-17,,2026-09-17T10:35:14.811798+00:00,,,legacy_unavailable,valr,USDTZAR,ZAR,USDT,,,,stablecoin_tokens,1 stablecoin token = 1 USD; no FX conversion,,,sell_stablecoin_base_hit_bids,valr_usdtzar_raw.json,fbc19c5e5aed29be7843d88ef1f5e6f5f4be48b3d203e2c94345635526e77244,1000,1000,1000.0,1000.0,1.0,16332.2,16.3322,0.030614275438045624,0.030614275438045624,1,False,
native_l2,legacy:2026-09-17,legacy_directory_identifier,data/exact_l2/2026-09-17,legacy_day_root,legacy,data/exact_l2/2026-09-17/manifest.json,d6748ac9225f5fa96f9303ad0556578191519ce21081970dd27824d8b0d49645,data/exact_l2/2026-09-17/execution_curves.csv,e1a251e0154215c396bc4ee96b98efc98176d09ca75780d04380cc1ecfb7b508,data/exact_l2/2026-09-17/valr_usdtzar_raw.json,fbc19c5e5aed29be7843d88ef1f5e6f5f4be48b3d203e2c94345635526e77244,sha256_verified,"[""base_asset"",""quote_asset"",""received_utc"",""exchange_timestamp_utc"",""source_url"",""source_params_json""]",2026-09-17,,2026-09-17T10:35:14.811798+00:00,,,legacy_unavailable,valr,USDTZAR,ZAR,USDT,,,,stablecoin_tokens,1 stablecoin token = 1 USD; no FX conversion,,,sell_stablecoin_base_hit_bids,valr_usdtzar_raw.json,fbc19c5e5aed29be7843d88ef1f5e6f5f4be48b3d203e2c94345635526e77244,5000,5000,5000.0,5000.0,1.0,81661.0,16.3322,0.030614275438045624,0.030614275438045624,1,False,
native_l2,legacy:2026-09-17,legacy_directory_identifier,data/exact_l2/2026-09-17,legacy_day_root,legacy,data/exact_l2/2026-09-17/manifest.json,d6748ac9225f5fa96f9303ad0556578191519ce21081970dd27824d8b0d49645,data/exact_l2/2026-09-17/execution_curves.csv,e1a251e0154215c396bc4ee96b98efc98176d09ca75780d04380cc1ecfb7b508,data/exact_l2/2026-09-17/valr_usdtzar_raw.json,fbc19c5e5aed29be7843d88ef1f5e6f5f4be48b3d203e2c94345635526e77244,sha256_verified,"[""base_asset"",""quote_asset"",""received_utc"",""exchange_timestamp_utc"",""source_url"",""source_params_json""]",2026-09-17,,2026-09-17T10:35:14.811798+00:00,,,legacy_unavailable,valr,USDTZAR,ZAR,USDT,,,,stablecoin_tokens,1 stablecoin token = 1 USD; no FX conversion,,,sell_stablecoin_base_hit_bids,valr_usdtzar_raw.json,fbc19c5e5aed29be7843d88ef1f5e6f5f4be48b3d203e2c94345635526e77244,10000,10000,10000.0,10000.0,1.0,163322.0,16.3322,0.030614275438045624,0.030614275438045624,1,False,
native_l2,legacy:2026-09-17,legacy_directory_identifier,data/exact_l2/2026-09-17,legacy_day_root,legacy,data/exact_l2/2026-09-17/manifest.json,d6748ac9225f5fa96f9303ad0556578191519ce21081970dd27824d8b0d49645,data/exact_l2/2026-09-17/execution_curves.csv,e1a251e0154215c396bc4ee96b98efc98176d09ca75780d04380cc1ecfb7b508,data/exact_l2/2026-09-17/valr_usdtzar_raw.json,fbc19c5e5aed29be7843d88ef1f5e6f5f4be48b3d203e2c94345635526e77244,sha256_verified,"[""base_asset"",""quote_asset"",""received_utc"",""exchange_timestamp_utc"",""source_url"",""source_params_json""]",2026-09-17,,2026-09-17T10:35:14.811798+00:00,,,legacy_unavailable,valr,USDTZAR,ZAR,USDT,,,,stablecoin_tokens,1 stablecoin token = 1 USD; no FX conversion,,,sell_stablecoin_base_hit_bids,valr_usdtzar_raw.json,fbc19c5e5aed29be7843d88ef1f5e6f5f4be48b3d203e2c94345635526e77244,25000,25000,25000.0,25000.0,1.0,408305.0,16.3322,0.030614275438045624,0.030614275438045624,1,False,
native_l2,legacy:2026-09-17,legacy_directory_identifier,data/exact_l2/2026-09-17,legacy_day_root,legacy,data/exact_l2/2026-09-17/manifest.json,d6748ac9225f5fa96f9303ad0556578191519ce21081970dd27824d8b0d49645,data/exact_l2/2026-09-17/execution_curves.csv,e1a251e0154215c396bc4ee96b98efc98176d09ca75780d04380cc1ecfb7b508,data/exact_l2/2026-09-17/valr_usdtzar_raw.json,fbc19c5e5aed29be7843d88ef1f5e6f5f4be48b3d203e2c94345635526e77244,sha256_verified,"[""base_asset"",""quote_asset"",""received_utc"",""exchange_timestamp_utc"",""source_url"",""source_params_json""]",2026-09-17,,2026-09-17T10:35:14.811798+00:00,,,legacy_unavailable,valr,USDTZAR,ZAR,USDT,,,,stablecoin_tokens,1 stablecoin token = 1 USD; no FX conversion,,,sell_stablecoin_base_hit_bids,valr_usdtzar_raw.json,fbc19c5e5aed29be7843d88ef1f5e6f5f4be48b3d203e2c94345635526e77244,50000,50000,50000.0,50000.0,1.0,816610.0,16.3322,0.030614275438045624,0.030614275438045624,1,False,
native_l2,legacy:2026-09-17,legacy_directory_identifier,data/exact_l2/2026-09-17,legacy_day_root,legacy,data/exact_l2/2026-09-17/manifest.json,d6748ac9225f5fa96f9303ad0556578191519ce21081970dd27824d8b0d49645,data/exact_l2/2026-09-17/execution_curves.csv,e1a251e0154215c396bc4ee96b98efc98176d09ca75780d04380cc1ecfb7b508,data/exact_l2/2026-09-17/valr_usdtzar_raw.json,fbc19c5e5aed29be7843d88ef1f5e6f5f4be48b3d203e2c94345635526e77244,sha256_verified,"[""base_asset"",""quote_asset"",""received_utc"",""exchange_timestamp_utc"",""source_url"",""source_params_json""]",2026-09-17,,2026-09-17T10:35:14.811798+00:00,,,legacy_unavailable,valr,USDTZAR,ZAR,USDT,,,,stablecoin_tokens,1 stablecoin token = 1 USD; no FX conversion,,,sell_stablecoin_base_hit_bids,valr_usdtzar_raw.json,fbc19c5e5aed29be7843d88ef1f5e6f5f4be48b3d203e2c94345635526e77244,100000,100000,100000.0,100000.0,1.0,1633220.0,16.3322,0.030614275438045624,0.030614275438045624,1,False,
native_l2,legacy:2026-09-17,legacy_directory_identifier,data/exact_l2/2026-09-17,legacy_day_root,legacy,data/exact_l2/2026-09-17/manifest.json,d6748ac9225f5fa96f9303ad0556578191519ce21081970dd27824d8b0d49645,data/exact_l2/2026-09-17/execution_curves.csv,e1a251e0154215c396bc4ee96b98efc98176d09ca75780d04380cc1ecfb7b508,data/exact_l2/2026-09-17/bitkub_usdt_thb_raw.json,448693e8da2dd16c8a7073cb476e5e6425296161b6bfecff0234a17a22a0565c,sha256_verified,"[""base_asset"",""quote_asset"",""received_utc"",""exchange_timestamp_utc"",""source_url"",""source_params_json""]",2026-09-17,,2026-09-17T10:35:15.070440+00:00,,,legacy_unavailable,bitkub,usdt_thb,THB,USDT,,,,stablecoin_tokens,1 stablecoin token = 1 USD; no FX conversion,,,sell_stablecoin_base_hit_bids,bitkub_usdt_thb_raw.json,448693e8da2dd16c8a7073cb476e5e6425296161b6bfecff0234a17a22a0565c,1000,1000,1000.0,1000.0,1.0,33270.0,33.27,1.5026296018039176,1.5026296018039176,1,False,
native_l2,legacy:2026-09-17,legacy_directory_identifier,data/exact_l2/2026-09-17,legacy_day_root,legacy,data/exact_l2/2026-09-17/manifest.json,d6748ac9225f5fa96f9303ad0556578191519ce21081970dd27824d8b0d49645,data/exact_l2/2026-09-17/execution_curves.csv,e1a251e0154215c396bc4ee96b98efc98176d09ca75780d04380cc1ecfb7b508,data/exact_l2/2026-09-17/bitkub_usdt_thb_raw.json,448693e8da2dd16c8a7073cb476e5e6425296161b6bfecff0234a17a22a0565c,sha256_verified,"[""base_asset"",""quote_asset"",""received_utc"",""exchange_timestamp_utc"",""source_url"",""source_params_json""]",2026-09-17,,2026-09-17T10:35:15.070440+00:00,,,legacy_unavailable,bitkub,usdt_thb,THB,USDT,,,,stablecoin_tokens,1 stablecoin token = 1 USD; no FX conversion,,,sell_stablecoin_base_hit_bids,bitkub_usdt_thb_raw.json,448693e8da2dd16c8a7073cb476e5e6425296161b6bfecff0234a17a22a0565c,5000,5000,5000.0,5000.0,1.0,166350.00000000003,33.27,1.5026296018039176,1.5026296018039176,1,False,
native_l2,legacy:2026-09-17,legacy_directory_identifier,data/exact_l2/2026-09-17,legacy_day_root,legacy,data/exact_l2/2026-09-17/manifest.json,d6748ac9225f5fa96f9303ad0556578191519ce21081970dd27824d8b0d49645,data/exact_l2/2026-09-17/execution_curves.csv,e1a251e0154215c396bc4ee96b98efc98176d09ca75780d04380cc1ecfb7b508,data/exact_l2/2026-09-17/bitkub_usdt_thb_raw.json,448693e8da2dd16c8a7073cb476e5e6425296161b6bfecff0234a17a22a0565c,sha256_verified,"[""base_asset"",""quote_asset"",""received_utc"",""exchange_timestamp_utc"",""source_url"",""source_params_json""]",2026-09-17,,2026-09-17T10:35:15.070440+00:00,,,legacy_unavailable,bitkub,usdt_thb,THB,USDT,,,,stablecoin_tokens,1 stablecoin token = 1 USD; no FX conversion,,,sell_stablecoin_base_hit_bids,bitkub_usdt_thb_raw.json,448693e8da2dd16c8a7073cb476e5e6425296161b6bfecff0234a17a22a0565c,10000,10000,10000.0,10000.0,1.0,332700.00000000006,33.27,1.5026296018039176,1.5026296018039176,1,False,
native_l2,legacy:2026-09-17,legacy_directory_identifier,data/exact_l2/2026-09-17,legacy_day_root,legacy,data/exact_l2/2026-09-17/manifest.json,d6748ac9225f5fa96f9303ad0556578191519ce21081970dd27824d8b0d49645,data/exact_l2/2026-09-17/execution_curves.csv,e1a251e0154215c396bc4ee96b98efc98176d09ca75780d04380cc1ecfb7b508,data/exact_l2/2026-09-17/bitkub_usdt_thb_raw.json,448693e8da2dd16c8a7073cb476e5e6425296161b6bfecff0234a17a22a0565c,sha256_verified,"[""base_asset"",""quote_asset"",""received_utc"",""exchange_timestamp_utc"",""source_url"",""source_params_json""]",2026-09-17,,2026-09-17T10:35:15.070440+00:00,,,legacy_unavailable,bitkub,usdt_thb,THB,USDT,,,,stablecoin_tokens,1 stablecoin token = 1 USD; no FX conversion,,,sell_stablecoin_base_hit_bids,bitkub_usdt_thb_raw.json,448693e8da2dd16c8a7073cb476e5e6425296161b6bfecff0234a17a22a0565c,25000,25000,25000.0,25000.0,1.0,831750.0000000001,33.27,1.5026296018039176,1.5026296018039176,1,False,
native_l2,legacy:2026-09-17,legacy_directory_identifier,data/exact_l2/2026-09-17,legacy_day_root,legacy,data/exact_l2/2026-09-17/manifest.json,d6748ac9225f5fa96f9303ad0556578191519ce21081970dd27824d8b0d49645,data/exact_l2/2026-09-17/execution_curves.csv,e1a251e0154215c396bc4ee96b98efc98176d09ca75780d04380cc1ecfb7b508,data/exact_l2/2026-09-17/bitkub_usdt_thb_raw.json,448693e8da2dd16c8a7073cb476e5e6425296161b6bfecff0234a17a22a0565c,sha256_verified,"[""base_asset"",""quote_asset"",""received_utc"",""exchange_timestamp_utc"",""source_url"",""source_params_json""]",2026-09-17,,2026-09-17T10:35:15.070440+00:00,,,legacy_unavailable,bitkub,usdt_thb,THB,USDT,,,,stablecoin_tokens,1 stablecoin token = 1 USD; no FX conversion,,,sell_stablecoin_base_hit_bids,bitkub_usdt_thb_raw.json,448693e8da2dd16c8a7073cb476e5e6425296161b6bfecff0234a17a22a0565c,50000,50000,50000.0,50000.0,1.0,1663500.0000000002,33.27,1.5026296018039176,1.5026296018039176,1,False,
native_l2,legacy:2026-09-17,legacy_directory_identifier,data/exact_l2/2026-09-17,legacy_day_root,legacy,data/exact_l2/2026-09-17/manifest.json,d6748ac9225f5fa96f9303ad0556578191519ce21081970dd27824d8b0d49645,data/exact_l2/2026-09-17/execution_curves.csv,e1a251e0154215c396bc4ee96b98efc98176d09ca75780d04380cc1ecfb7b508,data/exact_l2/2026-09-17/bitkub_usdt_thb_raw.json,448693e8da2dd16c8a7073cb476e5e6425296161b6bfecff0234a17a22a0565c,sha256_verified,"[""base_asset"",""quote_asset"",""received_utc"",""exchange_timestamp_utc"",""source_url"",""source_params_json""]",2026-09-17,,2026-09-17T10:35:15.070440+00:00,,,legacy_unavailable,bitkub,usdt_thb,THB,USDT,,,,stablecoin_tokens,1 stablecoin token = 1 USD; no FX conversion,,,sell_stablecoin_base_hit_bids,bitkub_usdt_thb_raw.json,448693e8da2dd16c8a7073cb476e5e6425296161b6bfecff0234a17a22a0565c,100000,100000,100000.0,100000.0,1.0,3327000.0000000005,33.27,1.5026296018039176,1.5026296018039176,1,False,
native_l2,legacy:2026-09-18,legacy_directory_identifier,data/exact_l2/2026-09-18,legacy_day_root,legacy,data/exact_l2/2026-09-18/manifest.json,0286ee8abb7ef74968a676d29b1f1c35f8e3b8bf8b3bd1475164c5bcb32eed6c,data/exact_l2/2026-09-18/execution_curves.csv,99594b7b2c2793a8a19a36a191ef12db9022f1e7687aafdcfb93f6ef213ef535,data/exact_l2/2026-09-18/valr_usdtzar_raw.json,993b455c494794ee3654d35b022d21971bc4d888af9c847ad1af1c4fea9a8842,sha256_verified,"[""base_asset"",""quote_asset"",""received_utc"",""exchange_timestamp_utc"",""source_url"",""source_params_json""]",2026-09-18,,2026-09-18T10:12:51.556611+00:00,,,legacy_unavailable,valr,USDTZAR,ZAR,USDT,,,,stablecoin_tokens,1 stablecoin token = 1 USD; no FX conversion,,,sell_stablecoin_base_hit_bids,valr_usdtzar_raw.json,993b455c494794ee3654d35b022d21971bc4d888af9c847ad1af1c4fea9a8842,1000,1000,1000.0,1000.0,1.0,16290.207790569999,16.290207790569998,3.5237033925605843,3.5284840711946597,3,False,
native_l2,legacy:2026-09-18,legacy_directory_identifier,data/exact_l2/2026-09-18,legacy_day_root,legacy,data/exact_l2/2026-09-18/manifest.json,0286ee8abb7ef74968a676d29b1f1c35f8e3b8bf8b3bd1475164c5bcb32eed6c,data/exact_l2/2026-09-18/execution_curves.csv,99594b7b2c2793a8a19a36a191ef12db9022f1e7687aafdcfb93f6ef213ef535,data/exact_l2/2026-09-18/valr_usdtzar_raw.json,993b455c494794ee3654d35b022d21971bc4d888af9c847ad1af1c4fea9a8842,sha256_verified,"[""base_asset"",""quote_asset"",""received_utc"",""exchange_timestamp_utc"",""source_url"",""source_params_json""]",2026-09-18,,2026-09-18T10:12:51.556611+00:00,,,legacy_unavailable,valr,USDTZAR,ZAR,USDT,,,,stablecoin_tokens,1 stablecoin token = 1 USD; no FX conversion,,,sell_stablecoin_base_hit_bids,valr_usdtzar_raw.json,993b455c494794ee3654d35b022d21971bc4d888af9c847ad1af1c4fea9a8842,5000,5000,5000.000000000001,5000.000000000001,1.0000000000000002,81451.00779057,16.290201558114,3.5275279354674005,3.5284840711946597,3,False,
native_l2,legacy:2026-09-18,legacy_directory_identifier,data/exact_l2/2026-09-18,legacy_day_root,legacy,data/exact_l2/2026-09-18/manifest.json,0286ee8abb7ef74968a676d29b1f1c35f8e3b8bf8b3bd1475164c5bcb32eed6c,data/exact_l2/2026-09-18/execution_curves.csv,99594b7b2c2793a8a19a36a191ef12db9022f1e7687aafdcfb93f6ef213ef535,data/exact_l2/2026-09-18/valr_usdtzar_raw.json,993b455c494794ee3654d35b022d21971bc4d888af9c847ad1af1c4fea9a8842,sha256_verified,"[""base_asset"",""quote_asset"",""received_utc"",""exchange_timestamp_utc"",""source_url"",""source_params_json""]",2026-09-18,,2026-09-18T10:12:51.556611+00:00,,,legacy_unavailable,valr,USDTZAR,ZAR,USDT,,,,stablecoin_tokens,1 stablecoin token = 1 USD; no FX conversion,,,sell_stablecoin_base_hit_bids,valr_usdtzar_raw.json,993b455c494794ee3654d35b022d21971bc4d888af9c847ad1af1c4fea9a8842,10000,10000,10000.0,10000.0,1.0,162902.00779056997,16.290200779057,3.528006003331585,3.5284840711946597,3,False,
native_l2,legacy:2026-09-18,legacy_directory_identifier,data/exact_l2/2026-09-18,legacy_day_root,legacy,data/exact_l2/2026-09-18/manifest.json,0286ee8abb7ef74968a676d29b1f1c35f8e3b8bf8b3bd1475164c5bcb32eed6c,data/exact_l2/2026-09-18/execution_curves.csv,99594b7b2c2793a8a19a36a191ef12db9022f1e7687aafdcfb93f6ef213ef535,data/exact_l2/2026-09-18/valr_usdtzar_raw.json,993b455c494794ee3654d35b022d21971bc4d888af9c847ad1af1c4fea9a8842,sha256_verified,"[""base_asset"",""quote_asset"",""received_utc"",""exchange_timestamp_utc"",""source_url"",""source_params_json""]",2026-09-18,,2026-09-18T10:12:51.556611+00:00,,,legacy_unavailable,valr,USDTZAR,ZAR,USDT,,,,stablecoin_tokens,1 stablecoin token = 1 USD; no FX conversion,,,sell_stablecoin_base_hit_bids,valr_usdtzar_raw.json,993b455c494794ee3654d35b022d21971bc4d888af9c847ad1af1c4fea9a8842,25000,25000,24999.999999999996,24999.999999999996,0.9999999999999999,407254.1954520099,16.2901678180804,3.54823248696734,3.5898490115637838,4,False,
native_l2,legacy:2026-09-18,legacy_directory_identifier,data/exact_l2/2026-09-18,legacy_day_root,legacy,data/exact_l2/2026-09-18/manifest.json,0286ee8abb7ef74968a676d29b1f1c35f8e3b8bf8b3bd1475164c5bcb32eed6c,data/exact_l2/2026-09-18/execution_curves.csv,99594b7b2c2793a8a19a36a191ef12db9022f1e7687aafdcfb93f6ef213ef535,data/exact_l2/2026-09-18/valr_usdtzar_raw.json,993b455c494794ee3654d35b022d21971bc4d888af9c847ad1af1c4fea9a8842,sha256_verified,"[""base_asset"",""quote_asset"",""received_utc"",""exchange_timestamp_utc"",""source_url"",""source_params_json""]",2026-09-18,,2026-09-18T10:12:51.556611+00:00,,,legacy_unavailable,valr,USDTZAR,ZAR,USDT,,,,stablecoin_tokens,1 stablecoin token = 1 USD; no FX conversion,,,sell_stablecoin_base_hit_bids,valr_usdtzar_raw.json,993b455c494794ee3654d35b022d21971bc4d888af9c847ad1af1c4fea9a8842,50000,50000,50000.0,50000.0,1.0,814435.7537619501,16.288715075239,4.439707265300186,9.726343048424013,8,False,
native_l2,legacy:2026-09-18,legacy_directory_identifier,data/exact_l2/2026-09-18,legacy_day_root,legacy,data/exact_l2/2026-09-18/manifest.json,0286ee8abb7ef74968a676d29b1f1c35f8e3b8bf8b3bd1475164c5bcb32eed6c,data/exact_l2/2026-09-18/execution_curves.csv,99594b7b2c2793a8a19a36a191ef12db9022f1e7687aafdcfb93f6ef213ef535,data/exact_l2/2026-09-18/valr_usdtzar_raw.json,993b455c494794ee3654d35b022d21971bc4d888af9c847ad1af1c4fea9a8842,sha256_verified,"[""base_asset"",""quote_asset"",""received_utc"",""exchange_timestamp_utc"",""source_url"",""source_params_json""]",2026-09-18,,2026-09-18T10:12:51.556611+00:00,,,legacy_unavailable,valr,USDTZAR,ZAR,USDT,,,,stablecoin_tokens,1 stablecoin token = 1 USD; no FX conversion,,,sell_stablecoin_base_hit_bids,valr_usdtzar_raw.json,993b455c494794ee3654d35b022d21971bc4d888af9c847ad1af1c4fea9a8842,100000,100000,100000.0,100000.0,1.0,1628440.75376195,16.2844075376195,7.083025156862099,9.726343048424013,8,False,
native_l2,legacy:2026-09-18,legacy_directory_identifier,data/exact_l2/2026-09-18,legacy_day_root,legacy,data/exact_l2/2026-09-18/manifest.json,0286ee8abb7ef74968a676d29b1f1c35f8e3b8bf8b3bd1475164c5bcb32eed6c,data/exact_l2/2026-09-18/execution_curves.csv,99594b7b2c2793a8a19a36a191ef12db9022f1e7687aafdcfb93f6ef213ef535,data/exact_l2/2026-09-18/bitkub_usdt_thb_raw.json,cde7d02b90f097df8cfa63553fed7f7bf11a5f06688279860d9988f786253367,sha256_verified,"[""base_asset"",""quote_asset"",""received_utc"",""exchange_timestamp_utc"",""source_url"",""source_params_json""]",2026-09-18,,2026-09-18T10:12:51.788158+00:00,,,legacy_unavailable,bitkub,usdt_thb,THB,USDT,,,,stablecoin_tokens,1 stablecoin token = 1 USD; no FX conversion,,,sell_stablecoin_base_hit_bids,bitkub_usdt_thb_raw.json,cde7d02b90f097df8cfa63553fed7f7bf11a5f06688279860d9988f786253367,1000,1000,1000.0,1000.0,1.0,33260.0,33.26,1.5030813167005164,1.5030813167005164,1,False,
native_l2,legacy:2026-09-18,legacy_directory_identifier,data/exact_l2/2026-09-18,legacy_day_root,legacy,data/exact_l2/2026-09-18/manifest.json,0286ee8abb7ef74968a676d29b1f1c35f8e3b8bf8b3bd1475164c5bcb32eed6c,data/exact_l2/2026-09-18/execution_curves.csv,99594b7b2c2793a8a19a36a191ef12db9022f1e7687aafdcfb93f6ef213ef535,data/exact_l2/2026-09-18/bitkub_usdt_thb_raw.json,cde7d02b90f097df8cfa63553fed7f7bf11a5f06688279860d9988f786253367,sha256_verified,"[""base_asset"",""quote_asset"",""received_utc"",""exchange_timestamp_utc"",""source_url"",""source_params_json""]",2026-09-18,,2026-09-18T10:12:51.788158+00:00,,,legacy_unavailable,bitkub,usdt_thb,THB,USDT,,,,stablecoin_tokens,1 stablecoin token = 1 USD; no FX conversion,,,sell_stablecoin_base_hit_bids,bitkub_usdt_thb_raw.json,cde7d02b90f097df8cfa63553fed7f7bf11a5f06688279860d9988f786253367,5000,5000,5000.0,5000.0,1.0,166300.0,33.26,1.5030813167005164,1.5030813167005164,1,False,
native_l2,legacy:2026-09-18,legacy_directory_identifier,data/exact_l2/2026-09-18,legacy_day_root,legacy,data/exact_l2/2026-09-18/manifest.json,0286ee8abb7ef74968a676d29b1f1c35f8e3b8bf8b3bd1475164c5bcb32eed6c,data/exact_l2/2026-09-18/execution_curves.csv,99594b7b2c2793a8a19a36a191ef12db9022f1e7687aafdcfb93f6ef213ef535,data/exact_l2/2026-09-18/bitkub_usdt_thb_raw.json,cde7d02b90f097df8cfa63553fed7f7bf11a5f06688279860d9988f786253367,sha256_verified,"[""base_asset"",""quote_asset"",""received_utc"",""exchange_timestamp_utc"",""source_url"",""source_params_json""]",2026-09-18,,2026-09-18T10:12:51.788158+00:00,,,legacy_unavailable,bitkub,usdt_thb,THB,USDT,,,,stablecoin_tokens,1 stablecoin token = 1 USD; no FX conversion,,,sell_stablecoin_base_hit_bids,bitkub_usdt_thb_raw.json,cde7d02b90f097df8cfa63553fed7f7bf11a5f06688279860d9988f786253367,10000,10000,10000.0,10000.0,1.0,332600.0,33.26,1.5030813167005164,1.5030813167005164,1,False,
native_l2,legacy:2026-09-18,legacy_directory_identifier,data/exact_l2/2026-09-18,legacy_day_root,legacy,data/exact_l2/2026-09-18/manifest.json,0286ee8abb7ef74968a676d29b1f1c35f8e3b8bf8b3bd1475164c5bcb32eed6c,data/exact_l2/2026-09-18/execution_curves.csv,99594b7b2c2793a8a19a36a191ef12db9022f1e7687aafdcfb93f6ef213ef535,data/exact_l2/2026-09-18/bitkub_usdt_thb_raw.json,cde7d02b90f097df8cfa63553fed7f7bf11a5f06688279860d9988f786253367,sha256_verified,"[""base_asset"",""quote_asset"",""received_utc"",""exchange_timestamp_utc"",""source_url"",""source_params_json""]",2026-09-18,,2026-09-18T10:12:51.788158+00:00,,,legacy_unavailable,bitkub,usdt_thb,THB,USDT,,,,stablecoin_tokens,1 stablecoin token = 1 USD; no FX conversion,,,sell_stablecoin_base_hit_bids,bitkub_usdt_thb_raw.json,cde7d02b90f097df8cfa63553fed7f7bf11a5f06688279860d9988f786253367,25000,25000,25000.0,25000.0,1.0,831500.0,33.26,1.5030813167005164,1.5030813167005164,1,False,
native_l2,legacy:2026-09-18,legacy_directory_identifier,data/exact_l2/2026-09-18,legacy_day_root,legacy,data/exact_l2/2026-09-18/manifest.json,0286ee8abb7ef74968a676d29b1f1c35f8e3b8bf8b3bd1475164c5bcb32eed6c,data/exact_l2/2026-09-18/execution_curves.csv,99594b7b2c2793a8a19a36a191ef12db9022f1e7687aafdcfb93f6ef213ef535,data/exact_l2/2026-09-18/bitkub_usdt_thb_raw.json,cde7d02b90f097df8cfa63553fed7f7bf11a5f06688279860d9988f786253367,sha256_verified,"[""base_asset"",""quote_asset"",""received_utc"",""exchange_timestamp_utc"",""source_url"",""source_params_json""]",2026-09-18,,2026-09-18T10:12:51.788158+00:00,,,legacy_unavailable,bitkub,usdt_thb,THB,USDT,,,,stablecoin_tokens,1 stablecoin token = 1 USD; no FX conversion,,,sell_stablecoin_base_hit_bids,bitkub_usdt_thb_raw.json,cde7d02b90f097df8cfa63553fed7f7bf11a5f06688279860d9988f786253367,50000,50000,50000.0,50000.0,1.0,1663000.0,33.26,1.5030813167005164,1.5030813167005164,1,False,
native_l2,legacy:2026-09-18,legacy_directory_identifier,data/exact_l2/2026-09-18,legacy_day_root,legacy,data/exact_l2/2026-09-18/manifest.json,0286ee8abb7ef74968a676d29b1f1c35f8e3b8bf8b3bd1475164c5bcb32eed6c,data/exact_l2/2026-09-18/execution_curves.csv,99594b7b2c2793a8a19a36a191ef12db9022f1e7687aafdcfb93f6ef213ef535,data/exact_l2/2026-09-18/bitkub_usdt_thb_raw.json,cde7d02b90f097df8cfa63553fed7f7bf11a5f06688279860d9988f786253367,sha256_verified,"[""base_asset"",""quote_asset"",""received_utc"",""exchange_timestamp_utc"",""source_url"",""source_params_json""]",2026-09-18,,2026-09-18T10:12:51.788158+00:00,,,legacy_unavailable,bitkub,usdt_thb,THB,USDT,,,,stablecoin_tokens,1 stablecoin token = 1 USD; no FX conversion,,,sell_stablecoin_base_hit_bids,bitkub_usdt_thb_raw.json,cde7d02b90f097df8cfa63553fed7f7bf11a5f06688279860d9988f786253367,100000,100000,100000.0,100000.0,1.0,3326000.0,33.26,1.5030813167005164,1.5030813167005164,1,False,
native_l2,legacy:2026-09-19,legacy_directory_identifier,data/exact_l2/2026-09-19,legacy_day_root,legacy,data/exact_l2/2026-09-19/manifest.json,85f5d20cb06d27edde43c920ca91a33461c1ae8f17478241649bff86157c5196,data/exact_l2/2026-09-19/execution_curves.csv,bad6afe63f880c9afd96d894c4386d5a8ed5c1c12ed8312916a72bfc3e6623db,data/exact_l2/2026-09-19/valr_usdtzar_raw.json,43be01eec7c06774134a00d27bcd3e3d197b8534bca68067d530456182517b8e,sha256_verified,"[""base_asset"",""quote_asset"",""received_utc"",""exchange_timestamp_utc"",""source_url"",""source_params_json""]",2026-09-19,,2026-09-19T09:53:12.475680+00:00,,,legacy_unavailable,valr,USDTZAR,ZAR,USDT,,,,stablecoin_tokens,1 stablecoin token = 1 USD; no FX conversion,,,sell_stablecoin_base_hit_bids,valr_usdtzar_raw.json,43be01eec7c06774134a00d27bcd3e3d197b8534bca68067d530456182517b8e,1000,1000,1000.0,1000.0,1.0,16300.4,16.3004,0.030673999796837492,0.030673999796837492,1,False,
native_l2,legacy:2026-09-19,legacy_directory_identifier,data/exact_l2/2026-09-19,legacy_day_root,legacy,data/exact_l2/2026-09-19/manifest.json,85f5d20cb06d27edde43c920ca91a33461c1ae8f17478241649bff86157c5196,data/exact_l2/2026-09-19/execution_curves.csv,bad6afe63f880c9afd96d894c4386d5a8ed5c1c12ed8312916a72bfc3e6623db,data/exact_l2/2026-09-19/valr_usdtzar_raw.json,43be01eec7c06774134a00d27bcd3e3d197b8534bca68067d530456182517b8e,sha256_verified,"[""base_asset"",""quote_asset"",""received_utc"",""exchange_timestamp_utc"",""source_url"",""source_params_json""]",2026-09-19,,2026-09-19T09:53:12.475680+00:00,,,legacy_unavailable,valr,USDTZAR,ZAR,USDT,,,,stablecoin_tokens,1 stablecoin token = 1 USD; no FX conversion,,,sell_stablecoin_base_hit_bids,valr_usdtzar_raw.json,43be01eec7c06774134a00d27bcd3e3d197b8534bca68067d530456182517b8e,5000,5000,5000.0,5000.0,1.0,81502.0,16.3004,0.030673999796837492,0.030673999796837492,1,False,
native_l2,legacy:2026-09-19,legacy_directory_identifier,data/exact_l2/2026-09-19,legacy_day_root,legacy,data/exact_l2/2026-09-19/manifest.json,85f5d20cb06d27edde43c920ca91a33461c1ae8f17478241649bff86157c5196,data/exact_l2/2026-09-19/execution_curves.csv,bad6afe63f880c9afd96d894c4386d5a8ed5c1c12ed8312916a72bfc3e6623db,data/exact_l2/2026-09-19/valr_usdtzar_raw.json,43be01eec7c06774134a00d27bcd3e3d197b8534bca68067d530456182517b8e,sha256_verified,"[""base_asset"",""quote_asset"",""received_utc"",""exchange_timestamp_utc"",""source_url"",""source_params_json""]",2026-09-19,,2026-09-19T09:53:12.475680+00:00,,,legacy_unavailable,valr,USDTZAR,ZAR,USDT,,,,stablecoin_tokens,1 stablecoin token = 1 USD; no FX conversion,,,sell_stablecoin_base_hit_bids,valr_usdtzar_raw.json,43be01eec7c06774134a00d27bcd3e3d197b8534bca68067d530456182517b8e,10000,10000,10000.0,10000.0,1.0,163004.0,16.3004,0.030673999796837492,0.030673999796837492,1,False,
native_l2,legacy:2026-09-19,legacy_directory_identifier,data/exact_l2/2026-09-19,legacy_day_root,legacy,data/exact_l2/2026-09-19/manifest.json,85f5d20cb06d27edde43c920ca91a33461c1ae8f17478241649bff86157c5196,data/exact_l2/2026-09-19/execution_curves.csv,bad6afe63f880c9afd96d894c4386d5a8ed5c1c12ed8312916a72bfc3e6623db,data/exact_l2/2026-09-19/valr_usdtzar_raw.json,43be01eec7c06774134a00d27bcd3e3d197b8534bca68067d530456182517b8e,sha256_verified,"[""base_asset"",""quote_asset"",""received_utc"",""exchange_timestamp_utc"",""source_url"",""source_params_json""]",2026-09-19,,2026-09-19T09:53:12.475680+00:00,,,legacy_unavailable,valr,USDTZAR,ZAR,USDT,,,,stablecoin_tokens,1 stablecoin token = 1 USD; no FX conversion,,,sell_stablecoin_base_hit_bids,valr_usdtzar_raw.json,43be01eec7c06774134a00d27bcd3e3d197b8534bca68067d530456182517b8e,25000,25000,25000.0,25000.0,1.0,407510.0,16.3004,0.030673999796837492,0.030673999796837492,1,False,
native_l2,legacy:2026-09-19,legacy_directory_identifier,data/exact_l2/2026-09-19,legacy_day_root,legacy,data/exact_l2/2026-09-19/manifest.json,85f5d20cb06d27edde43c920ca91a33461c1ae8f17478241649bff86157c5196,data/exact_l2/2026-09-19/execution_curves.csv,bad6afe63f880c9afd96d894c4386d5a8ed5c1c12ed8312916a72bfc3e6623db,data/exact_l2/2026-09-19/valr_usdtzar_raw.json,43be01eec7c06774134a00d27bcd3e3d197b8534bca68067d530456182517b8e,sha256_verified,"[""base_asset"",""quote_asset"",""received_utc"",""exchange_timestamp_utc"",""source_url"",""source_params_json""]",2026-09-19,,2026-09-19T09:53:12.475680+00:00,,,legacy_unavailable,valr,USDTZAR,ZAR,USDT,,,,stablecoin_tokens,1 stablecoin token = 1 USD; no FX conversion,,,sell_stablecoin_base_hit_bids,valr_usdtzar_raw.json,43be01eec7c06774134a00d27bcd3e3d197b8534bca68067d530456182517b8e,50000,50000,50000.0,50000.0,1.0,815020.0,16.3004,0.030673999796837492,0.030673999796837492,1,False,
native_l2,legacy:2026-09-19,legacy_directory_identifier,data/exact_l2/2026-09-19,legacy_day_root,legacy,data/exact_l2/2026-09-19/manifest.json,85f5d20cb06d27edde43c920ca91a33461c1ae8f17478241649bff86157c5196,data/exact_l2/2026-09-19/execution_curves.csv,bad6afe63f880c9afd96d894c4386d5a8ed5c1c12ed8312916a72bfc3e6623db,data/exact_l2/2026-09-19/valr_usdtzar_raw.json,43be01eec7c06774134a00d27bcd3e3d197b8534bca68067d530456182517b8e,sha256_verified,"[""base_asset"",""quote_asset"",""received_utc"",""exchange_timestamp_utc"",""source_url"",""source_params_json""]",2026-09-19,,2026-09-19T09:53:12.475680+00:00,,,legacy_unavailable,valr,USDTZAR,ZAR,USDT,,,,stablecoin_tokens,1 stablecoin token = 1 USD; no FX conversion,,,sell_stablecoin_base_hit_bids,valr_usdtzar_raw.json,43be01eec7c06774134a00d27bcd3e3d197b8534bca68067d530456182517b8e,100000,100000,100000.0,100000.0,1.0,1630040.0,16.3004,0.030673999796837492,0.030673999796837492,1,False,
native_l2,legacy:2026-09-19,legacy_directory_identifier,data/exact_l2/2026-09-19,legacy_day_root,legacy,data/exact_l2/2026-09-19/manifest.json,85f5d20cb06d27edde43c920ca91a33461c1ae8f17478241649bff86157c5196,data/exact_l2/2026-09-19/execution_curves.csv,bad6afe63f880c9afd96d894c4386d5a8ed5c1c12ed8312916a72bfc3e6623db,data/exact_l2/2026-09-19/bitkub_usdt_thb_raw.json,d8becea38ada49b4bce5aef1a05f7e9d684253c55704c8e55e39d824d55c6f9e,sha256_verified,"[""base_asset"",""quote_asset"",""received_utc"",""exchange_timestamp_utc"",""source_url"",""source_params_json""]",2026-09-19,,2026-09-19T09:53:12.760315+00:00,,,legacy_unavailable,bitkub,usdt_thb,THB,USDT,,,,stablecoin_tokens,1 stablecoin token = 1 USD; no FX conversion,,,sell_stablecoin_base_hit_bids,bitkub_usdt_thb_raw.json,d8becea38ada49b4bce5aef1a05f7e9d684253c55704c8e55e39d824d55c6f9e,1000,1000,1000.0,1000.0,1.0,33140.0,33.14,1.5085231558287227,1.5085231558287227,1,False,
native_l2,legacy:2026-09-19,legacy_directory_identifier,data/exact_l2/2026-09-19,legacy_day_root,legacy,data/exact_l2/2026-09-19/manifest.json,85f5d20cb06d27edde43c920ca91a33461c1ae8f17478241649bff86157c5196,data/exact_l2/2026-09-19/execution_curves.csv,bad6afe63f880c9afd96d894c4386d5a8ed5c1c12ed8312916a72bfc3e6623db,data/exact_l2/2026-09-19/bitkub_usdt_thb_raw.json,d8becea38ada49b4bce5aef1a05f7e9d684253c55704c8e55e39d824d55c6f9e,sha256_verified,"[""base_asset"",""quote_asset"",""received_utc"",""exchange_timestamp_utc"",""source_url"",""source_params_json""]",2026-09-19,,2026-09-19T09:53:12.760315+00:00,,,legacy_unavailable,bitkub,usdt_thb,THB,USDT,,,,stablecoin_tokens,1 stablecoin token = 1 USD; no FX conversion,,,sell_stablecoin_base_hit_bids,bitkub_usdt_thb_raw.json,d8becea38ada49b4bce5aef1a05f7e9d684253c55704c8e55e39d824d55c6f9e,5000,5000,5000.0,5000.0,1.0,165700.0,33.14,1.5085231558287227,1.5085231558287227,1,False,
native_l2,legacy:2026-09-19,legacy_directory_identifier,data/exact_l2/2026-09-19,legacy_day_root,legacy,data/exact_l2/2026-09-19/manifest.json,85f5d20cb06d27edde43c920ca91a33461c1ae8f17478241649bff86157c5196,data/exact_l2/2026-09-19/execution_curves.csv,bad6afe63f880c9afd96d894c4386d5a8ed5c1c12ed8312916a72bfc3e6623db,data/exact_l2/2026-09-19/bitkub_usdt_thb_raw.json,d8becea38ada49b4bce5aef1a05f7e9d684253c55704c8e55e39d824d55c6f9e,sha256_verified,"[""base_asset"",""quote_asset"",""received_utc"",""exchange_timestamp_utc"",""source_url"",""source_params_json""]",2026-09-19,,2026-09-19T09:53:12.760315+00:00,,,legacy_unavailable,bitkub,usdt_thb,THB,USDT,,,,stablecoin_tokens,1 stablecoin token = 1 USD; no FX conversion,,,sell_stablecoin_base_hit_bids,bitkub_usdt_thb_raw.json,d8becea38ada49b4bce5aef1a05f7e9d684253c55704c8e55e39d824d55c6f9e,10000,10000,10000.0,10000.0,1.0,331400.0,33.14,1.5085231558287227,1.5085231558287227,1,False,
native_l2,legacy:2026-09-19,legacy_directory_identifier,data/exact_l2/2026-09-19,legacy_day_root,legacy,data/exact_l2/2026-09-19/manifest.json,85f5d20cb06d27edde43c920ca91a33461c1ae8f17478241649bff86157c5196,data/exact_l2/2026-09-19/execution_curves.csv,bad6afe63f880c9afd96d894c4386d5a8ed5c1c12ed8312916a72bfc3e6623db,data/exact_l2/2026-09-19/bitkub_usdt_thb_raw.json,d8becea38ada49b4bce5aef1a05f7e9d684253c55704c8e55e39d824d55c6f9e,sha256_verified,"[""base_asset"",""quote_asset"",""received_utc"",""exchange_timestamp_utc"",""source_url"",""source_params_json""]",2026-09-19,,2026-09-19T09:53:12.760315+00:00,,,legacy_unavailable,bitkub,usdt_thb,THB,USDT,,,,stablecoin_tokens,1 stablecoin token = 1 USD; no FX conversion,,,sell_stablecoin_base_hit_bids,bitkub_usdt_thb_raw.json,d8becea38ada49b4bce5aef1a05f7e9d684253c55704c8e55e39d824d55c6f9e,25000,25000,25000.0,25000.0,1.0,828500.0,33.14,1.5085231558287227,1.5085231558287227,1,False,
native_l2,legacy:2026-09-19,legacy_directory_identifier,data/exact_l2/2026-09-19,legacy_day_root,legacy,data/exact_l2/2026-09-19/manifest.json,85f5d20cb06d27edde43c920ca91a33461c1ae8f17478241649bff86157c5196,data/exact_l2/2026-09-19/execution_curves.csv,bad6afe63f880c9afd96d894c4386d5a8ed5c1c12ed8312916a72bfc3e6623db,data/exact_l2/2026-09-19/bitkub_usdt_thb_raw.json,d8becea38ada49b4bce5aef1a05f7e9d684253c55704c8e55e39d824d55c6f9e,sha256_verified,"[""base_asset"",""quote_asset"",""received_utc"",""exchange_timestamp_utc"",""source_url"",""source_params_json""]",2026-09-19,,2026-09-19T09:53:12.760315+00:00,,,legacy_unavailable,bitkub,usdt_thb,THB,USDT,,,,stablecoin_tokens,1 stablecoin token = 1 USD; no FX conversion,,,sell_stablecoin_base_hit_bids,bitkub_usdt_thb_raw.json,d8becea38ada49b4bce5aef1a05f7e9d684253c55704c8e55e39d824d55c6f9e,50000,50000,50000.0,50000.0,1.0,1657000.0,33.14,1.5085231558287227,1.5085231558287227,1,False,
native_l2,legacy:2026-09-19,legacy_directory_identifier,data/exact_l2/2026-09-19,legacy_day_root,legacy,data/exact_l2/2026-09-19/manifest.json,85f5d20cb06d27edde43c920ca91a33461c1ae8f17478241649bff86157c5196,data/exact_l2/2026-09-19/execution_curves.csv,bad6afe63f880c9afd96d894c4386d5a8ed5c1c12ed8312916a72bfc3e6623db,data/exact_l2/2026-09-19/bitkub_usdt_thb_raw.json,d8becea38ada49b4bce5aef1a05f7e9d684253c55704c8e55e39d824d55c6f9e,sha256_verified,"[""base_asset"",""quote_asset"",""received_utc"",""exchange_timestamp_utc"",""source_url"",""source_params_json""]",2026-09-19,,2026-09-19T09:53:12.760315+00:00,,,legacy_unavailable,bitkub,usdt_thb,THB,USDT,,,,stablecoin_tokens,1 stablecoin token = 1 USD; no FX conversion,,,sell_stablecoin_base_hit_bids,bitkub_usdt_thb_raw.json,d8becea38ada49b4bce5aef1a05f7e9d684253c55704c8e55e39d824d55c6f9e,100000,100000,100000.0,100000.0,1.0,3313807.5325,33.138075325,2.0892065168176543,4.525569467489499,2,False,
native_l2,legacy:2026-09-20,legacy_directory_identifier,data/exact_l2/2026-09-20,legacy_day_root,legacy,data/exact_l2/2026-09-20/manifest.json,f953b97487d6e7974c2085ee7f850de9afa734c9c823dda9e8e03cb56fabbc75,data/exact_l2/2026-09-20/execution_curves.csv,1bf5055624380e68c813305fb8406572549c74e2cfe3bfcb1fe87eaa799ac90b,data/exact_l2/2026-09-20/valr_usdtzar_raw.json,108db89781826f21478f36365829871ea29a5144bac52ae4a6e0aa99a3172e45,sha256_verified,"[""base_asset"",""quote_asset"",""received_utc"",""exchange_timestamp_utc"",""source_url"",""source_params_json""]",2026-09-20,,2026-09-20T10:15:37.305380+00:00,,,legacy_unavailable,valr,USDTZAR,ZAR,USDT,,,,stablecoin_tokens,1 stablecoin token = 1 USD; no FX conversion,,,sell_stablecoin_base_hit_bids,valr_usdtzar_raw.json,108db89781826f21478f36365829871ea29a5144bac52ae4a6e0aa99a3172e45,1000,1000,1000.0,1000.0,1.0,16297.1,16.2971,0.03068021095842255,0.03068021095842255,1,False,
native_l2,legacy:2026-09-20,legacy_directory_identifier,data/exact_l2/2026-09-20,legacy_day_root,legacy,data/exact_l2/2026-09-20/manifest.json,f953b97487d6e7974c2085ee7f850de9afa734c9c823dda9e8e03cb56fabbc75,data/exact_l2/2026-09-20/execution_curves.csv,1bf5055624380e68c813305fb8406572549c74e2cfe3bfcb1fe87eaa799ac90b,data/exact_l2/2026-09-20/valr_usdtzar_raw.json,108db89781826f21478f36365829871ea29a5144bac52ae4a6e0aa99a3172e45,sha256_verified,"[""base_asset"",""quote_asset"",""received_utc"",""exchange_timestamp_utc"",""source_url"",""source_params_json""]",2026-09-20,,2026-09-20T10:15:37.305380+00:00,,,legacy_unavailable,valr,USDTZAR,ZAR,USDT,,,,stablecoin_tokens,1 stablecoin token = 1 USD; no FX conversion,,,sell_stablecoin_base_hit_bids,valr_usdtzar_raw.json,108db89781826f21478f36365829871ea29a5144bac52ae4a6e0aa99a3172e45,5000,5000,5000.0,5000.0,1.0,81485.5,16.2971,0.03068021095842255,0.03068021095842255,1,False,
native_l2,legacy:2026-09-20,legacy_directory_identifier,data/exact_l2/2026-09-20,legacy_day_root,legacy,data/exact_l2/2026-09-20/manifest.json,f953b97487d6e7974c2085ee7f850de9afa734c9c823dda9e8e03cb56fabbc75,data/exact_l2/2026-09-20/execution_curves.csv,1bf5055624380e68c813305fb8406572549c74e2cfe3bfcb1fe87eaa799ac90b,data/exact_l2/2026-09-20/valr_usdtzar_raw.json,108db89781826f21478f36365829871ea29a5144bac52ae4a6e0aa99a3172e45,sha256_verified,"[""base_asset"",""quote_asset"",""received_utc"",""exchange_timestamp_utc"",""source_url"",""source_params_json""]",2026-09-20,,2026-09-20T10:15:37.305380+00:00,,,legacy_unavailable,valr,USDTZAR,ZAR,USDT,,,,stablecoin_tokens,1 stablecoin token = 1 USD; no FX conversion,,,sell_stablecoin_base_hit_bids,valr_usdtzar_raw.json,108db89781826f21478f36365829871ea29a5144bac52ae4a6e0aa99a3172e45,10000,10000,10000.0,10000.0,1.0,162971.0,16.2971,0.03068021095842255,0.03068021095842255,1,False,
native_l2,legacy:2026-09-20,legacy_directory_identifier,data/exact_l2/2026-09-20,legacy_day_root,legacy,data/exact_l2/2026-09-20/manifest.json,f953b97487d6e7974c2085ee7f850de9afa734c9c823dda9e8e03cb56fabbc75,data/exact_l2/2026-09-20/execution_curves.csv,1bf5055624380e68c813305fb8406572549c74e2cfe3bfcb1fe87eaa799ac90b,data/exact_l2/2026-09-20/valr_usdtzar_raw.json,108db89781826f21478f36365829871ea29a5144bac52ae4a6e0aa99a3172e45,sha256_verified,"[""base_asset"",""quote_asset"",""received_utc"",""exchange_timestamp_utc"",""source_url"",""source_params_json""]",2026-09-20,,2026-09-20T10:15:37.305380+00:00,,,legacy_unavailable,valr,USDTZAR,ZAR,USDT,,,,stablecoin_tokens,1 stablecoin token = 1 USD; no FX conversion,,,sell_stablecoin_base_hit_bids,valr_usdtzar_raw.json,108db89781826f21478f36365829871ea29a5144bac52ae4a6e0aa99a3172e45,25000,25000,25000.0,25000.0,1.0,407367.22796748,16.2946891186992,1.5100071489815292,4.387270166871238,8,False,
native_l2,legacy:2026-09-20,legacy_directory_identifier,data/exact_l2/2026-09-20,legacy_day_root,legacy,data/exact_l2/2026-09-20/manifest.json,f953b97487d6e7974c2085ee7f850de9afa734c9c823dda9e8e03cb56fabbc75,data/exact_l2/2026-09-20/execution_curves.csv,1bf5055624380e68c813305fb8406572549c74e2cfe3bfcb1fe87eaa799ac90b,data/exact_l2/2026-09-20/valr_usdtzar_raw.json,108db89781826f21478f36365829871ea29a5144bac52ae4a6e0aa99a3172e45,sha256_verified,"[""base_asset"",""quote_asset"",""received_utc"",""exchange_timestamp_utc"",""source_url"",""source_params_json""]",2026-09-20,,2026-09-20T10:15:37.305380+00:00,,,legacy_unavailable,valr,USDTZAR,ZAR,USDT,,,,stablecoin_tokens,1 stablecoin token = 1 USD; no FX conversion,,,sell_stablecoin_base_hit_bids,valr_usdtzar_raw.json,108db89781826f21478f36365829871ea29a5144bac52ae4a6e0aa99a3172e45,50000,50000,50000.0,50000.0,1.0,814617.22796748,16.292344559349598,2.948638657928049,4.387270166871238,8,False,
native_l2,legacy:2026-09-20,legacy_directory_identifier,data/exact_l2/2026-09-20,legacy_day_root,legacy,data/exact_l2/2026-09-20/manifest.json,f953b97487d6e7974c2085ee7f850de9afa734c9c823dda9e8e03cb56fabbc75,data/exact_l2/2026-09-20/execution_curves.csv,1bf5055624380e68c813305fb8406572549c74e2cfe3bfcb1fe87eaa799ac90b,data/exact_l2/2026-09-20/valr_usdtzar_raw.json,108db89781826f21478f36365829871ea29a5144bac52ae4a6e0aa99a3172e45,sha256_verified,"[""base_asset"",""quote_asset"",""received_utc"",""exchange_timestamp_utc"",""source_url"",""source_params_json""]",2026-09-20,,2026-09-20T10:15:37.305380+00:00,,,legacy_unavailable,valr,USDTZAR,ZAR,USDT,,,,stablecoin_tokens,1 stablecoin token = 1 USD; no FX conversion,,,sell_stablecoin_base_hit_bids,valr_usdtzar_raw.json,108db89781826f21478f36365829871ea29a5144bac52ae4a6e0aa99a3172e45,100000,100000,100000.00000000001,100000.00000000001,1.0000000000000002,1629117.2279674802,16.2911722796748,3.667954412398533,4.387270166871238,8,False,
native_l2,legacy:2026-09-20,legacy_directory_identifier,data/exact_l2/2026-09-20,legacy_day_root,legacy,data/exact_l2/2026-09-20/manifest.json,f953b97487d6e7974c2085ee7f850de9afa734c9c823dda9e8e03cb56fabbc75,data/exact_l2/2026-09-20/execution_curves.csv,1bf5055624380e68c813305fb8406572549c74e2cfe3bfcb1fe87eaa799ac90b,data/exact_l2/2026-09-20/bitkub_usdt_thb_raw.json,de59d6301b0386098122cd23d33d1da212ed4baf0cd50d82a503609069139178,sha256_verified,"[""base_asset"",""quote_asset"",""received_utc"",""exchange_timestamp_utc"",""source_url"",""source_params_json""]",2026-09-20,,2026-09-20T10:15:37.701931+00:00,,,legacy_unavailable,bitkub,usdt_thb,THB,USDT,,,,stablecoin_tokens,1 stablecoin token = 1 USD; no FX conversion,,,sell_stablecoin_base_hit_bids,bitkub_usdt_thb_raw.json,de59d6301b0386098122cd23d33d1da212ed4baf0cd50d82a503609069139178,1000,1000,1000.0,1000.0,1.0,33230.0,33.23,1.504438092373439,1.504438092373439,1,False,
native_l2,legacy:2026-09-20,legacy_directory_identifier,data/exact_l2/2026-09-20,legacy_day_root,legacy,data/exact_l2/2026-09-20/manifest.json,f953b97487d6e7974c2085ee7f850de9afa734c9c823dda9e8e03cb56fabbc75,data/exact_l2/2026-09-20/execution_curves.csv,1bf5055624380e68c813305fb8406572549c74e2cfe3bfcb1fe87eaa799ac90b,data/exact_l2/2026-09-20/bitkub_usdt_thb_raw.json,de59d6301b0386098122cd23d33d1da212ed4baf0cd50d82a503609069139178,sha256_verified,"[""base_asset"",""quote_asset"",""received_utc"",""exchange_timestamp_utc"",""source_url"",""source_params_json""]",2026-09-20,,2026-09-20T10:15:37.701931+00:00,,,legacy_unavailable,bitkub,usdt_thb,THB,USDT,,,,stablecoin_tokens,1 stablecoin token = 1 USD; no FX conversion,,,sell_stablecoin_base_hit_bids,bitkub_usdt_thb_raw.json,de59d6301b0386098122cd23d33d1da212ed4baf0cd50d82a503609069139178,5000,5000,5000.0,5000.0,1.0,166149.99999999997,33.23,1.504438092373439,1.504438092373439,1,False,
native_l2,legacy:2026-09-20,legacy_directory_identifier,data/exact_l2/2026-09-20,legacy_day_root,legacy,data/exact_l2/2026-09-20/manifest.json,f953b97487d6e7974c2085ee7f850de9afa734c9c823dda9e8e03cb56fabbc75,data/exact_l2/2026-09-20/execution_curves.csv,1bf5055624380e68c813305fb8406572549c74e2cfe3bfcb1fe87eaa799ac90b,data/exact_l2/2026-09-20/bitkub_usdt_thb_raw.json,de59d6301b0386098122cd23d33d1da212ed4baf0cd50d82a503609069139178,sha256_verified,"[""base_asset"",""quote_asset"",""received_utc"",""exchange_timestamp_utc"",""source_url"",""source_params_json""]",2026-09-20,,2026-09-20T10:15:37.701931+00:00,,,legacy_unavailable,bitkub,usdt_thb,THB,USDT,,,,stablecoin_tokens,1 stablecoin token = 1 USD; no FX conversion,,,sell_stablecoin_base_hit_bids,bitkub_usdt_thb_raw.json,de59d6301b0386098122cd23d33d1da212ed4baf0cd50d82a503609069139178,10000,10000,10000.0,10000.0,1.0,332299.99999999994,33.23,1.504438092373439,1.504438092373439,1,False,
native_l2,legacy:2026-09-20,legacy_directory_identifier,data/exact_l2/2026-09-20,legacy_day_root,legacy,data/exact_l2/2026-09-20/manifest.json,f953b97487d6e7974c2085ee7f850de9afa734c9c823dda9e8e03cb56fabbc75,data/exact_l2/2026-09-20/execution_curves.csv,1bf5055624380e68c813305fb8406572549c74e2cfe3bfcb1fe87eaa799ac90b,data/exact_l2/2026-09-20/bitkub_usdt_thb_raw.json,de59d6301b0386098122cd23d33d1da212ed4baf0cd50d82a503609069139178,sha256_verified,"[""base_asset"",""quote_asset"",""received_utc"",""exchange_timestamp_utc"",""source_url"",""source_params_json""]",2026-09-20,,2026-09-20T10:15:37.701931+00:00,,,legacy_unavailable,bitkub,usdt_thb,THB,USDT,,,,stablecoin_tokens,1 stablecoin token = 1 USD; no FX conversion,,,sell_stablecoin_base_hit_bids,bitkub_usdt_thb_raw.json,de59d6301b0386098122cd23d33d1da212ed4baf0cd50d82a503609069139178,25000,25000,25000.0,25000.0,1.0,830749.9999999999,33.23,1.504438092373439,1.504438092373439,1,False,
native_l2,legacy:2026-09-20,legacy_directory_identifier,data/exact_l2/2026-09-20,legacy_day_root,legacy,data/exact_l2/2026-09-20/manifest.json,f953b97487d6e7974c2085ee7f850de9afa734c9c823dda9e8e03cb56fabbc75,data/exact_l2/2026-09-20/execution_curves.csv,1bf5055624380e68c813305fb8406572549c74e2cfe3bfcb1fe87eaa799ac90b,data/exact_l2/2026-09-20/bitkub_usdt_thb_raw.json,de59d6301b0386098122cd23d33d1da212ed4baf0cd50d82a503609069139178,sha256_verified,"[""base_asset"",""quote_asset"",""received_utc"",""exchange_timestamp_utc"",""source_url"",""source_params_json""]",2026-09-20,,2026-09-20T10:15:37.701931+00:00,,,legacy_unavailable,bitkub,usdt_thb,THB,USDT,,,,stablecoin_tokens,1 stablecoin token = 1 USD; no FX conversion,,,sell_stablecoin_base_hit_bids,bitkub_usdt_thb_raw.json,de59d6301b0386098122cd23d33d1da212ed4baf0cd50d82a503609069139178,50000,50000,50000.0,50000.0,1.0,1661499.9999999998,33.23,1.504438092373439,1.504438092373439,1,False,
native_l2,legacy:2026-09-20,legacy_directory_identifier,data/exact_l2/2026-09-20,legacy_day_root,legacy,data/exact_l2/2026-09-20/manifest.json,f953b97487d6e7974c2085ee7f850de9afa734c9c823dda9e8e03cb56fabbc75,data/exact_l2/2026-09-20/execution_curves.csv,1bf5055624380e68c813305fb8406572549c74e2cfe3bfcb1fe87eaa799ac90b,data/exact_l2/2026-09-20/bitkub_usdt_thb_raw.json,de59d6301b0386098122cd23d33d1da212ed4baf0cd50d82a503609069139178,sha256_verified,"[""base_asset"",""quote_asset"",""received_utc"",""exchange_timestamp_utc"",""source_url"",""source_params_json""]",2026-09-20,,2026-09-20T10:15:37.701931+00:00,,,legacy_unavailable,bitkub,usdt_thb,THB,USDT,,,,stablecoin_tokens,1 stablecoin token = 1 USD; no FX conversion,,,sell_stablecoin_base_hit_bids,bitkub_usdt_thb_raw.json,de59d6301b0386098122cd23d33d1da212ed4baf0cd50d82a503609069139178,100000,100000,100000.0,100000.0,1.0,3322999.9999999995,33.23,1.504438092373439,1.504438092373439,1,False,
native_l2,legacy:2026-09-21,legacy_directory_identifier,data/exact_l2/2026-09-21,legacy_day_root,legacy,data/exact_l2/2026-09-21/manifest.json,c9d6f344d92504b858d344a9b15d7d4d568bd08e01c9d0b4447702a72c550665,data/exact_l2/2026-09-21/execution_curves.csv,86962d6498cc6ad3f9701fcde23c79bfc7f5020cf3efabe36ca3fcb70d5e6b79,data/exact_l2/2026-09-21/valr_usdtzar_raw.json,402efba5e23da3f327ef8e8df2b2d3d784affda78d447ac628e74a15689f7f38,sha256_verified,"[""base_asset"",""quote_asset"",""received_utc"",""exchange_timestamp_utc"",""source_url"",""source_params_json""]",2026-09-21,,2026-09-21T11:15:51.531126+00:00,,,legacy_unavailable,valr,USDTZAR,ZAR,USDT,,,,stablecoin_tokens,1 stablecoin token = 1 USD; no FX conversion,,,sell_stablecoin_base_hit_bids,valr_usdtzar_raw.json,402efba5e23da3f327ef8e8df2b2d3d784affda78d447ac628e74a15689f7f38,1000,1000,1000.0,1000.0,1.0,16335.1,16.3351,0.030608840444479313,0.030608840444479313,1,False,
native_l2,legacy:2026-09-21,legacy_directory_identifier,data/exact_l2/2026-09-21,legacy_day_root,legacy,data/exact_l2/2026-09-21/manifest.json,c9d6f344d92504b858d344a9b15d7d4d568bd08e01c9d0b4447702a72c550665,data/exact_l2/2026-09-21/execution_curves.csv,86962d6498cc6ad3f9701fcde23c79bfc7f5020cf3efabe36ca3fcb70d5e6b79,data/exact_l2/2026-09-21/valr_usdtzar_raw.json,402efba5e23da3f327ef8e8df2b2d3d784affda78d447ac628e74a15689f7f38,sha256_verified,"[""base_asset"",""quote_asset"",""received_utc"",""exchange_timestamp_utc"",""source_url"",""source_params_json""]",2026-09-21,,2026-09-21T11:15:51.531126+00:00,,,legacy_unavailable,valr,USDTZAR,ZAR,USDT,,,,stablecoin_tokens,1 stablecoin token = 1 USD; no FX conversion,,,sell_stablecoin_base_hit_bids,valr_usdtzar_raw.json,402efba5e23da3f327ef8e8df2b2d3d784affda78d447ac628e74a15689f7f38,5000,5000,5000.0,5000.0,1.0,81675.5,16.3351,0.030608840444479313,0.030608840444479313,1,False,
native_l2,legacy:2026-09-21,legacy_directory_identifier,data/exact_l2/2026-09-21,legacy_day_root,legacy,data/exact_l2/2026-09-21/manifest.json,c9d6f344d92504b858d344a9b15d7d4d568bd08e01c9d0b4447702a72c550665,data/exact_l2/2026-09-21/execution_curves.csv,86962d6498cc6ad3f9701fcde23c79bfc7f5020cf3efabe36ca3fcb70d5e6b79,data/exact_l2/2026-09-21/valr_usdtzar_raw.json,402efba5e23da3f327ef8e8df2b2d3d784affda78d447ac628e74a15689f7f38,sha256_verified,"[""base_asset"",""quote_asset"",""received_utc"",""exchange_timestamp_utc"",""source_url"",""source_params_json""]",2026-09-21,,2026-09-21T11:15:51.531126+00:00,,,legacy_unavailable,valr,USDTZAR,ZAR,USDT,,,,stablecoin_tokens,1 stablecoin token = 1 USD; no FX conversion,,,sell_stablecoin_base_hit_bids,valr_usdtzar_raw.json,402efba5e23da3f327ef8e8df2b2d3d784affda78d447ac628e74a15689f7f38,10000,10000,10000.0,10000.0,1.0,163351.0,16.3351,0.030608840444479313,0.030608840444479313,1,False,
native_l2,legacy:2026-09-21,legacy_directory_identifier,data/exact_l2/2026-09-21,legacy_day_root,legacy,data/exact_l2/2026-09-21/manifest.json,c9d6f344d92504b858d344a9b15d7d4d568bd08e01c9d0b4447702a72c550665,data/exact_l2/2026-09-21/execution_curves.csv,86962d6498cc6ad3f9701fcde23c79bfc7f5020cf3efabe36ca3fcb70d5e6b79,data/exact_l2/2026-09-21/valr_usdtzar_raw.json,402efba5e23da3f327ef8e8df2b2d3d784affda78d447ac628e74a15689f7f38,sha256_verified,"[""base_asset"",""quote_asset"",""received_utc"",""exchange_timestamp_utc"",""source_url"",""source_params_json""]",2026-09-21,,2026-09-21T11:15:51.531126+00:00,,,legacy_unavailable,valr,USDTZAR,ZAR,USDT,,,,stablecoin_tokens,1 stablecoin token = 1 USD; no FX conversion,,,sell_stablecoin_base_hit_bids,valr_usdtzar_raw.json,402efba5e23da3f327ef8e8df2b2d3d784affda78d447ac628e74a15689f7f38,25000,25000,25000.0,25000.0,1.0,408377.5,16.3351,0.030608840444479313,0.030608840444479313,1,False,
native_l2,legacy:2026-09-21,legacy_directory_identifier,data/exact_l2/2026-09-21,legacy_day_root,legacy,data/exact_l2/2026-09-21/manifest.json,c9d6f344d92504b858d344a9b15d7d4d568bd08e01c9d0b4447702a72c550665,data/exact_l2/2026-09-21/execution_curves.csv,86962d6498cc6ad3f9701fcde23c79bfc7f5020cf3efabe36ca3fcb70d5e6b79,data/exact_l2/2026-09-21/valr_usdtzar_raw.json,402efba5e23da3f327ef8e8df2b2d3d784affda78d447ac628e74a15689f7f38,sha256_verified,"[""base_asset"",""quote_asset"",""received_utc"",""exchange_timestamp_utc"",""source_url"",""source_params_json""]",2026-09-21,,2026-09-21T11:15:51.531126+00:00,,,legacy_unavailable,valr,USDTZAR,ZAR,USDT,,,,stablecoin_tokens,1 stablecoin token = 1 USD; no FX conversion,,,sell_stablecoin_base_hit_bids,valr_usdtzar_raw.json,402efba5e23da3f327ef8e8df2b2d3d784affda78d447ac628e74a15689f7f38,50000,50000,50000.0,50000.0,1.0,816755.0,16.3351,0.030608840444479313,0.030608840444479313,1,False,
native_l2,legacy:2026-09-21,legacy_directory_identifier,data/exact_l2/2026-09-21,legacy_day_root,legacy,data/exact_l2/2026-09-21/manifest.json,c9d6f344d92504b858d344a9b15d7d4d568bd08e01c9d0b4447702a72c550665,data/exact_l2/2026-09-21/execution_curves.csv,86962d6498cc6ad3f9701fcde23c79bfc7f5020cf3efabe36ca3fcb70d5e6b79,data/exact_l2/2026-09-21/valr_usdtzar_raw.json,402efba5e23da3f327ef8e8df2b2d3d784affda78d447ac628e74a15689f7f38,sha256_verified,"[""base_asset"",""quote_asset"",""received_utc"",""exchange_timestamp_utc"",""source_url"",""source_params_json""]",2026-09-21,,2026-09-21T11:15:51.531126+00:00,,,legacy_unavailable,valr,USDTZAR,ZAR,USDT,,,,stablecoin_tokens,1 stablecoin token = 1 USD; no FX conversion,,,sell_stablecoin_base_hit_bids,valr_usdtzar_raw.json,402efba5e23da3f327ef8e8df2b2d3d784affda78d447ac628e74a15689f7f38,100000,100000,100000.0,100000.0,1.0,1633510.0,16.3351,0.030608840444479313,0.030608840444479313,1,False,
native_l2,legacy:2026-09-21,legacy_directory_identifier,data/exact_l2/2026-09-21,legacy_day_root,legacy,data/exact_l2/2026-09-21/manifest.json,c9d6f344d92504b858d344a9b15d7d4d568bd08e01c9d0b4447702a72c550665,data/exact_l2/2026-09-21/execution_curves.csv,86962d6498cc6ad3f9701fcde23c79bfc7f5020cf3efabe36ca3fcb70d5e6b79,data/exact_l2/2026-09-21/bitkub_usdt_thb_raw.json,79abfe848d2187d6c6a451b3e7e76f30faf89f4b7e33df0933c895dc1742f124,sha256_verified,"[""base_asset"",""quote_asset"",""received_utc"",""exchange_timestamp_utc"",""source_url"",""source_params_json""]",2026-09-21,,2026-09-21T11:15:51.719003+00:00,,,legacy_unavailable,bitkub,usdt_thb,THB,USDT,,,,stablecoin_tokens,1 stablecoin token = 1 USD; no FX conversion,,,sell_stablecoin_base_hit_bids,bitkub_usdt_thb_raw.json,79abfe848d2187d6c6a451b3e7e76f30faf89f4b7e33df0933c895dc1742f124,1000,1000,1000.0,1000.0,1.0,33230.0,33.23,1.504438092373439,1.504438092373439,1,False,
native_l2,legacy:2026-09-21,legacy_directory_identifier,data/exact_l2/2026-09-21,legacy_day_root,legacy,data/exact_l2/2026-09-21/manifest.json,c9d6f344d92504b858d344a9b15d7d4d568bd08e01c9d0b4447702a72c550665,data/exact_l2/2026-09-21/execution_curves.csv,86962d6498cc6ad3f9701fcde23c79bfc7f5020cf3efabe36ca3fcb70d5e6b79,data/exact_l2/2026-09-21/bitkub_usdt_thb_raw.json,79abfe848d2187d6c6a451b3e7e76f30faf89f4b7e33df0933c895dc1742f124,sha256_verified,"[""base_asset"",""quote_asset"",""received_utc"",""exchange_timestamp_utc"",""source_url"",""source_params_json""]",2026-09-21,,2026-09-21T11:15:51.719003+00:00,,,legacy_unavailable,bitkub,usdt_thb,THB,USDT,,,,stablecoin_tokens,1 stablecoin token = 1 USD; no FX conversion,,,sell_stablecoin_base_hit_bids,bitkub_usdt_thb_raw.json,79abfe848d2187d6c6a451b3e7e76f30faf89f4b7e33df0933c895dc1742f124,5000,5000,5000.0,5000.0,1.0,166149.99999999997,33.23,1.504438092373439,1.504438092373439,1,False,
native_l2,legacy:2026-09-21,legacy_directory_identifier,data/exact_l2/2026-09-21,legacy_day_root,legacy,data/exact_l2/2026-09-21/manifest.json,c9d6f344d92504b858d344a9b15d7d4d568bd08e01c9d0b4447702a72c550665,data/exact_l2/2026-09-21/execution_curves.csv,86962d6498cc6ad3f9701fcde23c79bfc7f5020cf3efabe36ca3fcb70d5e6b79,data/exact_l2/2026-09-21/bitkub_usdt_thb_raw.json,79abfe848d2187d6c6a451b3e7e76f30faf89f4b7e33df0933c895dc1742f124,sha256_verified,"[""base_asset"",""quote_asset"",""received_utc"",""exchange_timestamp_utc"",""source_url"",""source_params_json""]",2026-09-21,,2026-09-21T11:15:51.719003+00:00,,,legacy_unavailable,bitkub,usdt_thb,THB,USDT,,,,stablecoin_tokens,1 stablecoin token = 1 USD; no FX conversion,,,sell_stablecoin_base_hit_bids,bitkub_usdt_thb_raw.json,79abfe848d2187d6c6a451b3e7e76f30faf89f4b7e33df0933c895dc1742f124,10000,10000,10000.0,10000.0,1.0,332299.99999999994,33.23,1.504438092373439,1.504438092373439,1,False,
native_l2,legacy:2026-09-21,legacy_directory_identifier,data/exact_l2/2026-09-21,legacy_day_root,legacy,data/exact_l2/2026-09-21/manifest.json,c9d6f344d92504b858d344a9b15d7d4d568bd08e01c9d0b4447702a72c550665,data/exact_l2/2026-09-21/execution_curves.csv,86962d6498cc6ad3f9701fcde23c79bfc7f5020cf3efabe36ca3fcb70d5e6b79,data/exact_l2/2026-09-21/bitkub_usdt_thb_raw.json,79abfe848d2187d6c6a451b3e7e76f30faf89f4b7e33df0933c895dc1742f124,sha256_verified,"[""base_asset"",""quote_asset"",""received_utc"",""exchange_timestamp_utc"",""source_url"",""source_params_json""]",2026-09-21,,2026-09-21T11:15:51.719003+00:00,,,legacy_unavailable,bitkub,usdt_thb,THB,USDT,,,,stablecoin_tokens,1 stablecoin token = 1 USD; no FX conversion,,,sell_stablecoin_base_hit_bids,bitkub_usdt_thb_raw.json,79abfe848d2187d6c6a451b3e7e76f30faf89f4b7e33df0933c895dc1742f124,25000,25000,25000.0,25000.0,1.0,830749.9999999999,33.23,1.504438092373439,1.504438092373439,1,False,
native_l2,legacy:2026-09-21,legacy_directory_identifier,data/exact_l2/2026-09-21,legacy_day_root,legacy,data/exact_l2/2026-09-21/manifest.json,c9d6f344d92504b858d344a9b15d7d4d568bd08e01c9d0b4447702a72c550665,data/exact_l2/2026-09-21/execution_curves.csv,86962d6498cc6ad3f9701fcde23c79bfc7f5020cf3efabe36ca3fcb70d5e6b79,data/exact_l2/2026-09-21/bitkub_usdt_thb_raw.json,79abfe848d2187d6c6a451b3e7e76f30faf89f4b7e33df0933c895dc1742f124,sha256_verified,"[""base_asset"",""quote_asset"",""received_utc"",""exchange_timestamp_utc"",""source_url"",""source_params_json""]",2026-09-21,,2026-09-21T11:15:51.719003+00:00,,,legacy_unavailable,bitkub,usdt_thb,THB,USDT,,,,stablecoin_tokens,1 stablecoin token = 1 USD; no FX conversion,,,sell_stablecoin_base_hit_bids,bitkub_usdt_thb_raw.json,79abfe848d2187d6c6a451b3e7e76f30faf89f4b7e33df0933c895dc1742f124,50000,50000,50000.0,50000.0,1.0,1661499.9999999998,33.23,1.504438092373439,1.504438092373439,1,False,
native_l2,legacy:2026-09-21,legacy_directory_identifier,data/exact_l2/2026-09-21,legacy_day_root,legacy,data/exact_l2/2026-09-21/manifest.json,c9d6f344d92504b858d344a9b15d7d4d568bd08e01c9d0b4447702a72c550665,data/exact_l2/2026-09-21/execution_curves.csv,86962d6498cc6ad3f9701fcde23c79bfc7f5020cf3efabe36ca3fcb70d5e6b79,data/exact_l2/2026-09-21/bitkub_usdt_thb_raw.json,79abfe848d2187d6c6a451b3e7e76f30faf89f4b7e33df0933c895dc1742f124,sha256_verified,"[""base_asset"",""quote_asset"",""received_utc"",""exchange_timestamp_utc"",""source_url"",""source_params_json""]",2026-09-21,,2026-09-21T11:15:51.719003+00:00,,,legacy_unavailable,bitkub,usdt_thb,THB,USDT,,,,stablecoin_tokens,1 stablecoin token = 1 USD; no FX conversion,,,sell_stablecoin_base_hit_bids,bitkub_usdt_thb_raw.json,79abfe848d2187d6c6a451b3e7e76f30faf89f4b7e33df0933c895dc1742f124,100000,100000,100000.0,100000.0,1.0,3322598.4605,33.225984605,2.712620731156745,4.513314277118097,2,False,
native_l2,legacy:2026-09-22,legacy_directory_identifier,data/exact_l2/2026-09-22,legacy_day_root,legacy,data/exact_l2/2026-09-22/manifest.json,f8172e59e1a3120a06d943735c0488ed05b760f54f5cda392e5dfd73343837aa,data/exact_l2/2026-09-22/execution_curves.csv,418fb7daa0b2e015ed6190f2b5b5439e001bf1accc576ff02cc3891f6a26f2d5,data/exact_l2/2026-09-22/valr_usdtzar_raw.json,c61e067e4c468e563dff39a34327b257b1ae9a7fb63ab7a353e1c14f7e9361f7,sha256_verified,"[""base_asset"",""quote_asset"",""received_utc"",""exchange_timestamp_utc"",""source_url"",""source_params_json""]",2026-09-22,,2026-09-22T10:30:30.166480+00:00,,,legacy_unavailable,valr,USDTZAR,ZAR,USDT,,,,stablecoin_tokens,1 stablecoin token = 1 USD; no FX conversion,,,sell_stablecoin_base_hit_bids,valr_usdtzar_raw.json,c61e067e4c468e563dff39a34327b257b1ae9a7fb63ab7a353e1c14f7e9361f7,1000,1000,1000.0,1000.0,1.0,16301.794064480002,16.301794064480003,3.2231062761156615,3.4647591072545225,4,False,
native_l2,legacy:2026-09-22,legacy_directory_identifier,data/exact_l2/2026-09-22,legacy_day_root,legacy,data/exact_l2/2026-09-22/manifest.json,f8172e59e1a3120a06d943735c0488ed05b760f54f5cda392e5dfd73343837aa,data/exact_l2/2026-09-22/execution_curves.csv,418fb7daa0b2e015ed6190f2b5b5439e001bf1accc576ff02cc3891f6a26f2d5,data/exact_l2/2026-09-22/valr_usdtzar_raw.json,c61e067e4c468e563dff39a34327b257b1ae9a7fb63ab7a353e1c14f7e9361f7,sha256_verified,"[""base_asset"",""quote_asset"",""received_utc"",""exchange_timestamp_utc"",""source_url"",""source_params_json""]",2026-09-22,,2026-09-22T10:30:30.166480+00:00,,,legacy_unavailable,valr,USDTZAR,ZAR,USDT,,,,stablecoin_tokens,1 stablecoin token = 1 USD; no FX conversion,,,sell_stablecoin_base_hit_bids,valr_usdtzar_raw.json,c61e067e4c468e563dff39a34327b257b1ae9a7fb63ab7a353e1c14f7e9361f7,5000,5000,5000.0,5000.0,1.0,81507.39406448002,16.301478812896004,3.416428541025418,3.4647591072545225,4,False,
native_l2,legacy:2026-09-22,legacy_directory_identifier,data/exact_l2/2026-09-22,legacy_day_root,legacy,data/exact_l2/2026-09-22/manifest.json,f8172e59e1a3120a06d943735c0488ed05b760f54f5cda392e5dfd73343837aa,data/exact_l2/2026-09-22/execution_curves.csv,418fb7daa0b2e015ed6190f2b5b5439e001bf1accc576ff02cc3891f6a26f2d5,data/exact_l2/2026-09-22/valr_usdtzar_raw.json,c61e067e4c468e563dff39a34327b257b1ae9a7fb63ab7a353e1c14f7e9361f7,sha256_verified,"[""base_asset"",""quote_asset"",""received_utc"",""exchange_timestamp_utc"",""source_url"",""source_params_json""]",2026-09-22,,2026-09-22T10:30:30.166480+00:00,,,legacy_unavailable,valr,USDTZAR,ZAR,USDT,,,,stablecoin_tokens,1 stablecoin token = 1 USD; no FX conversion,,,sell_stablecoin_base_hit_bids,valr_usdtzar_raw.json,c61e067e4c468e563dff39a34327b257b1ae9a7fb63ab7a353e1c14f7e9361f7,10000,10000,10000.0,10000.0,1.0,163014.39406448,16.301439406448,3.4405938241410805,3.4647591072545225,4,False,
native_l2,legacy:2026-09-22,legacy_directory_identifier,data/exact_l2/2026-09-22,legacy_day_root,legacy,data/exact_l2/2026-09-22/manifest.json,f8172e59e1a3120a06d943735c0488ed05b760f54f5cda392e5dfd73343837aa,data/exact_l2/2026-09-22/execution_curves.csv,418fb7daa0b2e015ed6190f2b5b5439e001bf1accc576ff02cc3891f6a26f2d5,data/exact_l2/2026-09-22/valr_usdtzar_raw.json,c61e067e4c468e563dff39a34327b257b1ae9a7fb63ab7a353e1c14f7e9361f7,sha256_verified,"[""base_asset"",""quote_asset"",""received_utc"",""exchange_timestamp_utc"",""source_url"",""source_params_json""]",2026-09-22,,2026-09-22T10:30:30.166480+00:00,,,legacy_unavailable,valr,USDTZAR,ZAR,USDT,,,,stablecoin_tokens,1 stablecoin token = 1 USD; no FX conversion,,,sell_stablecoin_base_hit_bids,valr_usdtzar_raw.json,c61e067e4c468e563dff39a34327b257b1ae9a7fb63ab7a353e1c14f7e9361f7,25000,25000,25000.0,25000.0,1.0,407534.5886268,16.301383545072,3.4748497907333142,3.526082277294229,5,False,
native_l2,legacy:2026-09-22,legacy_directory_identifier,data/exact_l2/2026-09-22,legacy_day_root,legacy,data/exact_l2/2026-09-22/manifest.json,f8172e59e1a3120a06d943735c0488ed05b760f54f5cda392e5dfd73343837aa,data/exact_l2/2026-09-22/execution_curves.csv,418fb7daa0b2e015ed6190f2b5b5439e001bf1accc576ff02cc3891f6a26f2d5,data/exact_l2/2026-09-22/valr_usdtzar_raw.json,c61e067e4c468e563dff39a34327b257b1ae9a7fb63ab7a353e1c14f7e9361f7,sha256_verified,"[""base_asset"",""quote_asset"",""received_utc"",""exchange_timestamp_utc"",""source_url"",""source_params_json""]",2026-09-22,,2026-09-22T10:30:30.166480+00:00,,,legacy_unavailable,valr,USDTZAR,ZAR,USDT,,,,stablecoin_tokens,1 stablecoin token = 1 USD; no FX conversion,,,sell_stablecoin_base_hit_bids,valr_usdtzar_raw.json,c61e067e4c468e563dff39a34327b257b1ae9a7fb63ab7a353e1c14f7e9361f7,50000,50000,50000.00000000001,50000.00000000001,1.0000000000000002,815053.3679369602,16.3010673587392,3.6687452732386827,4.323283487813745,6,False,
native_l2,legacy:2026-09-22,legacy_directory_identifier,data/exact_l2/2026-09-22,legacy_day_root,legacy,data/exact_l2/2026-09-22/manifest.json,f8172e59e1a3120a06d943735c0488ed05b760f54f5cda392e5dfd73343837aa,data/exact_l2/2026-09-22/execution_curves.csv,418fb7daa0b2e015ed6190f2b5b5439e001bf1accc576ff02cc3891f6a26f2d5,data/exact_l2/2026-09-22/valr_usdtzar_raw.json,c61e067e4c468e563dff39a34327b257b1ae9a7fb63ab7a353e1c14f7e9361f7,sha256_verified,"[""base_asset"",""quote_asset"",""received_utc"",""exchange_timestamp_utc"",""source_url"",""source_params_json""]",2026-09-22,,2026-09-22T10:30:30.166480+00:00,,,legacy_unavailable,valr,USDTZAR,ZAR,USDT,,,,stablecoin_tokens,1 stablecoin token = 1 USD; no FX conversion,,,sell_stablecoin_base_hit_bids,valr_usdtzar_raw.json,c61e067e4c468e563dff39a34327b257b1ae9a7fb63ab7a353e1c14f7e9361f7,100000,100000,100000.0,100000.0,1.0,1629921.26747955,16.299212674795502,4.806096261736892,7.205472479692165,8,False,
native_l2,legacy:2026-09-22,legacy_directory_identifier,data/exact_l2/2026-09-22,legacy_day_root,legacy,data/exact_l2/2026-09-22/manifest.json,f8172e59e1a3120a06d943735c0488ed05b760f54f5cda392e5dfd73343837aa,data/exact_l2/2026-09-22/execution_curves.csv,418fb7daa0b2e015ed6190f2b5b5439e001bf1accc576ff02cc3891f6a26f2d5,data/exact_l2/2026-09-22/bitkub_usdt_thb_raw.json,1fa4f0f97c06710de2817531990ebb4cb7a1f7a0208ed43a63655d2972d5e9b5,sha256_verified,"[""base_asset"",""quote_asset"",""received_utc"",""exchange_timestamp_utc"",""source_url"",""source_params_json""]",2026-09-22,,2026-09-22T10:30:30.463357+00:00,,,legacy_unavailable,bitkub,usdt_thb,THB,USDT,,,,stablecoin_tokens,1 stablecoin token = 1 USD; no FX conversion,,,sell_stablecoin_base_hit_bids,bitkub_usdt_thb_raw.json,1fa4f0f97c06710de2817531990ebb4cb7a1f7a0208ed43a63655d2972d5e9b5,1000,1000,1000.0,1000.0,1.0,33120.0,33.12,1.5094339622645503,1.5094339622645503,1,False,
native_l2,legacy:2026-09-22,legacy_directory_identifier,data/exact_l2/2026-09-22,legacy_day_root,legacy,data/exact_l2/2026-09-22/manifest.json,f8172e59e1a3120a06d943735c0488ed05b760f54f5cda392e5dfd73343837aa,data/exact_l2/2026-09-22/execution_curves.csv,418fb7daa0b2e015ed6190f2b5b5439e001bf1accc576ff02cc3891f6a26f2d5,data/exact_l2/2026-09-22/bitkub_usdt_thb_raw.json,1fa4f0f97c06710de2817531990ebb4cb7a1f7a0208ed43a63655d2972d5e9b5,sha256_verified,"[""base_asset"",""quote_asset"",""received_utc"",""exchange_timestamp_utc"",""source_url"",""source_params_json""]",2026-09-22,,2026-09-22T10:30:30.463357+00:00,,,legacy_unavailable,bitkub,usdt_thb,THB,USDT,,,,stablecoin_tokens,1 stablecoin token = 1 USD; no FX conversion,,,sell_stablecoin_base_hit_bids,bitkub_usdt_thb_raw.json,1fa4f0f97c06710de2817531990ebb4cb7a1f7a0208ed43a63655d2972d5e9b5,5000,5000,5000.0,5000.0,1.0,165600.0,33.12,1.5094339622645503,1.5094339622645503,1,False,
native_l2,legacy:2026-09-22,legacy_directory_identifier,data/exact_l2/2026-09-22,legacy_day_root,legacy,data/exact_l2/2026-09-22/manifest.json,f8172e59e1a3120a06d943735c0488ed05b760f54f5cda392e5dfd73343837aa,data/exact_l2/2026-09-22/execution_curves.csv,418fb7daa0b2e015ed6190f2b5b5439e001bf1accc576ff02cc3891f6a26f2d5,data/exact_l2/2026-09-22/bitkub_usdt_thb_raw.json,1fa4f0f97c06710de2817531990ebb4cb7a1f7a0208ed43a63655d2972d5e9b5,sha256_verified,"[""base_asset"",""quote_asset"",""received_utc"",""exchange_timestamp_utc"",""source_url"",""source_params_json""]",2026-09-22,,2026-09-22T10:30:30.463357+00:00,,,legacy_unavailable,bitkub,usdt_thb,THB,USDT,,,,stablecoin_tokens,1 stablecoin token = 1 USD; no FX conversion,,,sell_stablecoin_base_hit_bids,bitkub_usdt_thb_raw.json,1fa4f0f97c06710de2817531990ebb4cb7a1f7a0208ed43a63655d2972d5e9b5,10000,10000,10000.0,10000.0,1.0,331200.0,33.12,1.5094339622645503,1.5094339622645503,1,False,
native_l2,legacy:2026-09-22,legacy_directory_identifier,data/exact_l2/2026-09-22,legacy_day_root,legacy,data/exact_l2/2026-09-22/manifest.json,f8172e59e1a3120a06d943735c0488ed05b760f54f5cda392e5dfd73343837aa,data/exact_l2/2026-09-22/execution_curves.csv,418fb7daa0b2e015ed6190f2b5b5439e001bf1accc576ff02cc3891f6a26f2d5,data/exact_l2/2026-09-22/bitkub_usdt_thb_raw.json,1fa4f0f97c06710de2817531990ebb4cb7a1f7a0208ed43a63655d2972d5e9b5,sha256_verified,"[""base_asset"",""quote_asset"",""received_utc"",""exchange_timestamp_utc"",""source_url"",""source_params_json""]",2026-09-22,,2026-09-22T10:30:30.463357+00:00,,,legacy_unavailable,bitkub,usdt_thb,THB,USDT,,,,stablecoin_tokens,1 stablecoin token = 1 USD; no FX conversion,,,sell_stablecoin_base_hit_bids,bitkub_usdt_thb_raw.json,1fa4f0f97c06710de2817531990ebb4cb7a1f7a0208ed43a63655d2972d5e9b5,25000,25000,25000.0,25000.0,1.0,827999.9999999999,33.12,1.5094339622645503,1.5094339622645503,1,False,
native_l2,legacy:2026-09-22,legacy_directory_identifier,data/exact_l2/2026-09-22,legacy_day_root,legacy,data/exact_l2/2026-09-22/manifest.json,f8172e59e1a3120a06d943735c0488ed05b760f54f5cda392e5dfd73343837aa,data/exact_l2/2026-09-22/execution_curves.csv,418fb7daa0b2e015ed6190f2b5b5439e001bf1accc576ff02cc3891f6a26f2d5,data/exact_l2/2026-09-22/bitkub_usdt_thb_raw.json,1fa4f0f97c06710de2817531990ebb4cb7a1f7a0208ed43a63655d2972d5e9b5,sha256_verified,"[""base_asset"",""quote_asset"",""received_utc"",""exchange_timestamp_utc"",""source_url"",""source_params_json""]",2026-09-22,,2026-09-22T10:30:30.463357+00:00,,,legacy_unavailable,bitkub,usdt_thb,THB,USDT,,,,stablecoin_tokens,1 stablecoin token = 1 USD; no FX conversion,,,sell_stablecoin_base_hit_bids,bitkub_usdt_thb_raw.json,1fa4f0f97c06710de2817531990ebb4cb7a1f7a0208ed43a63655d2972d5e9b5,50000,50000,50000.0,50000.0,1.0,1655999.9999999998,33.12,1.5094339622645503,1.5094339622645503,1,False,
native_l2,legacy:2026-09-22,legacy_directory_identifier,data/exact_l2/2026-09-22,legacy_day_root,legacy,data/exact_l2/2026-09-22/manifest.json,f8172e59e1a3120a06d943735c0488ed05b760f54f5cda392e5dfd73343837aa,data/exact_l2/2026-09-22/execution_curves.csv,418fb7daa0b2e015ed6190f2b5b5439e001bf1accc576ff02cc3891f6a26f2d5,data/exact_l2/2026-09-22/bitkub_usdt_thb_raw.json,1fa4f0f97c06710de2817531990ebb4cb7a1f7a0208ed43a63655d2972d5e9b5,sha256_verified,"[""base_asset"",""quote_asset"",""received_utc"",""exchange_timestamp_utc"",""source_url"",""source_params_json""]",2026-09-22,,2026-09-22T10:30:30.463357+00:00,,,legacy_unavailable,bitkub,usdt_thb,THB,USDT,,,,stablecoin_tokens,1 stablecoin token = 1 USD; no FX conversion,,,sell_stablecoin_base_hit_bids,bitkub_usdt_thb_raw.json,1fa4f0f97c06710de2817531990ebb4cb7a1f7a0208ed43a63655d2972d5e9b5,100000,100000,100000.0,100000.0,1.0,3311999.9999999995,33.12,1.5094339622645503,1.5094339622645503,1,False,
native_l2,legacy:2026-09-23,legacy_directory_identifier,data/exact_l2/2026-09-23,legacy_day_root,legacy,data/exact_l2/2026-09-23/manifest.json,745e3ea5752e94f76df8527aba62afa87b8f53c08da1191ae85d702d7514f595,data/exact_l2/2026-09-23/execution_curves.csv,7f27f6918f6f1734c6adcbaae0208a07ceee921446367aecdf51252b8ac06a3b,data/exact_l2/2026-09-23/valr_usdtzar_raw.json,cdb59720d252d68771ee30f97b80d81e7e9c686e50872136f0373279ea979b77,sha256_verified,"[""base_asset"",""quote_asset"",""received_utc"",""exchange_timestamp_utc"",""source_url"",""source_params_json""]",2026-09-23,,2026-09-23T10:27:49.247086+00:00,,,legacy_unavailable,valr,USDTZAR,ZAR,USDT,,,,stablecoin_tokens,1 stablecoin token = 1 USD; no FX conversion,,,sell_stablecoin_base_hit_bids,valr_usdtzar_raw.json,cdb59720d252d68771ee30f97b80d81e7e9c686e50872136f0373279ea979b77,1000,1000,1000.0,1000.0,1.0,16325.0,16.325,0.030627777555247704,0.030627777555247704,1,False,
native_l2,legacy:2026-09-23,legacy_directory_identifier,data/exact_l2/2026-09-23,legacy_day_root,legacy,data/exact_l2/2026-09-23/manifest.json,745e3ea5752e94f76df8527aba62afa87b8f53c08da1191ae85d702d7514f595,data/exact_l2/2026-09-23/execution_curves.csv,7f27f6918f6f1734c6adcbaae0208a07ceee921446367aecdf51252b8ac06a3b,data/exact_l2/2026-09-23/valr_usdtzar_raw.json,cdb59720d252d68771ee30f97b80d81e7e9c686e50872136f0373279ea979b77,sha256_verified,"[""base_asset"",""quote_asset"",""received_utc"",""exchange_timestamp_utc"",""source_url"",""source_params_json""]",2026-09-23,,2026-09-23T10:27:49.247086+00:00,,,legacy_unavailable,valr,USDTZAR,ZAR,USDT,,,,stablecoin_tokens,1 stablecoin token = 1 USD; no FX conversion,,,sell_stablecoin_base_hit_bids,valr_usdtzar_raw.json,cdb59720d252d68771ee30f97b80d81e7e9c686e50872136f0373279ea979b77,5000,5000,5000.0,5000.0,1.0,81625.0,16.325,0.030627777555247704,0.030627777555247704,1,False,
native_l2,legacy:2026-09-23,legacy_directory_identifier,data/exact_l2/2026-09-23,legacy_day_root,legacy,data/exact_l2/2026-09-23/manifest.json,745e3ea5752e94f76df8527aba62afa87b8f53c08da1191ae85d702d7514f595,data/exact_l2/2026-09-23/execution_curves.csv,7f27f6918f6f1734c6adcbaae0208a07ceee921446367aecdf51252b8ac06a3b,data/exact_l2/2026-09-23/valr_usdtzar_raw.json,cdb59720d252d68771ee30f97b80d81e7e9c686e50872136f0373279ea979b77,sha256_verified,"[""base_asset"",""quote_asset"",""received_utc"",""exchange_timestamp_utc"",""source_url"",""source_params_json""]",2026-09-23,,2026-09-23T10:27:49.247086+00:00,,,legacy_unavailable,valr,USDTZAR,ZAR,USDT,,,,stablecoin_tokens,1 stablecoin token = 1 USD; no FX conversion,,,sell_stablecoin_base_hit_bids,valr_usdtzar_raw.json,cdb59720d252d68771ee30f97b80d81e7e9c686e50872136f0373279ea979b77,10000,10000,10000.0,10000.0,1.0,163250.0,16.325,0.030627777555247704,0.030627777555247704,1,False,
native_l2,legacy:2026-09-23,legacy_directory_identifier,data/exact_l2/2026-09-23,legacy_day_root,legacy,data/exact_l2/2026-09-23/manifest.json,745e3ea5752e94f76df8527aba62afa87b8f53c08da1191ae85d702d7514f595,data/exact_l2/2026-09-23/execution_curves.csv,7f27f6918f6f1734c6adcbaae0208a07ceee921446367aecdf51252b8ac06a3b,data/exact_l2/2026-09-23/valr_usdtzar_raw.json,cdb59720d252d68771ee30f97b80d81e7e9c686e50872136f0373279ea979b77,sha256_verified,"[""base_asset"",""quote_asset"",""received_utc"",""exchange_timestamp_utc"",""source_url"",""source_params_json""]",2026-09-23,,2026-09-23T10:27:49.247086+00:00,,,legacy_unavailable,valr,USDTZAR,ZAR,USDT,,,,stablecoin_tokens,1 stablecoin token = 1 USD; no FX conversion,,,sell_stablecoin_base_hit_bids,valr_usdtzar_raw.json,cdb59720d252d68771ee30f97b80d81e7e9c686e50872136f0373279ea979b77,25000,25000,25000.0,25000.0,1.0,408125.0,16.325,0.030627777555247704,0.030627777555247704,1,False,
native_l2,legacy:2026-09-23,legacy_directory_identifier,data/exact_l2/2026-09-23,legacy_day_root,legacy,data/exact_l2/2026-09-23/manifest.json,745e3ea5752e94f76df8527aba62afa87b8f53c08da1191ae85d702d7514f595,data/exact_l2/2026-09-23/execution_curves.csv,7f27f6918f6f1734c6adcbaae0208a07ceee921446367aecdf51252b8ac06a3b,data/exact_l2/2026-09-23/valr_usdtzar_raw.json,cdb59720d252d68771ee30f97b80d81e7e9c686e50872136f0373279ea979b77,sha256_verified,"[""base_asset"",""quote_asset"",""received_utc"",""exchange_timestamp_utc"",""source_url"",""source_params_json""]",2026-09-23,,2026-09-23T10:27:49.247086+00:00,,,legacy_unavailable,valr,USDTZAR,ZAR,USDT,,,,stablecoin_tokens,1 stablecoin token = 1 USD; no FX conversion,,,sell_stablecoin_base_hit_bids,valr_usdtzar_raw.json,cdb59720d252d68771ee30f97b80d81e7e9c686e50872136f0373279ea979b77,50000,50000,50000.0,50000.0,1.0,816247.84388649,16.3249568777298,0.05704256354377435,0.3369055531199372,3,False,
native_l2,legacy:2026-09-23,legacy_directory_identifier,data/exact_l2/2026-09-23,legacy_day_root,legacy,data/exact_l2/2026-09-23/manifest.json,745e3ea5752e94f76df8527aba62afa87b8f53c08da1191ae85d702d7514f595,data/exact_l2/2026-09-23/execution_curves.csv,7f27f6918f6f1734c6adcbaae0208a07ceee921446367aecdf51252b8ac06a3b,data/exact_l2/2026-09-23/valr_usdtzar_raw.json,cdb59720d252d68771ee30f97b80d81e7e9c686e50872136f0373279ea979b77,sha256_verified,"[""base_asset"",""quote_asset"",""received_utc"",""exchange_timestamp_utc"",""source_url"",""source_params_json""]",2026-09-23,,2026-09-23T10:27:49.247086+00:00,,,legacy_unavailable,valr,USDTZAR,ZAR,USDT,,,,stablecoin_tokens,1 stablecoin token = 1 USD; no FX conversion,,,sell_stablecoin_base_hit_bids,valr_usdtzar_raw.json,cdb59720d252d68771ee30f97b80d81e7e9c686e50872136f0373279ea979b77,100000,100000,100000.0,100000.0,1.0,1632112.6420187599,16.3211264201876,2.4034105943915307,8.238872162718014,8,False,
native_l2,legacy:2026-09-23,legacy_directory_identifier,data/exact_l2/2026-09-23,legacy_day_root,legacy,data/exact_l2/2026-09-23/manifest.json,745e3ea5752e94f76df8527aba62afa87b8f53c08da1191ae85d702d7514f595,data/exact_l2/2026-09-23/execution_curves.csv,7f27f6918f6f1734c6adcbaae0208a07ceee921446367aecdf51252b8ac06a3b,data/exact_l2/2026-09-23/bitkub_usdt_thb_raw.json,90199a1ad989657167dd67900dbbf8f8fbd0e9036baf81d9865fe2c070540f29,sha256_verified,"[""base_asset"",""quote_asset"",""received_utc"",""exchange_timestamp_utc"",""source_url"",""source_params_json""]",2026-09-23,,2026-09-23T10:27:49.500023+00:00,,,legacy_unavailable,bitkub,usdt_thb,THB,USDT,,,,stablecoin_tokens,1 stablecoin token = 1 USD; no FX conversion,,,sell_stablecoin_base_hit_bids,bitkub_usdt_thb_raw.json,90199a1ad989657167dd67900dbbf8f8fbd0e9036baf81d9865fe2c070540f29,1000,1000,1000.0,1000.0,1.0,33220.0,33.22,1.504890895408506,1.504890895408506,1,False,
native_l2,legacy:2026-09-23,legacy_directory_identifier,data/exact_l2/2026-09-23,legacy_day_root,legacy,data/exact_l2/2026-09-23/manifest.json,745e3ea5752e94f76df8527aba62afa87b8f53c08da1191ae85d702d7514f595,data/exact_l2/2026-09-23/execution_curves.csv,7f27f6918f6f1734c6adcbaae0208a07ceee921446367aecdf51252b8ac06a3b,data/exact_l2/2026-09-23/bitkub_usdt_thb_raw.json,90199a1ad989657167dd67900dbbf8f8fbd0e9036baf81d9865fe2c070540f29,sha256_verified,"[""base_asset"",""quote_asset"",""received_utc"",""exchange_timestamp_utc"",""source_url"",""source_params_json""]",2026-09-23,,2026-09-23T10:27:49.500023+00:00,,,legacy_unavailable,bitkub,usdt_thb,THB,USDT,,,,stablecoin_tokens,1 stablecoin token = 1 USD; no FX conversion,,,sell_stablecoin_base_hit_bids,bitkub_usdt_thb_raw.json,90199a1ad989657167dd67900dbbf8f8fbd0e9036baf81d9865fe2c070540f29,5000,5000,5000.0,5000.0,1.0,166100.0,33.22,1.504890895408506,1.504890895408506,1,False,
native_l2,legacy:2026-09-23,legacy_directory_identifier,data/exact_l2/2026-09-23,legacy_day_root,legacy,data/exact_l2/2026-09-23/manifest.json,745e3ea5752e94f76df8527aba62afa87b8f53c08da1191ae85d702d7514f595,data/exact_l2/2026-09-23/execution_curves.csv,7f27f6918f6f1734c6adcbaae0208a07ceee921446367aecdf51252b8ac06a3b,data/exact_l2/2026-09-23/bitkub_usdt_thb_raw.json,90199a1ad989657167dd67900dbbf8f8fbd0e9036baf81d9865fe2c070540f29,sha256_verified,"[""base_asset"",""quote_asset"",""received_utc"",""exchange_timestamp_utc"",""source_url"",""source_params_json""]",2026-09-23,,2026-09-23T10:27:49.500023+00:00,,,legacy_unavailable,bitkub,usdt_thb,THB,USDT,,,,stablecoin_tokens,1 stablecoin token = 1 USD; no FX conversion,,,sell_stablecoin_base_hit_bids,bitkub_usdt_thb_raw.json,90199a1ad989657167dd67900dbbf8f8fbd0e9036baf81d9865fe2c070540f29,10000,10000,10000.0,10000.0,1.0,332200.0,33.22,1.504890895408506,1.504890895408506,1,False,
native_l2,legacy:2026-09-23,legacy_directory_identifier,data/exact_l2/2026-09-23,legacy_day_root,legacy,data/exact_l2/2026-09-23/manifest.json,745e3ea5752e94f76df8527aba62afa87b8f53c08da1191ae85d702d7514f595,data/exact_l2/2026-09-23/execution_curves.csv,7f27f6918f6f1734c6adcbaae0208a07ceee921446367aecdf51252b8ac06a3b,data/exact_l2/2026-09-23/bitkub_usdt_thb_raw.json,90199a1ad989657167dd67900dbbf8f8fbd0e9036baf81d9865fe2c070540f29,sha256_verified,"[""base_asset"",""quote_asset"",""received_utc"",""exchange_timestamp_utc"",""source_url"",""source_params_json""]",2026-09-23,,2026-09-23T10:27:49.500023+00:00,,,legacy_unavailable,bitkub,usdt_thb,THB,USDT,,,,stablecoin_tokens,1 stablecoin token = 1 USD; no FX conversion,,,sell_stablecoin_base_hit_bids,bitkub_usdt_thb_raw.json,90199a1ad989657167dd67900dbbf8f8fbd0e9036baf81d9865fe2c070540f29,25000,25000,25000.0,25000.0,1.0,830500.0,33.22,1.504890895408506,1.504890895408506,1,False,
native_l2,legacy:2026-09-23,legacy_directory_identifier,data/exact_l2/2026-09-23,legacy_day_root,legacy,data/exact_l2/2026-09-23/manifest.json,745e3ea5752e94f76df8527aba62afa87b8f53c08da1191ae85d702d7514f595,data/exact_l2/2026-09-23/execution_curves.csv,7f27f6918f6f1734c6adcbaae0208a07ceee921446367aecdf51252b8ac06a3b,data/exact_l2/2026-09-23/bitkub_usdt_thb_raw.json,90199a1ad989657167dd67900dbbf8f8fbd0e9036baf81d9865fe2c070540f29,sha256_verified,"[""base_asset"",""quote_asset"",""received_utc"",""exchange_timestamp_utc"",""source_url"",""source_params_json""]",2026-09-23,,2026-09-23T10:27:49.500023+00:00,,,legacy_unavailable,bitkub,usdt_thb,THB,USDT,,,,stablecoin_tokens,1 stablecoin token = 1 USD; no FX conversion,,,sell_stablecoin_base_hit_bids,bitkub_usdt_thb_raw.json,90199a1ad989657167dd67900dbbf8f8fbd0e9036baf81d9865fe2c070540f29,50000,50000,50000.0,50000.0,1.0,1661000.0,33.22,1.504890895408506,1.504890895408506,1,False,
native_l2,legacy:2026-09-23,legacy_directory_identifier,data/exact_l2/2026-09-23,legacy_day_root,legacy,data/exact_l2/2026-09-23/manifest.json,745e3ea5752e94f76df8527aba62afa87b8f53c08da1191ae85d702d7514f595,data/exact_l2/2026-09-23/execution_curves.csv,7f27f6918f6f1734c6adcbaae0208a07ceee921446367aecdf51252b8ac06a3b,data/exact_l2/2026-09-23/bitkub_usdt_thb_raw.json,90199a1ad989657167dd67900dbbf8f8fbd0e9036baf81d9865fe2c070540f29,sha256_verified,"[""base_asset"",""quote_asset"",""received_utc"",""exchange_timestamp_utc"",""source_url"",""source_params_json""]",2026-09-23,,2026-09-23T10:27:49.500023+00:00,,,legacy_unavailable,bitkub,usdt_thb,THB,USDT,,,,stablecoin_tokens,1 stablecoin token = 1 USD; no FX conversion,,,sell_stablecoin_base_hit_bids,bitkub_usdt_thb_raw.json,90199a1ad989657167dd67900dbbf8f8fbd0e9036baf81d9865fe2c070540f29,100000,100000,100000.0,100000.0,1.0,3322000.0,33.22,1.504890895408506,1.504890895408506,1,False,
native_l2,legacy:2026-09-24,legacy_directory_identifier,data/exact_l2/2026-09-24,legacy_day_root,legacy,data/exact_l2/2026-09-24/manifest.json,552751cf18fd0f15ae031dbbe5cd3fa9c38c1bd170325bb1419ad8f3fc86fa06,data/exact_l2/2026-09-24/execution_curves.csv,21145c1c625563d8389cf6e8bb80579104ab7c6af80cfc1e79da92fa96fd42c2,data/exact_l2/2026-09-24/valr_usdtzar_raw.json,12c5a24df45685f44298e6f866cfa640df43d8ab0ceebe7a5f74dace10b6d393,sha256_verified,"[""base_asset"",""quote_asset"",""received_utc"",""exchange_timestamp_utc"",""source_url"",""source_params_json""]",2026-09-24,,2026-09-24T10:40:59.497254+00:00,,,legacy_unavailable,valr,USDTZAR,ZAR,USDT,,,,stablecoin_tokens,1 stablecoin token = 1 USD; no FX conversion,,,sell_stablecoin_base_hit_bids,valr_usdtzar_raw.json,12c5a24df45685f44298e6f866cfa640df43d8ab0ceebe7a5f74dace10b6d393,1000,1000,1000.0,1000.0,1.0,16462.9,16.4629,0.030371227512926424,0.030371227512926424,1,False,
native_l2,legacy:2026-09-24,legacy_directory_identifier,data/exact_l2/2026-09-24,legacy_day_root,legacy,data/exact_l2/2026-09-24/manifest.json,552751cf18fd0f15ae031dbbe5cd3fa9c38c1bd170325bb1419ad8f3fc86fa06,data/exact_l2/2026-09-24/execution_curves.csv,21145c1c625563d8389cf6e8bb80579104ab7c6af80cfc1e79da92fa96fd42c2,data/exact_l2/2026-09-24/valr_usdtzar_raw.json,12c5a24df45685f44298e6f866cfa640df43d8ab0ceebe7a5f74dace10b6d393,sha256_verified,"[""base_asset"",""quote_asset"",""received_utc"",""exchange_timestamp_utc"",""source_url"",""source_params_json""]",2026-09-24,,2026-09-24T10:40:59.497254+00:00,,,legacy_unavailable,valr,USDTZAR,ZAR,USDT,,,,stablecoin_tokens,1 stablecoin token = 1 USD; no FX conversion,,,sell_stablecoin_base_hit_bids,valr_usdtzar_raw.json,12c5a24df45685f44298e6f866cfa640df43d8ab0ceebe7a5f74dace10b6d393,5000,5000,5000.0,5000.0,1.0,82314.5,16.4629,0.030371227512926424,0.030371227512926424,1,False,
native_l2,legacy:2026-09-24,legacy_directory_identifier,data/exact_l2/2026-09-24,legacy_day_root,legacy,data/exact_l2/2026-09-24/manifest.json,552751cf18fd0f15ae031dbbe5cd3fa9c38c1bd170325bb1419ad8f3fc86fa06,data/exact_l2/2026-09-24/execution_curves.csv,21145c1c625563d8389cf6e8bb80579104ab7c6af80cfc1e79da92fa96fd42c2,data/exact_l2/2026-09-24/valr_usdtzar_raw.json,12c5a24df45685f44298e6f866cfa640df43d8ab0ceebe7a5f74dace10b6d393,sha256_verified,"[""base_asset"",""quote_asset"",""received_utc"",""exchange_timestamp_utc"",""source_url"",""source_params_json""]",2026-09-24,,2026-09-24T10:40:59.497254+00:00,,,legacy_unavailable,valr,USDTZAR,ZAR,USDT,,,,stablecoin_tokens,1 stablecoin token = 1 USD; no FX conversion,,,sell_stablecoin_base_hit_bids,valr_usdtzar_raw.json,12c5a24df45685f44298e6f866cfa640df43d8ab0ceebe7a5f74dace10b6d393,10000,10000,10000.0,10000.0,1.0,164629.0,16.4629,0.030371227512926424,0.030371227512926424,1,False,
native_l2,legacy:2026-09-24,legacy_directory_identifier,data/exact_l2/2026-09-24,legacy_day_root,legacy,data/exact_l2/2026-09-24/manifest.json,552751cf18fd0f15ae031dbbe5cd3fa9c38c1bd170325bb1419ad8f3fc86fa06,data/exact_l2/2026-09-24/execution_curves.csv,21145c1c625563d8389cf6e8bb80579104ab7c6af80cfc1e79da92fa96fd42c2,data/exact_l2/2026-09-24/valr_usdtzar_raw.json,12c5a24df45685f44298e6f866cfa640df43d8ab0ceebe7a5f74dace10b6d393,sha256_verified,"[""base_asset"",""quote_asset"",""received_utc"",""exchange_timestamp_utc"",""source_url"",""source_params_json""]",2026-09-24,,2026-09-24T10:40:59.497254+00:00,,,legacy_unavailable,valr,USDTZAR,ZAR,USDT,,,,stablecoin_tokens,1 stablecoin token = 1 USD; no FX conversion,,,sell_stablecoin_base_hit_bids,valr_usdtzar_raw.json,12c5a24df45685f44298e6f866cfa640df43d8ab0ceebe7a5f74dace10b6d393,25000,25000,25000.0,25000.0,1.0,411569.7511007701,16.462790044030804,0.09716118265279405,0.6985382328195122,4,False,
native_l2,legacy:2026-09-24,legacy_directory_identifier,data/exact_l2/2026-09-24,legacy_day_root,legacy,data/exact_l2/2026-09-24/manifest.json,552751cf18fd0f15ae031dbbe5cd3fa9c38c1bd170325bb1419ad8f3fc86fa06,data/exact_l2/2026-09-24/execution_curves.csv,21145c1c625563d8389cf6e8bb80579104ab7c6af80cfc1e79da92fa96fd42c2,data/exact_l2/2026-09-24/valr_usdtzar_raw.json,12c5a24df45685f44298e6f866cfa640df43d8ab0ceebe7a5f74dace10b6d393,sha256_verified,"[""base_asset"",""quote_asset"",""received_utc"",""exchange_timestamp_utc"",""source_url"",""source_params_json""]",2026-09-24,,2026-09-24T10:40:59.497254+00:00,,,legacy_unavailable,valr,USDTZAR,ZAR,USDT,,,,stablecoin_tokens,1 stablecoin token = 1 USD; no FX conversion,,,sell_stablecoin_base_hit_bids,valr_usdtzar_raw.json,12c5a24df45685f44298e6f866cfa640df43d8ab0ceebe7a5f74dace10b6d393,50000,50000,50000.0,50000.0,1.0,823034.5505131701,16.460691010263403,1.3721658248344593,5.314964814931988,7,False,
native_l2,legacy:2026-09-24,legacy_directory_identifier,data/exact_l2/2026-09-24,legacy_day_root,legacy,data/exact_l2/2026-09-24/manifest.json,552751cf18fd0f15ae031dbbe5cd3fa9c38c1bd170325bb1419ad8f3fc86fa06,data/exact_l2/2026-09-24/execution_curves.csv,21145c1c625563d8389cf6e8bb80579104ab7c6af80cfc1e79da92fa96fd42c2,data/exact_l2/2026-09-24/valr_usdtzar_raw.json,12c5a24df45685f44298e6f866cfa640df43d8ab0ceebe7a5f74dace10b6d393,sha256_verified,"[""base_asset"",""quote_asset"",""received_utc"",""exchange_timestamp_utc"",""source_url"",""source_params_json""]",2026-09-24,,2026-09-24T10:40:59.497254+00:00,,,legacy_unavailable,valr,USDTZAR,ZAR,USDT,,,,stablecoin_tokens,1 stablecoin token = 1 USD; no FX conversion,,,sell_stablecoin_base_hit_bids,valr_usdtzar_raw.json,12c5a24df45685f44298e6f866cfa640df43d8ab0ceebe7a5f74dace10b6d393,100000,100000,100000.0,100000.0,1.0,1645561.28858275,16.4556128858275,4.456743276569641,7.866147926101075,10,False,
native_l2,legacy:2026-09-24,legacy_directory_identifier,data/exact_l2/2026-09-24,legacy_day_root,legacy,data/exact_l2/2026-09-24/manifest.json,552751cf18fd0f15ae031dbbe5cd3fa9c38c1bd170325bb1419ad8f3fc86fa06,data/exact_l2/2026-09-24/execution_curves.csv,21145c1c625563d8389cf6e8bb80579104ab7c6af80cfc1e79da92fa96fd42c2,data/exact_l2/2026-09-24/bitkub_usdt_thb_raw.json,61095e10c14203927f09d3c939c54748881d40503f58845df92fc93acfcbe7f9,sha256_verified,"[""base_asset"",""quote_asset"",""received_utc"",""exchange_timestamp_utc"",""source_url"",""source_params_json""]",2026-09-24,,2026-09-24T10:40:59.798883+00:00,,,legacy_unavailable,bitkub,usdt_thb,THB,USDT,,,,stablecoin_tokens,1 stablecoin token = 1 USD; no FX conversion,,,sell_stablecoin_base_hit_bids,bitkub_usdt_thb_raw.json,61095e10c14203927f09d3c939c54748881d40503f58845df92fc93acfcbe7f9,1000,1000,1000.0,1000.0,1.0,33400.0,33.4,1.4967819188749232,1.4967819188749232,1,False,
native_l2,legacy:2026-09-24,legacy_directory_identifier,data/exact_l2/2026-09-24,legacy_day_root,legacy,data/exact_l2/2026-09-24/manifest.json,552751cf18fd0f15ae031dbbe5cd3fa9c38c1bd170325bb1419ad8f3fc86fa06,data/exact_l2/2026-09-24/execution_curves.csv,21145c1c625563d8389cf6e8bb80579104ab7c6af80cfc1e79da92fa96fd42c2,data/exact_l2/2026-09-24/bitkub_usdt_thb_raw.json,61095e10c14203927f09d3c939c54748881d40503f58845df92fc93acfcbe7f9,sha256_verified,"[""base_asset"",""quote_asset"",""received_utc"",""exchange_timestamp_utc"",""source_url"",""source_params_json""]",2026-09-24,,2026-09-24T10:40:59.798883+00:00,,,legacy_unavailable,bitkub,usdt_thb,THB,USDT,,,,stablecoin_tokens,1 stablecoin token = 1 USD; no FX conversion,,,sell_stablecoin_base_hit_bids,bitkub_usdt_thb_raw.json,61095e10c14203927f09d3c939c54748881d40503f58845df92fc93acfcbe7f9,5000,5000,5000.0,5000.0,1.0,167000.0,33.4,1.4967819188749232,1.4967819188749232,1,False,
native_l2,legacy:2026-09-24,legacy_directory_identifier,data/exact_l2/2026-09-24,legacy_day_root,legacy,data/exact_l2/2026-09-24/manifest.json,552751cf18fd0f15ae031dbbe5cd3fa9c38c1bd170325bb1419ad8f3fc86fa06,data/exact_l2/2026-09-24/execution_curves.csv,21145c1c625563d8389cf6e8bb80579104ab7c6af80cfc1e79da92fa96fd42c2,data/exact_l2/2026-09-24/bitkub_usdt_thb_raw.json,61095e10c14203927f09d3c939c54748881d40503f58845df92fc93acfcbe7f9,sha256_verified,"[""base_asset"",""quote_asset"",""received_utc"",""exchange_timestamp_utc"",""source_url"",""source_params_json""]",2026-09-24,,2026-09-24T10:40:59.798883+00:00,,,legacy_unavailable,bitkub,usdt_thb,THB,USDT,,,,stablecoin_tokens,1 stablecoin token = 1 USD; no FX conversion,,,sell_stablecoin_base_hit_bids,bitkub_usdt_thb_raw.json,61095e10c14203927f09d3c939c54748881d40503f58845df92fc93acfcbe7f9,10000,10000,10000.0,10000.0,1.0,334000.0,33.4,1.4967819188749232,1.4967819188749232,1,False,
native_l2,legacy:2026-09-24,legacy_directory_identifier,data/exact_l2/2026-09-24,legacy_day_root,legacy,data/exact_l2/2026-09-24/manifest.json,552751cf18fd0f15ae031dbbe5cd3fa9c38c1bd170325bb1419ad8f3fc86fa06,data/exact_l2/2026-09-24/execution_curves.csv,21145c1c625563d8389cf6e8bb80579104ab7c6af80cfc1e79da92fa96fd42c2,data/exact_l2/2026-09-24/bitkub_usdt_thb_raw.json,61095e10c14203927f09d3c939c54748881d40503f58845df92fc93acfcbe7f9,sha256_verified,"[""base_asset"",""quote_asset"",""received_utc"",""exchange_timestamp_utc"",""source_url"",""source_params_json""]",2026-09-24,,2026-09-24T10:40:59.798883+00:00,,,legacy_unavailable,bitkub,usdt_thb,THB,USDT,,,,stablecoin_tokens,1 stablecoin token = 1 USD; no FX conversion,,,sell_stablecoin_base_hit_bids,bitkub_usdt_thb_raw.json,61095e10c14203927f09d3c939c54748881d40503f58845df92fc93acfcbe7f9,25000,25000,25000.0,25000.0,1.0,835000.0,33.4,1.4967819188749232,1.4967819188749232,1,False,
native_l2,legacy:2026-09-24,legacy_directory_identifier,data/exact_l2/2026-09-24,legacy_day_root,legacy,data/exact_l2/2026-09-24/manifest.json,552751cf18fd0f15ae031dbbe5cd3fa9c38c1bd170325bb1419ad8f3fc86fa06,data/exact_l2/2026-09-24/execution_curves.csv,21145c1c625563d8389cf6e8bb80579104ab7c6af80cfc1e79da92fa96fd42c2,data/exact_l2/2026-09-24/bitkub_usdt_thb_raw.json,61095e10c14203927f09d3c939c54748881d40503f58845df92fc93acfcbe7f9,sha256_verified,"[""base_asset"",""quote_asset"",""received_utc"",""exchange_timestamp_utc"",""source_url"",""source_params_json""]",2026-09-24,,2026-09-24T10:40:59.798883+00:00,,,legacy_unavailable,bitkub,usdt_thb,THB,USDT,,,,stablecoin_tokens,1 stablecoin token = 1 USD; no FX conversion,,,sell_stablecoin_base_hit_bids,bitkub_usdt_thb_raw.json,61095e10c14203927f09d3c939c54748881d40503f58845df92fc93acfcbe7f9,50000,50000,50000.0,50000.0,1.0,1670000.0,33.4,1.4967819188749232,1.4967819188749232,1,False,
native_l2,legacy:2026-09-24,legacy_directory_identifier,data/exact_l2/2026-09-24,legacy_day_root,legacy,data/exact_l2/2026-09-24/manifest.json,552751cf18fd0f15ae031dbbe5cd3fa9c38c1bd170325bb1419ad8f3fc86fa06,data/exact_l2/2026-09-24/execution_curves.csv,21145c1c625563d8389cf6e8bb80579104ab7c6af80cfc1e79da92fa96fd42c2,data/exact_l2/2026-09-24/bitkub_usdt_thb_raw.json,61095e10c14203927f09d3c939c54748881d40503f58845df92fc93acfcbe7f9,sha256_verified,"[""base_asset"",""quote_asset"",""received_utc"",""exchange_timestamp_utc"",""source_url"",""source_params_json""]",2026-09-24,,2026-09-24T10:40:59.798883+00:00,,,legacy_unavailable,bitkub,usdt_thb,THB,USDT,,,,stablecoin_tokens,1 stablecoin token = 1 USD; no FX conversion,,,sell_stablecoin_base_hit_bids,bitkub_usdt_thb_raw.json,61095e10c14203927f09d3c939c54748881d40503f58845df92fc93acfcbe7f9,100000,100000,100000.0,100000.0,1.0,3339762.9145,33.397629144999996,2.2065124981307527,7.483909594371285,3,False,
native_l2,legacy:2026-09-25,legacy_directory_identifier,data/exact_l2/2026-09-25,legacy_day_root,legacy,data/exact_l2/2026-09-25/manifest.json,d77243e764ff270c7412ebeb466f5b8b24bbc835d7c32b8ec48daad5424e949a,data/exact_l2/2026-09-25/execution_curves.csv,86522b7bfb01ff7297faf58e618b284c74580eb8a2418e60dc9839752aeefbe3,data/exact_l2/2026-09-25/valr_usdtzar_raw.json,a6a6084dd2d5f50eebf2f3a4be600738f88679bdf8b3c1c989f935e5eb24be77,sha256_verified,"[""base_asset"",""quote_asset"",""received_utc"",""exchange_timestamp_utc"",""source_url"",""source_params_json""]",2026-09-25,,2026-09-25T10:42:46.938332+00:00,,,legacy_unavailable,valr,USDTZAR,ZAR,USDT,,,,stablecoin_tokens,1 stablecoin token = 1 USD; no FX conversion,,,sell_stablecoin_base_hit_bids,valr_usdtzar_raw.json,a6a6084dd2d5f50eebf2f3a4be600738f88679bdf8b3c1c989f935e5eb24be77,1000,1000,1000.0,1000.0,1.0,16366.499999999998,16.3665,0.0305501159370003,0.0305501159370003,1,False,
native_l2,legacy:2026-09-25,legacy_directory_identifier,data/exact_l2/2026-09-25,legacy_day_root,legacy,data/exact_l2/2026-09-25/manifest.json,d77243e764ff270c7412ebeb466f5b8b24bbc835d7c32b8ec48daad5424e949a,data/exact_l2/2026-09-25/execution_curves.csv,86522b7bfb01ff7297faf58e618b284c74580eb8a2418e60dc9839752aeefbe3,data/exact_l2/2026-09-25/valr_usdtzar_raw.json,a6a6084dd2d5f50eebf2f3a4be600738f88679bdf8b3c1c989f935e5eb24be77,sha256_verified,"[""base_asset"",""quote_asset"",""received_utc"",""exchange_timestamp_utc"",""source_url"",""source_params_json""]",2026-09-25,,2026-09-25T10:42:46.938332+00:00,,,legacy_unavailable,valr,USDTZAR,ZAR,USDT,,,,stablecoin_tokens,1 stablecoin token = 1 USD; no FX conversion,,,sell_stablecoin_base_hit_bids,valr_usdtzar_raw.json,a6a6084dd2d5f50eebf2f3a4be600738f88679bdf8b3c1c989f935e5eb24be77,5000,5000,5000.0,5000.0,1.0,81832.49999999999,16.3665,0.0305501159370003,0.0305501159370003,1,False,
native_l2,legacy:2026-09-25,legacy_directory_identifier,data/exact_l2/2026-09-25,legacy_day_root,legacy,data/exact_l2/2026-09-25/manifest.json,d77243e764ff270c7412ebeb466f5b8b24bbc835d7c32b8ec48daad5424e949a,data/exact_l2/2026-09-25/execution_curves.csv,86522b7bfb01ff7297faf58e618b284c74580eb8a2418e60dc9839752aeefbe3,data/exact_l2/2026-09-25/valr_usdtzar_raw.json,a6a6084dd2d5f50eebf2f3a4be600738f88679bdf8b3c1c989f935e5eb24be77,sha256_verified,"[""base_asset"",""quote_asset"",""received_utc"",""exchange_timestamp_utc"",""source_url"",""source_params_json""]",2026-09-25,,2026-09-25T10:42:46.938332+00:00,,,legacy_unavailable,valr,USDTZAR,ZAR,USDT,,,,stablecoin_tokens,1 stablecoin token = 1 USD; no FX conversion,,,sell_stablecoin_base_hit_bids,valr_usdtzar_raw.json,a6a6084dd2d5f50eebf2f3a4be600738f88679bdf8b3c1c989f935e5eb24be77,10000,10000,10000.0,10000.0,1.0,163664.99999999997,16.3665,0.0305501159370003,0.0305501159370003,1,False,
native_l2,legacy:2026-09-25,legacy_directory_identifier,data/exact_l2/2026-09-25,legacy_day_root,legacy,data/exact_l2/2026-09-25/manifest.json,d77243e764ff270c7412ebeb466f5b8b24bbc835d7c32b8ec48daad5424e949a,data/exact_l2/2026-09-25/execution_curves.csv,86522b7bfb01ff7297faf58e618b284c74580eb8a2418e60dc9839752aeefbe3,data/exact_l2/2026-09-25/valr_usdtzar_raw.json,a6a6084dd2d5f50eebf2f3a4be600738f88679bdf8b3c1c989f935e5eb24be77,sha256_verified,"[""base_asset"",""quote_asset"",""received_utc"",""exchange_timestamp_utc"",""source_url"",""source_params_json""]",2026-09-25,,2026-09-25T10:42:46.938332+00:00,,,legacy_unavailable,valr,USDTZAR,ZAR,USDT,,,,stablecoin_tokens,1 stablecoin token = 1 USD; no FX conversion,,,sell_stablecoin_base_hit_bids,valr_usdtzar_raw.json,a6a6084dd2d5f50eebf2f3a4be600738f88679bdf8b3c1c989f935e5eb24be77,25000,25000,25000.0,25000.0,1.0,409162.49999999994,16.3665,0.0305501159370003,0.0305501159370003,1,False,
native_l2,legacy:2026-09-25,legacy_directory_identifier,data/exact_l2/2026-09-25,legacy_day_root,legacy,data/exact_l2/2026-09-25/manifest.json,d77243e764ff270c7412ebeb466f5b8b24bbc835d7c32b8ec48daad5424e949a,data/exact_l2/2026-09-25/execution_curves.csv,86522b7bfb01ff7297faf58e618b284c74580eb8a2418e60dc9839752aeefbe3,data/exact_l2/2026-09-25/valr_usdtzar_raw.json,a6a6084dd2d5f50eebf2f3a4be600738f88679bdf8b3c1c989f935e5eb24be77,sha256_verified,"[""base_asset"",""quote_asset"",""received_utc"",""exchange_timestamp_utc"",""source_url"",""source_params_json""]",2026-09-25,,2026-09-25T10:42:46.938332+00:00,,,legacy_unavailable,valr,USDTZAR,ZAR,USDT,,,,stablecoin_tokens,1 stablecoin token = 1 USD; no FX conversion,,,sell_stablecoin_base_hit_bids,valr_usdtzar_raw.json,a6a6084dd2d5f50eebf2f3a4be600738f88679bdf8b3c1c989f935e5eb24be77,50000,50000,50000.0,50000.0,1.0,818324.9999999999,16.3665,0.0305501159370003,0.0305501159370003,1,False,
native_l2,legacy:2026-09-25,legacy_directory_identifier,data/exact_l2/2026-09-25,legacy_day_root,legacy,data/exact_l2/2026-09-25/manifest.json,d77243e764ff270c7412ebeb466f5b8b24bbc835d7c32b8ec48daad5424e949a,data/exact_l2/2026-09-25/execution_curves.csv,86522b7bfb01ff7297faf58e618b284c74580eb8a2418e60dc9839752aeefbe3,data/exact_l2/2026-09-25/valr_usdtzar_raw.json,a6a6084dd2d5f50eebf2f3a4be600738f88679bdf8b3c1c989f935e5eb24be77,sha256_verified,"[""base_asset"",""quote_asset"",""received_utc"",""exchange_timestamp_utc"",""source_url"",""source_params_json""]",2026-09-25,,2026-09-25T10:42:46.938332+00:00,,,legacy_unavailable,valr,USDTZAR,ZAR,USDT,,,,stablecoin_tokens,1 stablecoin token = 1 USD; no FX conversion,,,sell_stablecoin_base_hit_bids,valr_usdtzar_raw.json,a6a6084dd2d5f50eebf2f3a4be600738f88679bdf8b3c1c989f935e5eb24be77,100000,100000,100000.0,100000.0,1.0,1636610.08467436,16.3661008467436,0.274433681134445,1.069254057817215,6,False,
native_l2,legacy:2026-09-25,legacy_directory_identifier,data/exact_l2/2026-09-25,legacy_day_root,legacy,data/exact_l2/2026-09-25/manifest.json,d77243e764ff270c7412ebeb466f5b8b24bbc835d7c32b8ec48daad5424e949a,data/exact_l2/2026-09-25/execution_curves.csv,86522b7bfb01ff7297faf58e618b284c74580eb8a2418e60dc9839752aeefbe3,data/exact_l2/2026-09-25/bitkub_usdt_thb_raw.json,cda4d2a2ae132666f1b4cb63303d3aef8f6c67fcc1f97e440bb3ffee19eed691,sha256_verified,"[""base_asset"",""quote_asset"",""received_utc"",""exchange_timestamp_utc"",""source_url"",""source_params_json""]",2026-09-25,,2026-09-25T10:42:47.287960+00:00,,,legacy_unavailable,bitkub,usdt_thb,THB,USDT,,,,stablecoin_tokens,1 stablecoin token = 1 USD; no FX conversion,,,sell_stablecoin_base_hit_bids,bitkub_usdt_thb_raw.json,cda4d2a2ae132666f1b4cb63303d3aef8f6c67fcc1f97e440bb3ffee19eed691,1000,1000,1000.0,1000.0,1.0,33290.0,33.29,1.5017269860351234,1.5017269860351234,1,False,
native_l2,legacy:2026-09-25,legacy_directory_identifier,data/exact_l2/2026-09-25,legacy_day_root,legacy,data/exact_l2/2026-09-25/manifest.json,d77243e764ff270c7412ebeb466f5b8b24bbc835d7c32b8ec48daad5424e949a,data/exact_l2/2026-09-25/execution_curves.csv,86522b7bfb01ff7297faf58e618b284c74580eb8a2418e60dc9839752aeefbe3,data/exact_l2/2026-09-25/bitkub_usdt_thb_raw.json,cda4d2a2ae132666f1b4cb63303d3aef8f6c67fcc1f97e440bb3ffee19eed691,sha256_verified,"[""base_asset"",""quote_asset"",""received_utc"",""exchange_timestamp_utc"",""source_url"",""source_params_json""]",2026-09-25,,2026-09-25T10:42:47.287960+00:00,,,legacy_unavailable,bitkub,usdt_thb,THB,USDT,,,,stablecoin_tokens,1 stablecoin token = 1 USD; no FX conversion,,,sell_stablecoin_base_hit_bids,bitkub_usdt_thb_raw.json,cda4d2a2ae132666f1b4cb63303d3aef8f6c67fcc1f97e440bb3ffee19eed691,5000,5000,5000.0,5000.0,1.0,166450.0,33.29,1.5017269860351234,1.5017269860351234,1,False,
native_l2,legacy:2026-09-25,legacy_directory_identifier,data/exact_l2/2026-09-25,legacy_day_root,legacy,data/exact_l2/2026-09-25/manifest.json,d77243e764ff270c7412ebeb466f5b8b24bbc835d7c32b8ec48daad5424e949a,data/exact_l2/2026-09-25/execution_curves.csv,86522b7bfb01ff7297faf58e618b284c74580eb8a2418e60dc9839752aeefbe3,data/exact_l2/2026-09-25/bitkub_usdt_thb_raw.json,cda4d2a2ae132666f1b4cb63303d3aef8f6c67fcc1f97e440bb3ffee19eed691,sha256_verified,"[""base_asset"",""quote_asset"",""received_utc"",""exchange_timestamp_utc"",""source_url"",""source_params_json""]",2026-09-25,,2026-09-25T10:42:47.287960+00:00,,,legacy_unavailable,bitkub,usdt_thb,THB,USDT,,,,stablecoin_tokens,1 stablecoin token = 1 USD; no FX conversion,,,sell_stablecoin_base_hit_bids,bitkub_usdt_thb_raw.json,cda4d2a2ae132666f1b4cb63303d3aef8f6c67fcc1f97e440bb3ffee19eed691,10000,10000,10000.0,10000.0,1.0,332900.0,33.29,1.5017269860351234,1.5017269860351234,1,False,
native_l2,legacy:2026-09-25,legacy_directory_identifier,data/exact_l2/2026-09-25,legacy_day_root,legacy,data/exact_l2/2026-09-25/manifest.json,d77243e764ff270c7412ebeb466f5b8b24bbc835d7c32b8ec48daad5424e949a,data/exact_l2/2026-09-25/execution_curves.csv,86522b7bfb01ff7297faf58e618b284c74580eb8a2418e60dc9839752aeefbe3,data/exact_l2/2026-09-25/bitkub_usdt_thb_raw.json,cda4d2a2ae132666f1b4cb63303d3aef8f6c67fcc1f97e440bb3ffee19eed691,sha256_verified,"[""base_asset"",""quote_asset"",""received_utc"",""exchange_timestamp_utc"",""source_url"",""source_params_json""]",2026-09-25,,2026-09-25T10:42:47.287960+00:00,,,legacy_unavailable,bitkub,usdt_thb,THB,USDT,,,,stablecoin_tokens,1 stablecoin token = 1 USD; no FX conversion,,,sell_stablecoin_base_hit_bids,bitkub_usdt_thb_raw.json,cda4d2a2ae132666f1b4cb63303d3aef8f6c67fcc1f97e440bb3ffee19eed691,25000,25000,25000.0,25000.0,1.0,832250.0,33.29,1.5017269860351234,1.5017269860351234,1,False,
native_l2,legacy:2026-09-25,legacy_directory_identifier,data/exact_l2/2026-09-25,legacy_day_root,legacy,data/exact_l2/2026-09-25/manifest.json,d77243e764ff270c7412ebeb466f5b8b24bbc835d7c32b8ec48daad5424e949a,data/exact_l2/2026-09-25/execution_curves.csv,86522b7bfb01ff7297faf58e618b284c74580eb8a2418e60dc9839752aeefbe3,data/exact_l2/2026-09-25/bitkub_usdt_thb_raw.json,cda4d2a2ae132666f1b4cb63303d3aef8f6c67fcc1f97e440bb3ffee19eed691,sha256_verified,"[""base_asset"",""quote_asset"",""received_utc"",""exchange_timestamp_utc"",""source_url"",""source_params_json""]",2026-09-25,,2026-09-25T10:42:47.287960+00:00,,,legacy_unavailable,bitkub,usdt_thb,THB,USDT,,,,stablecoin_tokens,1 stablecoin token = 1 USD; no FX conversion,,,sell_stablecoin_base_hit_bids,bitkub_usdt_thb_raw.json,cda4d2a2ae132666f1b4cb63303d3aef8f6c67fcc1f97e440bb3ffee19eed691,50000,50000,50000.0,50000.0,1.0,1664500.0,33.29,1.5017269860351234,1.5017269860351234,1,False,
native_l2,legacy:2026-09-25,legacy_directory_identifier,data/exact_l2/2026-09-25,legacy_day_root,legacy,data/exact_l2/2026-09-25/manifest.json,d77243e764ff270c7412ebeb466f5b8b24bbc835d7c32b8ec48daad5424e949a,data/exact_l2/2026-09-25/execution_curves.csv,86522b7bfb01ff7297faf58e618b284c74580eb8a2418e60dc9839752aeefbe3,data/exact_l2/2026-09-25/bitkub_usdt_thb_raw.json,cda4d2a2ae132666f1b4cb63303d3aef8f6c67fcc1f97e440bb3ffee19eed691,sha256_verified,"[""base_asset"",""quote_asset"",""received_utc"",""exchange_timestamp_utc"",""source_url"",""source_params_json""]",2026-09-25,,2026-09-25T10:42:47.287960+00:00,,,legacy_unavailable,bitkub,usdt_thb,THB,USDT,,,,stablecoin_tokens,1 stablecoin token = 1 USD; no FX conversion,,,sell_stablecoin_base_hit_bids,bitkub_usdt_thb_raw.json,cda4d2a2ae132666f1b4cb63303d3aef8f6c67fcc1f97e440bb3ffee19eed691,100000,100000,100000.0,100000.0,1.0,3329000.0,33.29,1.5017269860351234,1.5017269860351234,1,False,
native_l2,legacy:2026-09-26,legacy_directory_identifier,data/exact_l2/2026-09-26,legacy_day_root,legacy,data/exact_l2/2026-09-26/manifest.json,92421f89fa05168478f0dedb6b0d9a5fe1b8b23f32cc24cc253129ec50a50716,data/exact_l2/2026-09-26/execution_curves.csv,bdd1747e71888d442db368d2214866a3c13adb1c710cc4b11d3c30569e4409e6,data/exact_l2/2026-09-26/valr_usdtzar_raw.json,3e224dacf51ea6f3b2db3bcc402fc30ee8401127aac899d2e490d598dfa7a9a1,sha256_verified,"[""base_asset"",""quote_asset"",""received_utc"",""exchange_timestamp_utc"",""source_url"",""source_params_json""]",2026-09-26,,2026-09-26T10:24:44.264813+00:00,,,legacy_unavailable,valr,USDTZAR,ZAR,USDT,,,,stablecoin_tokens,1 stablecoin token = 1 USD; no FX conversion,,,sell_stablecoin_base_hit_bids,valr_usdtzar_raw.json,3e224dacf51ea6f3b2db3bcc402fc30ee8401127aac899d2e490d598dfa7a9a1,1000,1000,1000.0,1000.0,1.0,16339.002569979999,16.33900256998,3.4857966313239785,3.487368994231632,2,False,
native_l2,legacy:2026-09-26,legacy_directory_identifier,data/exact_l2/2026-09-26,legacy_day_root,legacy,data/exact_l2/2026-09-26/manifest.json,92421f89fa05168478f0dedb6b0d9a5fe1b8b23f32cc24cc253129ec50a50716,data/exact_l2/2026-09-26/execution_curves.csv,bdd1747e71888d442db368d2214866a3c13adb1c710cc4b11d3c30569e4409e6,data/exact_l2/2026-09-26/valr_usdtzar_raw.json,3e224dacf51ea6f3b2db3bcc402fc30ee8401127aac899d2e490d598dfa7a9a1,sha256_verified,"[""base_asset"",""quote_asset"",""received_utc"",""exchange_timestamp_utc"",""source_url"",""source_params_json""]",2026-09-26,,2026-09-26T10:24:44.264813+00:00,,,legacy_unavailable,valr,USDTZAR,ZAR,USDT,,,,stablecoin_tokens,1 stablecoin token = 1 USD; no FX conversion,,,sell_stablecoin_base_hit_bids,valr_usdtzar_raw.json,3e224dacf51ea6f3b2db3bcc402fc30ee8401127aac899d2e490d598dfa7a9a1,5000,5000,5000.0,5000.0,1.0,81671.00624138,16.334201248276003,6.42333705971776,7.158283725000603,3,False,
native_l2,legacy:2026-09-26,legacy_directory_identifier,data/exact_l2/2026-09-26,legacy_day_root,legacy,data/exact_l2/2026-09-26/manifest.json,92421f89fa05168478f0dedb6b0d9a5fe1b8b23f32cc24cc253129ec50a50716,data/exact_l2/2026-09-26/execution_curves.csv,bdd1747e71888d442db368d2214866a3c13adb1c710cc4b11d3c30569e4409e6,data/exact_l2/2026-09-26/valr_usdtzar_raw.json,3e224dacf51ea6f3b2db3bcc402fc30ee8401127aac899d2e490d598dfa7a9a1,sha256_verified,"[""base_asset"",""quote_asset"",""received_utc"",""exchange_timestamp_utc"",""source_url"",""source_params_json""]",2026-09-26,,2026-09-26T10:24:44.264813+00:00,,,legacy_unavailable,valr,USDTZAR,ZAR,USDT,,,,stablecoin_tokens,1 stablecoin token = 1 USD; no FX conversion,,,sell_stablecoin_base_hit_bids,valr_usdtzar_raw.json,3e224dacf51ea6f3b2db3bcc402fc30ee8401127aac899d2e490d598dfa7a9a1,10000,10000,10000.0,10000.0,1.0,163336.00624137998,16.333600624137997,6.7908103923608465,7.158283725000603,3,False,
native_l2,legacy:2026-09-26,legacy_directory_identifier,data/exact_l2/2026-09-26,legacy_day_root,legacy,data/exact_l2/2026-09-26/manifest.json,92421f89fa05168478f0dedb6b0d9a5fe1b8b23f32cc24cc253129ec50a50716,data/exact_l2/2026-09-26/execution_curves.csv,bdd1747e71888d442db368d2214866a3c13adb1c710cc4b11d3c30569e4409e6,data/exact_l2/2026-09-26/valr_usdtzar_raw.json,3e224dacf51ea6f3b2db3bcc402fc30ee8401127aac899d2e490d598dfa7a9a1,sha256_verified,"[""base_asset"",""quote_asset"",""received_utc"",""exchange_timestamp_utc"",""source_url"",""source_params_json""]",2026-09-26,,2026-09-26T10:24:44.264813+00:00,,,legacy_unavailable,valr,USDTZAR,ZAR,USDT,,,,stablecoin_tokens,1 stablecoin token = 1 USD; no FX conversion,,,sell_stablecoin_base_hit_bids,valr_usdtzar_raw.json,3e224dacf51ea6f3b2db3bcc402fc30ee8401127aac899d2e490d598dfa7a9a1,25000,25000,25000.0,25000.0,1.0,408300.61089181993,16.332024435672796,7.75515263492399,11.808109050640558,4,False,
native_l2,legacy:2026-09-26,legacy_directory_identifier,data/exact_l2/2026-09-26,legacy_day_root,legacy,data/exact_l2/2026-09-26/manifest.json,92421f89fa05168478f0dedb6b0d9a5fe1b8b23f32cc24cc253129ec50a50716,data/exact_l2/2026-09-26/execution_curves.csv,bdd1747e71888d442db368d2214866a3c13adb1c710cc4b11d3c30569e4409e6,data/exact_l2/2026-09-26/valr_usdtzar_raw.json,3e224dacf51ea6f3b2db3bcc402fc30ee8401127aac899d2e490d598dfa7a9a1,sha256_verified,"[""base_asset"",""quote_asset"",""received_utc"",""exchange_timestamp_utc"",""source_url"",""source_params_json""]",2026-09-26,,2026-09-26T10:24:44.264813+00:00,,,legacy_unavailable,valr,USDTZAR,ZAR,USDT,,,,stablecoin_tokens,1 stablecoin token = 1 USD; no FX conversion,,,sell_stablecoin_base_hit_bids,valr_usdtzar_raw.json,3e224dacf51ea6f3b2db3bcc402fc30ee8401127aac899d2e490d598dfa7a9a1,50000,50000,50000.0,50000.0,1.0,816260.3719619899,16.325207439239797,11.925921405839812,17.620390707691058,8,False,
native_l2,legacy:2026-09-26,legacy_directory_identifier,data/exact_l2/2026-09-26,legacy_day_root,legacy,data/exact_l2/2026-09-26/manifest.json,92421f89fa05168478f0dedb6b0d9a5fe1b8b23f32cc24cc253129ec50a50716,data/exact_l2/2026-09-26/execution_curves.csv,bdd1747e71888d442db368d2214866a3c13adb1c710cc4b11d3c30569e4409e6,data/exact_l2/2026-09-26/valr_usdtzar_raw.json,3e224dacf51ea6f3b2db3bcc402fc30ee8401127aac899d2e490d598dfa7a9a1,sha256_verified,"[""base_asset"",""quote_asset"",""received_utc"",""exchange_timestamp_utc"",""source_url"",""source_params_json""]",2026-09-26,,2026-09-26T10:24:44.264813+00:00,,,legacy_unavailable,valr,USDTZAR,ZAR,USDT,,,,stablecoin_tokens,1 stablecoin token = 1 USD; no FX conversion,,,sell_stablecoin_base_hit_bids,valr_usdtzar_raw.json,3e224dacf51ea6f3b2db3bcc402fc30ee8401127aac899d2e490d598dfa7a9a1,100000,100000,100000.0,100000.0,1.0,1630871.98884399,16.3087198884399,22.01332025678071,38.97287805833094,18,False,
native_l2,legacy:2026-09-26,legacy_directory_identifier,data/exact_l2/2026-09-26,legacy_day_root,legacy,data/exact_l2/2026-09-26/manifest.json,92421f89fa05168478f0dedb6b0d9a5fe1b8b23f32cc24cc253129ec50a50716,data/exact_l2/2026-09-26/execution_curves.csv,bdd1747e71888d442db368d2214866a3c13adb1c710cc4b11d3c30569e4409e6,data/exact_l2/2026-09-26/bitkub_usdt_thb_raw.json,f233ff26ff9e75cb6f17ce6030f16fdda7155e8f77d5bf5579846f4dbeb316bf,sha256_verified,"[""base_asset"",""quote_asset"",""received_utc"",""exchange_timestamp_utc"",""source_url"",""source_params_json""]",2026-09-26,,2026-09-26T10:24:44.567852+00:00,,,legacy_unavailable,bitkub,usdt_thb,THB,USDT,,,,stablecoin_tokens,1 stablecoin token = 1 USD; no FX conversion,,,sell_stablecoin_base_hit_bids,bitkub_usdt_thb_raw.json,f233ff26ff9e75cb6f17ce6030f16fdda7155e8f77d5bf5579846f4dbeb316bf,1000,1000,1000.0,1000.0,1.0,33370.0,33.37,1.498127340824329,1.498127340824329,1,False,
native_l2,legacy:2026-09-26,legacy_directory_identifier,data/exact_l2/2026-09-26,legacy_day_root,legacy,data/exact_l2/2026-09-26/manifest.json,92421f89fa05168478f0dedb6b0d9a5fe1b8b23f32cc24cc253129ec50a50716,data/exact_l2/2026-09-26/execution_curves.csv,bdd1747e71888d442db368d2214866a3c13adb1c710cc4b11d3c30569e4409e6,data/exact_l2/2026-09-26/bitkub_usdt_thb_raw.json,f233ff26ff9e75cb6f17ce6030f16fdda7155e8f77d5bf5579846f4dbeb316bf,sha256_verified,"[""base_asset"",""quote_asset"",""received_utc"",""exchange_timestamp_utc"",""source_url"",""source_params_json""]",2026-09-26,,2026-09-26T10:24:44.567852+00:00,,,legacy_unavailable,bitkub,usdt_thb,THB,USDT,,,,stablecoin_tokens,1 stablecoin token = 1 USD; no FX conversion,,,sell_stablecoin_base_hit_bids,bitkub_usdt_thb_raw.json,f233ff26ff9e75cb6f17ce6030f16fdda7155e8f77d5bf5579846f4dbeb316bf,5000,5000,5000.0,5000.0,1.0,166850.0,33.37,1.498127340824329,1.498127340824329,1,False,
native_l2,legacy:2026-09-26,legacy_directory_identifier,data/exact_l2/2026-09-26,legacy_day_root,legacy,data/exact_l2/2026-09-26/manifest.json,92421f89fa05168478f0dedb6b0d9a5fe1b8b23f32cc24cc253129ec50a50716,data/exact_l2/2026-09-26/execution_curves.csv,bdd1747e71888d442db368d2214866a3c13adb1c710cc4b11d3c30569e4409e6,data/exact_l2/2026-09-26/bitkub_usdt_thb_raw.json,f233ff26ff9e75cb6f17ce6030f16fdda7155e8f77d5bf5579846f4dbeb316bf,sha256_verified,"[""base_asset"",""quote_asset"",""received_utc"",""exchange_timestamp_utc"",""source_url"",""source_params_json""]",2026-09-26,,2026-09-26T10:24:44.567852+00:00,,,legacy_unavailable,bitkub,usdt_thb,THB,USDT,,,,stablecoin_tokens,1 stablecoin token = 1 USD; no FX conversion,,,sell_stablecoin_base_hit_bids,bitkub_usdt_thb_raw.json,f233ff26ff9e75cb6f17ce6030f16fdda7155e8f77d5bf5579846f4dbeb316bf,10000,10000,10000.0,10000.0,1.0,333700.0,33.37,1.498127340824329,1.498127340824329,1,False,
native_l2,legacy:2026-09-26,legacy_directory_identifier,data/exact_l2/2026-09-26,legacy_day_root,legacy,data/exact_l2/2026-09-26/manifest.json,92421f89fa05168478f0dedb6b0d9a5fe1b8b23f32cc24cc253129ec50a50716,data/exact_l2/2026-09-26/execution_curves.csv,bdd1747e71888d442db368d2214866a3c13adb1c710cc4b11d3c30569e4409e6,data/exact_l2/2026-09-26/bitkub_usdt_thb_raw.json,f233ff26ff9e75cb6f17ce6030f16fdda7155e8f77d5bf5579846f4dbeb316bf,sha256_verified,"[""base_asset"",""quote_asset"",""received_utc"",""exchange_timestamp_utc"",""source_url"",""source_params_json""]",2026-09-26,,2026-09-26T10:24:44.567852+00:00,,,legacy_unavailable,bitkub,usdt_thb,THB,USDT,,,,stablecoin_tokens,1 stablecoin token = 1 USD; no FX conversion,,,sell_stablecoin_base_hit_bids,bitkub_usdt_thb_raw.json,f233ff26ff9e75cb6f17ce6030f16fdda7155e8f77d5bf5579846f4dbeb316bf,25000,25000,25000.0,25000.0,1.0,834249.9999999999,33.37,1.498127340824329,1.498127340824329,1,False,
native_l2,legacy:2026-09-26,legacy_directory_identifier,data/exact_l2/2026-09-26,legacy_day_root,legacy,data/exact_l2/2026-09-26/manifest.json,92421f89fa05168478f0dedb6b0d9a5fe1b8b23f32cc24cc253129ec50a50716,data/exact_l2/2026-09-26/execution_curves.csv,bdd1747e71888d442db368d2214866a3c13adb1c710cc4b11d3c30569e4409e6,data/exact_l2/2026-09-26/bitkub_usdt_thb_raw.json,f233ff26ff9e75cb6f17ce6030f16fdda7155e8f77d5bf5579846f4dbeb316bf,sha256_verified,"[""base_asset"",""quote_asset"",""received_utc"",""exchange_timestamp_utc"",""source_url"",""source_params_json""]",2026-09-26,,2026-09-26T10:24:44.567852+00:00,,,legacy_unavailable,bitkub,usdt_thb,THB,USDT,,,,stablecoin_tokens,1 stablecoin token = 1 USD; no FX conversion,,,sell_stablecoin_base_hit_bids,bitkub_usdt_thb_raw.json,f233ff26ff9e75cb6f17ce6030f16fdda7155e8f77d5bf5579846f4dbeb316bf,50000,50000,50000.0,50000.0,1.0,1668499.9999999998,33.37,1.498127340824329,1.498127340824329,1,False,
native_l2,legacy:2026-09-26,legacy_directory_identifier,data/exact_l2/2026-09-26,legacy_day_root,legacy,data/exact_l2/2026-09-26/manifest.json,92421f89fa05168478f0dedb6b0d9a5fe1b8b23f32cc24cc253129ec50a50716,data/exact_l2/2026-09-26/execution_curves.csv,bdd1747e71888d442db368d2214866a3c13adb1c710cc4b11d3c30569e4409e6,data/exact_l2/2026-09-26/bitkub_usdt_thb_raw.json,f233ff26ff9e75cb6f17ce6030f16fdda7155e8f77d5bf5579846f4dbeb316bf,sha256_verified,"[""base_asset"",""quote_asset"",""received_utc"",""exchange_timestamp_utc"",""source_url"",""source_params_json""]",2026-09-26,,2026-09-26T10:24:44.567852+00:00,,,legacy_unavailable,bitkub,usdt_thb,THB,USDT,,,,stablecoin_tokens,1 stablecoin token = 1 USD; no FX conversion,,,sell_stablecoin_base_hit_bids,bitkub_usdt_thb_raw.json,f233ff26ff9e75cb6f17ce6030f16fdda7155e8f77d5bf5579846f4dbeb316bf,100000,100000,100000.0,100000.0,1.0,3336999.9999999995,33.37,1.498127340824329,1.498127340824329,1,False,
native_l2,legacy:2026-09-27,legacy_directory_identifier,data/exact_l2/2026-09-27,legacy_day_root,legacy,data/exact_l2/2026-09-27/manifest.json,2b3751da5065bb341b59e5fa056a53f05c8891119a2c4b390fcb5ddbb50e600a,data/exact_l2/2026-09-27/execution_curves.csv,2b82cc381e566417b70f7889d19aa4265d12d1d2ae4db26d29b3e1c73eaa1df3,data/exact_l2/2026-09-27/valr_usdtzar_raw.json,d0fc37c1c19089bf071fe364b4de420173274c00bd91a1d32ad561bbf634c76f,sha256_verified,"[""base_asset"",""quote_asset"",""received_utc"",""exchange_timestamp_utc"",""source_url"",""source_params_json""]",2026-09-27,,2026-09-27T10:54:19.864804+00:00,,,legacy_unavailable,valr,USDTZAR,ZAR,USDT,,,,stablecoin_tokens,1 stablecoin token = 1 USD; no FX conversion,,,sell_stablecoin_base_hit_bids,valr_usdtzar_raw.json,d0fc37c1c19089bf071fe364b4de420173274c00bd91a1d32ad561bbf634c76f,1000,1000,1000.0,1000.0,1.0,16328.800000000001,16.3288,0.030620649954515855,0.030620649954515855,1,False,
native_l2,legacy:2026-09-27,legacy_directory_identifier,data/exact_l2/2026-09-27,legacy_day_root,legacy,data/exact_l2/2026-09-27/manifest.json,2b3751da5065bb341b59e5fa056a53f05c8891119a2c4b390fcb5ddbb50e600a,data/exact_l2/2026-09-27/execution_curves.csv,2b82cc381e566417b70f7889d19aa4265d12d1d2ae4db26d29b3e1c73eaa1df3,data/exact_l2/2026-09-27/valr_usdtzar_raw.json,d0fc37c1c19089bf071fe364b4de420173274c00bd91a1d32ad561bbf634c76f,sha256_verified,"[""base_asset"",""quote_asset"",""received_utc"",""exchange_timestamp_utc"",""source_url"",""source_params_json""]",2026-09-27,,2026-09-27T10:54:19.864804+00:00,,,legacy_unavailable,valr,USDTZAR,ZAR,USDT,,,,stablecoin_tokens,1 stablecoin token = 1 USD; no FX conversion,,,sell_stablecoin_base_hit_bids,valr_usdtzar_raw.json,d0fc37c1c19089bf071fe364b4de420173274c00bd91a1d32ad561bbf634c76f,5000,5000,5000.0,5000.0,1.0,81644.0,16.3288,0.030620649954515855,0.030620649954515855,1,False,
native_l2,legacy:2026-09-27,legacy_directory_identifier,data/exact_l2/2026-09-27,legacy_day_root,legacy,data/exact_l2/2026-09-27/manifest.json,2b3751da5065bb341b59e5fa056a53f05c8891119a2c4b390fcb5ddbb50e600a,data/exact_l2/2026-09-27/execution_curves.csv,2b82cc381e566417b70f7889d19aa4265d12d1d2ae4db26d29b3e1c73eaa1df3,data/exact_l2/2026-09-27/valr_usdtzar_raw.json,d0fc37c1c19089bf071fe364b4de420173274c00bd91a1d32ad561bbf634c76f,sha256_verified,"[""base_asset"",""quote_asset"",""received_utc"",""exchange_timestamp_utc"",""source_url"",""source_params_json""]",2026-09-27,,2026-09-27T10:54:19.864804+00:00,,,legacy_unavailable,valr,USDTZAR,ZAR,USDT,,,,stablecoin_tokens,1 stablecoin token = 1 USD; no FX conversion,,,sell_stablecoin_base_hit_bids,valr_usdtzar_raw.json,d0fc37c1c19089bf071fe364b4de420173274c00bd91a1d32ad561bbf634c76f,10000,10000,10000.0,10000.0,1.0,163271.14236410003,16.327114236410004,1.0630041858417094,6.46095714027739,5,False,
native_l2,legacy:2026-09-27,legacy_directory_identifier,data/exact_l2/2026-09-27,legacy_day_root,legacy,data/exact_l2/2026-09-27/manifest.json,2b3751da5065bb341b59e5fa056a53f05c8891119a2c4b390fcb5ddbb50e600a,data/exact_l2/2026-09-27/execution_curves.csv,2b82cc381e566417b70f7889d19aa4265d12d1d2ae4db26d29b3e1c73eaa1df3,data/exact_l2/2026-09-27/valr_usdtzar_raw.json,d0fc37c1c19089bf071fe364b4de420173274c00bd91a1d32ad561bbf634c76f,sha256_verified,"[""base_asset"",""quote_asset"",""received_utc"",""exchange_timestamp_utc"",""source_url"",""source_params_json""]",2026-09-27,,2026-09-27T10:54:19.864804+00:00,,,legacy_unavailable,valr,USDTZAR,ZAR,USDT,,,,stablecoin_tokens,1 stablecoin token = 1 USD; no FX conversion,,,sell_stablecoin_base_hit_bids,valr_usdtzar_raw.json,d0fc37c1c19089bf071fe364b4de420173274c00bd91a1d32ad561bbf634c76f,25000,25000,25000.0,25000.0,1.0,408045.6423641001,16.321825694564005,4.301775958501786,6.46095714027739,5,False,
native_l2,legacy:2026-09-27,legacy_directory_identifier,data/exact_l2/2026-09-27,legacy_day_root,legacy,data/exact_l2/2026-09-27/manifest.json,2b3751da5065bb341b59e5fa056a53f05c8891119a2c4b390fcb5ddbb50e600a,data/exact_l2/2026-09-27/execution_curves.csv,2b82cc381e566417b70f7889d19aa4265d12d1d2ae4db26d29b3e1c73eaa1df3,data/exact_l2/2026-09-27/valr_usdtzar_raw.json,d0fc37c1c19089bf071fe364b4de420173274c00bd91a1d32ad561bbf634c76f,sha256_verified,"[""base_asset"",""quote_asset"",""received_utc"",""exchange_timestamp_utc"",""source_url"",""source_params_json""]",2026-09-27,,2026-09-27T10:54:19.864804+00:00,,,legacy_unavailable,valr,USDTZAR,ZAR,USDT,,,,stablecoin_tokens,1 stablecoin token = 1 USD; no FX conversion,,,sell_stablecoin_base_hit_bids,valr_usdtzar_raw.json,d0fc37c1c19089bf071fe364b4de420173274c00bd91a1d32ad561bbf634c76f,50000,50000,50000.0,50000.0,1.0,815813.4836403001,16.316269672806,7.704355906265059,16.8719781246085,10,False,
native_l2,legacy:2026-09-27,legacy_directory_identifier,data/exact_l2/2026-09-27,legacy_day_root,legacy,data/exact_l2/2026-09-27/manifest.json,2b3751da5065bb341b59e5fa056a53f05c8891119a2c4b390fcb5ddbb50e600a,data/exact_l2/2026-09-27/execution_curves.csv,2b82cc381e566417b70f7889d19aa4265d12d1d2ae4db26d29b3e1c73eaa1df3,data/exact_l2/2026-09-27/valr_usdtzar_raw.json,d0fc37c1c19089bf071fe364b4de420173274c00bd91a1d32ad561bbf634c76f,sha256_verified,"[""base_asset"",""quote_asset"",""received_utc"",""exchange_timestamp_utc"",""source_url"",""source_params_json""]",2026-09-27,,2026-09-27T10:54:19.864804+00:00,,,legacy_unavailable,valr,USDTZAR,ZAR,USDT,,,,stablecoin_tokens,1 stablecoin token = 1 USD; no FX conversion,,,sell_stablecoin_base_hit_bids,valr_usdtzar_raw.json,d0fc37c1c19089bf071fe364b4de420173274c00bd91a1d32ad561bbf634c76f,100000,100000,100000.0,100000.0,1.0,1630084.2364308601,16.3008423643086,17.152240170864587,29.916375004976903,13,False,
native_l2,legacy:2026-09-27,legacy_directory_identifier,data/exact_l2/2026-09-27,legacy_day_root,legacy,data/exact_l2/2026-09-27/manifest.json,2b3751da5065bb341b59e5fa056a53f05c8891119a2c4b390fcb5ddbb50e600a,data/exact_l2/2026-09-27/execution_curves.csv,2b82cc381e566417b70f7889d19aa4265d12d1d2ae4db26d29b3e1c73eaa1df3,data/exact_l2/2026-09-27/bitkub_usdt_thb_raw.json,60a811c0b6e89fac9cccd18b46a659a58de7c8024212f126bbc02fa758a9ed09,sha256_verified,"[""base_asset"",""quote_asset"",""received_utc"",""exchange_timestamp_utc"",""source_url"",""source_params_json""]",2026-09-27,,2026-09-27T10:54:20.126887+00:00,,,legacy_unavailable,bitkub,usdt_thb,THB,USDT,,,,stablecoin_tokens,1 stablecoin token = 1 USD; no FX conversion,,,sell_stablecoin_base_hit_bids,bitkub_usdt_thb_raw.json,60a811c0b6e89fac9cccd18b46a659a58de7c8024212f126bbc02fa758a9ed09,1000,1000,1000.0,1000.0,1.0,33390.0,33.39,1.4972301242688335,1.4972301242688335,1,False,
native_l2,legacy:2026-09-27,legacy_directory_identifier,data/exact_l2/2026-09-27,legacy_day_root,legacy,data/exact_l2/2026-09-27/manifest.json,2b3751da5065bb341b59e5fa056a53f05c8891119a2c4b390fcb5ddbb50e600a,data/exact_l2/2026-09-27/execution_curves.csv,2b82cc381e566417b70f7889d19aa4265d12d1d2ae4db26d29b3e1c73eaa1df3,data/exact_l2/2026-09-27/bitkub_usdt_thb_raw.json,60a811c0b6e89fac9cccd18b46a659a58de7c8024212f126bbc02fa758a9ed09,sha256_verified,"[""base_asset"",""quote_asset"",""received_utc"",""exchange_timestamp_utc"",""source_url"",""source_params_json""]",2026-09-27,,2026-09-27T10:54:20.126887+00:00,,,legacy_unavailable,bitkub,usdt_thb,THB,USDT,,,,stablecoin_tokens,1 stablecoin token = 1 USD; no FX conversion,,,sell_stablecoin_base_hit_bids,bitkub_usdt_thb_raw.json,60a811c0b6e89fac9cccd18b46a659a58de7c8024212f126bbc02fa758a9ed09,5000,5000,5000.0,5000.0,1.0,166950.0,33.39,1.4972301242688335,1.4972301242688335,1,False,
native_l2,legacy:2026-09-27,legacy_directory_identifier,data/exact_l2/2026-09-27,legacy_day_root,legacy,data/exact_l2/2026-09-27/manifest.json,2b3751da5065bb341b59e5fa056a53f05c8891119a2c4b390fcb5ddbb50e600a,data/exact_l2/2026-09-27/execution_curves.csv,2b82cc381e566417b70f7889d19aa4265d12d1d2ae4db26d29b3e1c73eaa1df3,data/exact_l2/2026-09-27/bitkub_usdt_thb_raw.json,60a811c0b6e89fac9cccd18b46a659a58de7c8024212f126bbc02fa758a9ed09,sha256_verified,"[""base_asset"",""quote_asset"",""received_utc"",""exchange_timestamp_utc"",""source_url"",""source_params_json""]",2026-09-27,,2026-09-27T10:54:20.126887+00:00,,,legacy_unavailable,bitkub,usdt_thb,THB,USDT,,,,stablecoin_tokens,1 stablecoin token = 1 USD; no FX conversion,,,sell_stablecoin_base_hit_bids,bitkub_usdt_thb_raw.json,60a811c0b6e89fac9cccd18b46a659a58de7c8024212f126bbc02fa758a9ed09,10000,10000,10000.0,10000.0,1.0,333900.0,33.39,1.4972301242688335,1.4972301242688335,1,False,
native_l2,legacy:2026-09-27,legacy_directory_identifier,data/exact_l2/2026-09-27,legacy_day_root,legacy,data/exact_l2/2026-09-27/manifest.json,2b3751da5065bb341b59e5fa056a53f05c8891119a2c4b390fcb5ddbb50e600a,data/exact_l2/2026-09-27/execution_curves.csv,2b82cc381e566417b70f7889d19aa4265d12d1d2ae4db26d29b3e1c73eaa1df3,data/exact_l2/2026-09-27/bitkub_usdt_thb_raw.json,60a811c0b6e89fac9cccd18b46a659a58de7c8024212f126bbc02fa758a9ed09,sha256_verified,"[""base_asset"",""quote_asset"",""received_utc"",""exchange_timestamp_utc"",""source_url"",""source_params_json""]",2026-09-27,,2026-09-27T10:54:20.126887+00:00,,,legacy_unavailable,bitkub,usdt_thb,THB,USDT,,,,stablecoin_tokens,1 stablecoin token = 1 USD; no FX conversion,,,sell_stablecoin_base_hit_bids,bitkub_usdt_thb_raw.json,60a811c0b6e89fac9cccd18b46a659a58de7c8024212f126bbc02fa758a9ed09,25000,25000,25000.0,25000.0,1.0,834750.0,33.39,1.4972301242688335,1.4972301242688335,1,False,
native_l2,legacy:2026-09-27,legacy_directory_identifier,data/exact_l2/2026-09-27,legacy_day_root,legacy,data/exact_l2/2026-09-27/manifest.json,2b3751da5065bb341b59e5fa056a53f05c8891119a2c4b390fcb5ddbb50e600a,data/exact_l2/2026-09-27/execution_curves.csv,2b82cc381e566417b70f7889d19aa4265d12d1d2ae4db26d29b3e1c73eaa1df3,data/exact_l2/2026-09-27/bitkub_usdt_thb_raw.json,60a811c0b6e89fac9cccd18b46a659a58de7c8024212f126bbc02fa758a9ed09,sha256_verified,"[""base_asset"",""quote_asset"",""received_utc"",""exchange_timestamp_utc"",""source_url"",""source_params_json""]",2026-09-27,,2026-09-27T10:54:20.126887+00:00,,,legacy_unavailable,bitkub,usdt_thb,THB,USDT,,,,stablecoin_tokens,1 stablecoin token = 1 USD; no FX conversion,,,sell_stablecoin_base_hit_bids,bitkub_usdt_thb_raw.json,60a811c0b6e89fac9cccd18b46a659a58de7c8024212f126bbc02fa758a9ed09,50000,50000,50000.0,50000.0,1.0,1669500.0,33.39,1.4972301242688335,1.4972301242688335,1,False,
native_l2,legacy:2026-09-27,legacy_directory_identifier,data/exact_l2/2026-09-27,legacy_day_root,legacy,data/exact_l2/2026-09-27/manifest.json,2b3751da5065bb341b59e5fa056a53f05c8891119a2c4b390fcb5ddbb50e600a,data/exact_l2/2026-09-27/execution_curves.csv,2b82cc381e566417b70f7889d19aa4265d12d1d2ae4db26d29b3e1c73eaa1df3,data/exact_l2/2026-09-27/bitkub_usdt_thb_raw.json,60a811c0b6e89fac9cccd18b46a659a58de7c8024212f126bbc02fa758a9ed09,sha256_verified,"[""base_asset"",""quote_asset"",""received_utc"",""exchange_timestamp_utc"",""source_url"",""source_params_json""]",2026-09-27,,2026-09-27T10:54:20.126887+00:00,,,legacy_unavailable,bitkub,usdt_thb,THB,USDT,,,,stablecoin_tokens,1 stablecoin token = 1 USD; no FX conversion,,,sell_stablecoin_base_hit_bids,bitkub_usdt_thb_raw.json,60a811c0b6e89fac9cccd18b46a659a58de7c8024212f126bbc02fa758a9ed09,100000,100000,100000.0,100000.0,1.0,3339000.0,33.39,1.4972301242688335,1.4972301242688335,1,False,
native_l2,legacy:2026-09-28,legacy_directory_identifier,data/exact_l2/2026-09-28,legacy_day_root,legacy,data/exact_l2/2026-09-28/manifest.json,a6b3e60d0777aeec175d2024180c25675a9cbb0d08814c7ac79ff99c602906ee,data/exact_l2/2026-09-28/execution_curves.csv,947cb8574d88cd235d85dd4e7313d47674aa98b1c71b5a25f951372e33f36aeb,data/exact_l2/2026-09-28/valr_usdtzar_raw.json,a1fed8aeab45d0c84e6b205ab812c81b758bd29eb417130736d7afa10d75e4ab,sha256_verified,"[""base_asset"",""quote_asset"",""received_utc"",""exchange_timestamp_utc"",""source_url"",""source_params_json""]",2026-09-28,,2026-09-28T12:09:22.381900+00:00,,,legacy_unavailable,valr,USDTZAR,ZAR,USDT,,,,stablecoin_tokens,1 stablecoin token = 1 USD; no FX conversion,,,sell_stablecoin_base_hit_bids,valr_usdtzar_raw.json,a1fed8aeab45d0c84e6b205ab812c81b758bd29eb417130736d7afa10d75e4ab,1000,1000,1000.0,1000.0,1.0,16449.4,16.4494,0.972585253176117,0.972585253176117,1,False,
native_l2,legacy:2026-09-28,legacy_directory_identifier,data/exact_l2/2026-09-28,legacy_day_root,legacy,data/exact_l2/2026-09-28/manifest.json,a6b3e60d0777aeec175d2024180c25675a9cbb0d08814c7ac79ff99c602906ee,data/exact_l2/2026-09-28/execution_curves.csv,947cb8574d88cd235d85dd4e7313d47674aa98b1c71b5a25f951372e33f36aeb,data/exact_l2/2026-09-28/valr_usdtzar_raw.json,a1fed8aeab45d0c84e6b205ab812c81b758bd29eb417130736d7afa10d75e4ab,sha256_verified,"[""base_asset"",""quote_asset"",""received_utc"",""exchange_timestamp_utc"",""source_url"",""source_params_json""]",2026-09-28,,2026-09-28T12:09:22.381900+00:00,,,legacy_unavailable,valr,USDTZAR,ZAR,USDT,,,,stablecoin_tokens,1 stablecoin token = 1 USD; no FX conversion,,,sell_stablecoin_base_hit_bids,valr_usdtzar_raw.json,a1fed8aeab45d0c84e6b205ab812c81b758bd29eb417130736d7afa10d75e4ab,5000,5000,5000.0,5000.0,1.0,82247.0,16.4494,0.972585253176117,0.972585253176117,1,False,
native_l2,legacy:2026-09-28,legacy_directory_identifier,data/exact_l2/2026-09-28,legacy_day_root,legacy,data/exact_l2/2026-09-28/manifest.json,a6b3e60d0777aeec175d2024180c25675a9cbb0d08814c7ac79ff99c602906ee,data/exact_l2/2026-09-28/execution_curves.csv,947cb8574d88cd235d85dd4e7313d47674aa98b1c71b5a25f951372e33f36aeb,data/exact_l2/2026-09-28/valr_usdtzar_raw.json,a1fed8aeab45d0c84e6b205ab812c81b758bd29eb417130736d7afa10d75e4ab,sha256_verified,"[""base_asset"",""quote_asset"",""received_utc"",""exchange_timestamp_utc"",""source_url"",""source_params_json""]",2026-09-28,,2026-09-28T12:09:22.381900+00:00,,,legacy_unavailable,valr,USDTZAR,ZAR,USDT,,,,stablecoin_tokens,1 stablecoin token = 1 USD; no FX conversion,,,sell_stablecoin_base_hit_bids,valr_usdtzar_raw.json,a1fed8aeab45d0c84e6b205ab812c81b758bd29eb417130736d7afa10d75e4ab,10000,10000,10000.0,10000.0,1.0,164494.0,16.4494,0.972585253176117,0.972585253176117,1,False,
native_l2,legacy:2026-09-28,legacy_directory_identifier,data/exact_l2/2026-09-28,legacy_day_root,legacy,data/exact_l2/2026-09-28/manifest.json,a6b3e60d0777aeec175d2024180c25675a9cbb0d08814c7ac79ff99c602906ee,data/exact_l2/2026-09-28/execution_curves.csv,947cb8574d88cd235d85dd4e7313d47674aa98b1c71b5a25f951372e33f36aeb,data/exact_l2/2026-09-28/valr_usdtzar_raw.json,a1fed8aeab45d0c84e6b205ab812c81b758bd29eb417130736d7afa10d75e4ab,sha256_verified,"[""base_asset"",""quote_asset"",""received_utc"",""exchange_timestamp_utc"",""source_url"",""source_params_json""]",2026-09-28,,2026-09-28T12:09:22.381900+00:00,,,legacy_unavailable,valr,USDTZAR,ZAR,USDT,,,,stablecoin_tokens,1 stablecoin token = 1 USD; no FX conversion,,,sell_stablecoin_base_hit_bids,valr_usdtzar_raw.json,a1fed8aeab45d0c84e6b205ab812c81b758bd29eb417130736d7afa10d75e4ab,25000,25000,25000.0,25000.0,1.0,411211.92505576,16.4484770022304,1.5336440153179698,6.625737037261326,4,False,
native_l2,legacy:2026-09-28,legacy_directory_identifier,data/exact_l2/2026-09-28,legacy_day_root,legacy,data/exact_l2/2026-09-28/manifest.json,a6b3e60d0777aeec175d2024180c25675a9cbb0d08814c7ac79ff99c602906ee,data/exact_l2/2026-09-28/execution_curves.csv,947cb8574d88cd235d85dd4e7313d47674aa98b1c71b5a25f951372e33f36aeb,data/exact_l2/2026-09-28/valr_usdtzar_raw.json,a1fed8aeab45d0c84e6b205ab812c81b758bd29eb417130736d7afa10d75e4ab,sha256_verified,"[""base_asset"",""quote_asset"",""received_utc"",""exchange_timestamp_utc"",""source_url"",""source_params_json""]",2026-09-28,,2026-09-28T12:09:22.381900+00:00,,,legacy_unavailable,valr,USDTZAR,ZAR,USDT,,,,stablecoin_tokens,1 stablecoin token = 1 USD; no FX conversion,,,sell_stablecoin_base_hit_bids,valr_usdtzar_raw.json,a1fed8aeab45d0c84e6b205ab812c81b758bd29eb417130736d7afa10d75e4ab,50000,50000,50000.0,50000.0,1.0,822214.4250557601,16.444288501115203,4.0796905262885375,6.625737037261326,5,False,
native_l2,legacy:2026-09-28,legacy_directory_identifier,data/exact_l2/2026-09-28,legacy_day_root,legacy,data/exact_l2/2026-09-28/manifest.json,a6b3e60d0777aeec175d2024180c25675a9cbb0d08814c7ac79ff99c602906ee,data/exact_l2/2026-09-28/execution_curves.csv,947cb8574d88cd235d85dd4e7313d47674aa98b1c71b5a25f951372e33f36aeb,data/exact_l2/2026-09-28/valr_usdtzar_raw.json,a1fed8aeab45d0c84e6b205ab812c81b758bd29eb417130736d7afa10d75e4ab,sha256_verified,"[""base_asset"",""quote_asset"",""received_utc"",""exchange_timestamp_utc"",""source_url"",""source_params_json""]",2026-09-28,,2026-09-28T12:09:22.381900+00:00,,,legacy_unavailable,valr,USDTZAR,ZAR,USDT,,,,stablecoin_tokens,1 stablecoin token = 1 USD; no FX conversion,,,sell_stablecoin_base_hit_bids,valr_usdtzar_raw.json,a1fed8aeab45d0c84e6b205ab812c81b758bd29eb417130736d7afa10d75e4ab,100000,100000,100000.0,100000.0,1.0,1644215.4269380802,16.4421542693808,5.377016971126469,6.686523615585527,7,False,
native_l2,legacy:2026-09-28,legacy_directory_identifier,data/exact_l2/2026-09-28,legacy_day_root,legacy,data/exact_l2/2026-09-28/manifest.json,a6b3e60d0777aeec175d2024180c25675a9cbb0d08814c7ac79ff99c602906ee,data/exact_l2/2026-09-28/execution_curves.csv,947cb8574d88cd235d85dd4e7313d47674aa98b1c71b5a25f951372e33f36aeb,data/exact_l2/2026-09-28/bitkub_usdt_thb_raw.json,4cc2f895ec72925142eec2b4bb7bc079d91fdaac2ed3b4cf29247e0526d2889a,sha256_verified,"[""base_asset"",""quote_asset"",""received_utc"",""exchange_timestamp_utc"",""source_url"",""source_params_json""]",2026-09-28,,2026-09-28T12:09:22.598620+00:00,,,legacy_unavailable,bitkub,usdt_thb,THB,USDT,,,,stablecoin_tokens,1 stablecoin token = 1 USD; no FX conversion,,,sell_stablecoin_base_hit_bids,bitkub_usdt_thb_raw.json,4cc2f895ec72925142eec2b4bb7bc079d91fdaac2ed3b4cf29247e0526d2889a,1000,1000,1000.0,1000.0,1.0,33550.0,33.55,1.490090895545082,1.490090895545082,1,False,
native_l2,legacy:2026-09-28,legacy_directory_identifier,data/exact_l2/2026-09-28,legacy_day_root,legacy,data/exact_l2/2026-09-28/manifest.json,a6b3e60d0777aeec175d2024180c25675a9cbb0d08814c7ac79ff99c602906ee,data/exact_l2/2026-09-28/execution_curves.csv,947cb8574d88cd235d85dd4e7313d47674aa98b1c71b5a25f951372e33f36aeb,data/exact_l2/2026-09-28/bitkub_usdt_thb_raw.json,4cc2f895ec72925142eec2b4bb7bc079d91fdaac2ed3b4cf29247e0526d2889a,sha256_verified,"[""base_asset"",""quote_asset"",""received_utc"",""exchange_timestamp_utc"",""source_url"",""source_params_json""]",2026-09-28,,2026-09-28T12:09:22.598620+00:00,,,legacy_unavailable,bitkub,usdt_thb,THB,USDT,,,,stablecoin_tokens,1 stablecoin token = 1 USD; no FX conversion,,,sell_stablecoin_base_hit_bids,bitkub_usdt_thb_raw.json,4cc2f895ec72925142eec2b4bb7bc079d91fdaac2ed3b4cf29247e0526d2889a,5000,5000,5000.0,5000.0,1.0,167750.0,33.55,1.490090895545082,1.490090895545082,1,False,
native_l2,legacy:2026-09-28,legacy_directory_identifier,data/exact_l2/2026-09-28,legacy_day_root,legacy,data/exact_l2/2026-09-28/manifest.json,a6b3e60d0777aeec175d2024180c25675a9cbb0d08814c7ac79ff99c602906ee,data/exact_l2/2026-09-28/execution_curves.csv,947cb8574d88cd235d85dd4e7313d47674aa98b1c71b5a25f951372e33f36aeb,data/exact_l2/2026-09-28/bitkub_usdt_thb_raw.json,4cc2f895ec72925142eec2b4bb7bc079d91fdaac2ed3b4cf29247e0526d2889a,sha256_verified,"[""base_asset"",""quote_asset"",""received_utc"",""exchange_timestamp_utc"",""source_url"",""source_params_json""]",2026-09-28,,2026-09-28T12:09:22.598620+00:00,,,legacy_unavailable,bitkub,usdt_thb,THB,USDT,,,,stablecoin_tokens,1 stablecoin token = 1 USD; no FX conversion,,,sell_stablecoin_base_hit_bids,bitkub_usdt_thb_raw.json,4cc2f895ec72925142eec2b4bb7bc079d91fdaac2ed3b4cf29247e0526d2889a,10000,10000,10000.0,10000.0,1.0,335500.0,33.55,1.490090895545082,1.490090895545082,1,False,
native_l2,legacy:2026-09-28,legacy_directory_identifier,data/exact_l2/2026-09-28,legacy_day_root,legacy,data/exact_l2/2026-09-28/manifest.json,a6b3e60d0777aeec175d2024180c25675a9cbb0d08814c7ac79ff99c602906ee,data/exact_l2/2026-09-28/execution_curves.csv,947cb8574d88cd235d85dd4e7313d47674aa98b1c71b5a25f951372e33f36aeb,data/exact_l2/2026-09-28/bitkub_usdt_thb_raw.json,4cc2f895ec72925142eec2b4bb7bc079d91fdaac2ed3b4cf29247e0526d2889a,sha256_verified,"[""base_asset"",""quote_asset"",""received_utc"",""exchange_timestamp_utc"",""source_url"",""source_params_json""]",2026-09-28,,2026-09-28T12:09:22.598620+00:00,,,legacy_unavailable,bitkub,usdt_thb,THB,USDT,,,,stablecoin_tokens,1 stablecoin token = 1 USD; no FX conversion,,,sell_stablecoin_base_hit_bids,bitkub_usdt_thb_raw.json,4cc2f895ec72925142eec2b4bb7bc079d91fdaac2ed3b4cf29247e0526d2889a,25000,25000,25000.0,25000.0,1.0,838749.9999999999,33.55,1.490090895545082,1.490090895545082,1,False,
native_l2,legacy:2026-09-28,legacy_directory_identifier,data/exact_l2/2026-09-28,legacy_day_root,legacy,data/exact_l2/2026-09-28/manifest.json,a6b3e60d0777aeec175d2024180c25675a9cbb0d08814c7ac79ff99c602906ee,data/exact_l2/2026-09-28/execution_curves.csv,947cb8574d88cd235d85dd4e7313d47674aa98b1c71b5a25f951372e33f36aeb,data/exact_l2/2026-09-28/bitkub_usdt_thb_raw.json,4cc2f895ec72925142eec2b4bb7bc079d91fdaac2ed3b4cf29247e0526d2889a,sha256_verified,"[""base_asset"",""quote_asset"",""received_utc"",""exchange_timestamp_utc"",""source_url"",""source_params_json""]",2026-09-28,,2026-09-28T12:09:22.598620+00:00,,,legacy_unavailable,bitkub,usdt_thb,THB,USDT,,,,stablecoin_tokens,1 stablecoin token = 1 USD; no FX conversion,,,sell_stablecoin_base_hit_bids,bitkub_usdt_thb_raw.json,4cc2f895ec72925142eec2b4bb7bc079d91fdaac2ed3b4cf29247e0526d2889a,50000,50000,50000.0,50000.0,1.0,1677499.9999999998,33.55,1.490090895545082,1.490090895545082,1,False,
native_l2,legacy:2026-09-28,legacy_directory_identifier,data/exact_l2/2026-09-28,legacy_day_root,legacy,data/exact_l2/2026-09-28/manifest.json,a6b3e60d0777aeec175d2024180c25675a9cbb0d08814c7ac79ff99c602906ee,data/exact_l2/2026-09-28/execution_curves.csv,947cb8574d88cd235d85dd4e7313d47674aa98b1c71b5a25f951372e33f36aeb,data/exact_l2/2026-09-28/bitkub_usdt_thb_raw.json,4cc2f895ec72925142eec2b4bb7bc079d91fdaac2ed3b4cf29247e0526d2889a,sha256_verified,"[""base_asset"",""quote_asset"",""received_utc"",""exchange_timestamp_utc"",""source_url"",""source_params_json""]",2026-09-28,,2026-09-28T12:09:22.598620+00:00,,,legacy_unavailable,bitkub,usdt_thb,THB,USDT,,,,stablecoin_tokens,1 stablecoin token = 1 USD; no FX conversion,,,sell_stablecoin_base_hit_bids,bitkub_usdt_thb_raw.json,4cc2f895ec72925142eec2b4bb7bc079d91fdaac2ed3b4cf29247e0526d2889a,100000,100000,100000.0,100000.0,1.0,3354999.9999999995,33.55,1.490090895545082,1.490090895545082,1,False,
native_l2,legacy:2026-09-29,legacy_directory_identifier,data/exact_l2/2026-09-29,legacy_day_root,legacy,data/exact_l2/2026-09-29/manifest.json,aeff71a15e8c70aa7d8cd48622a92cc6e6461f5fd491abdb4a1ca1a6fbd9a6a9,data/exact_l2/2026-09-29/execution_curves.csv,3680d918411ba3f3541cfc5387e815309a1b2de9281b00cc73daaee78257dffa,data/exact_l2/2026-09-29/valr_usdtzar_raw.json,5bf5093f357854628bbce2f4661c3c3d883eccc13bee3c8c0afc40d985c83d29,sha256_verified,"[""base_asset"",""quote_asset"",""received_utc"",""exchange_timestamp_utc"",""source_url"",""source_params_json""]",2026-09-29,,2026-09-29T11:43:42.014895+00:00,,,legacy_unavailable,valr,USDTZAR,ZAR,USDT,,,,stablecoin_tokens,1 stablecoin token = 1 USD; no FX conversion,,,sell_stablecoin_base_hit_bids,valr_usdtzar_raw.json,5bf5093f357854628bbce2f4661c3c3d883eccc13bee3c8c0afc40d985c83d29,1000,1000,1000.0,1000.0,1.0,16443.8,16.4438,0.030406504558655456,0.030406504558655456,1,False,
native_l2,legacy:2026-09-29,legacy_directory_identifier,data/exact_l2/2026-09-29,legacy_day_root,legacy,data/exact_l2/2026-09-29/manifest.json,aeff71a15e8c70aa7d8cd48622a92cc6e6461f5fd491abdb4a1ca1a6fbd9a6a9,data/exact_l2/2026-09-29/execution_curves.csv,3680d918411ba3f3541cfc5387e815309a1b2de9281b00cc73daaee78257dffa,data/exact_l2/2026-09-29/valr_usdtzar_raw.json,5bf5093f357854628bbce2f4661c3c3d883eccc13bee3c8c0afc40d985c83d29,sha256_verified,"[""base_asset"",""quote_asset"",""received_utc"",""exchange_timestamp_utc"",""source_url"",""source_params_json""]",2026-09-29,,2026-09-29T11:43:42.014895+00:00,,,legacy_unavailable,valr,USDTZAR,ZAR,USDT,,,,stablecoin_tokens,1 stablecoin token = 1 USD; no FX conversion,,,sell_stablecoin_base_hit_bids,valr_usdtzar_raw.json,5bf5093f357854628bbce2f4661c3c3d883eccc13bee3c8c0afc40d985c83d29,5000,5000,5000.0,5000.0,1.0,82219.0,16.4438,0.030406504558655456,0.030406504558655456,1,False,
native_l2,legacy:2026-09-29,legacy_directory_identifier,data/exact_l2/2026-09-29,legacy_day_root,legacy,data/exact_l2/2026-09-29/manifest.json,aeff71a15e8c70aa7d8cd48622a92cc6e6461f5fd491abdb4a1ca1a6fbd9a6a9,data/exact_l2/2026-09-29/execution_curves.csv,3680d918411ba3f3541cfc5387e815309a1b2de9281b00cc73daaee78257dffa,data/exact_l2/2026-09-29/valr_usdtzar_raw.json,5bf5093f357854628bbce2f4661c3c3d883eccc13bee3c8c0afc40d985c83d29,sha256_verified,"[""base_asset"",""quote_asset"",""received_utc"",""exchange_timestamp_utc"",""source_url"",""source_params_json""]",2026-09-29,,2026-09-29T11:43:42.014895+00:00,,,legacy_unavailable,valr,USDTZAR,ZAR,USDT,,,,stablecoin_tokens,1 stablecoin token = 1 USD; no FX conversion,,,sell_stablecoin_base_hit_bids,valr_usdtzar_raw.json,5bf5093f357854628bbce2f4661c3c3d883eccc13bee3c8c0afc40d985c83d29,10000,10000,10000.0,10000.0,1.0,164438.0,16.4438,0.030406504558655456,0.030406504558655456,1,False,
native_l2,legacy:2026-09-29,legacy_directory_identifier,data/exact_l2/2026-09-29,legacy_day_root,legacy,data/exact_l2/2026-09-29/manifest.json,aeff71a15e8c70aa7d8cd48622a92cc6e6461f5fd491abdb4a1ca1a6fbd9a6a9,data/exact_l2/2026-09-29/execution_curves.csv,3680d918411ba3f3541cfc5387e815309a1b2de9281b00cc73daaee78257dffa,data/exact_l2/2026-09-29/valr_usdtzar_raw.json,5bf5093f357854628bbce2f4661c3c3d883eccc13bee3c8c0afc40d985c83d29,sha256_verified,"[""base_asset"",""quote_asset"",""received_utc"",""exchange_timestamp_utc"",""source_url"",""source_params_json""]",2026-09-29,,2026-09-29T11:43:42.014895+00:00,,,legacy_unavailable,valr,USDTZAR,ZAR,USDT,,,,stablecoin_tokens,1 stablecoin token = 1 USD; no FX conversion,,,sell_stablecoin_base_hit_bids,valr_usdtzar_raw.json,5bf5093f357854628bbce2f4661c3c3d883eccc13bee3c8c0afc40d985c83d29,25000,25000,25000.0,25000.0,1.0,411095.0,16.4438,0.030406504558655456,0.030406504558655456,1,False,
native_l2,legacy:2026-09-29,legacy_directory_identifier,data/exact_l2/2026-09-29,legacy_day_root,legacy,data/exact_l2/2026-09-29/manifest.json,aeff71a15e8c70aa7d8cd48622a92cc6e6461f5fd491abdb4a1ca1a6fbd9a6a9,data/exact_l2/2026-09-29/execution_curves.csv,3680d918411ba3f3541cfc5387e815309a1b2de9281b00cc73daaee78257dffa,data/exact_l2/2026-09-29/valr_usdtzar_raw.json,5bf5093f357854628bbce2f4661c3c3d883eccc13bee3c8c0afc40d985c83d29,sha256_verified,"[""base_asset"",""quote_asset"",""received_utc"",""exchange_timestamp_utc"",""source_url"",""source_params_json""]",2026-09-29,,2026-09-29T11:43:42.014895+00:00,,,legacy_unavailable,valr,USDTZAR,ZAR,USDT,,,,stablecoin_tokens,1 stablecoin token = 1 USD; no FX conversion,,,sell_stablecoin_base_hit_bids,valr_usdtzar_raw.json,5bf5093f357854628bbce2f4661c3c3d883eccc13bee3c8c0afc40d985c83d29,50000,50000,50000.0,50000.0,1.0,822190.0,16.4438,0.030406504558655456,0.030406504558655456,3,False,
native_l2,legacy:2026-09-29,legacy_directory_identifier,data/exact_l2/2026-09-29,legacy_day_root,legacy,data/exact_l2/2026-09-29/manifest.json,aeff71a15e8c70aa7d8cd48622a92cc6e6461f5fd491abdb4a1ca1a6fbd9a6a9,data/exact_l2/2026-09-29/execution_curves.csv,3680d918411ba3f3541cfc5387e815309a1b2de9281b00cc73daaee78257dffa,data/exact_l2/2026-09-29/valr_usdtzar_raw.json,5bf5093f357854628bbce2f4661c3c3d883eccc13bee3c8c0afc40d985c83d29,sha256_verified,"[""base_asset"",""quote_asset"",""received_utc"",""exchange_timestamp_utc"",""source_url"",""source_params_json""]",2026-09-29,,2026-09-29T11:43:42.014895+00:00,,,legacy_unavailable,valr,USDTZAR,ZAR,USDT,,,,stablecoin_tokens,1 stablecoin token = 1 USD; no FX conversion,,,sell_stablecoin_base_hit_bids,valr_usdtzar_raw.json,5bf5093f357854628bbce2f4661c3c3d883eccc13bee3c8c0afc40d985c83d29,100000,100000,100000.0,100000.0,1.0,1644264.3450733197,16.442643450733197,0.7337389156436558,1.6115447416509276,8,False,
native_l2,legacy:2026-09-29,legacy_directory_identifier,data/exact_l2/2026-09-29,legacy_day_root,legacy,data/exact_l2/2026-09-29/manifest.json,aeff71a15e8c70aa7d8cd48622a92cc6e6461f5fd491abdb4a1ca1a6fbd9a6a9,data/exact_l2/2026-09-29/execution_curves.csv,3680d918411ba3f3541cfc5387e815309a1b2de9281b00cc73daaee78257dffa,data/exact_l2/2026-09-29/bitkub_usdt_thb_raw.json,71bb1187148912ae16f19a1194c11455e77f3d9a25863f677bcda6934a3dabd1,sha256_verified,"[""base_asset"",""quote_asset"",""received_utc"",""exchange_timestamp_utc"",""source_url"",""source_params_json""]",2026-09-29,,2026-09-29T11:43:42.259072+00:00,,,legacy_unavailable,bitkub,usdt_thb,THB,USDT,,,,stablecoin_tokens,1 stablecoin token = 1 USD; no FX conversion,,,sell_stablecoin_base_hit_bids,bitkub_usdt_thb_raw.json,71bb1187148912ae16f19a1194c11455e77f3d9a25863f677bcda6934a3dabd1,1000,1000,1000.0,1000.0,1.0,33500.0,33.5,1.4923145799117243,1.4923145799117243,1,False,
native_l2,legacy:2026-09-29,legacy_directory_identifier,data/exact_l2/2026-09-29,legacy_day_root,legacy,data/exact_l2/2026-09-29/manifest.json,aeff71a15e8c70aa7d8cd48622a92cc6e6461f5fd491abdb4a1ca1a6fbd9a6a9,data/exact_l2/2026-09-29/execution_curves.csv,3680d918411ba3f3541cfc5387e815309a1b2de9281b00cc73daaee78257dffa,data/exact_l2/2026-09-29/bitkub_usdt_thb_raw.json,71bb1187148912ae16f19a1194c11455e77f3d9a25863f677bcda6934a3dabd1,sha256_verified,"[""base_asset"",""quote_asset"",""received_utc"",""exchange_timestamp_utc"",""source_url"",""source_params_json""]",2026-09-29,,2026-09-29T11:43:42.259072+00:00,,,legacy_unavailable,bitkub,usdt_thb,THB,USDT,,,,stablecoin_tokens,1 stablecoin token = 1 USD; no FX conversion,,,sell_stablecoin_base_hit_bids,bitkub_usdt_thb_raw.json,71bb1187148912ae16f19a1194c11455e77f3d9a25863f677bcda6934a3dabd1,5000,5000,5000.0,5000.0,1.0,167500.0,33.5,1.4923145799117243,1.4923145799117243,1,False,
native_l2,legacy:2026-09-29,legacy_directory_identifier,data/exact_l2/2026-09-29,legacy_day_root,legacy,data/exact_l2/2026-09-29/manifest.json,aeff71a15e8c70aa7d8cd48622a92cc6e6461f5fd491abdb4a1ca1a6fbd9a6a9,data/exact_l2/2026-09-29/execution_curves.csv,3680d918411ba3f3541cfc5387e815309a1b2de9281b00cc73daaee78257dffa,data/exact_l2/2026-09-29/bitkub_usdt_thb_raw.json,71bb1187148912ae16f19a1194c11455e77f3d9a25863f677bcda6934a3dabd1,sha256_verified,"[""base_asset"",""quote_asset"",""received_utc"",""exchange_timestamp_utc"",""source_url"",""source_params_json""]",2026-09-29,,2026-09-29T11:43:42.259072+00:00,,,legacy_unavailable,bitkub,usdt_thb,THB,USDT,,,,stablecoin_tokens,1 stablecoin token = 1 USD; no FX conversion,,,sell_stablecoin_base_hit_bids,bitkub_usdt_thb_raw.json,71bb1187148912ae16f19a1194c11455e77f3d9a25863f677bcda6934a3dabd1,10000,10000,10000.0,10000.0,1.0,335000.0,33.5,1.4923145799117243,1.4923145799117243,1,False,
native_l2,legacy:2026-09-29,legacy_directory_identifier,data/exact_l2/2026-09-29,legacy_day_root,legacy,data/exact_l2/2026-09-29/manifest.json,aeff71a15e8c70aa7d8cd48622a92cc6e6461f5fd491abdb4a1ca1a6fbd9a6a9,data/exact_l2/2026-09-29/execution_curves.csv,3680d918411ba3f3541cfc5387e815309a1b2de9281b00cc73daaee78257dffa,data/exact_l2/2026-09-29/bitkub_usdt_thb_raw.json,71bb1187148912ae16f19a1194c11455e77f3d9a25863f677bcda6934a3dabd1,sha256_verified,"[""base_asset"",""quote_asset"",""received_utc"",""exchange_timestamp_utc"",""source_url"",""source_params_json""]",2026-09-29,,2026-09-29T11:43:42.259072+00:00,,,legacy_unavailable,bitkub,usdt_thb,THB,USDT,,,,stablecoin_tokens,1 stablecoin token = 1 USD; no FX conversion,,,sell_stablecoin_base_hit_bids,bitkub_usdt_thb_raw.json,71bb1187148912ae16f19a1194c11455e77f3d9a25863f677bcda6934a3dabd1,25000,25000,25000.0,25000.0,1.0,837500.0,33.5,1.4923145799117243,1.4923145799117243,1,False,
native_l2,legacy:2026-09-29,legacy_directory_identifier,data/exact_l2/2026-09-29,legacy_day_root,legacy,data/exact_l2/2026-09-29/manifest.json,aeff71a15e8c70aa7d8cd48622a92cc6e6461f5fd491abdb4a1ca1a6fbd9a6a9,data/exact_l2/2026-09-29/execution_curves.csv,3680d918411ba3f3541cfc5387e815309a1b2de9281b00cc73daaee78257dffa,data/exact_l2/2026-09-29/bitkub_usdt_thb_raw.json,71bb1187148912ae16f19a1194c11455e77f3d9a25863f677bcda6934a3dabd1,sha256_verified,"[""base_asset"",""quote_asset"",""received_utc"",""exchange_timestamp_utc"",""source_url"",""source_params_json""]",2026-09-29,,2026-09-29T11:43:42.259072+00:00,,,legacy_unavailable,bitkub,usdt_thb,THB,USDT,,,,stablecoin_tokens,1 stablecoin token = 1 USD; no FX conversion,,,sell_stablecoin_base_hit_bids,bitkub_usdt_thb_raw.json,71bb1187148912ae16f19a1194c11455e77f3d9a25863f677bcda6934a3dabd1,50000,50000,50000.0,50000.0,1.0,1675000.0,33.5,1.4923145799117243,1.4923145799117243,1,False,
native_l2,legacy:2026-09-29,legacy_directory_identifier,data/exact_l2/2026-09-29,legacy_day_root,legacy,data/exact_l2/2026-09-29/manifest.json,aeff71a15e8c70aa7d8cd48622a92cc6e6461f5fd491abdb4a1ca1a6fbd9a6a9,data/exact_l2/2026-09-29/execution_curves.csv,3680d918411ba3f3541cfc5387e815309a1b2de9281b00cc73daaee78257dffa,data/exact_l2/2026-09-29/bitkub_usdt_thb_raw.json,71bb1187148912ae16f19a1194c11455e77f3d9a25863f677bcda6934a3dabd1,sha256_verified,"[""base_asset"",""quote_asset"",""received_utc"",""exchange_timestamp_utc"",""source_url"",""source_params_json""]",2026-09-29,,2026-09-29T11:43:42.259072+00:00,,,legacy_unavailable,bitkub,usdt_thb,THB,USDT,,,,stablecoin_tokens,1 stablecoin token = 1 USD; no FX conversion,,,sell_stablecoin_base_hit_bids,bitkub_usdt_thb_raw.json,71bb1187148912ae16f19a1194c11455e77f3d9a25863f677bcda6934a3dabd1,100000,100000,100000.0,100000.0,1.0,3350000.0,33.5,1.4923145799117243,1.4923145799117243,1,False,
native_l2,legacy:2026-09-30,legacy_directory_identifier,data/exact_l2/2026-09-30,legacy_day_root,legacy,data/exact_l2/2026-09-30/manifest.json,4405e454c77080323090793dddfce569c1f37ffb84669b198e97025ed0b8a295,data/exact_l2/2026-09-30/execution_curves.csv,549d6ccb347a4be5bf04c260c9f62d69adf1d54a65e402a290e85f4199d0a9ca,data/exact_l2/2026-09-30/valr_usdtzar_raw.json,7254f6127f11e91271e36e554791039c3ba8b9bccd5300a19398efa46d00c450,sha256_verified,"[""base_asset"",""quote_asset"",""received_utc"",""exchange_timestamp_utc"",""source_url"",""source_params_json""]",2026-09-30,,2026-09-30T11:31:17.447043+00:00,,,legacy_unavailable,valr,USDTZAR,ZAR,USDT,,,,stablecoin_tokens,1 stablecoin token = 1 USD; no FX conversion,,,sell_stablecoin_base_hit_bids,valr_usdtzar_raw.json,7254f6127f11e91271e36e554791039c3ba8b9bccd5300a19398efa46d00c450,1000,1000,1000.0,1000.0,1.0,16427.7,16.4277,0.6391234877878293,0.6391234877878293,1,False,
native_l2,legacy:2026-09-30,legacy_directory_identifier,data/exact_l2/2026-09-30,legacy_day_root,legacy,data/exact_l2/2026-09-30/manifest.json,4405e454c77080323090793dddfce569c1f37ffb84669b198e97025ed0b8a295,data/exact_l2/2026-09-30/execution_curves.csv,549d6ccb347a4be5bf04c260c9f62d69adf1d54a65e402a290e85f4199d0a9ca,data/exact_l2/2026-09-30/valr_usdtzar_raw.json,7254f6127f11e91271e36e554791039c3ba8b9bccd5300a19398efa46d00c450,sha256_verified,"[""base_asset"",""quote_asset"",""received_utc"",""exchange_timestamp_utc"",""source_url"",""source_params_json""]",2026-09-30,,2026-09-30T11:31:17.447043+00:00,,,legacy_unavailable,valr,USDTZAR,ZAR,USDT,,,,stablecoin_tokens,1 stablecoin token = 1 USD; no FX conversion,,,sell_stablecoin_base_hit_bids,valr_usdtzar_raw.json,7254f6127f11e91271e36e554791039c3ba8b9bccd5300a19398efa46d00c450,5000,5000,5000.0,5000.0,1.0,82138.50000000001,16.4277,0.6391234877878293,0.6391234877878293,1,False,
native_l2,legacy:2026-09-30,legacy_directory_identifier,data/exact_l2/2026-09-30,legacy_day_root,legacy,data/exact_l2/2026-09-30/manifest.json,4405e454c77080323090793dddfce569c1f37ffb84669b198e97025ed0b8a295,data/exact_l2/2026-09-30/execution_curves.csv,549d6ccb347a4be5bf04c260c9f62d69adf1d54a65e402a290e85f4199d0a9ca,data/exact_l2/2026-09-30/valr_usdtzar_raw.json,7254f6127f11e91271e36e554791039c3ba8b9bccd5300a19398efa46d00c450,sha256_verified,"[""base_asset"",""quote_asset"",""received_utc"",""exchange_timestamp_utc"",""source_url"",""source_params_json""]",2026-09-30,,2026-09-30T11:31:17.447043+00:00,,,legacy_unavailable,valr,USDTZAR,ZAR,USDT,,,,stablecoin_tokens,1 stablecoin token = 1 USD; no FX conversion,,,sell_stablecoin_base_hit_bids,valr_usdtzar_raw.json,7254f6127f11e91271e36e554791039c3ba8b9bccd5300a19398efa46d00c450,10000,10000,10000.0,10000.0,1.0,164276.75000000003,16.427675000000004,0.6543407136860857,0.6999923913864059,2,False,
native_l2,legacy:2026-09-30,legacy_directory_identifier,data/exact_l2/2026-09-30,legacy_day_root,legacy,data/exact_l2/2026-09-30/manifest.json,4405e454c77080323090793dddfce569c1f37ffb84669b198e97025ed0b8a295,data/exact_l2/2026-09-30/execution_curves.csv,549d6ccb347a4be5bf04c260c9f62d69adf1d54a65e402a290e85f4199d0a9ca,data/exact_l2/2026-09-30/valr_usdtzar_raw.json,7254f6127f11e91271e36e554791039c3ba8b9bccd5300a19398efa46d00c450,sha256_verified,"[""base_asset"",""quote_asset"",""received_utc"",""exchange_timestamp_utc"",""source_url"",""source_params_json""]",2026-09-30,,2026-09-30T11:31:17.447043+00:00,,,legacy_unavailable,valr,USDTZAR,ZAR,USDT,,,,stablecoin_tokens,1 stablecoin token = 1 USD; no FX conversion,,,sell_stablecoin_base_hit_bids,valr_usdtzar_raw.json,7254f6127f11e91271e36e554791039c3ba8b9bccd5300a19398efa46d00c450,25000,25000,25000.0,25000.0,1.0,410690.75000000006,16.42763,0.6817317203078321,0.6999923913864059,2,False,
native_l2,legacy:2026-09-30,legacy_directory_identifier,data/exact_l2/2026-09-30,legacy_day_root,legacy,data/exact_l2/2026-09-30/manifest.json,4405e454c77080323090793dddfce569c1f37ffb84669b198e97025ed0b8a295,data/exact_l2/2026-09-30/execution_curves.csv,549d6ccb347a4be5bf04c260c9f62d69adf1d54a65e402a290e85f4199d0a9ca,data/exact_l2/2026-09-30/valr_usdtzar_raw.json,7254f6127f11e91271e36e554791039c3ba8b9bccd5300a19398efa46d00c450,sha256_verified,"[""base_asset"",""quote_asset"",""received_utc"",""exchange_timestamp_utc"",""source_url"",""source_params_json""]",2026-09-30,,2026-09-30T11:31:17.447043+00:00,,,legacy_unavailable,valr,USDTZAR,ZAR,USDT,,,,stablecoin_tokens,1 stablecoin token = 1 USD; no FX conversion,,,sell_stablecoin_base_hit_bids,valr_usdtzar_raw.json,7254f6127f11e91271e36e554791039c3ba8b9bccd5300a19398efa46d00c450,50000,50000,50000.0,50000.0,1.0,821380.7500000001,16.427615000000003,0.6908620558454537,0.6999923913864059,2,False,
native_l2,legacy:2026-09-30,legacy_directory_identifier,data/exact_l2/2026-09-30,legacy_day_root,legacy,data/exact_l2/2026-09-30/manifest.json,4405e454c77080323090793dddfce569c1f37ffb84669b198e97025ed0b8a295,data/exact_l2/2026-09-30/execution_curves.csv,549d6ccb347a4be5bf04c260c9f62d69adf1d54a65e402a290e85f4199d0a9ca,data/exact_l2/2026-09-30/valr_usdtzar_raw.json,7254f6127f11e91271e36e554791039c3ba8b9bccd5300a19398efa46d00c450,sha256_verified,"[""base_asset"",""quote_asset"",""received_utc"",""exchange_timestamp_utc"",""source_url"",""source_params_json""]",2026-09-30,,2026-09-30T11:31:17.447043+00:00,,,legacy_unavailable,valr,USDTZAR,ZAR,USDT,,,,stablecoin_tokens,1 stablecoin token = 1 USD; no FX conversion,,,sell_stablecoin_base_hit_bids,valr_usdtzar_raw.json,7254f6127f11e91271e36e554791039c3ba8b9bccd5300a19398efa46d00c450,100000,100000,100000.0,100000.0,1.0,1642760.7500000002,16.4276075,0.69542722361704,0.6999923913864059,2,False,
native_l2,legacy:2026-09-30,legacy_directory_identifier,data/exact_l2/2026-09-30,legacy_day_root,legacy,data/exact_l2/2026-09-30/manifest.json,4405e454c77080323090793dddfce569c1f37ffb84669b198e97025ed0b8a295,data/exact_l2/2026-09-30/execution_curves.csv,549d6ccb347a4be5bf04c260c9f62d69adf1d54a65e402a290e85f4199d0a9ca,data/exact_l2/2026-09-30/bitkub_usdt_thb_raw.json,7ae512f45246b51c1368b752a5da2082d61f9c59b4a81a3170dd2f3492147b9c,sha256_verified,"[""base_asset"",""quote_asset"",""received_utc"",""exchange_timestamp_utc"",""source_url"",""source_params_json""]",2026-09-30,,2026-09-30T11:31:17.607596+00:00,,,legacy_unavailable,bitkub,usdt_thb,THB,USDT,,,,stablecoin_tokens,1 stablecoin token = 1 USD; no FX conversion,,,sell_stablecoin_base_hit_bids,bitkub_usdt_thb_raw.json,7ae512f45246b51c1368b752a5da2082d61f9c59b4a81a3170dd2f3492147b9c,1000,1000,1000.0,1000.0,1.0,33560.0,33.56,1.489646953670709,1.489646953670709,1,False,
native_l2,legacy:2026-09-30,legacy_directory_identifier,data/exact_l2/2026-09-30,legacy_day_root,legacy,data/exact_l2/2026-09-30/manifest.json,4405e454c77080323090793dddfce569c1f37ffb84669b198e97025ed0b8a295,data/exact_l2/2026-09-30/execution_curves.csv,549d6ccb347a4be5bf04c260c9f62d69adf1d54a65e402a290e85f4199d0a9ca,data/exact_l2/2026-09-30/bitkub_usdt_thb_raw.json,7ae512f45246b51c1368b752a5da2082d61f9c59b4a81a3170dd2f3492147b9c,sha256_verified,"[""base_asset"",""quote_asset"",""received_utc"",""exchange_timestamp_utc"",""source_url"",""source_params_json""]",2026-09-30,,2026-09-30T11:31:17.607596+00:00,,,legacy_unavailable,bitkub,usdt_thb,THB,USDT,,,,stablecoin_tokens,1 stablecoin token = 1 USD; no FX conversion,,,sell_stablecoin_base_hit_bids,bitkub_usdt_thb_raw.json,7ae512f45246b51c1368b752a5da2082d61f9c59b4a81a3170dd2f3492147b9c,5000,5000,5000.0,5000.0,1.0,167800.0,33.56,1.489646953670709,1.489646953670709,1,False,
native_l2,legacy:2026-09-30,legacy_directory_identifier,data/exact_l2/2026-09-30,legacy_day_root,legacy,data/exact_l2/2026-09-30/manifest.json,4405e454c77080323090793dddfce569c1f37ffb84669b198e97025ed0b8a295,data/exact_l2/2026-09-30/execution_curves.csv,549d6ccb347a4be5bf04c260c9f62d69adf1d54a65e402a290e85f4199d0a9ca,data/exact_l2/2026-09-30/bitkub_usdt_thb_raw.json,7ae512f45246b51c1368b752a5da2082d61f9c59b4a81a3170dd2f3492147b9c,sha256_verified,"[""base_asset"",""quote_asset"",""received_utc"",""exchange_timestamp_utc"",""source_url"",""source_params_json""]",2026-09-30,,2026-09-30T11:31:17.607596+00:00,,,legacy_unavailable,bitkub,usdt_thb,THB,USDT,,,,stablecoin_tokens,1 stablecoin token = 1 USD; no FX conversion,,,sell_stablecoin_base_hit_bids,bitkub_usdt_thb_raw.json,7ae512f45246b51c1368b752a5da2082d61f9c59b4a81a3170dd2f3492147b9c,10000,10000,10000.0,10000.0,1.0,335600.0,33.56,1.489646953670709,1.489646953670709,1,False,
native_l2,legacy:2026-09-30,legacy_directory_identifier,data/exact_l2/2026-09-30,legacy_day_root,legacy,data/exact_l2/2026-09-30/manifest.json,4405e454c77080323090793dddfce569c1f37ffb84669b198e97025ed0b8a295,data/exact_l2/2026-09-30/execution_curves.csv,549d6ccb347a4be5bf04c260c9f62d69adf1d54a65e402a290e85f4199d0a9ca,data/exact_l2/2026-09-30/bitkub_usdt_thb_raw.json,7ae512f45246b51c1368b752a5da2082d61f9c59b4a81a3170dd2f3492147b9c,sha256_verified,"[""base_asset"",""quote_asset"",""received_utc"",""exchange_timestamp_utc"",""source_url"",""source_params_json""]",2026-09-30,,2026-09-30T11:31:17.607596+00:00,,,legacy_unavailable,bitkub,usdt_thb,THB,USDT,,,,stablecoin_tokens,1 stablecoin token = 1 USD; no FX conversion,,,sell_stablecoin_base_hit_bids,bitkub_usdt_thb_raw.json,7ae512f45246b51c1368b752a5da2082d61f9c59b4a81a3170dd2f3492147b9c,25000,25000,25000.0,25000.0,1.0,839000.0,33.56,1.489646953670709,1.489646953670709,1,False,
native_l2,legacy:2026-09-30,legacy_directory_identifier,data/exact_l2/2026-09-30,legacy_day_root,legacy,data/exact_l2/2026-09-30/manifest.json,4405e454c77080323090793dddfce569c1f37ffb84669b198e97025ed0b8a295,data/exact_l2/2026-09-30/execution_curves.csv,549d6ccb347a4be5bf04c260c9f62d69adf1d54a65e402a290e85f4199d0a9ca,data/exact_l2/2026-09-30/bitkub_usdt_thb_raw.json,7ae512f45246b51c1368b752a5da2082d61f9c59b4a81a3170dd2f3492147b9c,sha256_verified,"[""base_asset"",""quote_asset"",""received_utc"",""exchange_timestamp_utc"",""source_url"",""source_params_json""]",2026-09-30,,2026-09-30T11:31:17.607596+00:00,,,legacy_unavailable,bitkub,usdt_thb,THB,USDT,,,,stablecoin_tokens,1 stablecoin token = 1 USD; no FX conversion,,,sell_stablecoin_base_hit_bids,bitkub_usdt_thb_raw.json,7ae512f45246b51c1368b752a5da2082d61f9c59b4a81a3170dd2f3492147b9c,50000,50000,50000.0,50000.0,1.0,1678000.0,33.56,1.489646953670709,1.489646953670709,1,False,
native_l2,legacy:2026-09-30,legacy_directory_identifier,data/exact_l2/2026-09-30,legacy_day_root,legacy,data/exact_l2/2026-09-30/manifest.json,4405e454c77080323090793dddfce569c1f37ffb84669b198e97025ed0b8a295,data/exact_l2/2026-09-30/execution_curves.csv,549d6ccb347a4be5bf04c260c9f62d69adf1d54a65e402a290e85f4199d0a9ca,data/exact_l2/2026-09-30/bitkub_usdt_thb_raw.json,7ae512f45246b51c1368b752a5da2082d61f9c59b4a81a3170dd2f3492147b9c,sha256_verified,"[""base_asset"",""quote_asset"",""received_utc"",""exchange_timestamp_utc"",""source_url"",""source_params_json""]",2026-09-30,,2026-09-30T11:31:17.607596+00:00,,,legacy_unavailable,bitkub,usdt_thb,THB,USDT,,,,stablecoin_tokens,1 stablecoin token = 1 USD; no FX conversion,,,sell_stablecoin_base_hit_bids,bitkub_usdt_thb_raw.json,7ae512f45246b51c1368b752a5da2082d61f9c59b4a81a3170dd2f3492147b9c,100000,100000,100000.0,100000.0,1.0,3356000.0,33.56,1.489646953670709,1.489646953670709,1,False,
native_l2,legacy:2026-10-01,legacy_directory_identifier,data/exact_l2/2026-10-01,legacy_day_root,legacy,data/exact_l2/2026-10-01/manifest.json,a46faeeac66c527b8c528d93f5365232b578c55d2caa93fde9803d1ba25c75e1,data/exact_l2/2026-10-01/execution_curves.csv,31f96755a71a489f49796c095bfb93a54983bb8e00368cf2bf34f105a2368b68,data/exact_l2/2026-10-01/valr_usdtzar_raw.json,87aa31ea0cce6e59a1c5cefc2b0b65ef5acdbe29079cb314b380834b57a0b273,sha256_verified,"[""base_asset"",""quote_asset"",""received_utc"",""exchange_timestamp_utc"",""source_url"",""source_params_json""]",2026-10-01,,2026-10-01T11:58:01.240791+00:00,,,legacy_unavailable,valr,USDTZAR,ZAR,USDT,,,,stablecoin_tokens,1 stablecoin token = 1 USD; no FX conversion,,,sell_stablecoin_base_hit_bids,valr_usdtzar_raw.json,87aa31ea0cce6e59a1c5cefc2b0b65ef5acdbe29079cb314b380834b57a0b273,1000,1000,1000.0,1000.0,1.0,16572.5,16.5725,0.27152679516806444,0.27152679516806444,1,False,
native_l2,legacy:2026-10-01,legacy_directory_identifier,data/exact_l2/2026-10-01,legacy_day_root,legacy,data/exact_l2/2026-10-01/manifest.json,a46faeeac66c527b8c528d93f5365232b578c55d2caa93fde9803d1ba25c75e1,data/exact_l2/2026-10-01/execution_curves.csv,31f96755a71a489f49796c095bfb93a54983bb8e00368cf2bf34f105a2368b68,data/exact_l2/2026-10-01/valr_usdtzar_raw.json,87aa31ea0cce6e59a1c5cefc2b0b65ef5acdbe29079cb314b380834b57a0b273,sha256_verified,"[""base_asset"",""quote_asset"",""received_utc"",""exchange_timestamp_utc"",""source_url"",""source_params_json""]",2026-10-01,,2026-10-01T11:58:01.240791+00:00,,,legacy_unavailable,valr,USDTZAR,ZAR,USDT,,,,stablecoin_tokens,1 stablecoin token = 1 USD; no FX conversion,,,sell_stablecoin_base_hit_bids,valr_usdtzar_raw.json,87aa31ea0cce6e59a1c5cefc2b0b65ef5acdbe29079cb314b380834b57a0b273,5000,5000,5000.0,5000.0,1.0,82862.50000000001,16.5725,0.27152679516806444,0.27152679516806444,1,False,
native_l2,legacy:2026-10-01,legacy_directory_identifier,data/exact_l2/2026-10-01,legacy_day_root,legacy,data/exact_l2/2026-10-01/manifest.json,a46faeeac66c527b8c528d93f5365232b578c55d2caa93fde9803d1ba25c75e1,data/exact_l2/2026-10-01/execution_curves.csv,31f96755a71a489f49796c095bfb93a54983bb8e00368cf2bf34f105a2368b68,data/exact_l2/2026-10-01/valr_usdtzar_raw.json,87aa31ea0cce6e59a1c5cefc2b0b65ef5acdbe29079cb314b380834b57a0b273,sha256_verified,"[""base_asset"",""quote_asset"",""received_utc"",""exchange_timestamp_utc"",""source_url"",""source_params_json""]",2026-10-01,,2026-10-01T11:58:01.240791+00:00,,,legacy_unavailable,valr,USDTZAR,ZAR,USDT,,,,stablecoin_tokens,1 stablecoin token = 1 USD; no FX conversion,,,sell_stablecoin_base_hit_bids,valr_usdtzar_raw.json,87aa31ea0cce6e59a1c5cefc2b0b65ef5acdbe29079cb314b380834b57a0b273,10000,10000,10000.0,10000.0,1.0,165725.00000000003,16.5725,0.27152679516806444,0.27152679516806444,1,False,
native_l2,legacy:2026-10-01,legacy_directory_identifier,data/exact_l2/2026-10-01,legacy_day_root,legacy,data/exact_l2/2026-10-01/manifest.json,a46faeeac66c527b8c528d93f5365232b578c55d2caa93fde9803d1ba25c75e1,data/exact_l2/2026-10-01/execution_curves.csv,31f96755a71a489f49796c095bfb93a54983bb8e00368cf2bf34f105a2368b68,data/exact_l2/2026-10-01/valr_usdtzar_raw.json,87aa31ea0cce6e59a1c5cefc2b0b65ef5acdbe29079cb314b380834b57a0b273,sha256_verified,"[""base_asset"",""quote_asset"",""received_utc"",""exchange_timestamp_utc"",""source_url"",""source_params_json""]",2026-10-01,,2026-10-01T11:58:01.240791+00:00,,,legacy_unavailable,valr,USDTZAR,ZAR,USDT,,,,stablecoin_tokens,1 stablecoin token = 1 USD; no FX conversion,,,sell_stablecoin_base_hit_bids,valr_usdtzar_raw.json,87aa31ea0cce6e59a1c5cefc2b0b65ef5acdbe29079cb314b380834b57a0b273,25000,25000,25000.0,25000.0,1.0,414312.50000000006,16.5725,0.27152679516806444,0.27152679516806444,1,False,
native_l2,legacy:2026-10-01,legacy_directory_identifier,data/exact_l2/2026-10-01,legacy_day_root,legacy,data/exact_l2/2026-10-01/manifest.json,a46faeeac66c527b8c528d93f5365232b578c55d2caa93fde9803d1ba25c75e1,data/exact_l2/2026-10-01/execution_curves.csv,31f96755a71a489f49796c095bfb93a54983bb8e00368cf2bf34f105a2368b68,data/exact_l2/2026-10-01/valr_usdtzar_raw.json,87aa31ea0cce6e59a1c5cefc2b0b65ef5acdbe29079cb314b380834b57a0b273,sha256_verified,"[""base_asset"",""quote_asset"",""received_utc"",""exchange_timestamp_utc"",""source_url"",""source_params_json""]",2026-10-01,,2026-10-01T11:58:01.240791+00:00,,,legacy_unavailable,valr,USDTZAR,ZAR,USDT,,,,stablecoin_tokens,1 stablecoin token = 1 USD; no FX conversion,,,sell_stablecoin_base_hit_bids,valr_usdtzar_raw.json,87aa31ea0cce6e59a1c5cefc2b0b65ef5acdbe29079cb314b380834b57a0b273,50000,50000,50000.0,50000.0,1.0,828625.0000000001,16.5725,0.27152679516806444,0.27152679516806444,1,False,
native_l2,legacy:2026-10-01,legacy_directory_identifier,data/exact_l2/2026-10-01,legacy_day_root,legacy,data/exact_l2/2026-10-01/manifest.json,a46faeeac66c527b8c528d93f5365232b578c55d2caa93fde9803d1ba25c75e1,data/exact_l2/2026-10-01/execution_curves.csv,31f96755a71a489f49796c095bfb93a54983bb8e00368cf2bf34f105a2368b68,data/exact_l2/2026-10-01/valr_usdtzar_raw.json,87aa31ea0cce6e59a1c5cefc2b0b65ef5acdbe29079cb314b380834b57a0b273,sha256_verified,"[""base_asset"",""quote_asset"",""received_utc"",""exchange_timestamp_utc"",""source_url"",""source_params_json""]",2026-10-01,,2026-10-01T11:58:01.240791+00:00,,,legacy_unavailable,valr,USDTZAR,ZAR,USDT,,,,stablecoin_tokens,1 stablecoin token = 1 USD; no FX conversion,,,sell_stablecoin_base_hit_bids,valr_usdtzar_raw.json,87aa31ea0cce6e59a1c5cefc2b0b65ef5acdbe29079cb314b380834b57a0b273,100000,100000,100000.0,100000.0,1.0,1657250.0000000002,16.5725,0.27152679516806444,0.27152679516806444,1,False,
native_l2,legacy:2026-10-01,legacy_directory_identifier,data/exact_l2/2026-10-01,legacy_day_root,legacy,data/exact_l2/2026-10-01/manifest.json,a46faeeac66c527b8c528d93f5365232b578c55d2caa93fde9803d1ba25c75e1,data/exact_l2/2026-10-01/execution_curves.csv,31f96755a71a489f49796c095bfb93a54983bb8e00368cf2bf34f105a2368b68,data/exact_l2/2026-10-01/bitkub_usdt_thb_raw.json,435e3b90e49f0e0a4a4e433404fb0a01aea7bb3ede48e0c047809631f564d674,sha256_verified,"[""base_asset"",""quote_asset"",""received_utc"",""exchange_timestamp_utc"",""source_url"",""source_params_json""]",2026-10-01,,2026-10-01T11:58:01.447332+00:00,,,legacy_unavailable,bitkub,usdt_thb,THB,USDT,,,,stablecoin_tokens,1 stablecoin token = 1 USD; no FX conversion,,,sell_stablecoin_base_hit_bids,bitkub_usdt_thb_raw.json,435e3b90e49f0e0a4a4e433404fb0a01aea7bb3ede48e0c047809631f564d674,1000,1000,1000.0,1000.0,1.0,33570.0,33.57,1.48920327624813,1.48920327624813,1,False,
native_l2,legacy:2026-10-01,legacy_directory_identifier,data/exact_l2/2026-10-01,legacy_day_root,legacy,data/exact_l2/2026-10-01/manifest.json,a46faeeac66c527b8c528d93f5365232b578c55d2caa93fde9803d1ba25c75e1,data/exact_l2/2026-10-01/execution_curves.csv,31f96755a71a489f49796c095bfb93a54983bb8e00368cf2bf34f105a2368b68,data/exact_l2/2026-10-01/bitkub_usdt_thb_raw.json,435e3b90e49f0e0a4a4e433404fb0a01aea7bb3ede48e0c047809631f564d674,sha256_verified,"[""base_asset"",""quote_asset"",""received_utc"",""exchange_timestamp_utc"",""source_url"",""source_params_json""]",2026-10-01,,2026-10-01T11:58:01.447332+00:00,,,legacy_unavailable,bitkub,usdt_thb,THB,USDT,,,,stablecoin_tokens,1 stablecoin token = 1 USD; no FX conversion,,,sell_stablecoin_base_hit_bids,bitkub_usdt_thb_raw.json,435e3b90e49f0e0a4a4e433404fb0a01aea7bb3ede48e0c047809631f564d674,5000,5000,5000.0,5000.0,1.0,167850.0,33.57,1.48920327624813,1.48920327624813,1,False,
native_l2,legacy:2026-10-01,legacy_directory_identifier,data/exact_l2/2026-10-01,legacy_day_root,legacy,data/exact_l2/2026-10-01/manifest.json,a46faeeac66c527b8c528d93f5365232b578c55d2caa93fde9803d1ba25c75e1,data/exact_l2/2026-10-01/execution_curves.csv,31f96755a71a489f49796c095bfb93a54983bb8e00368cf2bf34f105a2368b68,data/exact_l2/2026-10-01/bitkub_usdt_thb_raw.json,435e3b90e49f0e0a4a4e433404fb0a01aea7bb3ede48e0c047809631f564d674,sha256_verified,"[""base_asset"",""quote_asset"",""received_utc"",""exchange_timestamp_utc"",""source_url"",""source_params_json""]",2026-10-01,,2026-10-01T11:58:01.447332+00:00,,,legacy_unavailable,bitkub,usdt_thb,THB,USDT,,,,stablecoin_tokens,1 stablecoin token = 1 USD; no FX conversion,,,sell_stablecoin_base_hit_bids,bitkub_usdt_thb_raw.json,435e3b90e49f0e0a4a4e433404fb0a01aea7bb3ede48e0c047809631f564d674,10000,10000,10000.0,10000.0,1.0,335700.0,33.57,1.48920327624813,1.48920327624813,1,False,
native_l2,legacy:2026-10-01,legacy_directory_identifier,data/exact_l2/2026-10-01,legacy_day_root,legacy,data/exact_l2/2026-10-01/manifest.json,a46faeeac66c527b8c528d93f5365232b578c55d2caa93fde9803d1ba25c75e1,data/exact_l2/2026-10-01/execution_curves.csv,31f96755a71a489f49796c095bfb93a54983bb8e00368cf2bf34f105a2368b68,data/exact_l2/2026-10-01/bitkub_usdt_thb_raw.json,435e3b90e49f0e0a4a4e433404fb0a01aea7bb3ede48e0c047809631f564d674,sha256_verified,"[""base_asset"",""quote_asset"",""received_utc"",""exchange_timestamp_utc"",""source_url"",""source_params_json""]",2026-10-01,,2026-10-01T11:58:01.447332+00:00,,,legacy_unavailable,bitkub,usdt_thb,THB,USDT,,,,stablecoin_tokens,1 stablecoin token = 1 USD; no FX conversion,,,sell_stablecoin_base_hit_bids,bitkub_usdt_thb_raw.json,435e3b90e49f0e0a4a4e433404fb0a01aea7bb3ede48e0c047809631f564d674,25000,25000,25000.0,25000.0,1.0,839250.0,33.57,1.48920327624813,1.48920327624813,1,False,
native_l2,legacy:2026-10-01,legacy_directory_identifier,data/exact_l2/2026-10-01,legacy_day_root,legacy,data/exact_l2/2026-10-01/manifest.json,a46faeeac66c527b8c528d93f5365232b578c55d2caa93fde9803d1ba25c75e1,data/exact_l2/2026-10-01/execution_curves.csv,31f96755a71a489f49796c095bfb93a54983bb8e00368cf2bf34f105a2368b68,data/exact_l2/2026-10-01/bitkub_usdt_thb_raw.json,435e3b90e49f0e0a4a4e433404fb0a01aea7bb3ede48e0c047809631f564d674,sha256_verified,"[""base_asset"",""quote_asset"",""received_utc"",""exchange_timestamp_utc"",""source_url"",""source_params_json""]",2026-10-01,,2026-10-01T11:58:01.447332+00:00,,,legacy_unavailable,bitkub,usdt_thb,THB,USDT,,,,stablecoin_tokens,1 stablecoin token = 1 USD; no FX conversion,,,sell_stablecoin_base_hit_bids,bitkub_usdt_thb_raw.json,435e3b90e49f0e0a4a4e433404fb0a01aea7bb3ede48e0c047809631f564d674,50000,50000,50000.0,50000.0,1.0,1678500.0,33.57,1.48920327624813,1.48920327624813,1,False,
native_l2,legacy:2026-10-01,legacy_directory_identifier,data/exact_l2/2026-10-01,legacy_day_root,legacy,data/exact_l2/2026-10-01/manifest.json,a46faeeac66c527b8c528d93f5365232b578c55d2caa93fde9803d1ba25c75e1,data/exact_l2/2026-10-01/execution_curves.csv,31f96755a71a489f49796c095bfb93a54983bb8e00368cf2bf34f105a2368b68,data/exact_l2/2026-10-01/bitkub_usdt_thb_raw.json,435e3b90e49f0e0a4a4e433404fb0a01aea7bb3ede48e0c047809631f564d674,sha256_verified,"[""base_asset"",""quote_asset"",""received_utc"",""exchange_timestamp_utc"",""source_url"",""source_params_json""]",2026-10-01,,2026-10-01T11:58:01.447332+00:00,,,legacy_unavailable,bitkub,usdt_thb,THB,USDT,,,,stablecoin_tokens,1 stablecoin token = 1 USD; no FX conversion,,,sell_stablecoin_base_hit_bids,bitkub_usdt_thb_raw.json,435e3b90e49f0e0a4a4e433404fb0a01aea7bb3ede48e0c047809631f564d674,100000,100000,100000.0,100000.0,1.0,3357000.0,33.57,1.48920327624813,1.48920327624813,1,False,
native_l2,legacy:2026-10-02,legacy_directory_identifier,data/exact_l2/2026-10-02,legacy_day_root,legacy,data/exact_l2/2026-10-02/manifest.json,ef8fcd3b851e6c6c1b3da953037113a33f46f24de9acae7b2cf719bd2f7da153,data/exact_l2/2026-10-02/execution_curves.csv,463ab729d738bc337fbf21e4077701499730029d679c0f44fa28c5a5ee659bbc,data/exact_l2/2026-10-02/valr_usdtzar_raw.json,7a95de88aaaad72f3ef14aa14780184fc1af0cc76dd9b061be4e6b999384effd,sha256_verified,"[""base_asset"",""quote_asset"",""received_utc"",""exchange_timestamp_utc"",""source_url"",""source_params_json""]",2026-10-02,,2026-10-02T11:30:39.532056+00:00,,,legacy_unavailable,valr,USDTZAR,ZAR,USDT,,,,stablecoin_tokens,1 stablecoin token = 1 USD; no FX conversion,,,sell_stablecoin_base_hit_bids,valr_usdtzar_raw.json,7a95de88aaaad72f3ef14aa14780184fc1af0cc76dd9b061be4e6b999384effd,1000,1000,1000.0,1000.0,1.0,16686.5,16.6865,0.029964252645786615,0.029964252645786615,1,False,
native_l2,legacy:2026-10-02,legacy_directory_identifier,data/exact_l2/2026-10-02,legacy_day_root,legacy,data/exact_l2/2026-10-02/manifest.json,ef8fcd3b851e6c6c1b3da953037113a33f46f24de9acae7b2cf719bd2f7da153,data/exact_l2/2026-10-02/execution_curves.csv,463ab729d738bc337fbf21e4077701499730029d679c0f44fa28c5a5ee659bbc,data/exact_l2/2026-10-02/valr_usdtzar_raw.json,7a95de88aaaad72f3ef14aa14780184fc1af0cc76dd9b061be4e6b999384effd,sha256_verified,"[""base_asset"",""quote_asset"",""received_utc"",""exchange_timestamp_utc"",""source_url"",""source_params_json""]",2026-10-02,,2026-10-02T11:30:39.532056+00:00,,,legacy_unavailable,valr,USDTZAR,ZAR,USDT,,,,stablecoin_tokens,1 stablecoin token = 1 USD; no FX conversion,,,sell_stablecoin_base_hit_bids,valr_usdtzar_raw.json,7a95de88aaaad72f3ef14aa14780184fc1af0cc76dd9b061be4e6b999384effd,5000,5000,5000.0,5000.0,1.0,83432.5,16.6865,0.029964252645786615,0.029964252645786615,1,False,
native_l2,legacy:2026-10-02,legacy_directory_identifier,data/exact_l2/2026-10-02,legacy_day_root,legacy,data/exact_l2/2026-10-02/manifest.json,ef8fcd3b851e6c6c1b3da953037113a33f46f24de9acae7b2cf719bd2f7da153,data/exact_l2/2026-10-02/execution_curves.csv,463ab729d738bc337fbf21e4077701499730029d679c0f44fa28c5a5ee659bbc,data/exact_l2/2026-10-02/valr_usdtzar_raw.json,7a95de88aaaad72f3ef14aa14780184fc1af0cc76dd9b061be4e6b999384effd,sha256_verified,"[""base_asset"",""quote_asset"",""received_utc"",""exchange_timestamp_utc"",""source_url"",""source_params_json""]",2026-10-02,,2026-10-02T11:30:39.532056+00:00,,,legacy_unavailable,valr,USDTZAR,ZAR,USDT,,,,stablecoin_tokens,1 stablecoin token = 1 USD; no FX conversion,,,sell_stablecoin_base_hit_bids,valr_usdtzar_raw.json,7a95de88aaaad72f3ef14aa14780184fc1af0cc76dd9b061be4e6b999384effd,10000,10000,10000.0,10000.0,1.0,166865.0,16.6865,0.029964252645786615,0.029964252645786615,1,False,
native_l2,legacy:2026-10-02,legacy_directory_identifier,data/exact_l2/2026-10-02,legacy_day_root,legacy,data/exact_l2/2026-10-02/manifest.json,ef8fcd3b851e6c6c1b3da953037113a33f46f24de9acae7b2cf719bd2f7da153,data/exact_l2/2026-10-02/execution_curves.csv,463ab729d738bc337fbf21e4077701499730029d679c0f44fa28c5a5ee659bbc,data/exact_l2/2026-10-02/valr_usdtzar_raw.json,7a95de88aaaad72f3ef14aa14780184fc1af0cc76dd9b061be4e6b999384effd,sha256_verified,"[""base_asset"",""quote_asset"",""received_utc"",""exchange_timestamp_utc"",""source_url"",""source_params_json""]",2026-10-02,,2026-10-02T11:30:39.532056+00:00,,,legacy_unavailable,valr,USDTZAR,ZAR,USDT,,,,stablecoin_tokens,1 stablecoin token = 1 USD; no FX conversion,,,sell_stablecoin_base_hit_bids,valr_usdtzar_raw.json,7a95de88aaaad72f3ef14aa14780184fc1af0cc76dd9b061be4e6b999384effd,25000,25000,25000.0,25000.0,1.0,417146.62680203,16.6858650720812,0.4104670640714403,3.865388591408614,7,False,
native_l2,legacy:2026-10-02,legacy_directory_identifier,data/exact_l2/2026-10-02,legacy_day_root,legacy,data/exact_l2/2026-10-02/manifest.json,ef8fcd3b851e6c6c1b3da953037113a33f46f24de9acae7b2cf719bd2f7da153,data/exact_l2/2026-10-02/execution_curves.csv,463ab729d738bc337fbf21e4077701499730029d679c0f44fa28c5a5ee659bbc,data/exact_l2/2026-10-02/valr_usdtzar_raw.json,7a95de88aaaad72f3ef14aa14780184fc1af0cc76dd9b061be4e6b999384effd,sha256_verified,"[""base_asset"",""quote_asset"",""received_utc"",""exchange_timestamp_utc"",""source_url"",""source_params_json""]",2026-10-02,,2026-10-02T11:30:39.532056+00:00,,,legacy_unavailable,valr,USDTZAR,ZAR,USDT,,,,stablecoin_tokens,1 stablecoin token = 1 USD; no FX conversion,,,sell_stablecoin_base_hit_bids,valr_usdtzar_raw.json,7a95de88aaaad72f3ef14aa14780184fc1af0cc76dd9b061be4e6b999384effd,50000,50000,50000.0,50000.0,1.0,834149.12680203,16.6829825360406,2.137927827738917,3.865388591408614,8,False,
native_l2,legacy:2026-10-02,legacy_directory_identifier,data/exact_l2/2026-10-02,legacy_day_root,legacy,data/exact_l2/2026-10-02/manifest.json,ef8fcd3b851e6c6c1b3da953037113a33f46f24de9acae7b2cf719bd2f7da153,data/exact_l2/2026-10-02/execution_curves.csv,463ab729d738bc337fbf21e4077701499730029d679c0f44fa28c5a5ee659bbc,data/exact_l2/2026-10-02/valr_usdtzar_raw.json,7a95de88aaaad72f3ef14aa14780184fc1af0cc76dd9b061be4e6b999384effd,sha256_verified,"[""base_asset"",""quote_asset"",""received_utc"",""exchange_timestamp_utc"",""source_url"",""source_params_json""]",2026-10-02,,2026-10-02T11:30:39.532056+00:00,,,legacy_unavailable,valr,USDTZAR,ZAR,USDT,,,,stablecoin_tokens,1 stablecoin token = 1 USD; no FX conversion,,,sell_stablecoin_base_hit_bids,valr_usdtzar_raw.json,7a95de88aaaad72f3ef14aa14780184fc1af0cc76dd9b061be4e6b999384effd,100000,100000,100000.0,100000.0,1.0,1668150.1422591798,16.681501422591797,3.0255369793030784,3.9253170967024076,10,False,
native_l2,legacy:2026-10-02,legacy_directory_identifier,data/exact_l2/2026-10-02,legacy_day_root,legacy,data/exact_l2/2026-10-02/manifest.json,ef8fcd3b851e6c6c1b3da953037113a33f46f24de9acae7b2cf719bd2f7da153,data/exact_l2/2026-10-02/execution_curves.csv,463ab729d738bc337fbf21e4077701499730029d679c0f44fa28c5a5ee659bbc,data/exact_l2/2026-10-02/bitkub_usdt_thb_raw.json,e5a72a94aaaaf89eaec39f3c596a8610f2ccbb5a0b26e783bf927d9d3f72536f,sha256_verified,"[""base_asset"",""quote_asset"",""received_utc"",""exchange_timestamp_utc"",""source_url"",""source_params_json""]",2026-10-02,,2026-10-02T11:30:39.793542+00:00,,,legacy_unavailable,bitkub,usdt_thb,THB,USDT,,,,stablecoin_tokens,1 stablecoin token = 1 USD; no FX conversion,,,sell_stablecoin_base_hit_bids,bitkub_usdt_thb_raw.json,e5a72a94aaaaf89eaec39f3c596a8610f2ccbb5a0b26e783bf927d9d3f72536f,1000,1000,1000.0,1000.0,1.0,33510.0,33.51,1.4918693122489834,1.4918693122489834,1,False,
native_l2,legacy:2026-10-02,legacy_directory_identifier,data/exact_l2/2026-10-02,legacy_day_root,legacy,data/exact_l2/2026-10-02/manifest.json,ef8fcd3b851e6c6c1b3da953037113a33f46f24de9acae7b2cf719bd2f7da153,data/exact_l2/2026-10-02/execution_curves.csv,463ab729d738bc337fbf21e4077701499730029d679c0f44fa28c5a5ee659bbc,data/exact_l2/2026-10-02/bitkub_usdt_thb_raw.json,e5a72a94aaaaf89eaec39f3c596a8610f2ccbb5a0b26e783bf927d9d3f72536f,sha256_verified,"[""base_asset"",""quote_asset"",""received_utc"",""exchange_timestamp_utc"",""source_url"",""source_params_json""]",2026-10-02,,2026-10-02T11:30:39.793542+00:00,,,legacy_unavailable,bitkub,usdt_thb,THB,USDT,,,,stablecoin_tokens,1 stablecoin token = 1 USD; no FX conversion,,,sell_stablecoin_base_hit_bids,bitkub_usdt_thb_raw.json,e5a72a94aaaaf89eaec39f3c596a8610f2ccbb5a0b26e783bf927d9d3f72536f,5000,5000,5000.0,5000.0,1.0,167550.0,33.51,1.4918693122489834,1.4918693122489834,1,False,
native_l2,legacy:2026-10-02,legacy_directory_identifier,data/exact_l2/2026-10-02,legacy_day_root,legacy,data/exact_l2/2026-10-02/manifest.json,ef8fcd3b851e6c6c1b3da953037113a33f46f24de9acae7b2cf719bd2f7da153,data/exact_l2/2026-10-02/execution_curves.csv,463ab729d738bc337fbf21e4077701499730029d679c0f44fa28c5a5ee659bbc,data/exact_l2/2026-10-02/bitkub_usdt_thb_raw.json,e5a72a94aaaaf89eaec39f3c596a8610f2ccbb5a0b26e783bf927d9d3f72536f,sha256_verified,"[""base_asset"",""quote_asset"",""received_utc"",""exchange_timestamp_utc"",""source_url"",""source_params_json""]",2026-10-02,,2026-10-02T11:30:39.793542+00:00,,,legacy_unavailable,bitkub,usdt_thb,THB,USDT,,,,stablecoin_tokens,1 stablecoin token = 1 USD; no FX conversion,,,sell_stablecoin_base_hit_bids,bitkub_usdt_thb_raw.json,e5a72a94aaaaf89eaec39f3c596a8610f2ccbb5a0b26e783bf927d9d3f72536f,10000,10000,10000.0,10000.0,1.0,335100.0,33.51,1.4918693122489834,1.4918693122489834,1,False,
native_l2,legacy:2026-10-02,legacy_directory_identifier,data/exact_l2/2026-10-02,legacy_day_root,legacy,data/exact_l2/2026-10-02/manifest.json,ef8fcd3b851e6c6c1b3da953037113a33f46f24de9acae7b2cf719bd2f7da153,data/exact_l2/2026-10-02/execution_curves.csv,463ab729d738bc337fbf21e4077701499730029d679c0f44fa28c5a5ee659bbc,data/exact_l2/2026-10-02/bitkub_usdt_thb_raw.json,e5a72a94aaaaf89eaec39f3c596a8610f2ccbb5a0b26e783bf927d9d3f72536f,sha256_verified,"[""base_asset"",""quote_asset"",""received_utc"",""exchange_timestamp_utc"",""source_url"",""source_params_json""]",2026-10-02,,2026-10-02T11:30:39.793542+00:00,,,legacy_unavailable,bitkub,usdt_thb,THB,USDT,,,,stablecoin_tokens,1 stablecoin token = 1 USD; no FX conversion,,,sell_stablecoin_base_hit_bids,bitkub_usdt_thb_raw.json,e5a72a94aaaaf89eaec39f3c596a8610f2ccbb5a0b26e783bf927d9d3f72536f,25000,25000,25000.0,25000.0,1.0,837750.0,33.51,1.4918693122489834,1.4918693122489834,1,False,
native_l2,legacy:2026-10-02,legacy_directory_identifier,data/exact_l2/2026-10-02,legacy_day_root,legacy,data/exact_l2/2026-10-02/manifest.json,ef8fcd3b851e6c6c1b3da953037113a33f46f24de9acae7b2cf719bd2f7da153,data/exact_l2/2026-10-02/execution_curves.csv,463ab729d738bc337fbf21e4077701499730029d679c0f44fa28c5a5ee659bbc,data/exact_l2/2026-10-02/bitkub_usdt_thb_raw.json,e5a72a94aaaaf89eaec39f3c596a8610f2ccbb5a0b26e783bf927d9d3f72536f,sha256_verified,"[""base_asset"",""quote_asset"",""received_utc"",""exchange_timestamp_utc"",""source_url"",""source_params_json""]",2026-10-02,,2026-10-02T11:30:39.793542+00:00,,,legacy_unavailable,bitkub,usdt_thb,THB,USDT,,,,stablecoin_tokens,1 stablecoin token = 1 USD; no FX conversion,,,sell_stablecoin_base_hit_bids,bitkub_usdt_thb_raw.json,e5a72a94aaaaf89eaec39f3c596a8610f2ccbb5a0b26e783bf927d9d3f72536f,50000,50000,50000.0,50000.0,1.0,1675500.0,33.51,1.4918693122489834,1.4918693122489834,1,False,
native_l2,legacy:2026-10-02,legacy_directory_identifier,data/exact_l2/2026-10-02,legacy_day_root,legacy,data/exact_l2/2026-10-02/manifest.json,ef8fcd3b851e6c6c1b3da953037113a33f46f24de9acae7b2cf719bd2f7da153,data/exact_l2/2026-10-02/execution_curves.csv,463ab729d738bc337fbf21e4077701499730029d679c0f44fa28c5a5ee659bbc,data/exact_l2/2026-10-02/bitkub_usdt_thb_raw.json,e5a72a94aaaaf89eaec39f3c596a8610f2ccbb5a0b26e783bf927d9d3f72536f,sha256_verified,"[""base_asset"",""quote_asset"",""received_utc"",""exchange_timestamp_utc"",""source_url"",""source_params_json""]",2026-10-02,,2026-10-02T11:30:39.793542+00:00,,,legacy_unavailable,bitkub,usdt_thb,THB,USDT,,,,stablecoin_tokens,1 stablecoin token = 1 USD; no FX conversion,,,sell_stablecoin_base_hit_bids,bitkub_usdt_thb_raw.json,e5a72a94aaaaf89eaec39f3c596a8610f2ccbb5a0b26e783bf927d9d3f72536f,100000,100000,100000.0,100000.0,1.0,3351000.0,33.51,1.4918693122489834,1.4918693122489834,1,False,
native_l2,legacy:2026-10-03,legacy_directory_identifier,data/exact_l2/2026-10-03,legacy_day_root,legacy,data/exact_l2/2026-10-03/manifest.json,5f65da8c397351d7e9376fda89b357eafa392db2ab49e5f771d327c36530c197,data/exact_l2/2026-10-03/execution_curves.csv,feb873e05a895f63a966f410b3e89f9c5fad128946d7c6a3dd7d839ff723cc17,data/exact_l2/2026-10-03/valr_usdtzar_raw.json,42a02f49eb8443350bc580df0f60332580e634b62a399ce575f211af302568dd,sha256_verified,"[""base_asset"",""quote_asset"",""received_utc"",""exchange_timestamp_utc"",""source_url"",""source_params_json""]",2026-10-03,,2026-10-03T10:46:39.464177+00:00,,,legacy_unavailable,valr,USDTZAR,ZAR,USDT,,,,stablecoin_tokens,1 stablecoin token = 1 USD; no FX conversion,,,sell_stablecoin_base_hit_bids,valr_usdtzar_raw.json,42a02f49eb8443350bc580df0f60332580e634b62a399ce575f211af302568dd,1000,1000,1000.0,1000.0,1.0,16720.9,16.7209,0.029902607209253418,0.029902607209253418,1,False,
native_l2,legacy:2026-10-03,legacy_directory_identifier,data/exact_l2/2026-10-03,legacy_day_root,legacy,data/exact_l2/2026-10-03/manifest.json,5f65da8c397351d7e9376fda89b357eafa392db2ab49e5f771d327c36530c197,data/exact_l2/2026-10-03/execution_curves.csv,feb873e05a895f63a966f410b3e89f9c5fad128946d7c6a3dd7d839ff723cc17,data/exact_l2/2026-10-03/valr_usdtzar_raw.json,42a02f49eb8443350bc580df0f60332580e634b62a399ce575f211af302568dd,sha256_verified,"[""base_asset"",""quote_asset"",""received_utc"",""exchange_timestamp_utc"",""source_url"",""source_params_json""]",2026-10-03,,2026-10-03T10:46:39.464177+00:00,,,legacy_unavailable,valr,USDTZAR,ZAR,USDT,,,,stablecoin_tokens,1 stablecoin token = 1 USD; no FX conversion,,,sell_stablecoin_base_hit_bids,valr_usdtzar_raw.json,42a02f49eb8443350bc580df0f60332580e634b62a399ce575f211af302568dd,5000,5000,5000.0,5000.0,1.0,83604.5,16.7209,0.029902607209253418,0.029902607209253418,2,False,
native_l2,legacy:2026-10-03,legacy_directory_identifier,data/exact_l2/2026-10-03,legacy_day_root,legacy,data/exact_l2/2026-10-03/manifest.json,5f65da8c397351d7e9376fda89b357eafa392db2ab49e5f771d327c36530c197,data/exact_l2/2026-10-03/execution_curves.csv,feb873e05a895f63a966f410b3e89f9c5fad128946d7c6a3dd7d839ff723cc17,data/exact_l2/2026-10-03/valr_usdtzar_raw.json,42a02f49eb8443350bc580df0f60332580e634b62a399ce575f211af302568dd,sha256_verified,"[""base_asset"",""quote_asset"",""received_utc"",""exchange_timestamp_utc"",""source_url"",""source_params_json""]",2026-10-03,,2026-10-03T10:46:39.464177+00:00,,,legacy_unavailable,valr,USDTZAR,ZAR,USDT,,,,stablecoin_tokens,1 stablecoin token = 1 USD; no FX conversion,,,sell_stablecoin_base_hit_bids,valr_usdtzar_raw.json,42a02f49eb8443350bc580df0f60332580e634b62a399ce575f211af302568dd,10000,10000,10000.0,10000.0,1.0,167209.00000000003,16.720900000000004,0.029902607207032972,0.029902607209253418,7,False,
native_l2,legacy:2026-10-03,legacy_directory_identifier,data/exact_l2/2026-10-03,legacy_day_root,legacy,data/exact_l2/2026-10-03/manifest.json,5f65da8c397351d7e9376fda89b357eafa392db2ab49e5f771d327c36530c197,data/exact_l2/2026-10-03/execution_curves.csv,feb873e05a895f63a966f410b3e89f9c5fad128946d7c6a3dd7d839ff723cc17,data/exact_l2/2026-10-03/valr_usdtzar_raw.json,42a02f49eb8443350bc580df0f60332580e634b62a399ce575f211af302568dd,sha256_verified,"[""base_asset"",""quote_asset"",""received_utc"",""exchange_timestamp_utc"",""source_url"",""source_params_json""]",2026-10-03,,2026-10-03T10:46:39.464177+00:00,,,legacy_unavailable,valr,USDTZAR,ZAR,USDT,,,,stablecoin_tokens,1 stablecoin token = 1 USD; no FX conversion,,,sell_stablecoin_base_hit_bids,valr_usdtzar_raw.json,42a02f49eb8443350bc580df0f60332580e634b62a399ce575f211af302568dd,25000,25000,25000.0,25000.0,1.0,417955.92290082993,16.7182369160332,1.6225656836499347,3.4986050433749583,46,False,
native_l2,legacy:2026-10-03,legacy_directory_identifier,data/exact_l2/2026-10-03,legacy_day_root,legacy,data/exact_l2/2026-10-03/manifest.json,5f65da8c397351d7e9376fda89b357eafa392db2ab49e5f771d327c36530c197,data/exact_l2/2026-10-03/execution_curves.csv,feb873e05a895f63a966f410b3e89f9c5fad128946d7c6a3dd7d839ff723cc17,data/exact_l2/2026-10-03/valr_usdtzar_raw.json,42a02f49eb8443350bc580df0f60332580e634b62a399ce575f211af302568dd,sha256_verified,"[""base_asset"",""quote_asset"",""received_utc"",""exchange_timestamp_utc"",""source_url"",""source_params_json""]",2026-10-03,,2026-10-03T10:46:39.464177+00:00,,,legacy_unavailable,valr,USDTZAR,ZAR,USDT,,,,stablecoin_tokens,1 stablecoin token = 1 USD; no FX conversion,,,sell_stablecoin_base_hit_bids,valr_usdtzar_raw.json,42a02f49eb8443350bc580df0f60332580e634b62a399ce575f211af302568dd,50000,50000,50000.0,50000.0,1.0,835833.4229008299,16.7166684580166,2.5605853635124465,3.4986050433749583,46,False,
native_l2,legacy:2026-10-03,legacy_directory_identifier,data/exact_l2/2026-10-03,legacy_day_root,legacy,data/exact_l2/2026-10-03/manifest.json,5f65da8c397351d7e9376fda89b357eafa392db2ab49e5f771d327c36530c197,data/exact_l2/2026-10-03/execution_curves.csv,feb873e05a895f63a966f410b3e89f9c5fad128946d7c6a3dd7d839ff723cc17,data/exact_l2/2026-10-03/valr_usdtzar_raw.json,42a02f49eb8443350bc580df0f60332580e634b62a399ce575f211af302568dd,sha256_verified,"[""base_asset"",""quote_asset"",""received_utc"",""exchange_timestamp_utc"",""source_url"",""source_params_json""]",2026-10-03,,2026-10-03T10:46:39.464177+00:00,,,legacy_unavailable,valr,USDTZAR,ZAR,USDT,,,,stablecoin_tokens,1 stablecoin token = 1 USD; no FX conversion,,,sell_stablecoin_base_hit_bids,valr_usdtzar_raw.json,42a02f49eb8443350bc580df0f60332580e634b62a399ce575f211af302568dd,100000,100000,100000.0,100000.0,1.0,1671588.42290083,16.7158842290083,3.0295952034442575,3.4986050433749583,46,False,
native_l2,legacy:2026-10-03,legacy_directory_identifier,data/exact_l2/2026-10-03,legacy_day_root,legacy,data/exact_l2/2026-10-03/manifest.json,5f65da8c397351d7e9376fda89b357eafa392db2ab49e5f771d327c36530c197,data/exact_l2/2026-10-03/execution_curves.csv,feb873e05a895f63a966f410b3e89f9c5fad128946d7c6a3dd7d839ff723cc17,data/exact_l2/2026-10-03/bitkub_usdt_thb_raw.json,a19868b596b61cd98a62def5aad2dd4435e740dc07559c914a7eabd8338f3d3d,sha256_verified,"[""base_asset"",""quote_asset"",""received_utc"",""exchange_timestamp_utc"",""source_url"",""source_params_json""]",2026-10-03,,2026-10-03T10:46:39.768147+00:00,,,legacy_unavailable,bitkub,usdt_thb,THB,USDT,,,,stablecoin_tokens,1 stablecoin token = 1 USD; no FX conversion,,,sell_stablecoin_base_hit_bids,bitkub_usdt_thb_raw.json,a19868b596b61cd98a62def5aad2dd4435e740dc07559c914a7eabd8338f3d3d,1000,1000,1000.0,1000.0,1.0,33540.0,33.54,1.490535102102175,1.490535102102175,1,False,
native_l2,legacy:2026-10-03,legacy_directory_identifier,data/exact_l2/2026-10-03,legacy_day_root,legacy,data/exact_l2/2026-10-03/manifest.json,5f65da8c397351d7e9376fda89b357eafa392db2ab49e5f771d327c36530c197,data/exact_l2/2026-10-03/execution_curves.csv,feb873e05a895f63a966f410b3e89f9c5fad128946d7c6a3dd7d839ff723cc17,data/exact_l2/2026-10-03/bitkub_usdt_thb_raw.json,a19868b596b61cd98a62def5aad2dd4435e740dc07559c914a7eabd8338f3d3d,sha256_verified,"[""base_asset"",""quote_asset"",""received_utc"",""exchange_timestamp_utc"",""source_url"",""source_params_json""]",2026-10-03,,2026-10-03T10:46:39.768147+00:00,,,legacy_unavailable,bitkub,usdt_thb,THB,USDT,,,,stablecoin_tokens,1 stablecoin token = 1 USD; no FX conversion,,,sell_stablecoin_base_hit_bids,bitkub_usdt_thb_raw.json,a19868b596b61cd98a62def5aad2dd4435e740dc07559c914a7eabd8338f3d3d,5000,5000,5000.0,5000.0,1.0,167700.0,33.54,1.490535102102175,1.490535102102175,1,False,
native_l2,legacy:2026-10-03,legacy_directory_identifier,data/exact_l2/2026-10-03,legacy_day_root,legacy,data/exact_l2/2026-10-03/manifest.json,5f65da8c397351d7e9376fda89b357eafa392db2ab49e5f771d327c36530c197,data/exact_l2/2026-10-03/execution_curves.csv,feb873e05a895f63a966f410b3e89f9c5fad128946d7c6a3dd7d839ff723cc17,data/exact_l2/2026-10-03/bitkub_usdt_thb_raw.json,a19868b596b61cd98a62def5aad2dd4435e740dc07559c914a7eabd8338f3d3d,sha256_verified,"[""base_asset"",""quote_asset"",""received_utc"",""exchange_timestamp_utc"",""source_url"",""source_params_json""]",2026-10-03,,2026-10-03T10:46:39.768147+00:00,,,legacy_unavailable,bitkub,usdt_thb,THB,USDT,,,,stablecoin_tokens,1 stablecoin token = 1 USD; no FX conversion,,,sell_stablecoin_base_hit_bids,bitkub_usdt_thb_raw.json,a19868b596b61cd98a62def5aad2dd4435e740dc07559c914a7eabd8338f3d3d,10000,10000,10000.0,10000.0,1.0,335400.0,33.54,1.490535102102175,1.490535102102175,1,False,
native_l2,legacy:2026-10-03,legacy_directory_identifier,data/exact_l2/2026-10-03,legacy_day_root,legacy,data/exact_l2/2026-10-03/manifest.json,5f65da8c397351d7e9376fda89b357eafa392db2ab49e5f771d327c36530c197,data/exact_l2/2026-10-03/execution_curves.csv,feb873e05a895f63a966f410b3e89f9c5fad128946d7c6a3dd7d839ff723cc17,data/exact_l2/2026-10-03/bitkub_usdt_thb_raw.json,a19868b596b61cd98a62def5aad2dd4435e740dc07559c914a7eabd8338f3d3d,sha256_verified,"[""base_asset"",""quote_asset"",""received_utc"",""exchange_timestamp_utc"",""source_url"",""source_params_json""]",2026-10-03,,2026-10-03T10:46:39.768147+00:00,,,legacy_unavailable,bitkub,usdt_thb,THB,USDT,,,,stablecoin_tokens,1 stablecoin token = 1 USD; no FX conversion,,,sell_stablecoin_base_hit_bids,bitkub_usdt_thb_raw.json,a19868b596b61cd98a62def5aad2dd4435e740dc07559c914a7eabd8338f3d3d,25000,25000,25000.0,25000.0,1.0,838500.0,33.54,1.490535102102175,1.490535102102175,1,False,
native_l2,legacy:2026-10-03,legacy_directory_identifier,data/exact_l2/2026-10-03,legacy_day_root,legacy,data/exact_l2/2026-10-03/manifest.json,5f65da8c397351d7e9376fda89b357eafa392db2ab49e5f771d327c36530c197,data/exact_l2/2026-10-03/execution_curves.csv,feb873e05a895f63a966f410b3e89f9c5fad128946d7c6a3dd7d839ff723cc17,data/exact_l2/2026-10-03/bitkub_usdt_thb_raw.json,a19868b596b61cd98a62def5aad2dd4435e740dc07559c914a7eabd8338f3d3d,sha256_verified,"[""base_asset"",""quote_asset"",""received_utc"",""exchange_timestamp_utc"",""source_url"",""source_params_json""]",2026-10-03,,2026-10-03T10:46:39.768147+00:00,,,legacy_unavailable,bitkub,usdt_thb,THB,USDT,,,,stablecoin_tokens,1 stablecoin token = 1 USD; no FX conversion,,,sell_stablecoin_base_hit_bids,bitkub_usdt_thb_raw.json,a19868b596b61cd98a62def5aad2dd4435e740dc07559c914a7eabd8338f3d3d,50000,50000,50000.0,50000.0,1.0,1677000.0,33.54,1.490535102102175,1.490535102102175,1,False,
native_l2,legacy:2026-10-03,legacy_directory_identifier,data/exact_l2/2026-10-03,legacy_day_root,legacy,data/exact_l2/2026-10-03/manifest.json,5f65da8c397351d7e9376fda89b357eafa392db2ab49e5f771d327c36530c197,data/exact_l2/2026-10-03/execution_curves.csv,feb873e05a895f63a966f410b3e89f9c5fad128946d7c6a3dd7d839ff723cc17,data/exact_l2/2026-10-03/bitkub_usdt_thb_raw.json,a19868b596b61cd98a62def5aad2dd4435e740dc07559c914a7eabd8338f3d3d,sha256_verified,"[""base_asset"",""quote_asset"",""received_utc"",""exchange_timestamp_utc"",""source_url"",""source_params_json""]",2026-10-03,,2026-10-03T10:46:39.768147+00:00,,,legacy_unavailable,bitkub,usdt_thb,THB,USDT,,,,stablecoin_tokens,1 stablecoin token = 1 USD; no FX conversion,,,sell_stablecoin_base_hit_bids,bitkub_usdt_thb_raw.json,a19868b596b61cd98a62def5aad2dd4435e740dc07559c914a7eabd8338f3d3d,100000,100000,100000.0,100000.0,1.0,3354000.0,33.54,1.490535102102175,1.490535102102175,1,False,
native_l2,legacy:2026-10-04,legacy_directory_identifier,data/exact_l2/2026-10-04,legacy_day_root,legacy,data/exact_l2/2026-10-04/manifest.json,118af7311e7df111ba08de3632dacb64c833b039b406cca8b8b5dead8f4af343,data/exact_l2/2026-10-04/execution_curves.csv,64e0e22e77f71ada347ea96b73cc1079552cfc24164bb15cf301dde580c90a5d,data/exact_l2/2026-10-04/valr_usdtzar_raw.json,60550ebd825647f23fa4b2ab44486dc1c4d7820149cb7f14ba0edc294bf95998,sha256_verified,"[""base_asset"",""quote_asset"",""received_utc"",""exchange_timestamp_utc"",""source_url"",""source_params_json""]",2026-10-04,,2026-10-04T11:27:26.862575+00:00,,,legacy_unavailable,valr,USDTZAR,ZAR,USDT,,,,stablecoin_tokens,1 stablecoin token = 1 USD; no FX conversion,,,sell_stablecoin_base_hit_bids,valr_usdtzar_raw.json,60550ebd825647f23fa4b2ab44486dc1c4d7820149cb7f14ba0edc294bf95998,1000,1000,1000.0,1000.0,1.0,16744.5,16.7445,0.029860462059660975,0.029860462059660975,1,False,
native_l2,legacy:2026-10-04,legacy_directory_identifier,data/exact_l2/2026-10-04,legacy_day_root,legacy,data/exact_l2/2026-10-04/manifest.json,118af7311e7df111ba08de3632dacb64c833b039b406cca8b8b5dead8f4af343,data/exact_l2/2026-10-04/execution_curves.csv,64e0e22e77f71ada347ea96b73cc1079552cfc24164bb15cf301dde580c90a5d,data/exact_l2/2026-10-04/valr_usdtzar_raw.json,60550ebd825647f23fa4b2ab44486dc1c4d7820149cb7f14ba0edc294bf95998,sha256_verified,"[""base_asset"",""quote_asset"",""received_utc"",""exchange_timestamp_utc"",""source_url"",""source_params_json""]",2026-10-04,,2026-10-04T11:27:26.862575+00:00,,,legacy_unavailable,valr,USDTZAR,ZAR,USDT,,,,stablecoin_tokens,1 stablecoin token = 1 USD; no FX conversion,,,sell_stablecoin_base_hit_bids,valr_usdtzar_raw.json,60550ebd825647f23fa4b2ab44486dc1c4d7820149cb7f14ba0edc294bf95998,5000,5000,5000.0,5000.0,1.0,83722.5,16.7445,0.029860462059660975,0.029860462059660975,1,False,
native_l2,legacy:2026-10-04,legacy_directory_identifier,data/exact_l2/2026-10-04,legacy_day_root,legacy,data/exact_l2/2026-10-04/manifest.json,118af7311e7df111ba08de3632dacb64c833b039b406cca8b8b5dead8f4af343,data/exact_l2/2026-10-04/execution_curves.csv,64e0e22e77f71ada347ea96b73cc1079552cfc24164bb15cf301dde580c90a5d,data/exact_l2/2026-10-04/valr_usdtzar_raw.json,60550ebd825647f23fa4b2ab44486dc1c4d7820149cb7f14ba0edc294bf95998,sha256_verified,"[""base_asset"",""quote_asset"",""received_utc"",""exchange_timestamp_utc"",""source_url"",""source_params_json""]",2026-10-04,,2026-10-04T11:27:26.862575+00:00,,,legacy_unavailable,valr,USDTZAR,ZAR,USDT,,,,stablecoin_tokens,1 stablecoin token = 1 USD; no FX conversion,,,sell_stablecoin_base_hit_bids,valr_usdtzar_raw.json,60550ebd825647f23fa4b2ab44486dc1c4d7820149cb7f14ba0edc294bf95998,10000,10000,10000.0,10000.0,1.0,167445.0,16.7445,0.029860462059660975,0.029860462059660975,1,False,
native_l2,legacy:2026-10-04,legacy_directory_identifier,data/exact_l2/2026-10-04,legacy_day_root,legacy,data/exact_l2/2026-10-04/manifest.json,118af7311e7df111ba08de3632dacb64c833b039b406cca8b8b5dead8f4af343,data/exact_l2/2026-10-04/execution_curves.csv,64e0e22e77f71ada347ea96b73cc1079552cfc24164bb15cf301dde580c90a5d,data/exact_l2/2026-10-04/valr_usdtzar_raw.json,60550ebd825647f23fa4b2ab44486dc1c4d7820149cb7f14ba0edc294bf95998,sha256_verified,"[""base_asset"",""quote_asset"",""received_utc"",""exchange_timestamp_utc"",""source_url"",""source_params_json""]",2026-10-04,,2026-10-04T11:27:26.862575+00:00,,,legacy_unavailable,valr,USDTZAR,ZAR,USDT,,,,stablecoin_tokens,1 stablecoin token = 1 USD; no FX conversion,,,sell_stablecoin_base_hit_bids,valr_usdtzar_raw.json,60550ebd825647f23fa4b2ab44486dc1c4d7820149cb7f14ba0edc294bf95998,25000,25000,25000.0,25000.0,1.0,418558.9065294399,16.742356261177598,1.3101210975507982,2.7770229716528316,7,False,
native_l2,legacy:2026-10-04,legacy_directory_identifier,data/exact_l2/2026-10-04,legacy_day_root,legacy,data/exact_l2/2026-10-04/manifest.json,118af7311e7df111ba08de3632dacb64c833b039b406cca8b8b5dead8f4af343,data/exact_l2/2026-10-04/execution_curves.csv,64e0e22e77f71ada347ea96b73cc1079552cfc24164bb15cf301dde580c90a5d,data/exact_l2/2026-10-04/valr_usdtzar_raw.json,60550ebd825647f23fa4b2ab44486dc1c4d7820149cb7f14ba0edc294bf95998,sha256_verified,"[""base_asset"",""quote_asset"",""received_utc"",""exchange_timestamp_utc"",""source_url"",""source_params_json""]",2026-10-04,,2026-10-04T11:27:26.862575+00:00,,,legacy_unavailable,valr,USDTZAR,ZAR,USDT,,,,stablecoin_tokens,1 stablecoin token = 1 USD; no FX conversion,,,sell_stablecoin_base_hit_bids,valr_usdtzar_raw.json,60550ebd825647f23fa4b2ab44486dc1c4d7820149cb7f14ba0edc294bf95998,50000,50000,50000.0,50000.0,1.0,837056.4065294398,16.7411281305888,2.04357203460126,2.7770229716528316,7,False,
native_l2,legacy:2026-10-04,legacy_directory_identifier,data/exact_l2/2026-10-04,legacy_day_root,legacy,data/exact_l2/2026-10-04/manifest.json,118af7311e7df111ba08de3632dacb64c833b039b406cca8b8b5dead8f4af343,data/exact_l2/2026-10-04/execution_curves.csv,64e0e22e77f71ada347ea96b73cc1079552cfc24164bb15cf301dde580c90a5d,data/exact_l2/2026-10-04/valr_usdtzar_raw.json,60550ebd825647f23fa4b2ab44486dc1c4d7820149cb7f14ba0edc294bf95998,sha256_verified,"[""base_asset"",""quote_asset"",""received_utc"",""exchange_timestamp_utc"",""source_url"",""source_params_json""]",2026-10-04,,2026-10-04T11:27:26.862575+00:00,,,legacy_unavailable,valr,USDTZAR,ZAR,USDT,,,,stablecoin_tokens,1 stablecoin token = 1 USD; no FX conversion,,,sell_stablecoin_base_hit_bids,valr_usdtzar_raw.json,60550ebd825647f23fa4b2ab44486dc1c4d7820149cb7f14ba0edc294bf95998,100000,100000,100000.0,100000.0,1.0,1674051.4065294398,16.7405140652944,2.4102975031270457,2.7770229716528316,7,False,
native_l2,legacy:2026-10-04,legacy_directory_identifier,data/exact_l2/2026-10-04,legacy_day_root,legacy,data/exact_l2/2026-10-04/manifest.json,118af7311e7df111ba08de3632dacb64c833b039b406cca8b8b5dead8f4af343,data/exact_l2/2026-10-04/execution_curves.csv,64e0e22e77f71ada347ea96b73cc1079552cfc24164bb15cf301dde580c90a5d,data/exact_l2/2026-10-04/bitkub_usdt_thb_raw.json,b51f73c2f95f93e147119a271d9ddac4e6563b363fa86cdfea1af3bf9da23ec8,sha256_verified,"[""base_asset"",""quote_asset"",""received_utc"",""exchange_timestamp_utc"",""source_url"",""source_params_json""]",2026-10-04,,2026-10-04T11:27:27.145140+00:00,,,legacy_unavailable,bitkub,usdt_thb,THB,USDT,,,,stablecoin_tokens,1 stablecoin token = 1 USD; no FX conversion,,,sell_stablecoin_base_hit_bids,bitkub_usdt_thb_raw.json,b51f73c2f95f93e147119a271d9ddac4e6563b363fa86cdfea1af3bf9da23ec8,1000,1000,1000.0,1000.0,1.0,33570.0,33.57,1.48920327624813,1.48920327624813,1,False,
native_l2,legacy:2026-10-04,legacy_directory_identifier,data/exact_l2/2026-10-04,legacy_day_root,legacy,data/exact_l2/2026-10-04/manifest.json,118af7311e7df111ba08de3632dacb64c833b039b406cca8b8b5dead8f4af343,data/exact_l2/2026-10-04/execution_curves.csv,64e0e22e77f71ada347ea96b73cc1079552cfc24164bb15cf301dde580c90a5d,data/exact_l2/2026-10-04/bitkub_usdt_thb_raw.json,b51f73c2f95f93e147119a271d9ddac4e6563b363fa86cdfea1af3bf9da23ec8,sha256_verified,"[""base_asset"",""quote_asset"",""received_utc"",""exchange_timestamp_utc"",""source_url"",""source_params_json""]",2026-10-04,,2026-10-04T11:27:27.145140+00:00,,,legacy_unavailable,bitkub,usdt_thb,THB,USDT,,,,stablecoin_tokens,1 stablecoin token = 1 USD; no FX conversion,,,sell_stablecoin_base_hit_bids,bitkub_usdt_thb_raw.json,b51f73c2f95f93e147119a271d9ddac4e6563b363fa86cdfea1af3bf9da23ec8,5000,5000,5000.0,5000.0,1.0,167850.0,33.57,1.48920327624813,1.48920327624813,1,False,
native_l2,legacy:2026-10-04,legacy_directory_identifier,data/exact_l2/2026-10-04,legacy_day_root,legacy,data/exact_l2/2026-10-04/manifest.json,118af7311e7df111ba08de3632dacb64c833b039b406cca8b8b5dead8f4af343,data/exact_l2/2026-10-04/execution_curves.csv,64e0e22e77f71ada347ea96b73cc1079552cfc24164bb15cf301dde580c90a5d,data/exact_l2/2026-10-04/bitkub_usdt_thb_raw.json,b51f73c2f95f93e147119a271d9ddac4e6563b363fa86cdfea1af3bf9da23ec8,sha256_verified,"[""base_asset"",""quote_asset"",""received_utc"",""exchange_timestamp_utc"",""source_url"",""source_params_json""]",2026-10-04,,2026-10-04T11:27:27.145140+00:00,,,legacy_unavailable,bitkub,usdt_thb,THB,USDT,,,,stablecoin_tokens,1 stablecoin token = 1 USD; no FX conversion,,,sell_stablecoin_base_hit_bids,bitkub_usdt_thb_raw.json,b51f73c2f95f93e147119a271d9ddac4e6563b363fa86cdfea1af3bf9da23ec8,10000,10000,10000.0,10000.0,1.0,335700.0,33.57,1.48920327624813,1.48920327624813,1,False,
native_l2,legacy:2026-10-04,legacy_directory_identifier,data/exact_l2/2026-10-04,legacy_day_root,legacy,data/exact_l2/2026-10-04/manifest.json,118af7311e7df111ba08de3632dacb64c833b039b406cca8b8b5dead8f4af343,data/exact_l2/2026-10-04/execution_curves.csv,64e0e22e77f71ada347ea96b73cc1079552cfc24164bb15cf301dde580c90a5d,data/exact_l2/2026-10-04/bitkub_usdt_thb_raw.json,b51f73c2f95f93e147119a271d9ddac4e6563b363fa86cdfea1af3bf9da23ec8,sha256_verified,"[""base_asset"",""quote_asset"",""received_utc"",""exchange_timestamp_utc"",""source_url"",""source_params_json""]",2026-10-04,,2026-10-04T11:27:27.145140+00:00,,,legacy_unavailable,bitkub,usdt_thb,THB,USDT,,,,stablecoin_tokens,1 stablecoin token = 1 USD; no FX conversion,,,sell_stablecoin_base_hit_bids,bitkub_usdt_thb_raw.json,b51f73c2f95f93e147119a271d9ddac4e6563b363fa86cdfea1af3bf9da23ec8,25000,25000,25000.0,25000.0,1.0,839250.0,33.57,1.48920327624813,1.48920327624813,1,False,
native_l2,legacy:2026-10-04,legacy_directory_identifier,data/exact_l2/2026-10-04,legacy_day_root,legacy,data/exact_l2/2026-10-04/manifest.json,118af7311e7df111ba08de3632dacb64c833b039b406cca8b8b5dead8f4af343,data/exact_l2/2026-10-04/execution_curves.csv,64e0e22e77f71ada347ea96b73cc1079552cfc24164bb15cf301dde580c90a5d,data/exact_l2/2026-10-04/bitkub_usdt_thb_raw.json,b51f73c2f95f93e147119a271d9ddac4e6563b363fa86cdfea1af3bf9da23ec8,sha256_verified,"[""base_asset"",""quote_asset"",""received_utc"",""exchange_timestamp_utc"",""source_url"",""source_params_json""]",2026-10-04,,2026-10-04T11:27:27.145140+00:00,,,legacy_unavailable,bitkub,usdt_thb,THB,USDT,,,,stablecoin_tokens,1 stablecoin token = 1 USD; no FX conversion,,,sell_stablecoin_base_hit_bids,bitkub_usdt_thb_raw.json,b51f73c2f95f93e147119a271d9ddac4e6563b363fa86cdfea1af3bf9da23ec8,50000,50000,50000.0,50000.0,1.0,1678500.0,33.57,1.48920327624813,1.48920327624813,1,False,
native_l2,legacy:2026-10-04,legacy_directory_identifier,data/exact_l2/2026-10-04,legacy_day_root,legacy,data/exact_l2/2026-10-04/manifest.json,118af7311e7df111ba08de3632dacb64c833b039b406cca8b8b5dead8f4af343,data/exact_l2/2026-10-04/execution_curves.csv,64e0e22e77f71ada347ea96b73cc1079552cfc24164bb15cf301dde580c90a5d,data/exact_l2/2026-10-04/bitkub_usdt_thb_raw.json,b51f73c2f95f93e147119a271d9ddac4e6563b363fa86cdfea1af3bf9da23ec8,sha256_verified,"[""base_asset"",""quote_asset"",""received_utc"",""exchange_timestamp_utc"",""source_url"",""source_params_json""]",2026-10-04,,2026-10-04T11:27:27.145140+00:00,,,legacy_unavailable,bitkub,usdt_thb,THB,USDT,,,,stablecoin_tokens,1 stablecoin token = 1 USD; no FX conversion,,,sell_stablecoin_base_hit_bids,bitkub_usdt_thb_raw.json,b51f73c2f95f93e147119a271d9ddac4e6563b363fa86cdfea1af3bf9da23ec8,100000,100000,100000.0,100000.0,1.0,3357000.0,33.57,1.48920327624813,1.48920327624813,1,False,
native_l2,20261004T230546713182Z_67b41bb9,recorded,data/exact_l2/2026-10-04/runs/20261004T230546713182Z_67b41bb9,append_only_run,recorded,data/exact_l2/2026-10-04/runs/20261004T230546713182Z_67b41bb9/manifest.json,0b263fbdfe848b2ac5380d861b14837809dd0cf8c276a9f8709b18dde0df079b,data/exact_l2/2026-10-04/runs/20261004T230546713182Z_67b41bb9/execution_curves.csv,1902bf92e77d642ac4d9a06228c0bee3f9312a1a12482a45d9036cc95a943936,data/exact_l2/2026-10-04/runs/20261004T230546713182Z_67b41bb9/btcturk_usdttry_raw.json,6cc68cac1dc20c4c32da6aed5024222042614117c7cd8b2d2cbd996f8b3c242b,sha256_verified,[],2026-10-04,20261004T230546713182Z_67b41bb9,2026-10-04T23:05:46.715440+00:00,2026-10-04T23:05:47.166548+00:00,2026-10-04T23:05:47.083000+00:00,provided,btcturk,USDTTRY,TRY,USDT,USDT,TRY,TRY per USDT,USDT,1 stablecoin token = 1 USD; no FX conversion,https://api.btcturk.com/api/v2/orderbook,"{""limit"": 100, ""pairSymbol"": ""USDTTRY""}",sell_stablecoin_base_hit_bids,btcturk_usdttry_raw.json,6cc68cac1dc20c4c32da6aed5024222042614117c7cd8b2d2cbd996f8b3c242b,1000,1000,1000.0,1000.0,1.0,49121.0,49.121,0.10178842258401488,0.10178842258401488,1,False,documented_exchange_clock
native_l2,20261004T230546713182Z_67b41bb9,recorded,data/exact_l2/2026-10-04/runs/20261004T230546713182Z_67b41bb9,append_only_run,recorded,data/exact_l2/2026-10-04/runs/20261004T230546713182Z_67b41bb9/manifest.json,0b263fbdfe848b2ac5380d861b14837809dd0cf8c276a9f8709b18dde0df079b,data/exact_l2/2026-10-04/runs/20261004T230546713182Z_67b41bb9/execution_curves.csv,1902bf92e77d642ac4d9a06228c0bee3f9312a1a12482a45d9036cc95a943936,data/exact_l2/2026-10-04/runs/20261004T230546713182Z_67b41bb9/btcturk_usdttry_raw.json,6cc68cac1dc20c4c32da6aed5024222042614117c7cd8b2d2cbd996f8b3c242b,sha256_verified,[],2026-10-04,20261004T230546713182Z_67b41bb9,2026-10-04T23:05:46.715440+00:00,2026-10-04T23:05:47.166548+00:00,2026-10-04T23:05:47.083000+00:00,provided,btcturk,USDTTRY,TRY,USDT,USDT,TRY,TRY per USDT,USDT,1 stablecoin token = 1 USD; no FX conversion,https://api.btcturk.com/api/v2/orderbook,"{""limit"": 100, ""pairSymbol"": ""USDTTRY""}",sell_stablecoin_base_hit_bids,btcturk_usdttry_raw.json,6cc68cac1dc20c4c32da6aed5024222042614117c7cd8b2d2cbd996f8b3c242b,5000,5000,5000.0,5000.0,1.0,245605.0,49.121,0.10178842258401488,0.10178842258401488,1,False,documented_exchange_clock
native_l2,20261004T230546713182Z_67b41bb9,recorded,data/exact_l2/2026-10-04/runs/20261004T230546713182Z_67b41bb9,append_only_run,recorded,data/exact_l2/2026-10-04/runs/20261004T230546713182Z_67b41bb9/manifest.json,0b263fbdfe848b2ac5380d861b14837809dd0cf8c276a9f8709b18dde0df079b,data/exact_l2/2026-10-04/runs/20261004T230546713182Z_67b41bb9/execution_curves.csv,1902bf92e77d642ac4d9a06228c0bee3f9312a1a12482a45d9036cc95a943936,data/exact_l2/2026-10-04/runs/20261004T230546713182Z_67b41bb9/btcturk_usdttry_raw.json,6cc68cac1dc20c4c32da6aed5024222042614117c7cd8b2d2cbd996f8b3c242b,sha256_verified,[],2026-10-04,20261004T230546713182Z_67b41bb9,2026-10-04T23:05:46.715440+00:00,2026-10-04T23:05:47.166548+00:00,2026-10-04T23:05:47.083000+00:00,provided,btcturk,USDTTRY,TRY,USDT,USDT,TRY,TRY per USDT,USDT,1 stablecoin token = 1 USD; no FX conversion,https://api.btcturk.com/api/v2/orderbook,"{""limit"": 100, ""pairSymbol"": ""USDTTRY""}",sell_stablecoin_base_hit_bids,btcturk_usdttry_raw.json,6cc68cac1dc20c4c32da6aed5024222042614117c7cd8b2d2cbd996f8b3c242b,10000,10000,10000.0,10000.0,1.0,491210.0,49.121,0.10178842258401488,0.10178842258401488,1,False,documented_exchange_clock
native_l2,20261004T230546713182Z_67b41bb9,recorded,data/exact_l2/2026-10-04/runs/20261004T230546713182Z_67b41bb9,append_only_run,recorded,data/exact_l2/2026-10-04/runs/20261004T230546713182Z_67b41bb9/manifest.json,0b263fbdfe848b2ac5380d861b14837809dd0cf8c276a9f8709b18dde0df079b,data/exact_l2/2026-10-04/runs/20261004T230546713182Z_67b41bb9/execution_curves.csv,1902bf92e77d642ac4d9a06228c0bee3f9312a1a12482a45d9036cc95a943936,data/exact_l2/2026-10-04/runs/20261004T230546713182Z_67b41bb9/btcturk_usdttry_raw.json,6cc68cac1dc20c4c32da6aed5024222042614117c7cd8b2d2cbd996f8b3c242b,sha256_verified,[],2026-10-04,20261004T230546713182Z_67b41bb9,2026-10-04T23:05:46.715440+00:00,2026-10-04T23:05:47.166548+00:00,2026-10-04T23:05:47.083000+00:00,provided,btcturk,USDTTRY,TRY,USDT,USDT,TRY,TRY per USDT,USDT,1 stablecoin token = 1 USD; no FX conversion,https://api.btcturk.com/api/v2/orderbook,"{""limit"": 100, ""pairSymbol"": ""USDTTRY""}",sell_stablecoin_base_hit_bids,btcturk_usdttry_raw.json,6cc68cac1dc20c4c32da6aed5024222042614117c7cd8b2d2cbd996f8b3c242b,25000,25000,25000.0,25000.0,1.0,1228025.0,49.121,0.10178842258401488,0.10178842258401488,1,False,documented_exchange_clock
native_l2,20261004T230546713182Z_67b41bb9,recorded,data/exact_l2/2026-10-04/runs/20261004T230546713182Z_67b41bb9,append_only_run,recorded,data/exact_l2/2026-10-04/runs/20261004T230546713182Z_67b41bb9/manifest.json,0b263fbdfe848b2ac5380d861b14837809dd0cf8c276a9f8709b18dde0df079b,data/exact_l2/2026-10-04/runs/20261004T230546713182Z_67b41bb9/execution_curves.csv,1902bf92e77d642ac4d9a06228c0bee3f9312a1a12482a45d9036cc95a943936,data/exact_l2/2026-10-04/runs/20261004T230546713182Z_67b41bb9/btcturk_usdttry_raw.json,6cc68cac1dc20c4c32da6aed5024222042614117c7cd8b2d2cbd996f8b3c242b,sha256_verified,[],2026-10-04,20261004T230546713182Z_67b41bb9,2026-10-04T23:05:46.715440+00:00,2026-10-04T23:05:47.166548+00:00,2026-10-04T23:05:47.083000+00:00,provided,btcturk,USDTTRY,TRY,USDT,USDT,TRY,TRY per USDT,USDT,1 stablecoin token = 1 USD; no FX conversion,https://api.btcturk.com/api/v2/orderbook,"{""limit"": 100, ""pairSymbol"": ""USDTTRY""}",sell_stablecoin_base_hit_bids,btcturk_usdttry_raw.json,6cc68cac1dc20c4c32da6aed5024222042614117c7cd8b2d2cbd996f8b3c242b,50000,50000,50000.0,50000.0,1.0,2456050.0,49.121,0.10178842258401488,0.10178842258401488,1,False,documented_exchange_clock
native_l2,20261004T230546713182Z_67b41bb9,recorded,data/exact_l2/2026-10-04/runs/20261004T230546713182Z_67b41bb9,append_only_run,recorded,data/exact_l2/2026-10-04/runs/20261004T230546713182Z_67b41bb9/manifest.json,0b263fbdfe848b2ac5380d861b14837809dd0cf8c276a9f8709b18dde0df079b,data/exact_l2/2026-10-04/runs/20261004T230546713182Z_67b41bb9/execution_curves.csv,1902bf92e77d642ac4d9a06228c0bee3f9312a1a12482a45d9036cc95a943936,data/exact_l2/2026-10-04/runs/20261004T230546713182Z_67b41bb9/btcturk_usdttry_raw.json,6cc68cac1dc20c4c32da6aed5024222042614117c7cd8b2d2cbd996f8b3c242b,sha256_verified,[],2026-10-04,20261004T230546713182Z_67b41bb9,2026-10-04T23:05:46.715440+00:00,2026-10-04T23:05:47.166548+00:00,2026-10-04T23:05:47.083000+00:00,provided,btcturk,USDTTRY,TRY,USDT,USDT,TRY,TRY per USDT,USDT,1 stablecoin token = 1 USD; no FX conversion,https://api.btcturk.com/api/v2/orderbook,"{""limit"": 100, ""pairSymbol"": ""USDTTRY""}",sell_stablecoin_base_hit_bids,btcturk_usdttry_raw.json,6cc68cac1dc20c4c32da6aed5024222042614117c7cd8b2d2cbd996f8b3c242b,100000,100000,100000.0,100000.0,1.0,4911711.72714,49.1171172714,0.8922220616225385,4.784055861486447,9,False,documented_exchange_clock
native_l2,20261004T230546713182Z_67b41bb9,recorded,data/exact_l2/2026-10-04/runs/20261004T230546713182Z_67b41bb9,append_only_run,recorded,data/exact_l2/2026-10-04/runs/20261004T230546713182Z_67b41bb9/manifest.json,0b263fbdfe848b2ac5380d861b14837809dd0cf8c276a9f8709b18dde0df079b,data/exact_l2/2026-10-04/runs/20261004T230546713182Z_67b41bb9/execution_curves.csv,1902bf92e77d642ac4d9a06228c0bee3f9312a1a12482a45d9036cc95a943936,data/exact_l2/2026-10-04/runs/20261004T230546713182Z_67b41bb9/indodax_usdtidr_raw.json,82b0441134f74a1ae21c18e21314dfca2d9f426d7ac13b9c2ee3d74200b2c7f1,sha256_verified,"[""exchange_timestamp_utc""]",2026-10-04,20261004T230546713182Z_67b41bb9,2026-10-04T23:05:47.363184+00:00,2026-10-04T23:05:48.275097+00:00,,unavailable,indodax,usdtidr,IDR,USDT,USDT,IDR,IDR per USDT,USDT,1 stablecoin token = 1 USD; no FX conversion,https://indodax.com/api/depth/usdtidr,{},sell_stablecoin_base_hit_bids,indodax_usdtidr_raw.json,82b0441134f74a1ae21c18e21314dfca2d9f426d7ac13b9c2ee3d74200b2c7f1,1000,1000,1000.0,1000.0,1.0,17832000.0,17832.0,0.28038693396847947,0.28038693396847947,1,False,unavailable
native_l2,20261004T230546713182Z_67b41bb9,recorded,data/exact_l2/2026-10-04/runs/20261004T230546713182Z_67b41bb9,append_only_run,recorded,data/exact_l2/2026-10-04/runs/20261004T230546713182Z_67b41bb9/manifest.json,0b263fbdfe848b2ac5380d861b14837809dd0cf8c276a9f8709b18dde0df079b,data/exact_l2/2026-10-04/runs/20261004T230546713182Z_67b41bb9/execution_curves.csv,1902bf92e77d642ac4d9a06228c0bee3f9312a1a12482a45d9036cc95a943936,data/exact_l2/2026-10-04/runs/20261004T230546713182Z_67b41bb9/indodax_usdtidr_raw.json,82b0441134f74a1ae21c18e21314dfca2d9f426d7ac13b9c2ee3d74200b2c7f1,sha256_verified,"[""exchange_timestamp_utc""]",2026-10-04,20261004T230546713182Z_67b41bb9,2026-10-04T23:05:47.363184+00:00,2026-10-04T23:05:48.275097+00:00,,unavailable,indodax,usdtidr,IDR,USDT,USDT,IDR,IDR per USDT,USDT,1 stablecoin token = 1 USD; no FX conversion,https://indodax.com/api/depth/usdtidr,{},sell_stablecoin_base_hit_bids,indodax_usdtidr_raw.json,82b0441134f74a1ae21c18e21314dfca2d9f426d7ac13b9c2ee3d74200b2c7f1,5000,5000,5000.0,5000.0,1.0,89160000.0,17832.0,0.28038693396847947,0.28038693396847947,1,False,unavailable
native_l2,20261004T230546713182Z_67b41bb9,recorded,data/exact_l2/2026-10-04/runs/20261004T230546713182Z_67b41bb9,append_only_run,recorded,data/exact_l2/2026-10-04/runs/20261004T230546713182Z_67b41bb9/manifest.json,0b263fbdfe848b2ac5380d861b14837809dd0cf8c276a9f8709b18dde0df079b,data/exact_l2/2026-10-04/runs/20261004T230546713182Z_67b41bb9/execution_curves.csv,1902bf92e77d642ac4d9a06228c0bee3f9312a1a12482a45d9036cc95a943936,data/exact_l2/2026-10-04/runs/20261004T230546713182Z_67b41bb9/indodax_usdtidr_raw.json,82b0441134f74a1ae21c18e21314dfca2d9f426d7ac13b9c2ee3d74200b2c7f1,sha256_verified,"[""exchange_timestamp_utc""]",2026-10-04,20261004T230546713182Z_67b41bb9,2026-10-04T23:05:47.363184+00:00,2026-10-04T23:05:48.275097+00:00,,unavailable,indodax,usdtidr,IDR,USDT,USDT,IDR,IDR per USDT,USDT,1 stablecoin token = 1 USD; no FX conversion,https://indodax.com/api/depth/usdtidr,{},sell_stablecoin_base_hit_bids,indodax_usdtidr_raw.json,82b0441134f74a1ae21c18e21314dfca2d9f426d7ac13b9c2ee3d74200b2c7f1,10000,10000,10000.0,10000.0,1.0,178320000.0,17832.0,0.28038693396847947,0.28038693396847947,1,False,unavailable
native_l2,20261004T230546713182Z_67b41bb9,recorded,data/exact_l2/2026-10-04/runs/20261004T230546713182Z_67b41bb9,append_only_run,recorded,data/exact_l2/2026-10-04/runs/20261004T230546713182Z_67b41bb9/manifest.json,0b263fbdfe848b2ac5380d861b14837809dd0cf8c276a9f8709b18dde0df079b,data/exact_l2/2026-10-04/runs/20261004T230546713182Z_67b41bb9/execution_curves.csv,1902bf92e77d642ac4d9a06228c0bee3f9312a1a12482a45d9036cc95a943936,data/exact_l2/2026-10-04/runs/20261004T230546713182Z_67b41bb9/indodax_usdtidr_raw.json,82b0441134f74a1ae21c18e21314dfca2d9f426d7ac13b9c2ee3d74200b2c7f1,sha256_verified,"[""exchange_timestamp_utc""]",2026-10-04,20261004T230546713182Z_67b41bb9,2026-10-04T23:05:47.363184+00:00,2026-10-04T23:05:48.275097+00:00,,unavailable,indodax,usdtidr,IDR,USDT,USDT,IDR,IDR per USDT,USDT,1 stablecoin token = 1 USD; no FX conversion,https://indodax.com/api/depth/usdtidr,{},sell_stablecoin_base_hit_bids,indodax_usdtidr_raw.json,82b0441134f74a1ae21c18e21314dfca2d9f426d7ac13b9c2ee3d74200b2c7f1,25000,25000,25000.0,25000.0,1.0,445800000.0,17832.0,0.28038693396847947,0.28038693396847947,1,False,unavailable
native_l2,20261004T230546713182Z_67b41bb9,recorded,data/exact_l2/2026-10-04/runs/20261004T230546713182Z_67b41bb9,append_only_run,recorded,data/exact_l2/2026-10-04/runs/20261004T230546713182Z_67b41bb9/manifest.json,0b263fbdfe848b2ac5380d861b14837809dd0cf8c276a9f8709b18dde0df079b,data/exact_l2/2026-10-04/runs/20261004T230546713182Z_67b41bb9/execution_curves.csv,1902bf92e77d642ac4d9a06228c0bee3f9312a1a12482a45d9036cc95a943936,data/exact_l2/2026-10-04/runs/20261004T230546713182Z_67b41bb9/indodax_usdtidr_raw.json,82b0441134f74a1ae21c18e21314dfca2d9f426d7ac13b9c2ee3d74200b2c7f1,sha256_verified,"[""exchange_timestamp_utc""]",2026-10-04,20261004T230546713182Z_67b41bb9,2026-10-04T23:05:47.363184+00:00,2026-10-04T23:05:48.275097+00:00,,unavailable,indodax,usdtidr,IDR,USDT,USDT,IDR,IDR per USDT,USDT,1 stablecoin token = 1 USD; no FX conversion,https://indodax.com/api/depth/usdtidr,{},sell_stablecoin_base_hit_bids,indodax_usdtidr_raw.json,82b0441134f74a1ae21c18e21314dfca2d9f426d7ac13b9c2ee3d74200b2c7f1,50000,50000,50000.0,50000.0,1.0,891600000.0,17832.0,0.28038693396847947,0.28038693396847947,1,False,unavailable
native_l2,20261004T230546713182Z_67b41bb9,recorded,data/exact_l2/2026-10-04/runs/20261004T230546713182Z_67b41bb9,append_only_run,recorded,data/exact_l2/2026-10-04/runs/20261004T230546713182Z_67b41bb9/manifest.json,0b263fbdfe848b2ac5380d861b14837809dd0cf8c276a9f8709b18dde0df079b,data/exact_l2/2026-10-04/runs/20261004T230546713182Z_67b41bb9/execution_curves.csv,1902bf92e77d642ac4d9a06228c0bee3f9312a1a12482a45d9036cc95a943936,data/exact_l2/2026-10-04/runs/20261004T230546713182Z_67b41bb9/indodax_usdtidr_raw.json,82b0441134f74a1ae21c18e21314dfca2d9f426d7ac13b9c2ee3d74200b2c7f1,sha256_verified,"[""exchange_timestamp_utc""]",2026-10-04,20261004T230546713182Z_67b41bb9,2026-10-04T23:05:47.363184+00:00,2026-10-04T23:05:48.275097+00:00,,unavailable,indodax,usdtidr,IDR,USDT,USDT,IDR,IDR per USDT,USDT,1 stablecoin token = 1 USD; no FX conversion,https://indodax.com/api/depth/usdtidr,{},sell_stablecoin_base_hit_bids,indodax_usdtidr_raw.json,82b0441134f74a1ae21c18e21314dfca2d9f426d7ac13b9c2ee3d74200b2c7f1,100000,100000,99999.99999999999,99999.99999999999,0.9999999999999999,1783074570.730194,17830.745707301943,0.9837615017838086,6.4488994812839096,12,False,unavailable
native_l2,20261004T230546713182Z_67b41bb9,recorded,data/exact_l2/2026-10-04/runs/20261004T230546713182Z_67b41bb9,append_only_run,recorded,data/exact_l2/2026-10-04/runs/20261004T230546713182Z_67b41bb9/manifest.json,0b263fbdfe848b2ac5380d861b14837809dd0cf8c276a9f8709b18dde0df079b,data/exact_l2/2026-10-04/runs/20261004T230546713182Z_67b41bb9/execution_curves.csv,1902bf92e77d642ac4d9a06228c0bee3f9312a1a12482a45d9036cc95a943936,data/exact_l2/2026-10-04/runs/20261004T230546713182Z_67b41bb9/valr_usdtzar_raw.json,df968083d45918d172676312157fcb6531f2337b6b37b6d2f7130bdd5f0b93fb,sha256_verified,"[""exchange_timestamp_utc""]",2026-10-04,20261004T230546713182Z_67b41bb9,2026-10-04T23:05:48.276248+00:00,2026-10-04T23:05:48.535960+00:00,,unavailable,valr,USDTZAR,ZAR,USDT,USDT,ZAR,ZAR per USDT,USDT,1 stablecoin token = 1 USD; no FX conversion,https://api.valr.com/v1/public/USDTZAR/orderbook/full,{},sell_stablecoin_base_hit_bids,valr_usdtzar_raw.json,df968083d45918d172676312157fcb6531f2337b6b37b6d2f7130bdd5f0b93fb,1000,1000,999.9999999999999,999.9999999999999,0.9999999999999999,16716.43053037,16.71643053037,0.31074426255717214,0.32900738471841606,3,False,unavailable
native_l2,20261004T230546713182Z_67b41bb9,recorded,data/exact_l2/2026-10-04/runs/20261004T230546713182Z_67b41bb9,append_only_run,recorded,data/exact_l2/2026-10-04/runs/20261004T230546713182Z_67b41bb9/manifest.json,0b263fbdfe848b2ac5380d861b14837809dd0cf8c276a9f8709b18dde0df079b,data/exact_l2/2026-10-04/runs/20261004T230546713182Z_67b41bb9/execution_curves.csv,1902bf92e77d642ac4d9a06228c0bee3f9312a1a12482a45d9036cc95a943936,data/exact_l2/2026-10-04/runs/20261004T230546713182Z_67b41bb9/valr_usdtzar_raw.json,df968083d45918d172676312157fcb6531f2337b6b37b6d2f7130bdd5f0b93fb,sha256_verified,"[""exchange_timestamp_utc""]",2026-10-04,20261004T230546713182Z_67b41bb9,2026-10-04T23:05:48.276248+00:00,2026-10-04T23:05:48.535960+00:00,,unavailable,valr,USDTZAR,ZAR,USDT,USDT,ZAR,ZAR per USDT,USDT,1 stablecoin token = 1 USD; no FX conversion,https://api.valr.com/v1/public/USDTZAR/orderbook/full,{},sell_stablecoin_base_hit_bids,valr_usdtzar_raw.json,df968083d45918d172676312157fcb6531f2337b6b37b6d2f7130bdd5f0b93fb,5000,5000,5000.0,5000.0,1.0,83547.41248757,16.709482497514003,4.4670244787436975,5.712764589232977,5,False,unavailable
native_l2,20261004T230546713182Z_67b41bb9,recorded,data/exact_l2/2026-10-04/runs/20261004T230546713182Z_67b41bb9,append_only_run,recorded,data/exact_l2/2026-10-04/runs/20261004T230546713182Z_67b41bb9/manifest.json,0b263fbdfe848b2ac5380d861b14837809dd0cf8c276a9f8709b18dde0df079b,data/exact_l2/2026-10-04/runs/20261004T230546713182Z_67b41bb9/execution_curves.csv,1902bf92e77d642ac4d9a06228c0bee3f9312a1a12482a45d9036cc95a943936,data/exact_l2/2026-10-04/runs/20261004T230546713182Z_67b41bb9/valr_usdtzar_raw.json,df968083d45918d172676312157fcb6531f2337b6b37b6d2f7130bdd5f0b93fb,sha256_verified,"[""exchange_timestamp_utc""]",2026-10-04,20261004T230546713182Z_67b41bb9,2026-10-04T23:05:48.276248+00:00,2026-10-04T23:05:48.535960+00:00,,unavailable,valr,USDTZAR,ZAR,USDT,USDT,ZAR,ZAR per USDT,USDT,1 stablecoin token = 1 USD; no FX conversion,https://api.valr.com/v1/public/USDTZAR/orderbook/full,{},sell_stablecoin_base_hit_bids,valr_usdtzar_raw.json,df968083d45918d172676312157fcb6531f2337b6b37b6d2f7130bdd5f0b93fb,10000,10000,9999.999999999998,9999.999999999998,0.9999999999999998,167084.41248757,16.708441248757,5.089894533988337,5.712764589232977,5,False,unavailable
native_l2,20261004T230546713182Z_67b41bb9,recorded,data/exact_l2/2026-10-04/runs/20261004T230546713182Z_67b41bb9,append_only_run,recorded,data/exact_l2/2026-10-04/runs/20261004T230546713182Z_67b41bb9/manifest.json,0b263fbdfe848b2ac5380d861b14837809dd0cf8c276a9f8709b18dde0df079b,data/exact_l2/2026-10-04/runs/20261004T230546713182Z_67b41bb9/execution_curves.csv,1902bf92e77d642ac4d9a06228c0bee3f9312a1a12482a45d9036cc95a943936,data/exact_l2/2026-10-04/runs/20261004T230546713182Z_67b41bb9/valr_usdtzar_raw.json,df968083d45918d172676312157fcb6531f2337b6b37b6d2f7130bdd5f0b93fb,sha256_verified,"[""exchange_timestamp_utc""]",2026-10-04,20261004T230546713182Z_67b41bb9,2026-10-04T23:05:48.276248+00:00,2026-10-04T23:05:48.535960+00:00,,unavailable,valr,USDTZAR,ZAR,USDT,USDT,ZAR,ZAR per USDT,USDT,1 stablecoin token = 1 USD; no FX conversion,https://api.valr.com/v1/public/USDTZAR/orderbook/full,{},sell_stablecoin_base_hit_bids,valr_usdtzar_raw.json,df968083d45918d172676312157fcb6531f2337b6b37b6d2f7130bdd5f0b93fb,25000,25000,25000.0,25000.0,1.0,417695.41248756996,16.707816499502798,5.463616567136231,5.712764589232977,5,False,unavailable
native_l2,20261004T230546713182Z_67b41bb9,recorded,data/exact_l2/2026-10-04/runs/20261004T230546713182Z_67b41bb9,append_only_run,recorded,data/exact_l2/2026-10-04/runs/20261004T230546713182Z_67b41bb9/manifest.json,0b263fbdfe848b2ac5380d861b14837809dd0cf8c276a9f8709b18dde0df079b,data/exact_l2/2026-10-04/runs/20261004T230546713182Z_67b41bb9/execution_curves.csv,1902bf92e77d642ac4d9a06228c0bee3f9312a1a12482a45d9036cc95a943936,data/exact_l2/2026-10-04/runs/20261004T230546713182Z_67b41bb9/valr_usdtzar_raw.json,df968083d45918d172676312157fcb6531f2337b6b37b6d2f7130bdd5f0b93fb,sha256_verified,"[""exchange_timestamp_utc""]",2026-10-04,20261004T230546713182Z_67b41bb9,2026-10-04T23:05:48.276248+00:00,2026-10-04T23:05:48.535960+00:00,,unavailable,valr,USDTZAR,ZAR,USDT,USDT,ZAR,ZAR per USDT,USDT,1 stablecoin token = 1 USD; no FX conversion,https://api.valr.com/v1/public/USDTZAR/orderbook/full,{},sell_stablecoin_base_hit_bids,valr_usdtzar_raw.json,df968083d45918d172676312157fcb6531f2337b6b37b6d2f7130bdd5f0b93fb,50000,50000,50000.00000000001,50000.00000000001,1.0000000000000002,835380.4124875701,16.7076082497514,5.588190578185159,5.712764589232977,5,False,unavailable
native_l2,20261004T230546713182Z_67b41bb9,recorded,data/exact_l2/2026-10-04/runs/20261004T230546713182Z_67b41bb9,append_only_run,recorded,data/exact_l2/2026-10-04/runs/20261004T230546713182Z_67b41bb9/manifest.json,0b263fbdfe848b2ac5380d861b14837809dd0cf8c276a9f8709b18dde0df079b,data/exact_l2/2026-10-04/runs/20261004T230546713182Z_67b41bb9/execution_curves.csv,1902bf92e77d642ac4d9a06228c0bee3f9312a1a12482a45d9036cc95a943936,data/exact_l2/2026-10-04/runs/20261004T230546713182Z_67b41bb9/valr_usdtzar_raw.json,df968083d45918d172676312157fcb6531f2337b6b37b6d2f7130bdd5f0b93fb,sha256_verified,"[""exchange_timestamp_utc""]",2026-10-04,20261004T230546713182Z_67b41bb9,2026-10-04T23:05:48.276248+00:00,2026-10-04T23:05:48.535960+00:00,,unavailable,valr,USDTZAR,ZAR,USDT,USDT,ZAR,ZAR per USDT,USDT,1 stablecoin token = 1 USD; no FX conversion,https://api.valr.com/v1/public/USDTZAR/orderbook/full,{},sell_stablecoin_base_hit_bids,valr_usdtzar_raw.json,df968083d45918d172676312157fcb6531f2337b6b37b6d2f7130bdd5f0b93fb,100000,100000,100000.0,100000.0,1.0,1670750.41248757,16.7075041248757,5.650477583707403,5.712764589232977,5,False,unavailable
native_l2,20261004T230546713182Z_67b41bb9,recorded,data/exact_l2/2026-10-04/runs/20261004T230546713182Z_67b41bb9,append_only_run,recorded,data/exact_l2/2026-10-04/runs/20261004T230546713182Z_67b41bb9/manifest.json,0b263fbdfe848b2ac5380d861b14837809dd0cf8c276a9f8709b18dde0df079b,data/exact_l2/2026-10-04/runs/20261004T230546713182Z_67b41bb9/execution_curves.csv,1902bf92e77d642ac4d9a06228c0bee3f9312a1a12482a45d9036cc95a943936,data/exact_l2/2026-10-04/runs/20261004T230546713182Z_67b41bb9/bitkub_usdt_thb_raw.json,c578f440254101e737dddbd7b0128b79057e47f3324154b22545bc0b254e0cca,sha256_verified,"[""exchange_timestamp_utc""]",2026-10-04,20261004T230546713182Z_67b41bb9,2026-10-04T23:05:48.538898+00:00,2026-10-04T23:05:49.386723+00:00,,unavailable,bitkub,usdt_thb,THB,USDT,USDT,THB,THB per USDT,USDT,1 stablecoin token = 1 USD; no FX conversion,https://api.bitkub.com/api/v3/market/depth,"{""lmt"": 1000, ""sym"": ""usdt_thb""}",sell_stablecoin_base_hit_bids,bitkub_usdt_thb_raw.json,c578f440254101e737dddbd7b0128b79057e47f3324154b22545bc0b254e0cca,1000,1000,1000.0,1000.0,1.0,33510.0,33.51,1.4918693122489834,1.4918693122489834,1,False,unavailable
native_l2,20261004T230546713182Z_67b41bb9,recorded,data/exact_l2/2026-10-04/runs/20261004T230546713182Z_67b41bb9,append_only_run,recorded,data/exact_l2/2026-10-04/runs/20261004T230546713182Z_67b41bb9/manifest.json,0b263fbdfe848b2ac5380d861b14837809dd0cf8c276a9f8709b18dde0df079b,data/exact_l2/2026-10-04/runs/20261004T230546713182Z_67b41bb9/execution_curves.csv,1902bf92e77d642ac4d9a06228c0bee3f9312a1a12482a45d9036cc95a943936,data/exact_l2/2026-10-04/runs/20261004T230546713182Z_67b41bb9/bitkub_usdt_thb_raw.json,c578f440254101e737dddbd7b0128b79057e47f3324154b22545bc0b254e0cca,sha256_verified,"[""exchange_timestamp_utc""]",2026-10-04,20261004T230546713182Z_67b41bb9,2026-10-04T23:05:48.538898+00:00,2026-10-04T23:05:49.386723+00:00,,unavailable,bitkub,usdt_thb,THB,USDT,USDT,THB,THB per USDT,USDT,1 stablecoin token = 1 USD; no FX conversion,https://api.bitkub.com/api/v3/market/depth,"{""lmt"": 1000, ""sym"": ""usdt_thb""}",sell_stablecoin_base_hit_bids,bitkub_usdt_thb_raw.json,c578f440254101e737dddbd7b0128b79057e47f3324154b22545bc0b254e0cca,5000,5000,5000.0,5000.0,1.0,167550.0,33.51,1.4918693122489834,1.4918693122489834,1,False,unavailable
native_l2,20261004T230546713182Z_67b41bb9,recorded,data/exact_l2/2026-10-04/runs/20261004T230546713182Z_67b41bb9,append_only_run,recorded,data/exact_l2/2026-10-04/runs/20261004T230546713182Z_67b41bb9/manifest.json,0b263fbdfe848b2ac5380d861b14837809dd0cf8c276a9f8709b18dde0df079b,data/exact_l2/2026-10-04/runs/20261004T230546713182Z_67b41bb9/execution_curves.csv,1902bf92e77d642ac4d9a06228c0bee3f9312a1a12482a45d9036cc95a943936,data/exact_l2/2026-10-04/runs/20261004T230546713182Z_67b41bb9/bitkub_usdt_thb_raw.json,c578f440254101e737dddbd7b0128b79057e47f3324154b22545bc0b254e0cca,sha256_verified,"[""exchange_timestamp_utc""]",2026-10-04,20261004T230546713182Z_67b41bb9,2026-10-04T23:05:48.538898+00:00,2026-10-04T23:05:49.386723+00:00,,unavailable,bitkub,usdt_thb,THB,USDT,USDT,THB,THB per USDT,USDT,1 stablecoin token = 1 USD; no FX conversion,https://api.bitkub.com/api/v3/market/depth,"{""lmt"": 1000, ""sym"": ""usdt_thb""}",sell_stablecoin_base_hit_bids,bitkub_usdt_thb_raw.json,c578f440254101e737dddbd7b0128b79057e47f3324154b22545bc0b254e0cca,10000,10000,10000.0,10000.0,1.0,335100.0,33.51,1.4918693122489834,1.4918693122489834,1,False,unavailable
native_l2,20261004T230546713182Z_67b41bb9,recorded,data/exact_l2/2026-10-04/runs/20261004T230546713182Z_67b41bb9,append_only_run,recorded,data/exact_l2/2026-10-04/runs/20261004T230546713182Z_67b41bb9/manifest.json,0b263fbdfe848b2ac5380d861b14837809dd0cf8c276a9f8709b18dde0df079b,data/exact_l2/2026-10-04/runs/20261004T230546713182Z_67b41bb9/execution_curves.csv,1902bf92e77d642ac4d9a06228c0bee3f9312a1a12482a45d9036cc95a943936,data/exact_l2/2026-10-04/runs/20261004T230546713182Z_67b41bb9/bitkub_usdt_thb_raw.json,c578f440254101e737dddbd7b0128b79057e47f3324154b22545bc0b254e0cca,sha256_verified,"[""exchange_timestamp_utc""]",2026-10-04,20261004T230546713182Z_67b41bb9,2026-10-04T23:05:48.538898+00:00,2026-10-04T23:05:49.386723+00:00,,unavailable,bitkub,usdt_thb,THB,USDT,USDT,THB,THB per USDT,USDT,1 stablecoin token = 1 USD; no FX conversion,https://api.bitkub.com/api/v3/market/depth,"{""lmt"": 1000, ""sym"": ""usdt_thb""}",sell_stablecoin_base_hit_bids,bitkub_usdt_thb_raw.json,c578f440254101e737dddbd7b0128b79057e47f3324154b22545bc0b254e0cca,25000,25000,25000.0,25000.0,1.0,837750.0,33.51,1.4918693122489834,1.4918693122489834,1,False,unavailable
native_l2,20261004T230546713182Z_67b41bb9,recorded,data/exact_l2/2026-10-04/runs/20261004T230546713182Z_67b41bb9,append_only_run,recorded,data/exact_l2/2026-10-04/runs/20261004T230546713182Z_67b41bb9/manifest.json,0b263fbdfe848b2ac5380d861b14837809dd0cf8c276a9f8709b18dde0df079b,data/exact_l2/2026-10-04/runs/20261004T230546713182Z_67b41bb9/execution_curves.csv,1902bf92e77d642ac4d9a06228c0bee3f9312a1a12482a45d9036cc95a943936,data/exact_l2/2026-10-04/runs/20261004T230546713182Z_67b41bb9/bitkub_usdt_thb_raw.json,c578f440254101e737dddbd7b0128b79057e47f3324154b22545bc0b254e0cca,sha256_verified,"[""exchange_timestamp_utc""]",2026-10-04,20261004T230546713182Z_67b41bb9,2026-10-04T23:05:48.538898+00:00,2026-10-04T23:05:49.386723+00:00,,unavailable,bitkub,usdt_thb,THB,USDT,USDT,THB,THB per USDT,USDT,1 stablecoin token = 1 USD; no FX conversion,https://api.bitkub.com/api/v3/market/depth,"{""lmt"": 1000, ""sym"": ""usdt_thb""}",sell_stablecoin_base_hit_bids,bitkub_usdt_thb_raw.json,c578f440254101e737dddbd7b0128b79057e47f3324154b22545bc0b254e0cca,50000,50000,50000.0,50000.0,1.0,1675500.0,33.51,1.4918693122489834,1.4918693122489834,1,False,unavailable
native_l2,20261004T230546713182Z_67b41bb9,recorded,data/exact_l2/2026-10-04/runs/20261004T230546713182Z_67b41bb9,append_only_run,recorded,data/exact_l2/2026-10-04/runs/20261004T230546713182Z_67b41bb9/manifest.json,0b263fbdfe848b2ac5380d861b14837809dd0cf8c276a9f8709b18dde0df079b,data/exact_l2/2026-10-04/runs/20261004T230546713182Z_67b41bb9/execution_curves.csv,1902bf92e77d642ac4d9a06228c0bee3f9312a1a12482a45d9036cc95a943936,data/exact_l2/2026-10-04/runs/20261004T230546713182Z_67b41bb9/bitkub_usdt_thb_raw.json,c578f440254101e737dddbd7b0128b79057e47f3324154b22545bc0b254e0cca,sha256_verified,"[""exchange_timestamp_utc""]",2026-10-04,20261004T230546713182Z_67b41bb9,2026-10-04T23:05:48.538898+00:00,2026-10-04T23:05:49.386723+00:00,,unavailable,bitkub,usdt_thb,THB,USDT,USDT,THB,THB per USDT,USDT,1 stablecoin token = 1 USD; no FX conversion,https://api.bitkub.com/api/v3/market/depth,"{""lmt"": 1000, ""sym"": ""usdt_thb""}",sell_stablecoin_base_hit_bids,bitkub_usdt_thb_raw.json,c578f440254101e737dddbd7b0128b79057e47f3324154b22545bc0b254e0cca,100000,100000,100000.0,100000.0,1.0,3351000.0,33.51,1.4918693122489834,1.4918693122489834,1,False,unavailable
native_l2,20261004T230923847566Z_818260fe,recorded,data/exact_l2/2026-10-04/runs/20261004T230923847566Z_818260fe,append_only_run,recorded,data/exact_l2/2026-10-04/runs/20261004T230923847566Z_818260fe/manifest.json,130ba325f62fd705a72a5965621cba5bcc66e9be7f843dae6253741a47b096e5,data/exact_l2/2026-10-04/runs/20261004T230923847566Z_818260fe/execution_curves.csv,a7dac18192b006f991ab051329c4341cd38e9fd743036ee8a12d616bf052a55e,data/exact_l2/2026-10-04/runs/20261004T230923847566Z_818260fe/btcturk_usdttry_raw.json,10c0df374b6f91bdcdbf9a7824ec7f370d7d04c351bb3c88f7a485713bc26840,sha256_verified,[],2026-10-04,20261004T230923847566Z_818260fe,2026-10-04T23:09:23.850348+00:00,2026-10-04T23:09:24.216318+00:00,2026-10-04T23:09:24.130000+00:00,provided,btcturk,USDTTRY,TRY,USDT,USDT,TRY,TRY per USDT,USDT,1 stablecoin token = 1 USD; no FX conversion,https://api.btcturk.com/api/v2/orderbook,"{""limit"": 100, ""pairSymbol"": ""USDTTRY""}",sell_stablecoin_base_hit_bids,btcturk_usdttry_raw.json,10c0df374b6f91bdcdbf9a7824ec7f370d7d04c351bb3c88f7a485713bc26840,1000,1000,1000.0,1000.0,1.0,49121.0,49.121,0.10178842258401488,0.10178842258401488,1,False,documented_exchange_clock
native_l2,20261004T230923847566Z_818260fe,recorded,data/exact_l2/2026-10-04/runs/20261004T230923847566Z_818260fe,append_only_run,recorded,data/exact_l2/2026-10-04/runs/20261004T230923847566Z_818260fe/manifest.json,130ba325f62fd705a72a5965621cba5bcc66e9be7f843dae6253741a47b096e5,data/exact_l2/2026-10-04/runs/20261004T230923847566Z_818260fe/execution_curves.csv,a7dac18192b006f991ab051329c4341cd38e9fd743036ee8a12d616bf052a55e,data/exact_l2/2026-10-04/runs/20261004T230923847566Z_818260fe/btcturk_usdttry_raw.json,10c0df374b6f91bdcdbf9a7824ec7f370d7d04c351bb3c88f7a485713bc26840,sha256_verified,[],2026-10-04,20261004T230923847566Z_818260fe,2026-10-04T23:09:23.850348+00:00,2026-10-04T23:09:24.216318+00:00,2026-10-04T23:09:24.130000+00:00,provided,btcturk,USDTTRY,TRY,USDT,USDT,TRY,TRY per USDT,USDT,1 stablecoin token = 1 USD; no FX conversion,https://api.btcturk.com/api/v2/orderbook,"{""limit"": 100, ""pairSymbol"": ""USDTTRY""}",sell_stablecoin_base_hit_bids,btcturk_usdttry_raw.json,10c0df374b6f91bdcdbf9a7824ec7f370d7d04c351bb3c88f7a485713bc26840,5000,5000,5000.0,5000.0,1.0,245605.0,49.121,0.10178842258401488,0.10178842258401488,1,False,documented_exchange_clock
native_l2,20261004T230923847566Z_818260fe,recorded,data/exact_l2/2026-10-04/runs/20261004T230923847566Z_818260fe,append_only_run,recorded,data/exact_l2/2026-10-04/runs/20261004T230923847566Z_818260fe/manifest.json,130ba325f62fd705a72a5965621cba5bcc66e9be7f843dae6253741a47b096e5,data/exact_l2/2026-10-04/runs/20261004T230923847566Z_818260fe/execution_curves.csv,a7dac18192b006f991ab051329c4341cd38e9fd743036ee8a12d616bf052a55e,data/exact_l2/2026-10-04/runs/20261004T230923847566Z_818260fe/btcturk_usdttry_raw.json,10c0df374b6f91bdcdbf9a7824ec7f370d7d04c351bb3c88f7a485713bc26840,sha256_verified,[],2026-10-04,20261004T230923847566Z_818260fe,2026-10-04T23:09:23.850348+00:00,2026-10-04T23:09:24.216318+00:00,2026-10-04T23:09:24.130000+00:00,provided,btcturk,USDTTRY,TRY,USDT,USDT,TRY,TRY per USDT,USDT,1 stablecoin token = 1 USD; no FX conversion,https://api.btcturk.com/api/v2/orderbook,"{""limit"": 100, ""pairSymbol"": ""USDTTRY""}",sell_stablecoin_base_hit_bids,btcturk_usdttry_raw.json,10c0df374b6f91bdcdbf9a7824ec7f370d7d04c351bb3c88f7a485713bc26840,10000,10000,10000.0,10000.0,1.0,491210.0,49.121,0.10178842258401488,0.10178842258401488,1,False,documented_exchange_clock
native_l2,20261004T230923847566Z_818260fe,recorded,data/exact_l2/2026-10-04/runs/20261004T230923847566Z_818260fe,append_only_run,recorded,data/exact_l2/2026-10-04/runs/20261004T230923847566Z_818260fe/manifest.json,130ba325f62fd705a72a5965621cba5bcc66e9be7f843dae6253741a47b096e5,data/exact_l2/2026-10-04/runs/20261004T230923847566Z_818260fe/execution_curves.csv,a7dac18192b006f991ab051329c4341cd38e9fd743036ee8a12d616bf052a55e,data/exact_l2/2026-10-04/runs/20261004T230923847566Z_818260fe/btcturk_usdttry_raw.json,10c0df374b6f91bdcdbf9a7824ec7f370d7d04c351bb3c88f7a485713bc26840,sha256_verified,[],2026-10-04,20261004T230923847566Z_818260fe,2026-10-04T23:09:23.850348+00:00,2026-10-04T23:09:24.216318+00:00,2026-10-04T23:09:24.130000+00:00,provided,btcturk,USDTTRY,TRY,USDT,USDT,TRY,TRY per USDT,USDT,1 stablecoin token = 1 USD; no FX conversion,https://api.btcturk.com/api/v2/orderbook,"{""limit"": 100, ""pairSymbol"": ""USDTTRY""}",sell_stablecoin_base_hit_bids,btcturk_usdttry_raw.json,10c0df374b6f91bdcdbf9a7824ec7f370d7d04c351bb3c88f7a485713bc26840,25000,25000,25000.0,25000.0,1.0,1228025.0,49.121,0.10178842258401488,0.10178842258401488,1,False,documented_exchange_clock
native_l2,20261004T230923847566Z_818260fe,recorded,data/exact_l2/2026-10-04/runs/20261004T230923847566Z_818260fe,append_only_run,recorded,data/exact_l2/2026-10-04/runs/20261004T230923847566Z_818260fe/manifest.json,130ba325f62fd705a72a5965621cba5bcc66e9be7f843dae6253741a47b096e5,data/exact_l2/2026-10-04/runs/20261004T230923847566Z_818260fe/execution_curves.csv,a7dac18192b006f991ab051329c4341cd38e9fd743036ee8a12d616bf052a55e,data/exact_l2/2026-10-04/runs/20261004T230923847566Z_818260fe/btcturk_usdttry_raw.json,10c0df374b6f91bdcdbf9a7824ec7f370d7d04c351bb3c88f7a485713bc26840,sha256_verified,[],2026-10-04,20261004T230923847566Z_818260fe,2026-10-04T23:09:23.850348+00:00,2026-10-04T23:09:24.216318+00:00,2026-10-04T23:09:24.130000+00:00,provided,btcturk,USDTTRY,TRY,USDT,USDT,TRY,TRY per USDT,USDT,1 stablecoin token = 1 USD; no FX conversion,https://api.btcturk.com/api/v2/orderbook,"{""limit"": 100, ""pairSymbol"": ""USDTTRY""}",sell_stablecoin_base_hit_bids,btcturk_usdttry_raw.json,10c0df374b6f91bdcdbf9a7824ec7f370d7d04c351bb3c88f7a485713bc26840,50000,50000,50000.0,50000.0,1.0,2456046.30442,49.1209260884,0.11683511293436588,0.3053652677542651,2,False,documented_exchange_clock
native_l2,20261004T230923847566Z_818260fe,recorded,data/exact_l2/2026-10-04/runs/20261004T230923847566Z_818260fe,append_only_run,recorded,data/exact_l2/2026-10-04/runs/20261004T230923847566Z_818260fe/manifest.json,130ba325f62fd705a72a5965621cba5bcc66e9be7f843dae6253741a47b096e5,data/exact_l2/2026-10-04/runs/20261004T230923847566Z_818260fe/execution_curves.csv,a7dac18192b006f991ab051329c4341cd38e9fd743036ee8a12d616bf052a55e,data/exact_l2/2026-10-04/runs/20261004T230923847566Z_818260fe/btcturk_usdttry_raw.json,10c0df374b6f91bdcdbf9a7824ec7f370d7d04c351bb3c88f7a485713bc26840,sha256_verified,[],2026-10-04,20261004T230923847566Z_818260fe,2026-10-04T23:09:23.850348+00:00,2026-10-04T23:09:24.216318+00:00,2026-10-04T23:09:24.130000+00:00,provided,btcturk,USDTTRY,TRY,USDT,USDT,TRY,TRY per USDT,USDT,1 stablecoin token = 1 USD; no FX conversion,https://api.btcturk.com/api/v2/orderbook,"{""limit"": 100, ""pairSymbol"": ""USDTTRY""}",sell_stablecoin_base_hit_bids,btcturk_usdttry_raw.json,10c0df374b6f91bdcdbf9a7824ec7f370d7d04c351bb3c88f7a485713bc26840,100000,100000,100000.0,100000.0,1.0,4911756.03826,49.1175603826,0.802014881466917,3.1554411001288862,6,False,documented_exchange_clock
native_l2,20261004T230923847566Z_818260fe,recorded,data/exact_l2/2026-10-04/runs/20261004T230923847566Z_818260fe,append_only_run,recorded,data/exact_l2/2026-10-04/runs/20261004T230923847566Z_818260fe/manifest.json,130ba325f62fd705a72a5965621cba5bcc66e9be7f843dae6253741a47b096e5,data/exact_l2/2026-10-04/runs/20261004T230923847566Z_818260fe/execution_curves.csv,a7dac18192b006f991ab051329c4341cd38e9fd743036ee8a12d616bf052a55e,data/exact_l2/2026-10-04/runs/20261004T230923847566Z_818260fe/mercadobitcoin_usdt-brl_raw.json,e73361b119cfd2432ee0da9d20910db3d82c0512f0163f7f649272e1e17d6689,sha256_verified,[],2026-10-04,20261004T230923847566Z_818260fe,2026-10-04T23:09:24.217306+00:00,2026-10-04T23:09:24.428631+00:00,2026-10-04T23:09:24.391985+00:00,provided,mercadobitcoin,USDT-BRL,BRL,USDT,USDT,BRL,BRL per USDT,USDT,1 stablecoin token = 1 USD; no FX conversion,https://api.mercadobitcoin.net/api/v4/USDT-BRL/orderbook,"{""limit"": 100}",sell_stablecoin_base_hit_bids,mercadobitcoin_usdt-brl_raw.json,e73361b119cfd2432ee0da9d20910db3d82c0512f0163f7f649272e1e17d6689,1000,1000,1000.0,1000.0,1.0,5243.860497000001,5.243860497000001,0.7427239357371551,4.862468417791144,2,False,epoch_nanoseconds_inferred_by_magnitude
native_l2,20261004T230923847566Z_818260fe,recorded,data/exact_l2/2026-10-04/runs/20261004T230923847566Z_818260fe,append_only_run,recorded,data/exact_l2/2026-10-04/runs/20261004T230923847566Z_818260fe/manifest.json,130ba325f62fd705a72a5965621cba5bcc66e9be7f843dae6253741a47b096e5,data/exact_l2/2026-10-04/runs/20261004T230923847566Z_818260fe/execution_curves.csv,a7dac18192b006f991ab051329c4341cd38e9fd743036ee8a12d616bf052a55e,data/exact_l2/2026-10-04/runs/20261004T230923847566Z_818260fe/mercadobitcoin_usdt-brl_raw.json,e73361b119cfd2432ee0da9d20910db3d82c0512f0163f7f649272e1e17d6689,sha256_verified,[],2026-10-04,20261004T230923847566Z_818260fe,2026-10-04T23:09:24.217306+00:00,2026-10-04T23:09:24.428631+00:00,2026-10-04T23:09:24.391985+00:00,provided,mercadobitcoin,USDT-BRL,BRL,USDT,USDT,BRL,BRL per USDT,USDT,1 stablecoin token = 1 USD; no FX conversion,https://api.mercadobitcoin.net/api/v4/USDT-BRL/orderbook,"{""limit"": 100}",sell_stablecoin_base_hit_bids,mercadobitcoin_usdt-brl_raw.json,e73361b119cfd2432ee0da9d20910db3d82c0512f0163f7f649272e1e17d6689,5000,5000,5000.0,5000.0,1.0,26210.291026149996,5.242058205229999,4.179424646042484,5.625208561758077,5,False,epoch_nanoseconds_inferred_by_magnitude
native_l2,20261004T230923847566Z_818260fe,recorded,data/exact_l2/2026-10-04/runs/20261004T230923847566Z_818260fe,append_only_run,recorded,data/exact_l2/2026-10-04/runs/20261004T230923847566Z_818260fe/manifest.json,130ba325f62fd705a72a5965621cba5bcc66e9be7f843dae6253741a47b096e5,data/exact_l2/2026-10-04/runs/20261004T230923847566Z_818260fe/execution_curves.csv,a7dac18192b006f991ab051329c4341cd38e9fd743036ee8a12d616bf052a55e,data/exact_l2/2026-10-04/runs/20261004T230923847566Z_818260fe/mercadobitcoin_usdt-brl_raw.json,e73361b119cfd2432ee0da9d20910db3d82c0512f0163f7f649272e1e17d6689,sha256_verified,[],2026-10-04,20261004T230923847566Z_818260fe,2026-10-04T23:09:24.217306+00:00,2026-10-04T23:09:24.428631+00:00,2026-10-04T23:09:24.391985+00:00,provided,mercadobitcoin,USDT-BRL,BRL,USDT,USDT,BRL,BRL per USDT,USDT,1 stablecoin token = 1 USD; no FX conversion,https://api.mercadobitcoin.net/api/v4/USDT-BRL/orderbook,"{""limit"": 100}",sell_stablecoin_base_hit_bids,mercadobitcoin_usdt-brl_raw.json,e73361b119cfd2432ee0da9d20910db3d82c0512f0163f7f649272e1e17d6689,10000,10000,10000.0,10000.0,1.0,52412.65603669,5.241265603669,5.690797217904331,8.104114029651166,12,False,epoch_nanoseconds_inferred_by_magnitude
native_l2,20261004T230923847566Z_818260fe,recorded,data/exact_l2/2026-10-04/runs/20261004T230923847566Z_818260fe,append_only_run,recorded,data/exact_l2/2026-10-04/runs/20261004T230923847566Z_818260fe/manifest.json,130ba325f62fd705a72a5965621cba5bcc66e9be7f843dae6253741a47b096e5,data/exact_l2/2026-10-04/runs/20261004T230923847566Z_818260fe/execution_curves.csv,a7dac18192b006f991ab051329c4341cd38e9fd743036ee8a12d616bf052a55e,data/exact_l2/2026-10-04/runs/20261004T230923847566Z_818260fe/mercadobitcoin_usdt-brl_raw.json,e73361b119cfd2432ee0da9d20910db3d82c0512f0163f7f649272e1e17d6689,sha256_verified,[],2026-10-04,20261004T230923847566Z_818260fe,2026-10-04T23:09:24.217306+00:00,2026-10-04T23:09:24.428631+00:00,2026-10-04T23:09:24.391985+00:00,provided,mercadobitcoin,USDT-BRL,BRL,USDT,USDT,BRL,BRL per USDT,USDT,1 stablecoin token = 1 USD; no FX conversion,https://api.mercadobitcoin.net/api/v4/USDT-BRL/orderbook,"{""limit"": 100}",sell_stablecoin_base_hit_bids,mercadobitcoin_usdt-brl_raw.json,e73361b119cfd2432ee0da9d20910db3d82c0512f0163f7f649272e1e17d6689,25000,25000,25000.000000000004,25000.000000000004,1.0000000000000002,131006.39186219999,5.240255674487999,7.616581040188475,12.871239929447276,14,False,epoch_nanoseconds_inferred_by_magnitude
native_l2,20261004T230923847566Z_818260fe,recorded,data/exact_l2/2026-10-04/runs/20261004T230923847566Z_818260fe,append_only_run,recorded,data/exact_l2/2026-10-04/runs/20261004T230923847566Z_818260fe/manifest.json,130ba325f62fd705a72a5965621cba5bcc66e9be7f843dae6253741a47b096e5,data/exact_l2/2026-10-04/runs/20261004T230923847566Z_818260fe/execution_curves.csv,a7dac18192b006f991ab051329c4341cd38e9fd743036ee8a12d616bf052a55e,data/exact_l2/2026-10-04/runs/20261004T230923847566Z_818260fe/mercadobitcoin_usdt-brl_raw.json,e73361b119cfd2432ee0da9d20910db3d82c0512f0163f7f649272e1e17d6689,sha256_verified,[],2026-10-04,20261004T230923847566Z_818260fe,2026-10-04T23:09:24.217306+00:00,2026-10-04T23:09:24.428631+00:00,2026-10-04T23:09:24.391985+00:00,provided,mercadobitcoin,USDT-BRL,BRL,USDT,USDT,BRL,BRL per USDT,USDT,1 stablecoin token = 1 USD; no FX conversion,https://api.mercadobitcoin.net/api/v4/USDT-BRL/orderbook,"{""limit"": 100}",sell_stablecoin_base_hit_bids,mercadobitcoin_usdt-brl_raw.json,e73361b119cfd2432ee0da9d20910db3d82c0512f0163f7f649272e1e17d6689,50000,50000,50000.0,50000.0,1.0,261837.72905072,5.2367545810144,14.292642390428822,22.786861801019633,17,False,epoch_nanoseconds_inferred_by_magnitude
native_l2,20261004T230923847566Z_818260fe,recorded,data/exact_l2/2026-10-04/runs/20261004T230923847566Z_818260fe,append_only_run,recorded,data/exact_l2/2026-10-04/runs/20261004T230923847566Z_818260fe/manifest.json,130ba325f62fd705a72a5965621cba5bcc66e9be7f843dae6253741a47b096e5,data/exact_l2/2026-10-04/runs/20261004T230923847566Z_818260fe/execution_curves.csv,a7dac18192b006f991ab051329c4341cd38e9fd743036ee8a12d616bf052a55e,data/exact_l2/2026-10-04/runs/20261004T230923847566Z_818260fe/mercadobitcoin_usdt-brl_raw.json,e73361b119cfd2432ee0da9d20910db3d82c0512f0163f7f649272e1e17d6689,sha256_verified,[],2026-10-04,20261004T230923847566Z_818260fe,2026-10-04T23:09:24.217306+00:00,2026-10-04T23:09:24.428631+00:00,2026-10-04T23:09:24.391985+00:00,provided,mercadobitcoin,USDT-BRL,BRL,USDT,USDT,BRL,BRL per USDT,USDT,1 stablecoin token = 1 USD; no FX conversion,https://api.mercadobitcoin.net/api/v4/USDT-BRL/orderbook,"{""limit"": 100}",sell_stablecoin_base_hit_bids,mercadobitcoin_usdt-brl_raw.json,e73361b119cfd2432ee0da9d20910db3d82c0512f0163f7f649272e1e17d6689,100000,100000,100000.00000000001,100000.00000000001,1.0000000000000002,521601.85312631016,5.216018531263101,53.833186321969876,119.27349001287114,37,False,epoch_nanoseconds_inferred_by_magnitude
native_l2,20261004T230923847566Z_818260fe,recorded,data/exact_l2/2026-10-04/runs/20261004T230923847566Z_818260fe,append_only_run,recorded,data/exact_l2/2026-10-04/runs/20261004T230923847566Z_818260fe/manifest.json,130ba325f62fd705a72a5965621cba5bcc66e9be7f843dae6253741a47b096e5,data/exact_l2/2026-10-04/runs/20261004T230923847566Z_818260fe/execution_curves.csv,a7dac18192b006f991ab051329c4341cd38e9fd743036ee8a12d616bf052a55e,data/exact_l2/2026-10-04/runs/20261004T230923847566Z_818260fe/indodax_usdtidr_raw.json,1ecb421071da4d4af1bfe99d5ce63faa6a63f53b085895e920d1d925b6114847,sha256_verified,"[""exchange_timestamp_utc""]",2026-10-04,20261004T230923847566Z_818260fe,2026-10-04T23:09:24.429580+00:00,2026-10-04T23:09:25.448906+00:00,,unavailable,indodax,usdtidr,IDR,USDT,USDT,IDR,IDR per USDT,USDT,1 stablecoin token = 1 USD; no FX conversion,https://indodax.com/api/depth/usdtidr,{},sell_stablecoin_base_hit_bids,indodax_usdtidr_raw.json,1ecb421071da4d4af1bfe99d5ce63faa6a63f53b085895e920d1d925b6114847,1000,1000,1000.0,1000.0,1.0,17832000.0,17832.0,0.28038693396847947,0.28038693396847947,1,False,unavailable
native_l2,20261004T230923847566Z_818260fe,recorded,data/exact_l2/2026-10-04/runs/20261004T230923847566Z_818260fe,append_only_run,recorded,data/exact_l2/2026-10-04/runs/20261004T230923847566Z_818260fe/manifest.json,130ba325f62fd705a72a5965621cba5bcc66e9be7f843dae6253741a47b096e5,data/exact_l2/2026-10-04/runs/20261004T230923847566Z_818260fe/execution_curves.csv,a7dac18192b006f991ab051329c4341cd38e9fd743036ee8a12d616bf052a55e,data/exact_l2/2026-10-04/runs/20261004T230923847566Z_818260fe/indodax_usdtidr_raw.json,1ecb421071da4d4af1bfe99d5ce63faa6a63f53b085895e920d1d925b6114847,sha256_verified,"[""exchange_timestamp_utc""]",2026-10-04,20261004T230923847566Z_818260fe,2026-10-04T23:09:24.429580+00:00,2026-10-04T23:09:25.448906+00:00,,unavailable,indodax,usdtidr,IDR,USDT,USDT,IDR,IDR per USDT,USDT,1 stablecoin token = 1 USD; no FX conversion,https://indodax.com/api/depth/usdtidr,{},sell_stablecoin_base_hit_bids,indodax_usdtidr_raw.json,1ecb421071da4d4af1bfe99d5ce63faa6a63f53b085895e920d1d925b6114847,5000,5000,5000.0,5000.0,1.0,89160000.0,17832.0,0.28038693396847947,0.28038693396847947,1,False,unavailable
native_l2,20261004T230923847566Z_818260fe,recorded,data/exact_l2/2026-10-04/runs/20261004T230923847566Z_818260fe,append_only_run,recorded,data/exact_l2/2026-10-04/runs/20261004T230923847566Z_818260fe/manifest.json,130ba325f62fd705a72a5965621cba5bcc66e9be7f843dae6253741a47b096e5,data/exact_l2/2026-10-04/runs/20261004T230923847566Z_818260fe/execution_curves.csv,a7dac18192b006f991ab051329c4341cd38e9fd743036ee8a12d616bf052a55e,data/exact_l2/2026-10-04/runs/20261004T230923847566Z_818260fe/indodax_usdtidr_raw.json,1ecb421071da4d4af1bfe99d5ce63faa6a63f53b085895e920d1d925b6114847,sha256_verified,"[""exchange_timestamp_utc""]",2026-10-04,20261004T230923847566Z_818260fe,2026-10-04T23:09:24.429580+00:00,2026-10-04T23:09:25.448906+00:00,,unavailable,indodax,usdtidr,IDR,USDT,USDT,IDR,IDR per USDT,USDT,1 stablecoin token = 1 USD; no FX conversion,https://indodax.com/api/depth/usdtidr,{},sell_stablecoin_base_hit_bids,indodax_usdtidr_raw.json,1ecb421071da4d4af1bfe99d5ce63faa6a63f53b085895e920d1d925b6114847,10000,10000,10000.0,10000.0,1.0,178320000.0,17832.0,0.28038693396847947,0.28038693396847947,1,False,unavailable
native_l2,20261004T230923847566Z_818260fe,recorded,data/exact_l2/2026-10-04/runs/20261004T230923847566Z_818260fe,append_only_run,recorded,data/exact_l2/2026-10-04/runs/20261004T230923847566Z_818260fe/manifest.json,130ba325f62fd705a72a5965621cba5bcc66e9be7f843dae6253741a47b096e5,data/exact_l2/2026-10-04/runs/20261004T230923847566Z_818260fe/execution_curves.csv,a7dac18192b006f991ab051329c4341cd38e9fd743036ee8a12d616bf052a55e,data/exact_l2/2026-10-04/runs/20261004T230923847566Z_818260fe/indodax_usdtidr_raw.json,1ecb421071da4d4af1bfe99d5ce63faa6a63f53b085895e920d1d925b6114847,sha256_verified,"[""exchange_timestamp_utc""]",2026-10-04,20261004T230923847566Z_818260fe,2026-10-04T23:09:24.429580+00:00,2026-10-04T23:09:25.448906+00:00,,unavailable,indodax,usdtidr,IDR,USDT,USDT,IDR,IDR per USDT,USDT,1 stablecoin token = 1 USD; no FX conversion,https://indodax.com/api/depth/usdtidr,{},sell_stablecoin_base_hit_bids,indodax_usdtidr_raw.json,1ecb421071da4d4af1bfe99d5ce63faa6a63f53b085895e920d1d925b6114847,25000,25000,25000.0,25000.0,1.0,445800000.0,17832.0,0.28038693396847947,0.28038693396847947,1,False,unavailable
native_l2,20261004T230923847566Z_818260fe,recorded,data/exact_l2/2026-10-04/runs/20261004T230923847566Z_818260fe,append_only_run,recorded,data/exact_l2/2026-10-04/runs/20261004T230923847566Z_818260fe/manifest.json,130ba325f62fd705a72a5965621cba5bcc66e9be7f843dae6253741a47b096e5,data/exact_l2/2026-10-04/runs/20261004T230923847566Z_818260fe/execution_curves.csv,a7dac18192b006f991ab051329c4341cd38e9fd743036ee8a12d616bf052a55e,data/exact_l2/2026-10-04/runs/20261004T230923847566Z_818260fe/indodax_usdtidr_raw.json,1ecb421071da4d4af1bfe99d5ce63faa6a63f53b085895e920d1d925b6114847,sha256_verified,"[""exchange_timestamp_utc""]",2026-10-04,20261004T230923847566Z_818260fe,2026-10-04T23:09:24.429580+00:00,2026-10-04T23:09:25.448906+00:00,,unavailable,indodax,usdtidr,IDR,USDT,USDT,IDR,IDR per USDT,USDT,1 stablecoin token = 1 USD; no FX conversion,https://indodax.com/api/depth/usdtidr,{},sell_stablecoin_base_hit_bids,indodax_usdtidr_raw.json,1ecb421071da4d4af1bfe99d5ce63faa6a63f53b085895e920d1d925b6114847,50000,50000,50000.0,50000.0,1.0,891600000.0,17832.0,0.28038693396847947,0.28038693396847947,1,False,unavailable
native_l2,20261004T230923847566Z_818260fe,recorded,data/exact_l2/2026-10-04/runs/20261004T230923847566Z_818260fe,append_only_run,recorded,data/exact_l2/2026-10-04/runs/20261004T230923847566Z_818260fe/manifest.json,130ba325f62fd705a72a5965621cba5bcc66e9be7f843dae6253741a47b096e5,data/exact_l2/2026-10-04/runs/20261004T230923847566Z_818260fe/execution_curves.csv,a7dac18192b006f991ab051329c4341cd38e9fd743036ee8a12d616bf052a55e,data/exact_l2/2026-10-04/runs/20261004T230923847566Z_818260fe/indodax_usdtidr_raw.json,1ecb421071da4d4af1bfe99d5ce63faa6a63f53b085895e920d1d925b6114847,sha256_verified,"[""exchange_timestamp_utc""]",2026-10-04,20261004T230923847566Z_818260fe,2026-10-04T23:09:24.429580+00:00,2026-10-04T23:09:25.448906+00:00,,unavailable,indodax,usdtidr,IDR,USDT,USDT,IDR,IDR per USDT,USDT,1 stablecoin token = 1 USD; no FX conversion,https://indodax.com/api/depth/usdtidr,{},sell_stablecoin_base_hit_bids,indodax_usdtidr_raw.json,1ecb421071da4d4af1bfe99d5ce63faa6a63f53b085895e920d1d925b6114847,100000,100000,99999.99999999999,99999.99999999999,0.9999999999999999,1783075997.096496,17830.759970964962,0.9757628123019391,6.4488994812839096,12,False,unavailable
native_l2,20261004T230923847566Z_818260fe,recorded,data/exact_l2/2026-10-04/runs/20261004T230923847566Z_818260fe,append_only_run,recorded,data/exact_l2/2026-10-04/runs/20261004T230923847566Z_818260fe/manifest.json,130ba325f62fd705a72a5965621cba5bcc66e9be7f843dae6253741a47b096e5,data/exact_l2/2026-10-04/runs/20261004T230923847566Z_818260fe/execution_curves.csv,a7dac18192b006f991ab051329c4341cd38e9fd743036ee8a12d616bf052a55e,data/exact_l2/2026-10-04/runs/20261004T230923847566Z_818260fe/valr_usdtzar_raw.json,7a6813a2dac6040efdcab480fa0347025c60a0bfca7b36b236196ed5aeaf8de1,sha256_verified,"[""exchange_timestamp_utc""]",2026-10-04,20261004T230923847566Z_818260fe,2026-10-04T23:09:25.450021+00:00,2026-10-04T23:09:25.845523+00:00,,unavailable,valr,USDTZAR,ZAR,USDT,USDT,ZAR,ZAR per USDT,USDT,1 stablecoin token = 1 USD; no FX conversion,https://api.valr.com/v1/public/USDTZAR/orderbook/full,{},sell_stablecoin_base_hit_bids,valr_usdtzar_raw.json,7a6813a2dac6040efdcab480fa0347025c60a0bfca7b36b236196ed5aeaf8de1,1000,1000,1000.0,1000.0,1.0,16716.4,16.7164,0.02991065686908101,0.02991065686908101,1,False,unavailable
native_l2,20261004T230923847566Z_818260fe,recorded,data/exact_l2/2026-10-04/runs/20261004T230923847566Z_818260fe,append_only_run,recorded,data/exact_l2/2026-10-04/runs/20261004T230923847566Z_818260fe/manifest.json,130ba325f62fd705a72a5965621cba5bcc66e9be7f843dae6253741a47b096e5,data/exact_l2/2026-10-04/runs/20261004T230923847566Z_818260fe/execution_curves.csv,a7dac18192b006f991ab051329c4341cd38e9fd743036ee8a12d616bf052a55e,data/exact_l2/2026-10-04/runs/20261004T230923847566Z_818260fe/valr_usdtzar_raw.json,7a6813a2dac6040efdcab480fa0347025c60a0bfca7b36b236196ed5aeaf8de1,sha256_verified,"[""exchange_timestamp_utc""]",2026-10-04,20261004T230923847566Z_818260fe,2026-10-04T23:09:25.450021+00:00,2026-10-04T23:09:25.845523+00:00,,unavailable,valr,USDTZAR,ZAR,USDT,USDT,ZAR,ZAR per USDT,USDT,1 stablecoin token = 1 USD; no FX conversion,https://api.valr.com/v1/public/USDTZAR/orderbook/full,{},sell_stablecoin_base_hit_bids,valr_usdtzar_raw.json,7a6813a2dac6040efdcab480fa0347025c60a0bfca7b36b236196ed5aeaf8de1,5000,5000,5000.0,5000.0,1.0,83530.85907844,16.706171815688,6.148544883635143,7.986145383740428,6,False,unavailable
native_l2,20261004T230923847566Z_818260fe,recorded,data/exact_l2/2026-10-04/runs/20261004T230923847566Z_818260fe,append_only_run,recorded,data/exact_l2/2026-10-04/runs/20261004T230923847566Z_818260fe/manifest.json,130ba325f62fd705a72a5965621cba5bcc66e9be7f843dae6253741a47b096e5,data/exact_l2/2026-10-04/runs/20261004T230923847566Z_818260fe/execution_curves.csv,a7dac18192b006f991ab051329c4341cd38e9fd743036ee8a12d616bf052a55e,data/exact_l2/2026-10-04/runs/20261004T230923847566Z_818260fe/valr_usdtzar_raw.json,7a6813a2dac6040efdcab480fa0347025c60a0bfca7b36b236196ed5aeaf8de1,sha256_verified,"[""exchange_timestamp_utc""]",2026-10-04,20261004T230923847566Z_818260fe,2026-10-04T23:09:25.450021+00:00,2026-10-04T23:09:25.845523+00:00,,unavailable,valr,USDTZAR,ZAR,USDT,USDT,ZAR,ZAR per USDT,USDT,1 stablecoin token = 1 USD; no FX conversion,https://api.valr.com/v1/public/USDTZAR/orderbook/full,{},sell_stablecoin_base_hit_bids,valr_usdtzar_raw.json,7a6813a2dac6040efdcab480fa0347025c60a0bfca7b36b236196ed5aeaf8de1,10000,10000,10000.0,10000.0,1.0,167046.35907843997,16.704635907843997,7.067345133688896,7.986145383740428,6,False,unavailable
native_l2,20261004T230923847566Z_818260fe,recorded,data/exact_l2/2026-10-04/runs/20261004T230923847566Z_818260fe,append_only_run,recorded,data/exact_l2/2026-10-04/runs/20261004T230923847566Z_818260fe/manifest.json,130ba325f62fd705a72a5965621cba5bcc66e9be7f843dae6253741a47b096e5,data/exact_l2/2026-10-04/runs/20261004T230923847566Z_818260fe/execution_curves.csv,a7dac18192b006f991ab051329c4341cd38e9fd743036ee8a12d616bf052a55e,data/exact_l2/2026-10-04/runs/20261004T230923847566Z_818260fe/valr_usdtzar_raw.json,7a6813a2dac6040efdcab480fa0347025c60a0bfca7b36b236196ed5aeaf8de1,sha256_verified,"[""exchange_timestamp_utc""]",2026-10-04,20261004T230923847566Z_818260fe,2026-10-04T23:09:25.450021+00:00,2026-10-04T23:09:25.845523+00:00,,unavailable,valr,USDTZAR,ZAR,USDT,USDT,ZAR,ZAR per USDT,USDT,1 stablecoin token = 1 USD; no FX conversion,https://api.valr.com/v1/public/USDTZAR/orderbook/full,{},sell_stablecoin_base_hit_bids,valr_usdtzar_raw.json,7a6813a2dac6040efdcab480fa0347025c60a0bfca7b36b236196ed5aeaf8de1,25000,25000,25000.0,25000.0,1.0,417592.85907843994,16.703714363137596,7.618625283720704,7.986145383740428,6,False,unavailable
native_l2,20261004T230923847566Z_818260fe,recorded,data/exact_l2/2026-10-04/runs/20261004T230923847566Z_818260fe,append_only_run,recorded,data/exact_l2/2026-10-04/runs/20261004T230923847566Z_818260fe/manifest.json,130ba325f62fd705a72a5965621cba5bcc66e9be7f843dae6253741a47b096e5,data/exact_l2/2026-10-04/runs/20261004T230923847566Z_818260fe/execution_curves.csv,a7dac18192b006f991ab051329c4341cd38e9fd743036ee8a12d616bf052a55e,data/exact_l2/2026-10-04/runs/20261004T230923847566Z_818260fe/valr_usdtzar_raw.json,7a6813a2dac6040efdcab480fa0347025c60a0bfca7b36b236196ed5aeaf8de1,sha256_verified,"[""exchange_timestamp_utc""]",2026-10-04,20261004T230923847566Z_818260fe,2026-10-04T23:09:25.450021+00:00,2026-10-04T23:09:25.845523+00:00,,unavailable,valr,USDTZAR,ZAR,USDT,USDT,ZAR,ZAR per USDT,USDT,1 stablecoin token = 1 USD; no FX conversion,https://api.valr.com/v1/public/USDTZAR/orderbook/full,{},sell_stablecoin_base_hit_bids,valr_usdtzar_raw.json,7a6813a2dac6040efdcab480fa0347025c60a0bfca7b36b236196ed5aeaf8de1,50000,50000,50000.0,50000.0,1.0,835170.35907844,16.7034071815688,7.802385333729456,7.986145383740428,6,False,unavailable
native_l2,20261004T230923847566Z_818260fe,recorded,data/exact_l2/2026-10-04/runs/20261004T230923847566Z_818260fe,append_only_run,recorded,data/exact_l2/2026-10-04/runs/20261004T230923847566Z_818260fe/manifest.json,130ba325f62fd705a72a5965621cba5bcc66e9be7f843dae6253741a47b096e5,data/exact_l2/2026-10-04/runs/20261004T230923847566Z_818260fe/execution_curves.csv,a7dac18192b006f991ab051329c4341cd38e9fd743036ee8a12d616bf052a55e,data/exact_l2/2026-10-04/runs/20261004T230923847566Z_818260fe/valr_usdtzar_raw.json,7a6813a2dac6040efdcab480fa0347025c60a0bfca7b36b236196ed5aeaf8de1,sha256_verified,"[""exchange_timestamp_utc""]",2026-10-04,20261004T230923847566Z_818260fe,2026-10-04T23:09:25.450021+00:00,2026-10-04T23:09:25.845523+00:00,,unavailable,valr,USDTZAR,ZAR,USDT,USDT,ZAR,ZAR per USDT,USDT,1 stablecoin token = 1 USD; no FX conversion,https://api.valr.com/v1/public/USDTZAR/orderbook/full,{},sell_stablecoin_base_hit_bids,valr_usdtzar_raw.json,7a6813a2dac6040efdcab480fa0347025c60a0bfca7b36b236196ed5aeaf8de1,100000,100000,100000.0,100000.0,1.0,1670325.35907844,16.7032535907844,7.894265358735497,7.986145383740428,6,False,unavailable
native_l2,20261004T230923847566Z_818260fe,recorded,data/exact_l2/2026-10-04/runs/20261004T230923847566Z_818260fe,append_only_run,recorded,data/exact_l2/2026-10-04/runs/20261004T230923847566Z_818260fe/manifest.json,130ba325f62fd705a72a5965621cba5bcc66e9be7f843dae6253741a47b096e5,data/exact_l2/2026-10-04/runs/20261004T230923847566Z_818260fe/execution_curves.csv,a7dac18192b006f991ab051329c4341cd38e9fd743036ee8a12d616bf052a55e,data/exact_l2/2026-10-04/runs/20261004T230923847566Z_818260fe/bitkub_usdt_thb_raw.json,9ac0fd5308e976c4f11c4dbccdf4dbd01d9d43681bfa1dc25729fddbebaf6366,sha256_verified,"[""exchange_timestamp_utc""]",2026-10-04,20261004T230923847566Z_818260fe,2026-10-04T23:09:25.848811+00:00,2026-10-04T23:09:26.618405+00:00,,unavailable,bitkub,usdt_thb,THB,USDT,USDT,THB,THB per USDT,USDT,1 stablecoin token = 1 USD; no FX conversion,https://api.bitkub.com/api/v3/market/depth,"{""lmt"": 1000, ""sym"": ""usdt_thb""}",sell_stablecoin_base_hit_bids,bitkub_usdt_thb_raw.json,9ac0fd5308e976c4f11c4dbccdf4dbd01d9d43681bfa1dc25729fddbebaf6366,1000,1000,1000.0,1000.0,1.0,33520.0,33.52,1.4914243102170932,1.4914243102170932,1,False,unavailable
native_l2,20261004T230923847566Z_818260fe,recorded,data/exact_l2/2026-10-04/runs/20261004T230923847566Z_818260fe,append_only_run,recorded,data/exact_l2/2026-10-04/runs/20261004T230923847566Z_818260fe/manifest.json,130ba325f62fd705a72a5965621cba5bcc66e9be7f843dae6253741a47b096e5,data/exact_l2/2026-10-04/runs/20261004T230923847566Z_818260fe/execution_curves.csv,a7dac18192b006f991ab051329c4341cd38e9fd743036ee8a12d616bf052a55e,data/exact_l2/2026-10-04/runs/20261004T230923847566Z_818260fe/bitkub_usdt_thb_raw.json,9ac0fd5308e976c4f11c4dbccdf4dbd01d9d43681bfa1dc25729fddbebaf6366,sha256_verified,"[""exchange_timestamp_utc""]",2026-10-04,20261004T230923847566Z_818260fe,2026-10-04T23:09:25.848811+00:00,2026-10-04T23:09:26.618405+00:00,,unavailable,bitkub,usdt_thb,THB,USDT,USDT,THB,THB per USDT,USDT,1 stablecoin token = 1 USD; no FX conversion,https://api.bitkub.com/api/v3/market/depth,"{""lmt"": 1000, ""sym"": ""usdt_thb""}",sell_stablecoin_base_hit_bids,bitkub_usdt_thb_raw.json,9ac0fd5308e976c4f11c4dbccdf4dbd01d9d43681bfa1dc25729fddbebaf6366,5000,5000,5000.0,5000.0,1.0,167600.00000000003,33.52,1.4914243102170932,1.4914243102170932,1,False,unavailable
native_l2,20261004T230923847566Z_818260fe,recorded,data/exact_l2/2026-10-04/runs/20261004T230923847566Z_818260fe,append_only_run,recorded,data/exact_l2/2026-10-04/runs/20261004T230923847566Z_818260fe/manifest.json,130ba325f62fd705a72a5965621cba5bcc66e9be7f843dae6253741a47b096e5,data/exact_l2/2026-10-04/runs/20261004T230923847566Z_818260fe/execution_curves.csv,a7dac18192b006f991ab051329c4341cd38e9fd743036ee8a12d616bf052a55e,data/exact_l2/2026-10-04/runs/20261004T230923847566Z_818260fe/bitkub_usdt_thb_raw.json,9ac0fd5308e976c4f11c4dbccdf4dbd01d9d43681bfa1dc25729fddbebaf6366,sha256_verified,"[""exchange_timestamp_utc""]",2026-10-04,20261004T230923847566Z_818260fe,2026-10-04T23:09:25.848811+00:00,2026-10-04T23:09:26.618405+00:00,,unavailable,bitkub,usdt_thb,THB,USDT,USDT,THB,THB per USDT,USDT,1 stablecoin token = 1 USD; no FX conversion,https://api.bitkub.com/api/v3/market/depth,"{""lmt"": 1000, ""sym"": ""usdt_thb""}",sell_stablecoin_base_hit_bids,bitkub_usdt_thb_raw.json,9ac0fd5308e976c4f11c4dbccdf4dbd01d9d43681bfa1dc25729fddbebaf6366,10000,10000,10000.0,10000.0,1.0,335200.00000000006,33.52,1.4914243102170932,1.4914243102170932,1,False,unavailable
native_l2,20261004T230923847566Z_818260fe,recorded,data/exact_l2/2026-10-04/runs/20261004T230923847566Z_818260fe,append_only_run,recorded,data/exact_l2/2026-10-04/runs/20261004T230923847566Z_818260fe/manifest.json,130ba325f62fd705a72a5965621cba5bcc66e9be7f843dae6253741a47b096e5,data/exact_l2/2026-10-04/runs/20261004T230923847566Z_818260fe/execution_curves.csv,a7dac18192b006f991ab051329c4341cd38e9fd743036ee8a12d616bf052a55e,data/exact_l2/2026-10-04/runs/20261004T230923847566Z_818260fe/bitkub_usdt_thb_raw.json,9ac0fd5308e976c4f11c4dbccdf4dbd01d9d43681bfa1dc25729fddbebaf6366,sha256_verified,"[""exchange_timestamp_utc""]",2026-10-04,20261004T230923847566Z_818260fe,2026-10-04T23:09:25.848811+00:00,2026-10-04T23:09:26.618405+00:00,,unavailable,bitkub,usdt_thb,THB,USDT,USDT,THB,THB per USDT,USDT,1 stablecoin token = 1 USD; no FX conversion,https://api.bitkub.com/api/v3/market/depth,"{""lmt"": 1000, ""sym"": ""usdt_thb""}",sell_stablecoin_base_hit_bids,bitkub_usdt_thb_raw.json,9ac0fd5308e976c4f11c4dbccdf4dbd01d9d43681bfa1dc25729fddbebaf6366,25000,25000,25000.0,25000.0,1.0,838000.0000000001,33.52,1.4914243102170932,1.4914243102170932,1,False,unavailable
native_l2,20261004T230923847566Z_818260fe,recorded,data/exact_l2/2026-10-04/runs/20261004T230923847566Z_818260fe,append_only_run,recorded,data/exact_l2/2026-10-04/runs/20261004T230923847566Z_818260fe/manifest.json,130ba325f62fd705a72a5965621cba5bcc66e9be7f843dae6253741a47b096e5,data/exact_l2/2026-10-04/runs/20261004T230923847566Z_818260fe/execution_curves.csv,a7dac18192b006f991ab051329c4341cd38e9fd743036ee8a12d616bf052a55e,data/exact_l2/2026-10-04/runs/20261004T230923847566Z_818260fe/bitkub_usdt_thb_raw.json,9ac0fd5308e976c4f11c4dbccdf4dbd01d9d43681bfa1dc25729fddbebaf6366,sha256_verified,"[""exchange_timestamp_utc""]",2026-10-04,20261004T230923847566Z_818260fe,2026-10-04T23:09:25.848811+00:00,2026-10-04T23:09:26.618405+00:00,,unavailable,bitkub,usdt_thb,THB,USDT,USDT,THB,THB per USDT,USDT,1 stablecoin token = 1 USD; no FX conversion,https://api.bitkub.com/api/v3/market/depth,"{""lmt"": 1000, ""sym"": ""usdt_thb""}",sell_stablecoin_base_hit_bids,bitkub_usdt_thb_raw.json,9ac0fd5308e976c4f11c4dbccdf4dbd01d9d43681bfa1dc25729fddbebaf6366,50000,50000,50000.0,50000.0,1.0,1676000.0000000002,33.52,1.4914243102170932,1.4914243102170932,1,False,unavailable
native_l2,20261004T230923847566Z_818260fe,recorded,data/exact_l2/2026-10-04/runs/20261004T230923847566Z_818260fe,append_only_run,recorded,data/exact_l2/2026-10-04/runs/20261004T230923847566Z_818260fe/manifest.json,130ba325f62fd705a72a5965621cba5bcc66e9be7f843dae6253741a47b096e5,data/exact_l2/2026-10-04/runs/20261004T230923847566Z_818260fe/execution_curves.csv,a7dac18192b006f991ab051329c4341cd38e9fd743036ee8a12d616bf052a55e,data/exact_l2/2026-10-04/runs/20261004T230923847566Z_818260fe/bitkub_usdt_thb_raw.json,9ac0fd5308e976c4f11c4dbccdf4dbd01d9d43681bfa1dc25729fddbebaf6366,sha256_verified,"[""exchange_timestamp_utc""]",2026-10-04,20261004T230923847566Z_818260fe,2026-10-04T23:09:25.848811+00:00,2026-10-04T23:09:26.618405+00:00,,unavailable,bitkub,usdt_thb,THB,USDT,USDT,THB,THB per USDT,USDT,1 stablecoin token = 1 USD; no FX conversion,https://api.bitkub.com/api/v3/market/depth,"{""lmt"": 1000, ""sym"": ""usdt_thb""}",sell_stablecoin_base_hit_bids,bitkub_usdt_thb_raw.json,9ac0fd5308e976c4f11c4dbccdf4dbd01d9d43681bfa1dc25729fddbebaf6366,100000,100000,100000.0,100000.0,1.0,3351569.7642,33.515697642,2.7747525727084277,4.47427293065128,2,False,unavailable
native_l2,20261005T123740202287Z_ad4c0b67,recorded,data/exact_l2/2026-10-05/runs/20261005T123740202287Z_ad4c0b67,append_only_run,recorded,data/exact_l2/2026-10-05/runs/20261005T123740202287Z_ad4c0b67/manifest.json,ec540ac0fcb890d7cb9958df812a00c4aa1bb5ba0807d1f61155b5c4f7374c6d,data/exact_l2/2026-10-05/runs/20261005T123740202287Z_ad4c0b67/execution_curves.csv,eeb381a936da12f4bf25e193213f090dd44dd00270c4d20df7014cd7abad4587,data/exact_l2/2026-10-05/runs/20261005T123740202287Z_ad4c0b67/btcturk_usdttry_raw.json,748724f76e38ee41c12d0c00a1c7ec8891b029cf10eec568006650c34285eb19,sha256_verified,[],2026-10-05,20261005T123740202287Z_ad4c0b67,2026-10-05T12:37:40.205575+00:00,2026-10-05T12:37:40.482629+00:00,2026-10-05T12:37:40.416000+00:00,provided,btcturk,USDTTRY,TRY,USDT,USDT,TRY,TRY per USDT,USDT,1 stablecoin token = 1 USD; no FX conversion,https://api.btcturk.com/api/v2/orderbook,"{""limit"": 100, ""pairSymbol"": ""USDTTRY""}",sell_stablecoin_base_hit_bids,btcturk_usdttry_raw.json,748724f76e38ee41c12d0c00a1c7ec8891b029cf10eec568006650c34285eb19,1000,1000,1000.0,1000.0,1.0,49086.0,49.086,1.324031165657047,1.324031165657047,1,False,documented_exchange_clock
native_l2,20261005T123740202287Z_ad4c0b67,recorded,data/exact_l2/2026-10-05/runs/20261005T123740202287Z_ad4c0b67,append_only_run,recorded,data/exact_l2/2026-10-05/runs/20261005T123740202287Z_ad4c0b67/manifest.json,ec540ac0fcb890d7cb9958df812a00c4aa1bb5ba0807d1f61155b5c4f7374c6d,data/exact_l2/2026-10-05/runs/20261005T123740202287Z_ad4c0b67/execution_curves.csv,eeb381a936da12f4bf25e193213f090dd44dd00270c4d20df7014cd7abad4587,data/exact_l2/2026-10-05/runs/20261005T123740202287Z_ad4c0b67/btcturk_usdttry_raw.json,748724f76e38ee41c12d0c00a1c7ec8891b029cf10eec568006650c34285eb19,sha256_verified,[],2026-10-05,20261005T123740202287Z_ad4c0b67,2026-10-05T12:37:40.205575+00:00,2026-10-05T12:37:40.482629+00:00,2026-10-05T12:37:40.416000+00:00,provided,btcturk,USDTTRY,TRY,USDT,USDT,TRY,TRY per USDT,USDT,1 stablecoin token = 1 USD; no FX conversion,https://api.btcturk.com/api/v2/orderbook,"{""limit"": 100, ""pairSymbol"": ""USDTTRY""}",sell_stablecoin_base_hit_bids,btcturk_usdttry_raw.json,748724f76e38ee41c12d0c00a1c7ec8891b029cf10eec568006650c34285eb19,5000,5000,5000.0,5000.0,1.0,245430.0,49.086,1.324031165657047,1.324031165657047,1,False,documented_exchange_clock
native_l2,20261005T123740202287Z_ad4c0b67,recorded,data/exact_l2/2026-10-05/runs/20261005T123740202287Z_ad4c0b67,append_only_run,recorded,data/exact_l2/2026-10-05/runs/20261005T123740202287Z_ad4c0b67/manifest.json,ec540ac0fcb890d7cb9958df812a00c4aa1bb5ba0807d1f61155b5c4f7374c6d,data/exact_l2/2026-10-05/runs/20261005T123740202287Z_ad4c0b67/execution_curves.csv,eeb381a936da12f4bf25e193213f090dd44dd00270c4d20df7014cd7abad4587,data/exact_l2/2026-10-05/runs/20261005T123740202287Z_ad4c0b67/btcturk_usdttry_raw.json,748724f76e38ee41c12d0c00a1c7ec8891b029cf10eec568006650c34285eb19,sha256_verified,[],2026-10-05,20261005T123740202287Z_ad4c0b67,2026-10-05T12:37:40.205575+00:00,2026-10-05T12:37:40.482629+00:00,2026-10-05T12:37:40.416000+00:00,provided,btcturk,USDTTRY,TRY,USDT,USDT,TRY,TRY per USDT,USDT,1 stablecoin token = 1 USD; no FX conversion,https://api.btcturk.com/api/v2/orderbook,"{""limit"": 100, ""pairSymbol"": ""USDTTRY""}",sell_stablecoin_base_hit_bids,btcturk_usdttry_raw.json,748724f76e38ee41c12d0c00a1c7ec8891b029cf10eec568006650c34285eb19,10000,10000,10000.0,10000.0,1.0,490860.0,49.086,1.324031165657047,1.324031165657047,1,False,documented_exchange_clock
native_l2,20261005T123740202287Z_ad4c0b67,recorded,data/exact_l2/2026-10-05/runs/20261005T123740202287Z_ad4c0b67,append_only_run,recorded,data/exact_l2/2026-10-05/runs/20261005T123740202287Z_ad4c0b67/manifest.json,ec540ac0fcb890d7cb9958df812a00c4aa1bb5ba0807d1f61155b5c4f7374c6d,data/exact_l2/2026-10-05/runs/20261005T123740202287Z_ad4c0b67/execution_curves.csv,eeb381a936da12f4bf25e193213f090dd44dd00270c4d20df7014cd7abad4587,data/exact_l2/2026-10-05/runs/20261005T123740202287Z_ad4c0b67/btcturk_usdttry_raw.json,748724f76e38ee41c12d0c00a1c7ec8891b029cf10eec568006650c34285eb19,sha256_verified,[],2026-10-05,20261005T123740202287Z_ad4c0b67,2026-10-05T12:37:40.205575+00:00,2026-10-05T12:37:40.482629+00:00,2026-10-05T12:37:40.416000+00:00,provided,btcturk,USDTTRY,TRY,USDT,USDT,TRY,TRY per USDT,USDT,1 stablecoin token = 1 USD; no FX conversion,https://api.btcturk.com/api/v2/orderbook,"{""limit"": 100, ""pairSymbol"": ""USDTTRY""}",sell_stablecoin_base_hit_bids,btcturk_usdttry_raw.json,748724f76e38ee41c12d0c00a1c7ec8891b029cf10eec568006650c34285eb19,25000,25000,25000.0,25000.0,1.0,1227150.0,49.086,1.324031165657047,1.324031165657047,1,False,documented_exchange_clock
native_l2,20261005T123740202287Z_ad4c0b67,recorded,data/exact_l2/2026-10-05/runs/20261005T123740202287Z_ad4c0b67,append_only_run,recorded,data/exact_l2/2026-10-05/runs/20261005T123740202287Z_ad4c0b67/manifest.json,ec540ac0fcb890d7cb9958df812a00c4aa1bb5ba0807d1f61155b5c4f7374c6d,data/exact_l2/2026-10-05/runs/20261005T123740202287Z_ad4c0b67/execution_curves.csv,eeb381a936da12f4bf25e193213f090dd44dd00270c4d20df7014cd7abad4587,data/exact_l2/2026-10-05/runs/20261005T123740202287Z_ad4c0b67/btcturk_usdttry_raw.json,748724f76e38ee41c12d0c00a1c7ec8891b029cf10eec568006650c34285eb19,sha256_verified,[],2026-10-05,20261005T123740202287Z_ad4c0b67,2026-10-05T12:37:40.205575+00:00,2026-10-05T12:37:40.482629+00:00,2026-10-05T12:37:40.416000+00:00,provided,btcturk,USDTTRY,TRY,USDT,USDT,TRY,TRY per USDT,USDT,1 stablecoin token = 1 USD; no FX conversion,https://api.btcturk.com/api/v2/orderbook,"{""limit"": 100, ""pairSymbol"": ""USDTTRY""}",sell_stablecoin_base_hit_bids,btcturk_usdttry_raw.json,748724f76e38ee41c12d0c00a1c7ec8891b029cf10eec568006650c34285eb19,50000,50000,50000.0,50000.0,1.0,2454280.82242,49.0856164484,1.4021595152002853,1.9351224728836325,3,False,documented_exchange_clock
native_l2,20261005T123740202287Z_ad4c0b67,recorded,data/exact_l2/2026-10-05/runs/20261005T123740202287Z_ad4c0b67,append_only_run,recorded,data/exact_l2/2026-10-05/runs/20261005T123740202287Z_ad4c0b67/manifest.json,ec540ac0fcb890d7cb9958df812a00c4aa1bb5ba0807d1f61155b5c4f7374c6d,data/exact_l2/2026-10-05/runs/20261005T123740202287Z_ad4c0b67/execution_curves.csv,eeb381a936da12f4bf25e193213f090dd44dd00270c4d20df7014cd7abad4587,data/exact_l2/2026-10-05/runs/20261005T123740202287Z_ad4c0b67/btcturk_usdttry_raw.json,748724f76e38ee41c12d0c00a1c7ec8891b029cf10eec568006650c34285eb19,sha256_verified,[],2026-10-05,20261005T123740202287Z_ad4c0b67,2026-10-05T12:37:40.205575+00:00,2026-10-05T12:37:40.482629+00:00,2026-10-05T12:37:40.416000+00:00,provided,btcturk,USDTTRY,TRY,USDT,USDT,TRY,TRY per USDT,USDT,1 stablecoin token = 1 USD; no FX conversion,https://api.btcturk.com/api/v2/orderbook,"{""limit"": 100, ""pairSymbol"": ""USDTTRY""}",sell_stablecoin_base_hit_bids,btcturk_usdttry_raw.json,748724f76e38ee41c12d0c00a1c7ec8891b029cf10eec568006650c34285eb19,100000,100000,100000.0,100000.0,1.0,4908043.6617600005,49.08043661760001,2.457276040127576,4.583184804196616,5,False,documented_exchange_clock
native_l2,20261005T123740202287Z_ad4c0b67,recorded,data/exact_l2/2026-10-05/runs/20261005T123740202287Z_ad4c0b67,append_only_run,recorded,data/exact_l2/2026-10-05/runs/20261005T123740202287Z_ad4c0b67/manifest.json,ec540ac0fcb890d7cb9958df812a00c4aa1bb5ba0807d1f61155b5c4f7374c6d,data/exact_l2/2026-10-05/runs/20261005T123740202287Z_ad4c0b67/execution_curves.csv,eeb381a936da12f4bf25e193213f090dd44dd00270c4d20df7014cd7abad4587,data/exact_l2/2026-10-05/runs/20261005T123740202287Z_ad4c0b67/mercadobitcoin_usdt-brl_raw.json,1519667d5d15fb56a995ea083b55bc2d099f0f1c538acc6fd4dc1f37838c8246,sha256_verified,[],2026-10-05,20261005T123740202287Z_ad4c0b67,2026-10-05T12:37:40.483786+00:00,2026-10-05T12:37:40.576173+00:00,2026-10-05T12:37:40.565492+00:00,provided,mercadobitcoin,USDT-BRL,BRL,USDT,USDT,BRL,BRL per USDT,USDT,1 stablecoin token = 1 USD; no FX conversion,https://api.mercadobitcoin.net/api/v4/USDT-BRL/orderbook,"{""limit"": 100}",sell_stablecoin_base_hit_bids,mercadobitcoin_usdt-brl_raw.json,1519667d5d15fb56a995ea083b55bc2d099f0f1c538acc6fd4dc1f37838c8246,1000,1000,1000.0,1000.0,1.0,5039.4,5.0394,0.49606619507369665,0.49606619507369665,1,False,epoch_nanoseconds_inferred_by_magnitude
native_l2,20261005T123740202287Z_ad4c0b67,recorded,data/exact_l2/2026-10-05/runs/20261005T123740202287Z_ad4c0b67,append_only_run,recorded,data/exact_l2/2026-10-05/runs/20261005T123740202287Z_ad4c0b67/manifest.json,ec540ac0fcb890d7cb9958df812a00c4aa1bb5ba0807d1f61155b5c4f7374c6d,data/exact_l2/2026-10-05/runs/20261005T123740202287Z_ad4c0b67/execution_curves.csv,eeb381a936da12f4bf25e193213f090dd44dd00270c4d20df7014cd7abad4587,data/exact_l2/2026-10-05/runs/20261005T123740202287Z_ad4c0b67/mercadobitcoin_usdt-brl_raw.json,1519667d5d15fb56a995ea083b55bc2d099f0f1c538acc6fd4dc1f37838c8246,sha256_verified,[],2026-10-05,20261005T123740202287Z_ad4c0b67,2026-10-05T12:37:40.483786+00:00,2026-10-05T12:37:40.576173+00:00,2026-10-05T12:37:40.565492+00:00,provided,mercadobitcoin,USDT-BRL,BRL,USDT,USDT,BRL,BRL per USDT,USDT,1 stablecoin token = 1 USD; no FX conversion,https://api.mercadobitcoin.net/api/v4/USDT-BRL/orderbook,"{""limit"": 100}",sell_stablecoin_base_hit_bids,mercadobitcoin_usdt-brl_raw.json,1519667d5d15fb56a995ea083b55bc2d099f0f1c538acc6fd4dc1f37838c8246,5000,5000,5000.0,5000.0,1.0,25182.063651359997,5.036412730272,6.423600305577315,13.592213745001747,9,False,epoch_nanoseconds_inferred_by_magnitude
native_l2,20261005T123740202287Z_ad4c0b67,recorded,data/exact_l2/2026-10-05/runs/20261005T123740202287Z_ad4c0b67,append_only_run,recorded,data/exact_l2/2026-10-05/runs/20261005T123740202287Z_ad4c0b67/manifest.json,ec540ac0fcb890d7cb9958df812a00c4aa1bb5ba0807d1f61155b5c4f7374c6d,data/exact_l2/2026-10-05/runs/20261005T123740202287Z_ad4c0b67/execution_curves.csv,eeb381a936da12f4bf25e193213f090dd44dd00270c4d20df7014cd7abad4587,data/exact_l2/2026-10-05/runs/20261005T123740202287Z_ad4c0b67/mercadobitcoin_usdt-brl_raw.json,1519667d5d15fb56a995ea083b55bc2d099f0f1c538acc6fd4dc1f37838c8246,sha256_verified,[],2026-10-05,20261005T123740202287Z_ad4c0b67,2026-10-05T12:37:40.483786+00:00,2026-10-05T12:37:40.576173+00:00,2026-10-05T12:37:40.565492+00:00,provided,mercadobitcoin,USDT-BRL,BRL,USDT,USDT,BRL,BRL per USDT,USDT,1 stablecoin token = 1 USD; no FX conversion,https://api.mercadobitcoin.net/api/v4/USDT-BRL/orderbook,"{""limit"": 100}",sell_stablecoin_base_hit_bids,mercadobitcoin_usdt-brl_raw.json,1519667d5d15fb56a995ea083b55bc2d099f0f1c538acc6fd4dc1f37838c8246,10000,10000,10000.0,10000.0,1.0,50346.06365136,5.034606365136,10.007907025290086,13.592213745001747,9,False,epoch_nanoseconds_inferred_by_magnitude
native_l2,20261005T123740202287Z_ad4c0b67,recorded,data/exact_l2/2026-10-05/runs/20261005T123740202287Z_ad4c0b67,append_only_run,recorded,data/exact_l2/2026-10-05/runs/20261005T123740202287Z_ad4c0b67/manifest.json,ec540ac0fcb890d7cb9958df812a00c4aa1bb5ba0807d1f61155b5c4f7374c6d,data/exact_l2/2026-10-05/runs/20261005T123740202287Z_ad4c0b67/execution_curves.csv,eeb381a936da12f4bf25e193213f090dd44dd00270c4d20df7014cd7abad4587,data/exact_l2/2026-10-05/runs/20261005T123740202287Z_ad4c0b67/mercadobitcoin_usdt-brl_raw.json,1519667d5d15fb56a995ea083b55bc2d099f0f1c538acc6fd4dc1f37838c8246,sha256_verified,[],2026-10-05,20261005T123740202287Z_ad4c0b67,2026-10-05T12:37:40.483786+00:00,2026-10-05T12:37:40.576173+00:00,2026-10-05T12:37:40.565492+00:00,provided,mercadobitcoin,USDT-BRL,BRL,USDT,USDT,BRL,BRL per USDT,USDT,1 stablecoin token = 1 USD; no FX conversion,https://api.mercadobitcoin.net/api/v4/USDT-BRL/orderbook,"{""limit"": 100}",sell_stablecoin_base_hit_bids,mercadobitcoin_usdt-brl_raw.json,1519667d5d15fb56a995ea083b55bc2d099f0f1c538acc6fd4dc1f37838c8246,25000,25000,25000.0,25000.0,1.0,125809.15848973,5.0323663395892,14.452710824759407,19.346581607850855,13,False,epoch_nanoseconds_inferred_by_magnitude
native_l2,20261005T123740202287Z_ad4c0b67,recorded,data/exact_l2/2026-10-05/runs/20261005T123740202287Z_ad4c0b67,append_only_run,recorded,data/exact_l2/2026-10-05/runs/20261005T123740202287Z_ad4c0b67/manifest.json,ec540ac0fcb890d7cb9958df812a00c4aa1bb5ba0807d1f61155b5c4f7374c6d,data/exact_l2/2026-10-05/runs/20261005T123740202287Z_ad4c0b67/execution_curves.csv,eeb381a936da12f4bf25e193213f090dd44dd00270c4d20df7014cd7abad4587,data/exact_l2/2026-10-05/runs/20261005T123740202287Z_ad4c0b67/mercadobitcoin_usdt-brl_raw.json,1519667d5d15fb56a995ea083b55bc2d099f0f1c538acc6fd4dc1f37838c8246,sha256_verified,[],2026-10-05,20261005T123740202287Z_ad4c0b67,2026-10-05T12:37:40.483786+00:00,2026-10-05T12:37:40.576173+00:00,2026-10-05T12:37:40.565492+00:00,provided,mercadobitcoin,USDT-BRL,BRL,USDT,USDT,BRL,BRL per USDT,USDT,1 stablecoin token = 1 USD; no FX conversion,https://api.mercadobitcoin.net/api/v4/USDT-BRL/orderbook,"{""limit"": 100}",sell_stablecoin_base_hit_bids,mercadobitcoin_usdt-brl_raw.json,1519667d5d15fb56a995ea083b55bc2d099f0f1c538acc6fd4dc1f37838c8246,50000,50000,50000.000000000015,50000.000000000015,1.0000000000000002,251488.46934757006,5.0297693869514,19.605752480034155,36.80811167442233,15,False,epoch_nanoseconds_inferred_by_magnitude
native_l2,20261005T123740202287Z_ad4c0b67,recorded,data/exact_l2/2026-10-05/runs/20261005T123740202287Z_ad4c0b67,append_only_run,recorded,data/exact_l2/2026-10-05/runs/20261005T123740202287Z_ad4c0b67/manifest.json,ec540ac0fcb890d7cb9958df812a00c4aa1bb5ba0807d1f61155b5c4f7374c6d,data/exact_l2/2026-10-05/runs/20261005T123740202287Z_ad4c0b67/execution_curves.csv,eeb381a936da12f4bf25e193213f090dd44dd00270c4d20df7014cd7abad4587,data/exact_l2/2026-10-05/runs/20261005T123740202287Z_ad4c0b67/mercadobitcoin_usdt-brl_raw.json,1519667d5d15fb56a995ea083b55bc2d099f0f1c538acc6fd4dc1f37838c8246,sha256_verified,[],2026-10-05,20261005T123740202287Z_ad4c0b67,2026-10-05T12:37:40.483786+00:00,2026-10-05T12:37:40.576173+00:00,2026-10-05T12:37:40.565492+00:00,provided,mercadobitcoin,USDT-BRL,BRL,USDT,USDT,BRL,BRL per USDT,USDT,1 stablecoin token = 1 USD; no FX conversion,https://api.mercadobitcoin.net/api/v4/USDT-BRL/orderbook,"{""limit"": 100}",sell_stablecoin_base_hit_bids,mercadobitcoin_usdt-brl_raw.json,1519667d5d15fb56a995ea083b55bc2d099f0f1c538acc6fd4dc1f37838c8246,100000,100000,99999.99999999997,99999.99999999997,0.9999999999999997,501352.94326073973,5.013529432607399,51.8301219183892,118.16296766640532,35,False,epoch_nanoseconds_inferred_by_magnitude
native_l2,20261005T123740202287Z_ad4c0b67,recorded,data/exact_l2/2026-10-05/runs/20261005T123740202287Z_ad4c0b67,append_only_run,recorded,data/exact_l2/2026-10-05/runs/20261005T123740202287Z_ad4c0b67/manifest.json,ec540ac0fcb890d7cb9958df812a00c4aa1bb5ba0807d1f61155b5c4f7374c6d,data/exact_l2/2026-10-05/runs/20261005T123740202287Z_ad4c0b67/execution_curves.csv,eeb381a936da12f4bf25e193213f090dd44dd00270c4d20df7014cd7abad4587,data/exact_l2/2026-10-05/runs/20261005T123740202287Z_ad4c0b67/indodax_usdtidr_raw.json,dee1149f8a6dcfbcbf5a7d3721d16c9edab24cf48ad6bdf2651278d8469b800f,sha256_verified,"[""exchange_timestamp_utc""]",2026-10-05,20261005T123740202287Z_ad4c0b67,2026-10-05T12:37:40.577317+00:00,2026-10-05T12:37:41.374670+00:00,,unavailable,indodax,usdtidr,IDR,USDT,USDT,IDR,IDR per USDT,USDT,1 stablecoin token = 1 USD; no FX conversion,https://indodax.com/api/depth/usdtidr,{},sell_stablecoin_base_hit_bids,indodax_usdtidr_raw.json,dee1149f8a6dcfbcbf5a7d3721d16c9edab24cf48ad6bdf2651278d8469b800f,1000,1000,1000.0,1000.0,1.0,17868000.0,17868.0,0.2798220331867718,0.2798220331867718,1,False,unavailable
native_l2,20261005T123740202287Z_ad4c0b67,recorded,data/exact_l2/2026-10-05/runs/20261005T123740202287Z_ad4c0b67,append_only_run,recorded,data/exact_l2/2026-10-05/runs/20261005T123740202287Z_ad4c0b67/manifest.json,ec540ac0fcb890d7cb9958df812a00c4aa1bb5ba0807d1f61155b5c4f7374c6d,data/exact_l2/2026-10-05/runs/20261005T123740202287Z_ad4c0b67/execution_curves.csv,eeb381a936da12f4bf25e193213f090dd44dd00270c4d20df7014cd7abad4587,data/exact_l2/2026-10-05/runs/20261005T123740202287Z_ad4c0b67/indodax_usdtidr_raw.json,dee1149f8a6dcfbcbf5a7d3721d16c9edab24cf48ad6bdf2651278d8469b800f,sha256_verified,"[""exchange_timestamp_utc""]",2026-10-05,20261005T123740202287Z_ad4c0b67,2026-10-05T12:37:40.577317+00:00,2026-10-05T12:37:41.374670+00:00,,unavailable,indodax,usdtidr,IDR,USDT,USDT,IDR,IDR per USDT,USDT,1 stablecoin token = 1 USD; no FX conversion,https://indodax.com/api/depth/usdtidr,{},sell_stablecoin_base_hit_bids,indodax_usdtidr_raw.json,dee1149f8a6dcfbcbf5a7d3721d16c9edab24cf48ad6bdf2651278d8469b800f,5000,5000,5000.0,5000.0,1.0,89339724.9137144,17867.94498274288,0.3106121146823071,0.8394660995603154,2,False,unavailable
native_l2,20261005T123740202287Z_ad4c0b67,recorded,data/exact_l2/2026-10-05/runs/20261005T123740202287Z_ad4c0b67,append_only_run,recorded,data/exact_l2/2026-10-05/runs/20261005T123740202287Z_ad4c0b67/manifest.json,ec540ac0fcb890d7cb9958df812a00c4aa1bb5ba0807d1f61155b5c4f7374c6d,data/exact_l2/2026-10-05/runs/20261005T123740202287Z_ad4c0b67/execution_curves.csv,eeb381a936da12f4bf25e193213f090dd44dd00270c4d20df7014cd7abad4587,data/exact_l2/2026-10-05/runs/20261005T123740202287Z_ad4c0b67/indodax_usdtidr_raw.json,dee1149f8a6dcfbcbf5a7d3721d16c9edab24cf48ad6bdf2651278d8469b800f,sha256_verified,"[""exchange_timestamp_utc""]",2026-10-05,20261005T123740202287Z_ad4c0b67,2026-10-05T12:37:40.577317+00:00,2026-10-05T12:37:41.374670+00:00,,unavailable,indodax,usdtidr,IDR,USDT,USDT,IDR,IDR per USDT,USDT,1 stablecoin token = 1 USD; no FX conversion,https://indodax.com/api/depth/usdtidr,{},sell_stablecoin_base_hit_bids,indodax_usdtidr_raw.json,dee1149f8a6dcfbcbf5a7d3721d16c9edab24cf48ad6bdf2651278d8469b800f,10000,10000,10000.0,10000.0,1.0,178674724.9137144,17867.47249137144,0.575039107120201,0.8394660995603154,2,False,unavailable
native_l2,20261005T123740202287Z_ad4c0b67,recorded,data/exact_l2/2026-10-05/runs/20261005T123740202287Z_ad4c0b67,append_only_run,recorded,data/exact_l2/2026-10-05/runs/20261005T123740202287Z_ad4c0b67/manifest.json,ec540ac0fcb890d7cb9958df812a00c4aa1bb5ba0807d1f61155b5c4f7374c6d,data/exact_l2/2026-10-05/runs/20261005T123740202287Z_ad4c0b67/execution_curves.csv,eeb381a936da12f4bf25e193213f090dd44dd00270c4d20df7014cd7abad4587,data/exact_l2/2026-10-05/runs/20261005T123740202287Z_ad4c0b67/indodax_usdtidr_raw.json,dee1149f8a6dcfbcbf5a7d3721d16c9edab24cf48ad6bdf2651278d8469b800f,sha256_verified,"[""exchange_timestamp_utc""]",2026-10-05,20261005T123740202287Z_ad4c0b67,2026-10-05T12:37:40.577317+00:00,2026-10-05T12:37:41.374670+00:00,,unavailable,indodax,usdtidr,IDR,USDT,USDT,IDR,IDR per USDT,USDT,1 stablecoin token = 1 USD; no FX conversion,https://indodax.com/api/depth/usdtidr,{},sell_stablecoin_base_hit_bids,indodax_usdtidr_raw.json,dee1149f8a6dcfbcbf5a7d3721d16c9edab24cf48ad6bdf2651278d8469b800f,25000,25000,25000.0,25000.0,1.0,446679724.9137144,17867.188996548575,0.7336953025849358,0.8394660995603154,2,False,unavailable
native_l2,20261005T123740202287Z_ad4c0b67,recorded,data/exact_l2/2026-10-05/runs/20261005T123740202287Z_ad4c0b67,append_only_run,recorded,data/exact_l2/2026-10-05/runs/20261005T123740202287Z_ad4c0b67/manifest.json,ec540ac0fcb890d7cb9958df812a00c4aa1bb5ba0807d1f61155b5c4f7374c6d,data/exact_l2/2026-10-05/runs/20261005T123740202287Z_ad4c0b67/execution_curves.csv,eeb381a936da12f4bf25e193213f090dd44dd00270c4d20df7014cd7abad4587,data/exact_l2/2026-10-05/runs/20261005T123740202287Z_ad4c0b67/indodax_usdtidr_raw.json,dee1149f8a6dcfbcbf5a7d3721d16c9edab24cf48ad6bdf2651278d8469b800f,sha256_verified,"[""exchange_timestamp_utc""]",2026-10-05,20261005T123740202287Z_ad4c0b67,2026-10-05T12:37:40.577317+00:00,2026-10-05T12:37:41.374670+00:00,,unavailable,indodax,usdtidr,IDR,USDT,USDT,IDR,IDR per USDT,USDT,1 stablecoin token = 1 USD; no FX conversion,https://indodax.com/api/depth/usdtidr,{},sell_stablecoin_base_hit_bids,indodax_usdtidr_raw.json,dee1149f8a6dcfbcbf5a7d3721d16c9edab24cf48ad6bdf2651278d8469b800f,50000,50000,50000.0,50000.0,1.0,893354724.9137144,17867.094498274288,0.7865807010731807,0.8394660995603154,2,False,unavailable
native_l2,20261005T123740202287Z_ad4c0b67,recorded,data/exact_l2/2026-10-05/runs/20261005T123740202287Z_ad4c0b67,append_only_run,recorded,data/exact_l2/2026-10-05/runs/20261005T123740202287Z_ad4c0b67/manifest.json,ec540ac0fcb890d7cb9958df812a00c4aa1bb5ba0807d1f61155b5c4f7374c6d,data/exact_l2/2026-10-05/runs/20261005T123740202287Z_ad4c0b67/execution_curves.csv,eeb381a936da12f4bf25e193213f090dd44dd00270c4d20df7014cd7abad4587,data/exact_l2/2026-10-05/runs/20261005T123740202287Z_ad4c0b67/indodax_usdtidr_raw.json,dee1149f8a6dcfbcbf5a7d3721d16c9edab24cf48ad6bdf2651278d8469b800f,sha256_verified,"[""exchange_timestamp_utc""]",2026-10-05,20261005T123740202287Z_ad4c0b67,2026-10-05T12:37:40.577317+00:00,2026-10-05T12:37:41.374670+00:00,,unavailable,indodax,usdtidr,IDR,USDT,USDT,IDR,IDR per USDT,USDT,1 stablecoin token = 1 USD; no FX conversion,https://indodax.com/api/depth/usdtidr,{},sell_stablecoin_base_hit_bids,indodax_usdtidr_raw.json,dee1149f8a6dcfbcbf5a7d3721d16c9edab24cf48ad6bdf2651278d8469b800f,100000,100000,100000.0,100000.0,1.0,1786704724.9137144,17867.047249137144,0.813023400316748,0.8394660995603154,2,False,unavailable
native_l2,20261005T123740202287Z_ad4c0b67,recorded,data/exact_l2/2026-10-05/runs/20261005T123740202287Z_ad4c0b67,append_only_run,recorded,data/exact_l2/2026-10-05/runs/20261005T123740202287Z_ad4c0b67/manifest.json,ec540ac0fcb890d7cb9958df812a00c4aa1bb5ba0807d1f61155b5c4f7374c6d,data/exact_l2/2026-10-05/runs/20261005T123740202287Z_ad4c0b67/execution_curves.csv,eeb381a936da12f4bf25e193213f090dd44dd00270c4d20df7014cd7abad4587,data/exact_l2/2026-10-05/runs/20261005T123740202287Z_ad4c0b67/valr_usdtzar_raw.json,c650e181559a6b8bdeb825dd99fde3d4157e55e7c9922a12fe41e1b5ea253c76,sha256_verified,"[""exchange_timestamp_utc""]",2026-10-05,20261005T123740202287Z_ad4c0b67,2026-10-05T12:37:41.376035+00:00,2026-10-05T12:37:41.593775+00:00,,unavailable,valr,USDTZAR,ZAR,USDT,USDT,ZAR,ZAR per USDT,USDT,1 stablecoin token = 1 USD; no FX conversion,https://api.valr.com/v1/public/USDTZAR/orderbook/full,{},sell_stablecoin_base_hit_bids,valr_usdtzar_raw.json,c650e181559a6b8bdeb825dd99fde3d4157e55e7c9922a12fe41e1b5ea253c76,1000,1000,1000.0,1000.0,1.0,16707.0,16.707,0.029927485702962997,0.029927485702962997,1,False,unavailable
native_l2,20261005T123740202287Z_ad4c0b67,recorded,data/exact_l2/2026-10-05/runs/20261005T123740202287Z_ad4c0b67,append_only_run,recorded,data/exact_l2/2026-10-05/runs/20261005T123740202287Z_ad4c0b67/manifest.json,ec540ac0fcb890d7cb9958df812a00c4aa1bb5ba0807d1f61155b5c4f7374c6d,data/exact_l2/2026-10-05/runs/20261005T123740202287Z_ad4c0b67/execution_curves.csv,eeb381a936da12f4bf25e193213f090dd44dd00270c4d20df7014cd7abad4587,data/exact_l2/2026-10-05/runs/20261005T123740202287Z_ad4c0b67/valr_usdtzar_raw.json,c650e181559a6b8bdeb825dd99fde3d4157e55e7c9922a12fe41e1b5ea253c76,sha256_verified,"[""exchange_timestamp_utc""]",2026-10-05,20261005T123740202287Z_ad4c0b67,2026-10-05T12:37:41.376035+00:00,2026-10-05T12:37:41.593775+00:00,,unavailable,valr,USDTZAR,ZAR,USDT,USDT,ZAR,ZAR per USDT,USDT,1 stablecoin token = 1 USD; no FX conversion,https://api.valr.com/v1/public/USDTZAR/orderbook/full,{},sell_stablecoin_base_hit_bids,valr_usdtzar_raw.json,c650e181559a6b8bdeb825dd99fde3d4157e55e7c9922a12fe41e1b5ea253c76,5000,5000,5000.0,5000.0,1.0,83535.0,16.707,0.029927485702962997,0.029927485702962997,1,False,unavailable
native_l2,20261005T123740202287Z_ad4c0b67,recorded,data/exact_l2/2026-10-05/runs/20261005T123740202287Z_ad4c0b67,append_only_run,recorded,data/exact_l2/2026-10-05/runs/20261005T123740202287Z_ad4c0b67/manifest.json,ec540ac0fcb890d7cb9958df812a00c4aa1bb5ba0807d1f61155b5c4f7374c6d,data/exact_l2/2026-10-05/runs/20261005T123740202287Z_ad4c0b67/execution_curves.csv,eeb381a936da12f4bf25e193213f090dd44dd00270c4d20df7014cd7abad4587,data/exact_l2/2026-10-05/runs/20261005T123740202287Z_ad4c0b67/valr_usdtzar_raw.json,c650e181559a6b8bdeb825dd99fde3d4157e55e7c9922a12fe41e1b5ea253c76,sha256_verified,"[""exchange_timestamp_utc""]",2026-10-05,20261005T123740202287Z_ad4c0b67,2026-10-05T12:37:41.376035+00:00,2026-10-05T12:37:41.593775+00:00,,unavailable,valr,USDTZAR,ZAR,USDT,USDT,ZAR,ZAR per USDT,USDT,1 stablecoin token = 1 USD; no FX conversion,https://api.valr.com/v1/public/USDTZAR/orderbook/full,{},sell_stablecoin_base_hit_bids,valr_usdtzar_raw.json,c650e181559a6b8bdeb825dd99fde3d4157e55e7c9922a12fe41e1b5ea253c76,10000,10000,10000.0,10000.0,1.0,167067.29486368,16.706729486368,0.19184334278166126,0.5087672569381585,3,False,unavailable
native_l2,20261005T123740202287Z_ad4c0b67,recorded,data/exact_l2/2026-10-05/runs/20261005T123740202287Z_ad4c0b67,append_only_run,recorded,data/exact_l2/2026-10-05/runs/20261005T123740202287Z_ad4c0b67/manifest.json,ec540ac0fcb890d7cb9958df812a00c4aa1bb5ba0807d1f61155b5c4f7374c6d,data/exact_l2/2026-10-05/runs/20261005T123740202287Z_ad4c0b67/execution_curves.csv,eeb381a936da12f4bf25e193213f090dd44dd00270c4d20df7014cd7abad4587,data/exact_l2/2026-10-05/runs/20261005T123740202287Z_ad4c0b67/valr_usdtzar_raw.json,c650e181559a6b8bdeb825dd99fde3d4157e55e7c9922a12fe41e1b5ea253c76,sha256_verified,"[""exchange_timestamp_utc""]",2026-10-05,20261005T123740202287Z_ad4c0b67,2026-10-05T12:37:41.376035+00:00,2026-10-05T12:37:41.593775+00:00,,unavailable,valr,USDTZAR,ZAR,USDT,USDT,ZAR,ZAR per USDT,USDT,1 stablecoin token = 1 USD; no FX conversion,https://api.valr.com/v1/public/USDTZAR/orderbook/full,{},sell_stablecoin_base_hit_bids,valr_usdtzar_raw.json,c650e181559a6b8bdeb825dd99fde3d4157e55e7c9922a12fe41e1b5ea253c76,25000,25000,25000.0,25000.0,1.0,417660.29486367997,16.706411794547197,0.38199769127778005,0.5087672569381585,3,False,unavailable
native_l2,20261005T123740202287Z_ad4c0b67,recorded,data/exact_l2/2026-10-05/runs/20261005T123740202287Z_ad4c0b67,append_only_run,recorded,data/exact_l2/2026-10-05/runs/20261005T123740202287Z_ad4c0b67/manifest.json,ec540ac0fcb890d7cb9958df812a00c4aa1bb5ba0807d1f61155b5c4f7374c6d,data/exact_l2/2026-10-05/runs/20261005T123740202287Z_ad4c0b67/execution_curves.csv,eeb381a936da12f4bf25e193213f090dd44dd00270c4d20df7014cd7abad4587,data/exact_l2/2026-10-05/runs/20261005T123740202287Z_ad4c0b67/valr_usdtzar_raw.json,c650e181559a6b8bdeb825dd99fde3d4157e55e7c9922a12fe41e1b5ea253c76,sha256_verified,"[""exchange_timestamp_utc""]",2026-10-05,20261005T123740202287Z_ad4c0b67,2026-10-05T12:37:41.376035+00:00,2026-10-05T12:37:41.593775+00:00,,unavailable,valr,USDTZAR,ZAR,USDT,USDT,ZAR,ZAR per USDT,USDT,1 stablecoin token = 1 USD; no FX conversion,https://api.valr.com/v1/public/USDTZAR/orderbook/full,{},sell_stablecoin_base_hit_bids,valr_usdtzar_raw.json,c650e181559a6b8bdeb825dd99fde3d4157e55e7c9922a12fe41e1b5ea253c76,50000,50000,50000.0,50000.0,1.0,835239.2393419999,16.704784786839998,1.3558426891668862,4.339485426811951,6,False,unavailable
native_l2,20261005T123740202287Z_ad4c0b67,recorded,data/exact_l2/2026-10-05/runs/20261005T123740202287Z_ad4c0b67,append_only_run,recorded,data/exact_l2/2026-10-05/runs/20261005T123740202287Z_ad4c0b67/manifest.json,ec540ac0fcb890d7cb9958df812a00c4aa1bb5ba0807d1f61155b5c4f7374c6d,data/exact_l2/2026-10-05/runs/20261005T123740202287Z_ad4c0b67/execution_curves.csv,eeb381a936da12f4bf25e193213f090dd44dd00270c4d20df7014cd7abad4587,data/exact_l2/2026-10-05/runs/20261005T123740202287Z_ad4c0b67/valr_usdtzar_raw.json,c650e181559a6b8bdeb825dd99fde3d4157e55e7c9922a12fe41e1b5ea253c76,sha256_verified,"[""exchange_timestamp_utc""]",2026-10-05,20261005T123740202287Z_ad4c0b67,2026-10-05T12:37:41.376035+00:00,2026-10-05T12:37:41.593775+00:00,,unavailable,valr,USDTZAR,ZAR,USDT,USDT,ZAR,ZAR per USDT,USDT,1 stablecoin token = 1 USD; no FX conversion,https://api.valr.com/v1/public/USDTZAR/orderbook/full,{},sell_stablecoin_base_hit_bids,valr_usdtzar_raw.json,c650e181559a6b8bdeb825dd99fde3d4157e55e7c9922a12fe41e1b5ea253c76,100000,100000,100000.0,100000.0,1.0,1670229.21925117,16.7022921925117,2.8477843115948254,4.399340398216767,7,False,unavailable
native_l2,20261005T123740202287Z_ad4c0b67,recorded,data/exact_l2/2026-10-05/runs/20261005T123740202287Z_ad4c0b67,append_only_run,recorded,data/exact_l2/2026-10-05/runs/20261005T123740202287Z_ad4c0b67/manifest.json,ec540ac0fcb890d7cb9958df812a00c4aa1bb5ba0807d1f61155b5c4f7374c6d,data/exact_l2/2026-10-05/runs/20261005T123740202287Z_ad4c0b67/execution_curves.csv,eeb381a936da12f4bf25e193213f090dd44dd00270c4d20df7014cd7abad4587,data/exact_l2/2026-10-05/runs/20261005T123740202287Z_ad4c0b67/bitkub_usdt_thb_raw.json,128a20abe92c82b4c70ed19533352530c46e011aded78eff3124c0c59052fb98,sha256_verified,"[""exchange_timestamp_utc""]",2026-10-05,20261005T123740202287Z_ad4c0b67,2026-10-05T12:37:41.597873+00:00,2026-10-05T12:37:42.343693+00:00,,unavailable,bitkub,usdt_thb,THB,USDT,USDT,THB,THB per USDT,USDT,1 stablecoin token = 1 USD; no FX conversion,https://api.bitkub.com/api/v3/market/depth,"{""lmt"": 1000, ""sym"": ""usdt_thb""}",sell_stablecoin_base_hit_bids,bitkub_usdt_thb_raw.json,128a20abe92c82b4c70ed19533352530c46e011aded78eff3124c0c59052fb98,1000,1000,1000.0,1000.0,1.0,33630.0,33.63,1.4865467518965225,1.4865467518965225,1,False,unavailable
native_l2,20261005T123740202287Z_ad4c0b67,recorded,data/exact_l2/2026-10-05/runs/20261005T123740202287Z_ad4c0b67,append_only_run,recorded,data/exact_l2/2026-10-05/runs/20261005T123740202287Z_ad4c0b67/manifest.json,ec540ac0fcb890d7cb9958df812a00c4aa1bb5ba0807d1f61155b5c4f7374c6d,data/exact_l2/2026-10-05/runs/20261005T123740202287Z_ad4c0b67/execution_curves.csv,eeb381a936da12f4bf25e193213f090dd44dd00270c4d20df7014cd7abad4587,data/exact_l2/2026-10-05/runs/20261005T123740202287Z_ad4c0b67/bitkub_usdt_thb_raw.json,128a20abe92c82b4c70ed19533352530c46e011aded78eff3124c0c59052fb98,sha256_verified,"[""exchange_timestamp_utc""]",2026-10-05,20261005T123740202287Z_ad4c0b67,2026-10-05T12:37:41.597873+00:00,2026-10-05T12:37:42.343693+00:00,,unavailable,bitkub,usdt_thb,THB,USDT,USDT,THB,THB per USDT,USDT,1 stablecoin token = 1 USD; no FX conversion,https://api.bitkub.com/api/v3/market/depth,"{""lmt"": 1000, ""sym"": ""usdt_thb""}",sell_stablecoin_base_hit_bids,bitkub_usdt_thb_raw.json,128a20abe92c82b4c70ed19533352530c46e011aded78eff3124c0c59052fb98,5000,5000,5000.0,5000.0,1.0,168150.0,33.63,1.4865467518965225,1.4865467518965225,1,False,unavailable
native_l2,20261005T123740202287Z_ad4c0b67,recorded,data/exact_l2/2026-10-05/runs/20261005T123740202287Z_ad4c0b67,append_only_run,recorded,data/exact_l2/2026-10-05/runs/20261005T123740202287Z_ad4c0b67/manifest.json,ec540ac0fcb890d7cb9958df812a00c4aa1bb5ba0807d1f61155b5c4f7374c6d,data/exact_l2/2026-10-05/runs/20261005T123740202287Z_ad4c0b67/execution_curves.csv,eeb381a936da12f4bf25e193213f090dd44dd00270c4d20df7014cd7abad4587,data/exact_l2/2026-10-05/runs/20261005T123740202287Z_ad4c0b67/bitkub_usdt_thb_raw.json,128a20abe92c82b4c70ed19533352530c46e011aded78eff3124c0c59052fb98,sha256_verified,"[""exchange_timestamp_utc""]",2026-10-05,20261005T123740202287Z_ad4c0b67,2026-10-05T12:37:41.597873+00:00,2026-10-05T12:37:42.343693+00:00,,unavailable,bitkub,usdt_thb,THB,USDT,USDT,THB,THB per USDT,USDT,1 stablecoin token = 1 USD; no FX conversion,https://api.bitkub.com/api/v3/market/depth,"{""lmt"": 1000, ""sym"": ""usdt_thb""}",sell_stablecoin_base_hit_bids,bitkub_usdt_thb_raw.json,128a20abe92c82b4c70ed19533352530c46e011aded78eff3124c0c59052fb98,10000,10000,10000.0,10000.0,1.0,336300.0,33.63,1.4865467518965225,1.4865467518965225,1,False,unavailable
native_l2,20261005T123740202287Z_ad4c0b67,recorded,data/exact_l2/2026-10-05/runs/20261005T123740202287Z_ad4c0b67,append_only_run,recorded,data/exact_l2/2026-10-05/runs/20261005T123740202287Z_ad4c0b67/manifest.json,ec540ac0fcb890d7cb9958df812a00c4aa1bb5ba0807d1f61155b5c4f7374c6d,data/exact_l2/2026-10-05/runs/20261005T123740202287Z_ad4c0b67/execution_curves.csv,eeb381a936da12f4bf25e193213f090dd44dd00270c4d20df7014cd7abad4587,data/exact_l2/2026-10-05/runs/20261005T123740202287Z_ad4c0b67/bitkub_usdt_thb_raw.json,128a20abe92c82b4c70ed19533352530c46e011aded78eff3124c0c59052fb98,sha256_verified,"[""exchange_timestamp_utc""]",2026-10-05,20261005T123740202287Z_ad4c0b67,2026-10-05T12:37:41.597873+00:00,2026-10-05T12:37:42.343693+00:00,,unavailable,bitkub,usdt_thb,THB,USDT,USDT,THB,THB per USDT,USDT,1 stablecoin token = 1 USD; no FX conversion,https://api.bitkub.com/api/v3/market/depth,"{""lmt"": 1000, ""sym"": ""usdt_thb""}",sell_stablecoin_base_hit_bids,bitkub_usdt_thb_raw.json,128a20abe92c82b4c70ed19533352530c46e011aded78eff3124c0c59052fb98,25000,25000,25000.0,25000.0,1.0,840750.0000000001,33.63,1.4865467518965225,1.4865467518965225,1,False,unavailable
native_l2,20261005T123740202287Z_ad4c0b67,recorded,data/exact_l2/2026-10-05/runs/20261005T123740202287Z_ad4c0b67,append_only_run,recorded,data/exact_l2/2026-10-05/runs/20261005T123740202287Z_ad4c0b67/manifest.json,ec540ac0fcb890d7cb9958df812a00c4aa1bb5ba0807d1f61155b5c4f7374c6d,data/exact_l2/2026-10-05/runs/20261005T123740202287Z_ad4c0b67/execution_curves.csv,eeb381a936da12f4bf25e193213f090dd44dd00270c4d20df7014cd7abad4587,data/exact_l2/2026-10-05/runs/20261005T123740202287Z_ad4c0b67/bitkub_usdt_thb_raw.json,128a20abe92c82b4c70ed19533352530c46e011aded78eff3124c0c59052fb98,sha256_verified,"[""exchange_timestamp_utc""]",2026-10-05,20261005T123740202287Z_ad4c0b67,2026-10-05T12:37:41.597873+00:00,2026-10-05T12:37:42.343693+00:00,,unavailable,bitkub,usdt_thb,THB,USDT,USDT,THB,THB per USDT,USDT,1 stablecoin token = 1 USD; no FX conversion,https://api.bitkub.com/api/v3/market/depth,"{""lmt"": 1000, ""sym"": ""usdt_thb""}",sell_stablecoin_base_hit_bids,bitkub_usdt_thb_raw.json,128a20abe92c82b4c70ed19533352530c46e011aded78eff3124c0c59052fb98,50000,50000,50000.0,50000.0,1.0,1681251.4604,33.625029208,2.964409692286507,4.459640255688457,2,False,unavailable
native_l2,20261005T123740202287Z_ad4c0b67,recorded,data/exact_l2/2026-10-05/runs/20261005T123740202287Z_ad4c0b67,append_only_run,recorded,data/exact_l2/2026-10-05/runs/20261005T123740202287Z_ad4c0b67/manifest.json,ec540ac0fcb890d7cb9958df812a00c4aa1bb5ba0807d1f61155b5c4f7374c6d,data/exact_l2/2026-10-05/runs/20261005T123740202287Z_ad4c0b67/execution_curves.csv,eeb381a936da12f4bf25e193213f090dd44dd00270c4d20df7014cd7abad4587,data/exact_l2/2026-10-05/runs/20261005T123740202287Z_ad4c0b67/bitkub_usdt_thb_raw.json,128a20abe92c82b4c70ed19533352530c46e011aded78eff3124c0c59052fb98,sha256_verified,"[""exchange_timestamp_utc""]",2026-10-05,20261005T123740202287Z_ad4c0b67,2026-10-05T12:37:41.597873+00:00,2026-10-05T12:37:42.343693+00:00,,unavailable,bitkub,usdt_thb,THB,USDT,USDT,THB,THB per USDT,USDT,1 stablecoin token = 1 USD; no FX conversion,https://api.bitkub.com/api/v3/market/depth,"{""lmt"": 1000, ""sym"": ""usdt_thb""}",sell_stablecoin_base_hit_bids,bitkub_usdt_thb_raw.json,128a20abe92c82b4c70ed19533352530c46e011aded78eff3124c0c59052fb98,100000,100000,99999.99999999999,99999.99999999999,0.9999999999999999,3361991.335,33.619913350000004,4.48540211089643,7.432733759478172,3,False,unavailable
native_l2,20261006T121339873373Z_80559161,recorded,data/exact_l2/2026-10-06/runs/20261006T121339873373Z_80559161,append_only_run,recorded,data/exact_l2/2026-10-06/runs/20261006T121339873373Z_80559161/manifest.json,732967246ab65adc94f14a03f68e3d5f25bac78a1bde20eaf344c7af1ec86ab8,data/exact_l2/2026-10-06/runs/20261006T121339873373Z_80559161/execution_curves.csv,70b1701892e9af831295cf3db926c7e2be3edde58938e15902dc03da7a9cebb1,data/exact_l2/2026-10-06/runs/20261006T121339873373Z_80559161/btcturk_usdttry_raw.json,04826f6ca9685a9b2707595cf3f75709a2d38e0df6127a50f966daab2985124a,sha256_verified,[],2026-10-06,20261006T121339873373Z_80559161,2026-10-06T12:13:39.876630+00:00,2026-10-06T12:13:40.251682+00:00,2026-10-06T12:13:40.168000+00:00,provided,btcturk,USDTTRY,TRY,USDT,USDT,TRY,TRY per USDT,USDT,1 stablecoin token = 1 USD; no FX conversion,https://api.btcturk.com/api/v2/orderbook,"{""limit"": 100, ""pairSymbol"": ""USDTTRY""}",sell_stablecoin_base_hit_bids,btcturk_usdttry_raw.json,04826f6ca9685a9b2707595cf3f75709a2d38e0df6127a50f966daab2985124a,1000,1000,1000.0,1000.0,1.0,49113.0,49.113,0.10180500269796333,0.10180500269796333,1,False,documented_exchange_clock
native_l2,20261006T121339873373Z_80559161,recorded,data/exact_l2/2026-10-06/runs/20261006T121339873373Z_80559161,append_only_run,recorded,data/exact_l2/2026-10-06/runs/20261006T121339873373Z_80559161/manifest.json,732967246ab65adc94f14a03f68e3d5f25bac78a1bde20eaf344c7af1ec86ab8,data/exact_l2/2026-10-06/runs/20261006T121339873373Z_80559161/execution_curves.csv,70b1701892e9af831295cf3db926c7e2be3edde58938e15902dc03da7a9cebb1,data/exact_l2/2026-10-06/runs/20261006T121339873373Z_80559161/btcturk_usdttry_raw.json,04826f6ca9685a9b2707595cf3f75709a2d38e0df6127a50f966daab2985124a,sha256_verified,[],2026-10-06,20261006T121339873373Z_80559161,2026-10-06T12:13:39.876630+00:00,2026-10-06T12:13:40.251682+00:00,2026-10-06T12:13:40.168000+00:00,provided,btcturk,USDTTRY,TRY,USDT,USDT,TRY,TRY per USDT,USDT,1 stablecoin token = 1 USD; no FX conversion,https://api.btcturk.com/api/v2/orderbook,"{""limit"": 100, ""pairSymbol"": ""USDTTRY""}",sell_stablecoin_base_hit_bids,btcturk_usdttry_raw.json,04826f6ca9685a9b2707595cf3f75709a2d38e0df6127a50f966daab2985124a,5000,5000,5000.0,5000.0,1.0,245565.0,49.113,0.10180500269796333,0.10180500269796333,1,False,documented_exchange_clock
native_l2,20261006T121339873373Z_80559161,recorded,data/exact_l2/2026-10-06/runs/20261006T121339873373Z_80559161,append_only_run,recorded,data/exact_l2/2026-10-06/runs/20261006T121339873373Z_80559161/manifest.json,732967246ab65adc94f14a03f68e3d5f25bac78a1bde20eaf344c7af1ec86ab8,data/exact_l2/2026-10-06/runs/20261006T121339873373Z_80559161/execution_curves.csv,70b1701892e9af831295cf3db926c7e2be3edde58938e15902dc03da7a9cebb1,data/exact_l2/2026-10-06/runs/20261006T121339873373Z_80559161/btcturk_usdttry_raw.json,04826f6ca9685a9b2707595cf3f75709a2d38e0df6127a50f966daab2985124a,sha256_verified,[],2026-10-06,20261006T121339873373Z_80559161,2026-10-06T12:13:39.876630+00:00,2026-10-06T12:13:40.251682+00:00,2026-10-06T12:13:40.168000+00:00,provided,btcturk,USDTTRY,TRY,USDT,USDT,TRY,TRY per USDT,USDT,1 stablecoin token = 1 USD; no FX conversion,https://api.btcturk.com/api/v2/orderbook,"{""limit"": 100, ""pairSymbol"": ""USDTTRY""}",sell_stablecoin_base_hit_bids,btcturk_usdttry_raw.json,04826f6ca9685a9b2707595cf3f75709a2d38e0df6127a50f966daab2985124a,10000,10000,10000.0,10000.0,1.0,491130.0,49.113,0.10180500269796333,0.10180500269796333,1,False,documented_exchange_clock
native_l2,20261006T121339873373Z_80559161,recorded,data/exact_l2/2026-10-06/runs/20261006T121339873373Z_80559161,append_only_run,recorded,data/exact_l2/2026-10-06/runs/20261006T121339873373Z_80559161/manifest.json,732967246ab65adc94f14a03f68e3d5f25bac78a1bde20eaf344c7af1ec86ab8,data/exact_l2/2026-10-06/runs/20261006T121339873373Z_80559161/execution_curves.csv,70b1701892e9af831295cf3db926c7e2be3edde58938e15902dc03da7a9cebb1,data/exact_l2/2026-10-06/runs/20261006T121339873373Z_80559161/btcturk_usdttry_raw.json,04826f6ca9685a9b2707595cf3f75709a2d38e0df6127a50f966daab2985124a,sha256_verified,[],2026-10-06,20261006T121339873373Z_80559161,2026-10-06T12:13:39.876630+00:00,2026-10-06T12:13:40.251682+00:00,2026-10-06T12:13:40.168000+00:00,provided,btcturk,USDTTRY,TRY,USDT,USDT,TRY,TRY per USDT,USDT,1 stablecoin token = 1 USD; no FX conversion,https://api.btcturk.com/api/v2/orderbook,"{""limit"": 100, ""pairSymbol"": ""USDTTRY""}",sell_stablecoin_base_hit_bids,btcturk_usdttry_raw.json,04826f6ca9685a9b2707595cf3f75709a2d38e0df6127a50f966daab2985124a,25000,25000,25000.0,25000.0,1.0,1227825.0,49.113,0.10180500269796333,0.10180500269796333,1,False,documented_exchange_clock
native_l2,20261006T121339873373Z_80559161,recorded,data/exact_l2/2026-10-06/runs/20261006T121339873373Z_80559161,append_only_run,recorded,data/exact_l2/2026-10-06/runs/20261006T121339873373Z_80559161/manifest.json,732967246ab65adc94f14a03f68e3d5f25bac78a1bde20eaf344c7af1ec86ab8,data/exact_l2/2026-10-06/runs/20261006T121339873373Z_80559161/execution_curves.csv,70b1701892e9af831295cf3db926c7e2be3edde58938e15902dc03da7a9cebb1,data/exact_l2/2026-10-06/runs/20261006T121339873373Z_80559161/btcturk_usdttry_raw.json,04826f6ca9685a9b2707595cf3f75709a2d38e0df6127a50f966daab2985124a,sha256_verified,[],2026-10-06,20261006T121339873373Z_80559161,2026-10-06T12:13:39.876630+00:00,2026-10-06T12:13:40.251682+00:00,2026-10-06T12:13:40.168000+00:00,provided,btcturk,USDTTRY,TRY,USDT,USDT,TRY,TRY per USDT,USDT,1 stablecoin token = 1 USD; no FX conversion,https://api.btcturk.com/api/v2/orderbook,"{""limit"": 100, ""pairSymbol"": ""USDTTRY""}",sell_stablecoin_base_hit_bids,btcturk_usdttry_raw.json,04826f6ca9685a9b2707595cf3f75709a2d38e0df6127a50f966daab2985124a,50000,50000,50000.0,50000.0,1.0,2455601.71176,49.1120342352,0.29844437883674857,1.5270750404672295,3,False,documented_exchange_clock
native_l2,20261006T121339873373Z_80559161,recorded,data/exact_l2/2026-10-06/runs/20261006T121339873373Z_80559161,append_only_run,recorded,data/exact_l2/2026-10-06/runs/20261006T121339873373Z_80559161/manifest.json,732967246ab65adc94f14a03f68e3d5f25bac78a1bde20eaf344c7af1ec86ab8,data/exact_l2/2026-10-06/runs/20261006T121339873373Z_80559161/execution_curves.csv,70b1701892e9af831295cf3db926c7e2be3edde58938e15902dc03da7a9cebb1,data/exact_l2/2026-10-06/runs/20261006T121339873373Z_80559161/btcturk_usdttry_raw.json,04826f6ca9685a9b2707595cf3f75709a2d38e0df6127a50f966daab2985124a,sha256_verified,[],2026-10-06,20261006T121339873373Z_80559161,2026-10-06T12:13:39.876630+00:00,2026-10-06T12:13:40.251682+00:00,2026-10-06T12:13:40.168000+00:00,provided,btcturk,USDTTRY,TRY,USDT,USDT,TRY,TRY per USDT,USDT,1 stablecoin token = 1 USD; no FX conversion,https://api.btcturk.com/api/v2/orderbook,"{""limit"": 100, ""pairSymbol"": ""USDTTRY""}",sell_stablecoin_base_hit_bids,btcturk_usdttry_raw.json,04826f6ca9685a9b2707595cf3f75709a2d38e0df6127a50f966daab2985124a,100000,100000,100000.00000000001,100000.00000000001,1.0000000000000002,4910094.5075900005,49.1009450759,2.556308163743637,11.503965304855424,17,False,documented_exchange_clock
native_l2,20261006T121339873373Z_80559161,recorded,data/exact_l2/2026-10-06/runs/20261006T121339873373Z_80559161,append_only_run,recorded,data/exact_l2/2026-10-06/runs/20261006T121339873373Z_80559161/manifest.json,732967246ab65adc94f14a03f68e3d5f25bac78a1bde20eaf344c7af1ec86ab8,data/exact_l2/2026-10-06/runs/20261006T121339873373Z_80559161/execution_curves.csv,70b1701892e9af831295cf3db926c7e2be3edde58938e15902dc03da7a9cebb1,data/exact_l2/2026-10-06/runs/20261006T121339873373Z_80559161/mercadobitcoin_usdt-brl_raw.json,36ee773518faf267a1347ed53856c5d0da1e10c8b98e9d832fddc2d1f86e3e61,sha256_verified,[],2026-10-06,20261006T121339873373Z_80559161,2026-10-06T12:13:40.252791+00:00,2026-10-06T12:13:40.464392+00:00,2026-10-06T12:13:40.437733+00:00,provided,mercadobitcoin,USDT-BRL,BRL,USDT,USDT,BRL,BRL per USDT,USDT,1 stablecoin token = 1 USD; no FX conversion,https://api.mercadobitcoin.net/api/v4/USDT-BRL/orderbook,"{""limit"": 100}",sell_stablecoin_base_hit_bids,mercadobitcoin_usdt-brl_raw.json,36ee773518faf267a1347ed53856c5d0da1e10c8b98e9d832fddc2d1f86e3e61,1000,1000,1000.0,1000.0,1.0,4993.7,4.9937,0.10012515644697295,0.10012515644697295,1,False,epoch_nanoseconds_inferred_by_magnitude
native_l2,20261006T121339873373Z_80559161,recorded,data/exact_l2/2026-10-06/runs/20261006T121339873373Z_80559161,append_only_run,recorded,data/exact_l2/2026-10-06/runs/20261006T121339873373Z_80559161/manifest.json,732967246ab65adc94f14a03f68e3d5f25bac78a1bde20eaf344c7af1ec86ab8,data/exact_l2/2026-10-06/runs/20261006T121339873373Z_80559161/execution_curves.csv,70b1701892e9af831295cf3db926c7e2be3edde58938e15902dc03da7a9cebb1,data/exact_l2/2026-10-06/runs/20261006T121339873373Z_80559161/mercadobitcoin_usdt-brl_raw.json,36ee773518faf267a1347ed53856c5d0da1e10c8b98e9d832fddc2d1f86e3e61,sha256_verified,[],2026-10-06,20261006T121339873373Z_80559161,2026-10-06T12:13:40.252791+00:00,2026-10-06T12:13:40.464392+00:00,2026-10-06T12:13:40.437733+00:00,provided,mercadobitcoin,USDT-BRL,BRL,USDT,USDT,BRL,BRL per USDT,USDT,1 stablecoin token = 1 USD; no FX conversion,https://api.mercadobitcoin.net/api/v4/USDT-BRL/orderbook,"{""limit"": 100}",sell_stablecoin_base_hit_bids,mercadobitcoin_usdt-brl_raw.json,36ee773518faf267a1347ed53856c5d0da1e10c8b98e9d832fddc2d1f86e3e61,5000,5000,5000.0,5000.0,1.0,24959.77800428,4.991955600856,3.5932899003754404,5.506883604506907,4,False,epoch_nanoseconds_inferred_by_magnitude
native_l2,20261006T121339873373Z_80559161,recorded,data/exact_l2/2026-10-06/runs/20261006T121339873373Z_80559161,append_only_run,recorded,data/exact_l2/2026-10-06/runs/20261006T121339873373Z_80559161/manifest.json,732967246ab65adc94f14a03f68e3d5f25bac78a1bde20eaf344c7af1ec86ab8,data/exact_l2/2026-10-06/runs/20261006T121339873373Z_80559161/execution_curves.csv,70b1701892e9af831295cf3db926c7e2be3edde58938e15902dc03da7a9cebb1,data/exact_l2/2026-10-06/runs/20261006T121339873373Z_80559161/mercadobitcoin_usdt-brl_raw.json,36ee773518faf267a1347ed53856c5d0da1e10c8b98e9d832fddc2d1f86e3e61,sha256_verified,[],2026-10-06,20261006T121339873373Z_80559161,2026-10-06T12:13:40.252791+00:00,2026-10-06T12:13:40.464392+00:00,2026-10-06T12:13:40.437733+00:00,provided,mercadobitcoin,USDT-BRL,BRL,USDT,USDT,BRL,BRL per USDT,USDT,1 stablecoin token = 1 USD; no FX conversion,https://api.mercadobitcoin.net/api/v4/USDT-BRL/orderbook,"{""limit"": 100}",sell_stablecoin_base_hit_bids,mercadobitcoin_usdt-brl_raw.json,36ee773518faf267a1347ed53856c5d0da1e10c8b98e9d832fddc2d1f86e3e61,10000,10000,10000.0,10000.0,1.0,49914.304989120006,4.991430498912001,4.644808186231586,5.707133917397522,5,False,epoch_nanoseconds_inferred_by_magnitude
native_l2,20261006T121339873373Z_80559161,recorded,data/exact_l2/2026-10-06/runs/20261006T121339873373Z_80559161,append_only_run,recorded,data/exact_l2/2026-10-06/runs/20261006T121339873373Z_80559161/manifest.json,732967246ab65adc94f14a03f68e3d5f25bac78a1bde20eaf344c7af1ec86ab8,data/exact_l2/2026-10-06/runs/20261006T121339873373Z_80559161/execution_curves.csv,70b1701892e9af831295cf3db926c7e2be3edde58938e15902dc03da7a9cebb1,data/exact_l2/2026-10-06/runs/20261006T121339873373Z_80559161/mercadobitcoin_usdt-brl_raw.json,36ee773518faf267a1347ed53856c5d0da1e10c8b98e9d832fddc2d1f86e3e61,sha256_verified,[],2026-10-06,20261006T121339873373Z_80559161,2026-10-06T12:13:40.252791+00:00,2026-10-06T12:13:40.464392+00:00,2026-10-06T12:13:40.437733+00:00,provided,mercadobitcoin,USDT-BRL,BRL,USDT,USDT,BRL,BRL per USDT,USDT,1 stablecoin token = 1 USD; no FX conversion,https://api.mercadobitcoin.net/api/v4/USDT-BRL/orderbook,"{""limit"": 100}",sell_stablecoin_base_hit_bids,mercadobitcoin_usdt-brl_raw.json,36ee773518faf267a1347ed53856c5d0da1e10c8b98e9d832fddc2d1f86e3e61,25000,25000,25000.0,25000.0,1.0,124727.82967092998,4.989113186837199,9.285232866687032,17.722152690864412,13,False,epoch_nanoseconds_inferred_by_magnitude
native_l2,20261006T121339873373Z_80559161,recorded,data/exact_l2/2026-10-06/runs/20261006T121339873373Z_80559161,append_only_run,recorded,data/exact_l2/2026-10-06/runs/20261006T121339873373Z_80559161/manifest.json,732967246ab65adc94f14a03f68e3d5f25bac78a1bde20eaf344c7af1ec86ab8,data/exact_l2/2026-10-06/runs/20261006T121339873373Z_80559161/execution_curves.csv,70b1701892e9af831295cf3db926c7e2be3edde58938e15902dc03da7a9cebb1,data/exact_l2/2026-10-06/runs/20261006T121339873373Z_80559161/mercadobitcoin_usdt-brl_raw.json,36ee773518faf267a1347ed53856c5d0da1e10c8b98e9d832fddc2d1f86e3e61,sha256_verified,[],2026-10-06,20261006T121339873373Z_80559161,2026-10-06T12:13:40.252791+00:00,2026-10-06T12:13:40.464392+00:00,2026-10-06T12:13:40.437733+00:00,provided,mercadobitcoin,USDT-BRL,BRL,USDT,USDT,BRL,BRL per USDT,USDT,1 stablecoin token = 1 USD; no FX conversion,https://api.mercadobitcoin.net/api/v4/USDT-BRL/orderbook,"{""limit"": 100}",sell_stablecoin_base_hit_bids,mercadobitcoin_usdt-brl_raw.json,36ee773518faf267a1347ed53856c5d0da1e10c8b98e9d832fddc2d1f86e3e61,50000,50000,50000.00000000001,50000.00000000001,1.0000000000000002,249350.32967093,4.987006593418599,13.503692778776832,17.722152690864412,13,False,epoch_nanoseconds_inferred_by_magnitude
native_l2,20261006T121339873373Z_80559161,recorded,data/exact_l2/2026-10-06/runs/20261006T121339873373Z_80559161,append_only_run,recorded,data/exact_l2/2026-10-06/runs/20261006T121339873373Z_80559161/manifest.json,732967246ab65adc94f14a03f68e3d5f25bac78a1bde20eaf344c7af1ec86ab8,data/exact_l2/2026-10-06/runs/20261006T121339873373Z_80559161/execution_curves.csv,70b1701892e9af831295cf3db926c7e2be3edde58938e15902dc03da7a9cebb1,data/exact_l2/2026-10-06/runs/20261006T121339873373Z_80559161/mercadobitcoin_usdt-brl_raw.json,36ee773518faf267a1347ed53856c5d0da1e10c8b98e9d832fddc2d1f86e3e61,sha256_verified,[],2026-10-06,20261006T121339873373Z_80559161,2026-10-06T12:13:40.252791+00:00,2026-10-06T12:13:40.464392+00:00,2026-10-06T12:13:40.437733+00:00,provided,mercadobitcoin,USDT-BRL,BRL,USDT,USDT,BRL,BRL per USDT,USDT,1 stablecoin token = 1 USD; no FX conversion,https://api.mercadobitcoin.net/api/v4/USDT-BRL/orderbook,"{""limit"": 100}",sell_stablecoin_base_hit_bids,mercadobitcoin_usdt-brl_raw.json,36ee773518faf267a1347ed53856c5d0da1e10c8b98e9d832fddc2d1f86e3e61,100000,100000,100000.00000000003,100000.00000000003,1.0000000000000002,498343.69032272004,4.983436903227199,20.652008556297787,32.94117647059003,19,False,epoch_nanoseconds_inferred_by_magnitude
native_l2,20261006T121339873373Z_80559161,recorded,data/exact_l2/2026-10-06/runs/20261006T121339873373Z_80559161,append_only_run,recorded,data/exact_l2/2026-10-06/runs/20261006T121339873373Z_80559161/manifest.json,732967246ab65adc94f14a03f68e3d5f25bac78a1bde20eaf344c7af1ec86ab8,data/exact_l2/2026-10-06/runs/20261006T121339873373Z_80559161/execution_curves.csv,70b1701892e9af831295cf3db926c7e2be3edde58938e15902dc03da7a9cebb1,data/exact_l2/2026-10-06/runs/20261006T121339873373Z_80559161/indodax_usdtidr_raw.json,f71831c677326a65d5c7e39fdda2156f4798819f664bfde56e0e1c40c9436728,sha256_verified,"[""exchange_timestamp_utc""]",2026-10-06,20261006T121339873373Z_80559161,2026-10-06T12:13:40.465431+00:00,2026-10-06T12:13:41.378744+00:00,,unavailable,indodax,usdtidr,IDR,USDT,USDT,IDR,IDR per USDT,USDT,1 stablecoin token = 1 USD; no FX conversion,https://indodax.com/api/depth/usdtidr,{},sell_stablecoin_base_hit_bids,indodax_usdtidr_raw.json,f71831c677326a65d5c7e39fdda2156f4798819f664bfde56e0e1c40c9436728,1000,1000,1000.0,1000.0,1.0,17851081.16502291,17851.081165022908,3.314574103764345,3.3600268802147504,3,False,unavailable
native_l2,20261006T121339873373Z_80559161,recorded,data/exact_l2/2026-10-06/runs/20261006T121339873373Z_80559161,append_only_run,recorded,data/exact_l2/2026-10-06/runs/20261006T121339873373Z_80559161/manifest.json,732967246ab65adc94f14a03f68e3d5f25bac78a1bde20eaf344c7af1ec86ab8,data/exact_l2/2026-10-06/runs/20261006T121339873373Z_80559161/execution_curves.csv,70b1701892e9af831295cf3db926c7e2be3edde58938e15902dc03da7a9cebb1,data/exact_l2/2026-10-06/runs/20261006T121339873373Z_80559161/indodax_usdtidr_raw.json,f71831c677326a65d5c7e39fdda2156f4798819f664bfde56e0e1c40c9436728,sha256_verified,"[""exchange_timestamp_utc""]",2026-10-06,20261006T121339873373Z_80559161,2026-10-06T12:13:40.465431+00:00,2026-10-06T12:13:41.378744+00:00,,unavailable,indodax,usdtidr,IDR,USDT,USDT,IDR,IDR per USDT,USDT,1 stablecoin token = 1 USD; no FX conversion,https://indodax.com/api/depth/usdtidr,{},sell_stablecoin_base_hit_bids,indodax_usdtidr_raw.json,f71831c677326a65d5c7e39fdda2156f4798819f664bfde56e0e1c40c9436728,5000,5000,5000.0,5000.0,1.0,89243368.41692382,17848.673683384764,4.662774606728481,5.600044800357917,6,False,unavailable
native_l2,20261006T121339873373Z_80559161,recorded,data/exact_l2/2026-10-06/runs/20261006T121339873373Z_80559161,append_only_run,recorded,data/exact_l2/2026-10-06/runs/20261006T121339873373Z_80559161/manifest.json,732967246ab65adc94f14a03f68e3d5f25bac78a1bde20eaf344c7af1ec86ab8,data/exact_l2/2026-10-06/runs/20261006T121339873373Z_80559161/execution_curves.csv,70b1701892e9af831295cf3db926c7e2be3edde58938e15902dc03da7a9cebb1,data/exact_l2/2026-10-06/runs/20261006T121339873373Z_80559161/indodax_usdtidr_raw.json,f71831c677326a65d5c7e39fdda2156f4798819f664bfde56e0e1c40c9436728,sha256_verified,"[""exchange_timestamp_utc""]",2026-10-06,20261006T121339873373Z_80559161,2026-10-06T12:13:40.465431+00:00,2026-10-06T12:13:41.378744+00:00,,unavailable,indodax,usdtidr,IDR,USDT,USDT,IDR,IDR per USDT,USDT,1 stablecoin token = 1 USD; no FX conversion,https://indodax.com/api/depth/usdtidr,{},sell_stablecoin_base_hit_bids,indodax_usdtidr_raw.json,f71831c677326a65d5c7e39fdda2156f4798819f664bfde56e0e1c40c9436728,10000,10000,10000.0,10000.0,1.0,178478368.41692382,17847.83684169238,5.131409703544865,5.600044800357917,6,False,unavailable
native_l2,20261006T121339873373Z_80559161,recorded,data/exact_l2/2026-10-06/runs/20261006T121339873373Z_80559161,append_only_run,recorded,data/exact_l2/2026-10-06/runs/20261006T121339873373Z_80559161/manifest.json,732967246ab65adc94f14a03f68e3d5f25bac78a1bde20eaf344c7af1ec86ab8,data/exact_l2/2026-10-06/runs/20261006T121339873373Z_80559161/execution_curves.csv,70b1701892e9af831295cf3db926c7e2be3edde58938e15902dc03da7a9cebb1,data/exact_l2/2026-10-06/runs/20261006T121339873373Z_80559161/indodax_usdtidr_raw.json,f71831c677326a65d5c7e39fdda2156f4798819f664bfde56e0e1c40c9436728,sha256_verified,"[""exchange_timestamp_utc""]",2026-10-06,20261006T121339873373Z_80559161,2026-10-06T12:13:40.465431+00:00,2026-10-06T12:13:41.378744+00:00,,unavailable,indodax,usdtidr,IDR,USDT,USDT,IDR,IDR per USDT,USDT,1 stablecoin token = 1 USD; no FX conversion,https://indodax.com/api/depth/usdtidr,{},sell_stablecoin_base_hit_bids,indodax_usdtidr_raw.json,f71831c677326a65d5c7e39fdda2156f4798819f664bfde56e0e1c40c9436728,25000,25000,25000.0,25000.0,1.0,446183368.4169238,17847.334736676952,5.41259076163314,5.600044800357917,6,False,unavailable
native_l2,20261006T121339873373Z_80559161,recorded,data/exact_l2/2026-10-06/runs/20261006T121339873373Z_80559161,append_only_run,recorded,data/exact_l2/2026-10-06/runs/20261006T121339873373Z_80559161/manifest.json,732967246ab65adc94f14a03f68e3d5f25bac78a1bde20eaf344c7af1ec86ab8,data/exact_l2/2026-10-06/runs/20261006T121339873373Z_80559161/execution_curves.csv,70b1701892e9af831295cf3db926c7e2be3edde58938e15902dc03da7a9cebb1,data/exact_l2/2026-10-06/runs/20261006T121339873373Z_80559161/indodax_usdtidr_raw.json,f71831c677326a65d5c7e39fdda2156f4798819f664bfde56e0e1c40c9436728,sha256_verified,"[""exchange_timestamp_utc""]",2026-10-06,20261006T121339873373Z_80559161,2026-10-06T12:13:40.465431+00:00,2026-10-06T12:13:41.378744+00:00,,unavailable,indodax,usdtidr,IDR,USDT,USDT,IDR,IDR per USDT,USDT,1 stablecoin token = 1 USD; no FX conversion,https://indodax.com/api/depth/usdtidr,{},sell_stablecoin_base_hit_bids,indodax_usdtidr_raw.json,f71831c677326a65d5c7e39fdda2156f4798819f664bfde56e0e1c40c9436728,50000,50000,50000.0,50000.0,1.0,892358368.4169239,17847.167368338476,5.506317780995529,5.600044800357917,6,False,unavailable
native_l2,20261006T121339873373Z_80559161,recorded,data/exact_l2/2026-10-06/runs/20261006T121339873373Z_80559161,append_only_run,recorded,data/exact_l2/2026-10-06/runs/20261006T121339873373Z_80559161/manifest.json,732967246ab65adc94f14a03f68e3d5f25bac78a1bde20eaf344c7af1ec86ab8,data/exact_l2/2026-10-06/runs/20261006T121339873373Z_80559161/execution_curves.csv,70b1701892e9af831295cf3db926c7e2be3edde58938e15902dc03da7a9cebb1,data/exact_l2/2026-10-06/runs/20261006T121339873373Z_80559161/indodax_usdtidr_raw.json,f71831c677326a65d5c7e39fdda2156f4798819f664bfde56e0e1c40c9436728,sha256_verified,"[""exchange_timestamp_utc""]",2026-10-06,20261006T121339873373Z_80559161,2026-10-06T12:13:40.465431+00:00,2026-10-06T12:13:41.378744+00:00,,unavailable,indodax,usdtidr,IDR,USDT,USDT,IDR,IDR per USDT,USDT,1 stablecoin token = 1 USD; no FX conversion,https://indodax.com/api/depth/usdtidr,{},sell_stablecoin_base_hit_bids,indodax_usdtidr_raw.json,f71831c677326a65d5c7e39fdda2156f4798819f664bfde56e0e1c40c9436728,100000,100000,100000.0,100000.0,1.0,1784708368.4169238,17847.083684169236,5.553181290678388,5.600044800357917,6,False,unavailable
native_l2,20261006T121339873373Z_80559161,recorded,data/exact_l2/2026-10-06/runs/20261006T121339873373Z_80559161,append_only_run,recorded,data/exact_l2/2026-10-06/runs/20261006T121339873373Z_80559161/manifest.json,732967246ab65adc94f14a03f68e3d5f25bac78a1bde20eaf344c7af1ec86ab8,data/exact_l2/2026-10-06/runs/20261006T121339873373Z_80559161/execution_curves.csv,70b1701892e9af831295cf3db926c7e2be3edde58938e15902dc03da7a9cebb1,data/exact_l2/2026-10-06/runs/20261006T121339873373Z_80559161/valr_usdtzar_raw.json,1db665e21390b00226c91c0df2ca49375b4b3bef8fcfd1a50d92de1853340611,sha256_verified,"[""exchange_timestamp_utc""]",2026-10-06,20261006T121339873373Z_80559161,2026-10-06T12:13:41.380106+00:00,2026-10-06T12:13:41.658301+00:00,,unavailable,valr,USDTZAR,ZAR,USDT,USDT,ZAR,ZAR per USDT,USDT,1 stablecoin token = 1 USD; no FX conversion,https://api.valr.com/v1/public/USDTZAR/orderbook/full,{},sell_stablecoin_base_hit_bids,valr_usdtzar_raw.json,1db665e21390b00226c91c0df2ca49375b4b3bef8fcfd1a50d92de1853340611,1000,1000,1000.0,1000.0,1.0,16557.035676069998,16.557035676069997,1.88061335797296,1.9021566833643533,4,False,unavailable
native_l2,20261006T121339873373Z_80559161,recorded,data/exact_l2/2026-10-06/runs/20261006T121339873373Z_80559161,append_only_run,recorded,data/exact_l2/2026-10-06/runs/20261006T121339873373Z_80559161/manifest.json,732967246ab65adc94f14a03f68e3d5f25bac78a1bde20eaf344c7af1ec86ab8,data/exact_l2/2026-10-06/runs/20261006T121339873373Z_80559161/execution_curves.csv,70b1701892e9af831295cf3db926c7e2be3edde58938e15902dc03da7a9cebb1,data/exact_l2/2026-10-06/runs/20261006T121339873373Z_80559161/valr_usdtzar_raw.json,1db665e21390b00226c91c0df2ca49375b4b3bef8fcfd1a50d92de1853340611,sha256_verified,"[""exchange_timestamp_utc""]",2026-10-06,20261006T121339873373Z_80559161,2026-10-06T12:13:41.380106+00:00,2026-10-06T12:13:41.658301+00:00,,unavailable,valr,USDTZAR,ZAR,USDT,USDT,ZAR,ZAR per USDT,USDT,1 stablecoin token = 1 USD; no FX conversion,https://api.valr.com/v1/public/USDTZAR/orderbook/full,{},sell_stablecoin_base_hit_bids,valr_usdtzar_raw.json,1db665e21390b00226c91c0df2ca49375b4b3bef8fcfd1a50d92de1853340611,5000,5000,5000.0,5000.0,1.0,82785.03567607,16.557007135214,1.8978480182851865,1.9021566833643533,4,False,unavailable
native_l2,20261006T121339873373Z_80559161,recorded,data/exact_l2/2026-10-06/runs/20261006T121339873373Z_80559161,append_only_run,recorded,data/exact_l2/2026-10-06/runs/20261006T121339873373Z_80559161/manifest.json,732967246ab65adc94f14a03f68e3d5f25bac78a1bde20eaf344c7af1ec86ab8,data/exact_l2/2026-10-06/runs/20261006T121339873373Z_80559161/execution_curves.csv,70b1701892e9af831295cf3db926c7e2be3edde58938e15902dc03da7a9cebb1,data/exact_l2/2026-10-06/runs/20261006T121339873373Z_80559161/valr_usdtzar_raw.json,1db665e21390b00226c91c0df2ca49375b4b3bef8fcfd1a50d92de1853340611,sha256_verified,"[""exchange_timestamp_utc""]",2026-10-06,20261006T121339873373Z_80559161,2026-10-06T12:13:41.380106+00:00,2026-10-06T12:13:41.658301+00:00,,unavailable,valr,USDTZAR,ZAR,USDT,USDT,ZAR,ZAR per USDT,USDT,1 stablecoin token = 1 USD; no FX conversion,https://api.valr.com/v1/public/USDTZAR/orderbook/full,{},sell_stablecoin_base_hit_bids,valr_usdtzar_raw.json,1db665e21390b00226c91c0df2ca49375b4b3bef8fcfd1a50d92de1853340611,10000,10000,10000.0,10000.0,1.0,165570.03567607,16.557003567606998,1.900002350825325,1.9021566833643533,4,False,unavailable
native_l2,20261006T121339873373Z_80559161,recorded,data/exact_l2/2026-10-06/runs/20261006T121339873373Z_80559161,append_only_run,recorded,data/exact_l2/2026-10-06/runs/20261006T121339873373Z_80559161/manifest.json,732967246ab65adc94f14a03f68e3d5f25bac78a1bde20eaf344c7af1ec86ab8,data/exact_l2/2026-10-06/runs/20261006T121339873373Z_80559161/execution_curves.csv,70b1701892e9af831295cf3db926c7e2be3edde58938e15902dc03da7a9cebb1,data/exact_l2/2026-10-06/runs/20261006T121339873373Z_80559161/valr_usdtzar_raw.json,1db665e21390b00226c91c0df2ca49375b4b3bef8fcfd1a50d92de1853340611,sha256_verified,"[""exchange_timestamp_utc""]",2026-10-06,20261006T121339873373Z_80559161,2026-10-06T12:13:41.380106+00:00,2026-10-06T12:13:41.658301+00:00,,unavailable,valr,USDTZAR,ZAR,USDT,USDT,ZAR,ZAR per USDT,USDT,1 stablecoin token = 1 USD; no FX conversion,https://api.valr.com/v1/public/USDTZAR/orderbook/full,{},sell_stablecoin_base_hit_bids,valr_usdtzar_raw.json,1db665e21390b00226c91c0df2ca49375b4b3bef8fcfd1a50d92de1853340611,25000,25000,25000.0,25000.0,1.0,413925.03567606997,16.5570014270428,1.9012949503482979,1.9021566833643533,4,False,unavailable
native_l2,20261006T121339873373Z_80559161,recorded,data/exact_l2/2026-10-06/runs/20261006T121339873373Z_80559161,append_only_run,recorded,data/exact_l2/2026-10-06/runs/20261006T121339873373Z_80559161/manifest.json,732967246ab65adc94f14a03f68e3d5f25bac78a1bde20eaf344c7af1ec86ab8,data/exact_l2/2026-10-06/runs/20261006T121339873373Z_80559161/execution_curves.csv,70b1701892e9af831295cf3db926c7e2be3edde58938e15902dc03da7a9cebb1,data/exact_l2/2026-10-06/runs/20261006T121339873373Z_80559161/valr_usdtzar_raw.json,1db665e21390b00226c91c0df2ca49375b4b3bef8fcfd1a50d92de1853340611,sha256_verified,"[""exchange_timestamp_utc""]",2026-10-06,20261006T121339873373Z_80559161,2026-10-06T12:13:41.380106+00:00,2026-10-06T12:13:41.658301+00:00,,unavailable,valr,USDTZAR,ZAR,USDT,USDT,ZAR,ZAR per USDT,USDT,1 stablecoin token = 1 USD; no FX conversion,https://api.valr.com/v1/public/USDTZAR/orderbook/full,{},sell_stablecoin_base_hit_bids,valr_usdtzar_raw.json,1db665e21390b00226c91c0df2ca49375b4b3bef8fcfd1a50d92de1853340611,50000,50000,50000.0,50000.0,1.0,827850.0356760699,16.557000713521397,1.9017258168574358,1.9021566833643533,4,False,unavailable
native_l2,20261006T121339873373Z_80559161,recorded,data/exact_l2/2026-10-06/runs/20261006T121339873373Z_80559161,append_only_run,recorded,data/exact_l2/2026-10-06/runs/20261006T121339873373Z_80559161/manifest.json,732967246ab65adc94f14a03f68e3d5f25bac78a1bde20eaf344c7af1ec86ab8,data/exact_l2/2026-10-06/runs/20261006T121339873373Z_80559161/execution_curves.csv,70b1701892e9af831295cf3db926c7e2be3edde58938e15902dc03da7a9cebb1,data/exact_l2/2026-10-06/runs/20261006T121339873373Z_80559161/valr_usdtzar_raw.json,1db665e21390b00226c91c0df2ca49375b4b3bef8fcfd1a50d92de1853340611,sha256_verified,"[""exchange_timestamp_utc""]",2026-10-06,20261006T121339873373Z_80559161,2026-10-06T12:13:41.380106+00:00,2026-10-06T12:13:41.658301+00:00,,unavailable,valr,USDTZAR,ZAR,USDT,USDT,ZAR,ZAR per USDT,USDT,1 stablecoin token = 1 USD; no FX conversion,https://api.valr.com/v1/public/USDTZAR/orderbook/full,{},sell_stablecoin_base_hit_bids,valr_usdtzar_raw.json,1db665e21390b00226c91c0df2ca49375b4b3bef8fcfd1a50d92de1853340611,100000,100000,100000.0,100000.0,1.0,1655700.03567607,16.5570003567607,1.9019412501097843,1.9021566833643533,4,False,unavailable
native_l2,20261006T121339873373Z_80559161,recorded,data/exact_l2/2026-10-06/runs/20261006T121339873373Z_80559161,append_only_run,recorded,data/exact_l2/2026-10-06/runs/20261006T121339873373Z_80559161/manifest.json,732967246ab65adc94f14a03f68e3d5f25bac78a1bde20eaf344c7af1ec86ab8,data/exact_l2/2026-10-06/runs/20261006T121339873373Z_80559161/execution_curves.csv,70b1701892e9af831295cf3db926c7e2be3edde58938e15902dc03da7a9cebb1,data/exact_l2/2026-10-06/runs/20261006T121339873373Z_80559161/bitkub_usdt_thb_raw.json,bbf6018aab41875c218ed50540243033bc4d93932fb90a756f3b96133eabdda5,sha256_verified,"[""exchange_timestamp_utc""]",2026-10-06,20261006T121339873373Z_80559161,2026-10-06T12:13:41.662306+00:00,2026-10-06T12:13:42.395708+00:00,,unavailable,bitkub,usdt_thb,THB,USDT,USDT,THB,THB per USDT,USDT,1 stablecoin token = 1 USD; no FX conversion,https://api.bitkub.com/api/v3/market/depth,"{""lmt"": 1000, ""sym"": ""usdt_thb""}",sell_stablecoin_base_hit_bids,bitkub_usdt_thb_raw.json,bbf6018aab41875c218ed50540243033bc4d93932fb90a756f3b96133eabdda5,1000,1000,1000.0,1000.0,1.0,33540.0,33.54,1.490535102102175,1.490535102102175,1,False,unavailable
native_l2,20261006T121339873373Z_80559161,recorded,data/exact_l2/2026-10-06/runs/20261006T121339873373Z_80559161,append_only_run,recorded,data/exact_l2/2026-10-06/runs/20261006T121339873373Z_80559161/manifest.json,732967246ab65adc94f14a03f68e3d5f25bac78a1bde20eaf344c7af1ec86ab8,data/exact_l2/2026-10-06/runs/20261006T121339873373Z_80559161/execution_curves.csv,70b1701892e9af831295cf3db926c7e2be3edde58938e15902dc03da7a9cebb1,data/exact_l2/2026-10-06/runs/20261006T121339873373Z_80559161/bitkub_usdt_thb_raw.json,bbf6018aab41875c218ed50540243033bc4d93932fb90a756f3b96133eabdda5,sha256_verified,"[""exchange_timestamp_utc""]",2026-10-06,20261006T121339873373Z_80559161,2026-10-06T12:13:41.662306+00:00,2026-10-06T12:13:42.395708+00:00,,unavailable,bitkub,usdt_thb,THB,USDT,USDT,THB,THB per USDT,USDT,1 stablecoin token = 1 USD; no FX conversion,https://api.bitkub.com/api/v3/market/depth,"{""lmt"": 1000, ""sym"": ""usdt_thb""}",sell_stablecoin_base_hit_bids,bitkub_usdt_thb_raw.json,bbf6018aab41875c218ed50540243033bc4d93932fb90a756f3b96133eabdda5,5000,5000,5000.0,5000.0,1.0,167700.0,33.54,1.490535102102175,1.490535102102175,1,False,unavailable
native_l2,20261006T121339873373Z_80559161,recorded,data/exact_l2/2026-10-06/runs/20261006T121339873373Z_80559161,append_only_run,recorded,data/exact_l2/2026-10-06/runs/20261006T121339873373Z_80559161/manifest.json,732967246ab65adc94f14a03f68e3d5f25bac78a1bde20eaf344c7af1ec86ab8,data/exact_l2/2026-10-06/runs/20261006T121339873373Z_80559161/execution_curves.csv,70b1701892e9af831295cf3db926c7e2be3edde58938e15902dc03da7a9cebb1,data/exact_l2/2026-10-06/runs/20261006T121339873373Z_80559161/bitkub_usdt_thb_raw.json,bbf6018aab41875c218ed50540243033bc4d93932fb90a756f3b96133eabdda5,sha256_verified,"[""exchange_timestamp_utc""]",2026-10-06,20261006T121339873373Z_80559161,2026-10-06T12:13:41.662306+00:00,2026-10-06T12:13:42.395708+00:00,,unavailable,bitkub,usdt_thb,THB,USDT,USDT,THB,THB per USDT,USDT,1 stablecoin token = 1 USD; no FX conversion,https://api.bitkub.com/api/v3/market/depth,"{""lmt"": 1000, ""sym"": ""usdt_thb""}",sell_stablecoin_base_hit_bids,bitkub_usdt_thb_raw.json,bbf6018aab41875c218ed50540243033bc4d93932fb90a756f3b96133eabdda5,10000,10000,10000.0,10000.0,1.0,335400.0,33.54,1.490535102102175,1.490535102102175,1,False,unavailable
native_l2,20261006T121339873373Z_80559161,recorded,data/exact_l2/2026-10-06/runs/20261006T121339873373Z_80559161,append_only_run,recorded,data/exact_l2/2026-10-06/runs/20261006T121339873373Z_80559161/manifest.json,732967246ab65adc94f14a03f68e3d5f25bac78a1bde20eaf344c7af1ec86ab8,data/exact_l2/2026-10-06/runs/20261006T121339873373Z_80559161/execution_curves.csv,70b1701892e9af831295cf3db926c7e2be3edde58938e15902dc03da7a9cebb1,data/exact_l2/2026-10-06/runs/20261006T121339873373Z_80559161/bitkub_usdt_thb_raw.json,bbf6018aab41875c218ed50540243033bc4d93932fb90a756f3b96133eabdda5,sha256_verified,"[""exchange_timestamp_utc""]",2026-10-06,20261006T121339873373Z_80559161,2026-10-06T12:13:41.662306+00:00,2026-10-06T12:13:42.395708+00:00,,unavailable,bitkub,usdt_thb,THB,USDT,USDT,THB,THB per USDT,USDT,1 stablecoin token = 1 USD; no FX conversion,https://api.bitkub.com/api/v3/market/depth,"{""lmt"": 1000, ""sym"": ""usdt_thb""}",sell_stablecoin_base_hit_bids,bitkub_usdt_thb_raw.json,bbf6018aab41875c218ed50540243033bc4d93932fb90a756f3b96133eabdda5,25000,25000,25000.0,25000.0,1.0,838500.0,33.54,1.490535102102175,1.490535102102175,1,False,unavailable
native_l2,20261006T121339873373Z_80559161,recorded,data/exact_l2/2026-10-06/runs/20261006T121339873373Z_80559161,append_only_run,recorded,data/exact_l2/2026-10-06/runs/20261006T121339873373Z_80559161/manifest.json,732967246ab65adc94f14a03f68e3d5f25bac78a1bde20eaf344c7af1ec86ab8,data/exact_l2/2026-10-06/runs/20261006T121339873373Z_80559161/execution_curves.csv,70b1701892e9af831295cf3db926c7e2be3edde58938e15902dc03da7a9cebb1,data/exact_l2/2026-10-06/runs/20261006T121339873373Z_80559161/bitkub_usdt_thb_raw.json,bbf6018aab41875c218ed50540243033bc4d93932fb90a756f3b96133eabdda5,sha256_verified,"[""exchange_timestamp_utc""]",2026-10-06,20261006T121339873373Z_80559161,2026-10-06T12:13:41.662306+00:00,2026-10-06T12:13:42.395708+00:00,,unavailable,bitkub,usdt_thb,THB,USDT,USDT,THB,THB per USDT,USDT,1 stablecoin token = 1 USD; no FX conversion,https://api.bitkub.com/api/v3/market/depth,"{""lmt"": 1000, ""sym"": ""usdt_thb""}",sell_stablecoin_base_hit_bids,bitkub_usdt_thb_raw.json,bbf6018aab41875c218ed50540243033bc4d93932fb90a756f3b96133eabdda5,50000,50000,50000.0,50000.0,1.0,1677000.0,33.54,1.490535102102175,1.490535102102175,1,False,unavailable
native_l2,20261006T121339873373Z_80559161,recorded,data/exact_l2/2026-10-06/runs/20261006T121339873373Z_80559161,append_only_run,recorded,data/exact_l2/2026-10-06/runs/20261006T121339873373Z_80559161/manifest.json,732967246ab65adc94f14a03f68e3d5f25bac78a1bde20eaf344c7af1ec86ab8,data/exact_l2/2026-10-06/runs/20261006T121339873373Z_80559161/execution_curves.csv,70b1701892e9af831295cf3db926c7e2be3edde58938e15902dc03da7a9cebb1,data/exact_l2/2026-10-06/runs/20261006T121339873373Z_80559161/bitkub_usdt_thb_raw.json,bbf6018aab41875c218ed50540243033bc4d93932fb90a756f3b96133eabdda5,sha256_verified,"[""exchange_timestamp_utc""]",2026-10-06,20261006T121339873373Z_80559161,2026-10-06T12:13:41.662306+00:00,2026-10-06T12:13:42.395708+00:00,,unavailable,bitkub,usdt_thb,THB,USDT,USDT,THB,THB per USDT,USDT,1 stablecoin token = 1 USD; no FX conversion,https://api.bitkub.com/api/v3/market/depth,"{""lmt"": 1000, ""sym"": ""usdt_thb""}",sell_stablecoin_base_hit_bids,bitkub_usdt_thb_raw.json,bbf6018aab41875c218ed50540243033bc4d93932fb90a756f3b96133eabdda5,100000,100000,100000.0,100000.0,1.0,3354000.0,33.54,1.490535102102175,1.490535102102175,1,False,unavailable
